series,time,y,event,diagnostic_alert,coherence,memory,cpe,ewma,ar1,instant,persistence,mean
s00,350.0,2.037976533223206,0,False,0.9969456006352124,-0.029605010038767542,2.0221648692494933,2.020346523624864,2.0504804339515816,2.278427214773491,2.128730995247735,1.6987135603055492
s00,351.0,1.578871580656292,0,False,0.8881506767139569,-0.04066691814756308,1.9476922764733333,1.9476018509494764,1.9772068609882438,1.9647411521663103,2.037976533223206,1.6987135603055492
s00,352.0,1.9371333585518205,0,False,0.9068455893186095,-0.029528915251047828,1.5704151626095795,1.5658665953346456,1.6065335134822087,1.2527517646963422,1.578871580656292,1.6987135603055492
s00,353.0,2.2865742087117815,0,False,0.9066809968215362,-0.016919456643312267,1.8690096704855352,1.8662589217872632,1.895787837038311,2.195590848369104,1.9371333585518205,1.6987135603055492
s00,354.0,2.8007926673629324,0,False,0.8750253751221769,0.00227429816453251,2.162579747263049,2.161000840434774,2.177920297078086,2.5322388740912594,2.2865742087117815,1.6987135603055492
s00,355.0,2.811015199948679,0,False,0.9597137384840407,0.008743785315388011,2.595081398693523,2.595365628253496,2.5930913300889635,3.138120459550701,2.8007926673629324,1.6987135603055492
s00,356.0,2.4370651565928205,0,False,0.9674286599362133,0.003553081704762649,2.609736355858477,2.6100886102803327,2.6013448249649445,2.810489356812922,2.811015199948679,1.6987135603055492
s00,357.0,2.2476118515104155,0,False,0.9886184869596458,0.0018921227305325652,2.302861422018938,2.3029771506514183,2.2994240689466556,2.1404952095186465,2.4370651565928205,1.6987135603055492
s00,358.0,2.5685377680698953,0,False,0.9105826025121724,0.014497609049098746,2.1483333555648247,2.1483548907843564,2.1464627680538237,2.095240252045984,2.2476118515104155,1.6987135603055492
s00,359.0,2.3724242492073695,0,False,0.9930699114248118,0.013068225242752522,2.4187740376146105,2.420070376085577,2.405572767036478,2.789906919006438,2.5685377680698953,1.6987135603055492
s00,360.0,2.296816941415872,0,False,0.9891010700884906,0.014163662963981553,2.260211786749785,2.260302350708238,2.2472341254654853,2.2143153298010687,2.3724242492073695,1.6987135603055492
s00,361.0,1.907497319103045,0,False,0.9320089899998348,0.00537796961281305,2.2001993953720604,2.200353764141995,2.1861901011780134,2.2352325174925416,2.296816941415872,1.6987135603055492
s00,362.0,1.438374159369275,0,False,0.8692551742590614,-0.007787951133491655,1.8768725306603726,1.8772381842460981,1.871860214633285,1.6121160362913498,1.907497319103045,1.6987135603055492
s00,363.0,1.2842565557244994,0,False,0.9249481294828971,-0.013819566158891527,1.4863286242183222,1.4853103899044948,1.4930983410379866,1.1162883445305964,1.438374159369275,1.6987135603055492
s00,364.0,1.183225601369241,0,False,0.9274819891598765,-0.018968205245991646,1.3558840885625378,1.3548469042725781,1.3686664704314697,1.175498651747891,1.2842565557244994,1.6987135603055492
s00,365.0,1.198663857184107,0,False,0.9644999398240787,-0.021052118466087018,1.2695031677009325,1.268127631187286,1.2870958364332776,1.1151027703239056,1.183225601369241,1.6987135603055492
s00,366.0,1.0803176649196657,0,False,0.908080324359675,-0.026997837428296208,1.279255648465682,1.2785082969933053,1.2995604154593923,1.2142677767950432,1.198663857184107,1.6987135603055492
s00,367.0,1.188774059712356,0,False,0.9936466601914731,-0.0266449733069651,1.1794935547940517,1.1770119223346525,1.2040097597629487,1.0049197317393266,1.0803176649196657,1.6987135603055492
s00,368.0,1.6054077841841115,0,False,0.891866304230607,-0.016430657535918394,1.2650998763854966,1.2649305918158882,1.2915755651228533,1.2764366626519028,1.188774059712356,1.6987135603055492
s00,369.0,1.1359318307111141,0,False,0.8223197156416533,-0.030698534358122573,1.6133044325078665,1.6115277247845865,1.6279583823205048,1.9078547636831593,1.6054077841841115,1.6987135603055492
s00,370.0,1.3986541967357236,0,False,0.9435539560357714,-0.025285302501334008,1.2236676591569073,1.2182131348427716,1.2489116692008941,0.8443085351933167,1.1359318307111141,1.6987135603055492
s00,371.0,1.5611224237704688,0,False,0.9669378608357649,-0.021523944750420437,1.437171087369989,1.43574383207335,1.461029134574684,1.6023192888169677,1.3986541967357236,1.6987135603055492
s00,372.0,1.3758390450673754,0,False,0.9272314746983591,-0.027369149650537355,1.5713908360613076,1.5706792084046057,1.5922031531550263,1.688987144094014,1.5611224237704688,1.6987135603055492
s00,373.0,1.5778043938389221,0,False,0.9553173711750392,-0.022492200693022647,1.4172310412472615,1.415239428588432,1.4426085782389693,1.2419889672250617,1.3758390450673754,1.6987135603055492
s00,374.0,1.5087517513928448,0,False,0.9689328810922749,-0.024725038693087256,1.5841846953833545,1.5831796847283317,1.6056718854213543,1.7348267965741666,1.5778043938389221,1.6987135603055492
s00,375.0,1.2859066296338675,0,False,0.9070736867886177,-0.031903688158569976,1.5259630808670344,1.525194945149958,1.5499199838430453,1.4560108791429522,1.5087517513928448,1.6987135603055492
s00,376.0,1.3646161018150351,0,False,0.9980354669243744,-0.031108055800901348,1.3410597153445023,1.3380950232260809,1.3699987113846508,1.1305191448207026,1.2859066296338675,1.6987135603055492
s00,377.0,1.5226298106701868,0,False,0.9699193661593095,-0.0275023408828876,1.4025004262076013,1.402439313403062,1.4335473692039633,1.4281753339488803,1.3646161018150351,1.6987135603055492
s00,378.0,1.722930893014943,0,False,0.9508088784426635,-0.021823090486200597,1.5344498343045696,1.5336225464587097,1.5611248873415973,1.6475276725044405,1.5226298106701868,1.6987135603055492
s00,379.0,1.4912944148206977,0,False,0.9280770076575994,-0.028114900170371764,1.7020949065899331,1.7010214042930696,1.7228444947792703,1.8766910815588314,1.722930893014943,1.6987135603055492
s00,380.0,1.7179783851331447,0,False,0.9441090509325916,-0.021806858635996986,1.50973244173698,1.507710333987319,1.5358252341576908,1.3209289288268609,1.4912944148206977,1.6987135603055492
s00,381.0,1.8808406765109194,0,False,0.9550634252050857,-0.01629281036516032,1.6982578735083753,1.6970390674830307,1.7188459261190276,1.8908183646108445,1.7179783851331447,1.6987135603055492
s00,382.0,1.944115329015184,0,False,0.9753200373911994,-0.012990709345475023,1.8347774381172677,1.8340452950256743,1.8503381053908345,2.0050533665653574,1.8808406765109194,1.6987135603055492
s00,383.0,1.8026217778065832,0,False,0.9733635649979007,-0.015565083484773704,1.8887548593374472,1.8884342491165391,1.9014249584620142,1.9928877637137576,1.944115329015184,1.6987135603055492
s00,384.0,1.9044407880024579,0,False,0.9682828502552827,-0.01158047318189006,1.7720350429075475,1.771620444573003,1.7871855280577769,1.691014111901875,1.8026217778065832,1.6987135603055492
s00,385.0,1.6767968964500575,0,False,0.9457701495840637,-0.01701092483167431,1.8581792510448905,1.8578119514428657,1.8693924246247557,1.9829286819314156,1.9044407880024579,1.6987135603055492
s00,386.0,1.7440595706388464,0,False,0.9829799171907684,-0.014746711236439749,1.6695082840400863,1.6685857841310279,1.6855967089627022,1.503445607471696,1.6767968964500575,1.6987135603055492
s00,387.0,1.939761827367044,0,False,0.9457635013734597,-0.008308557718124984,1.7254077003362933,1.7251567100898855,1.7399034213263251,1.7973712402554767,1.7440595706388464,1.6987135603055492
s00,388.0,2.3177149190649184,0,False,0.9005414403036152,0.004534846075111192,1.8900520863696473,1.8896014592903796,1.8979100170085046,2.0869288028844935,1.939761827367044,1.6987135603055492
s00,389.0,2.159732252522665,0,False,0.9900801762377724,0.003098885331109605,2.2071465813969757,2.2075976106560513,2.20306276458094,2.581114475725341,2.3177149190649184,1.6987135603055492
s00,390.0,2.494549220056044,0,False,0.9084135475200089,0.01557708608886516,2.0785784544011823,2.0786091947975263,2.0755103094664165,2.0326096284512865,2.159732252522665,1.6987135603055492
s00,391.0,2.664361463297356,0,False,0.9364914056336194,0.0246655463686012,2.3599861372513002,2.361412787306155,2.3458357012172897,2.726496324534933,2.494549220056044,1.6987135603055492
s00,392.0,2.2234600470449633,0,False,0.9449285028807236,0.016141206869313557,2.506038222842069,2.507604697021218,2.4829391506526166,2.781235789313498,2.664361463297356,1.6987135603055492
s00,393.0,2.0283791935300717,0,False,0.9763054956360412,0.012699455823669766,2.1422153079572595,2.1431042283848645,2.126963021515551,1.881773820614739,2.2234600470449633,1.6987135603055492
s00,394.0,2.460994952019863,0,False,0.88918696068633,0.02706457663040668,1.9818566844838656,1.9821575917952994,1.9694581359716297,1.873210202928568,2.0283791935300717,1.6987135603055492
s00,395.0,1.9307998037623029,0,False,0.9088223305192014,0.014614296366815162,2.3428100378878667,2.34580914588202,2.318744569251613,2.7558126967789773,2.460994952019863,1.6987135603055492
s00,396.0,1.804420187178052,0,False,0.9766904398037026,0.011588246036852497,1.9039560340263129,1.9052885315101409,1.8906742351433257,1.5381013692586056,1.9307998037623029,1.6987135603055492
s00,397.0,2.0627380988996085,0,False,0.9289278711068436,0.019463615648301406,1.7999556615994128,1.8002257785179785,1.788637532481126,1.704394028439073,1.804420187178052,1.6987135603055492
s00,398.0,1.8692262545591052,0,False,0.9669466728160381,0.015040527272184126,2.0152792131629313,2.0166625337630144,1.997198918114713,2.251818573747014,2.0627380988996085,1.6987135603055492
s00,399.0,2.4855350157085367,0,False,0.8511985497901942,0.033926537227235765,1.8555042110712023,1.8560013505401491,1.840960823267965,1.717218082031464,1.8692262545591052,1.6987135603055492
s00,400.0,2.2844687531610792,0,False,0.9883134226027442,0.031286070019391245,2.3674360088158872,2.3724843267558966,2.338557789528661,2.887218407366261,2.4855350157085367,1.6987135603055492
s00,401.0,2.262482948809733,0,False,0.9805889003265305,0.03293536471567909,2.207140831854734,2.2075064589334716,2.1762203889140803,2.1227634682563514,2.2844687531610792,1.6987135603055492
s00,402.0,1.9043711544982358,0,False,0.9375391133194874,0.024324355414161843,2.1907654862348656,2.191404797882144,2.1584694331664647,2.243057541913894,2.262482948809733,1.6987135603055492
s00,403.0,2.0037661117102235,0,False,0.9653386451049049,0.027627521990678996,1.8921412383525513,1.8936605591596518,1.86933620374549,1.6311091288668707,1.9043711544982358,1.6987135603055492
s00,404.0,1.4622070234927456,0,False,0.8573693739639641,0.01217732817194816,1.9762558767725154,1.9772134841171063,1.9495859621264273,2.07935634734268,2.0037661117102235,1.6987135603055492
s00,405.0,1.125679347525011,0,False,0.8537201330204727,0.0002121713316711564,1.5227810489269664,1.5245179088675775,1.5123405806956294,1.0944768051960483,1.4622070234927456,1.6987135603055492
s00,406.0,1.4960986965020933,0,False,0.9068330667702299,0.007869747304838614,1.2408151276690045,1.2408461640631783,1.240633992731507,0.9105335133152268,1.125679347525011,1.6987135603055492
s00,407.0,2.014663625788314,0,False,0.8665711241750381,0.02188243983243014,1.5468406746469119,1.547573874868597,1.5397041275637584,1.7713679683355874,1.4960986965020933,1.6987135603055492
s00,408.0,2.252242853158893,0,False,0.9302976642815635,0.030041719472906778,1.9773471157958569,1.9802668651430055,1.9583844253105753,2.3699706116246406,2.014663625788314,1.6987135603055492
s00,409.0,1.61925912455188,0,False,0.8593432062753628,0.01321218887995301,2.178149499634079,2.1802434776503383,2.1502017581774315,2.423577567234174,2.252242853158893,1.6987135603055492
s00,410.0,1.5643383321023827,0,False,0.9766877445931568,0.010571721773529778,1.6504955181905518,1.6523539023164904,1.6391417134365374,1.1828797683084706,1.61925912455188,1.6987135603055492
s00,411.0,1.7409352713301867,0,False,0.9562600728400871,0.01463863961324939,1.6051248926614583,1.605371343339533,1.5947996215660032,1.521740075762806,1.5643383321023827,1.6987135603055492
s00,412.0,1.8081726567697358,0,False,0.9800633333933951,0.016323232634558774,1.7513792630290195,1.7520195560594232,1.7373809164461738,1.8771246035342053,1.7409352713301867,1.6987135603055492
s00,413.0,1.6437044325141772,0,False,0.9569956826312483,0.0113946522975322,1.807665012901419,1.8079904437483962,1.7916672111138374,1.8610476001120673,1.8081726567697358,1.6987135603055492
s00,414.0,1.4912676890967516,0,False,0.9468817035942563,0.006024490513825859,1.669783062643253,1.6702730818869627,1.6588784295894305,1.5172786892794323,1.6437044325141772,1.6987135603055492
s00,415.0,1.7242595144043877,0,False,0.9422860085528599,0.011497431542341757,1.5415081361143843,1.5418281467871913,1.5358036562733655,1.3770961127749628,1.4912676890967516,1.6987135603055492
s00,416.0,2.2901701529133316,0,False,0.8591188067332991,0.028140097166579107,1.7347510694397217,1.7354146321054205,1.7239172005630787,1.9014965189097637,1.7242595144043877,1.6987135603055492
s00,417.0,1.8350325720018892,0,False,0.9140065876163352,0.0169221634165797,2.2049992865344006,2.2089636970018693,2.18082359983529,2.667302160567647,2.2901701529133316,1.6987135603055492
s00,418.0,1.3931031397918643,0,False,0.8691515997448792,0.0038069895334079517,1.8288204079871497,1.8302756025642555,1.8133534391476758,1.497298161769324,1.8350325720018892,1.6987135603055492
s00,419.0,0.8238399627964094,0,False,0.7231845705583376,-0.015288440503304987,1.4598561588632724,1.4603542973535066,1.4565473078200988,1.091286087841731,1.3931031397918643,1.6987135603055492
s00,420.0,0.7972535731388175,0,False,0.8890334049902588,-0.02082020391388966,0.9858777630483888,0.9816456868249731,0.9969341273282781,0.5393699377282153,0.8238399627964094,1.6987135603055492
s00,421.0,1.094155386633329,0,False,0.9427989107444102,-0.016634998369943456,0.9569588823041884,0.9546485351684556,0.9754687390823452,0.7979460560809472,0.7972535731388175,1.6987135603055492
s00,422.0,1.4325296949273891,0,False,0.9180744605373613,-0.009615520433464569,1.1994986370712855,1.1985470970447598,1.2151820954147032,1.3270797374456764,1.094155386633329,1.6987135603055492
s00,423.0,1.1976022203496948,0,False,0.8919549038193273,-0.01805037687526647,1.4795518584418168,1.4787641017430913,1.4883796221765557,1.6879209023482553,1.4325296949273891,1.6987135603055492
s00,424.0,1.5513835176830368,0,False,0.9115068335809713,-0.00992845808926261,1.2826031461884941,1.2806528914829085,1.298703268358175,1.0393429388788633,1.1976022203496948,1.6987135603055492
s00,425.0,1.9580863904006252,0,False,0.8946512359171225,0.0015817834685610595,1.5752902725004807,1.574411671806503,1.5843401298957658,1.814659903866321,1.5513835176830368,1.6987135603055492
s00,426.0,1.8829341838094256,0,False,0.9921674776585618,0.0006412069714715668,1.914120094778949,1.9142867337124085,1.9127049502438476,2.247077504123923,1.9580863904006252,1.6987135603055492
s00,427.0,1.2250136287130573,0,False,0.796576997444718,-0.01818847137860054,1.8526645514475308,1.8526695737154604,1.8520283667439887,1.8224907805027861,1.8829341838094256,1.6987135603055492
s00,428.0,2.1132600821666974,0,False,0.7696017813152612,0.006129942357353119,1.3063462444279685,1.3026462909682428,1.3208347623468433,0.8213692449725775,1.2250136287130573,1.6987135603055492
s00,429.0,2.2912201860681067,0,False,0.9415777061714923,0.013542965028159933,2.0427071025747723,2.0441194303745465,2.0379894880171934,2.647841425709869,2.1132600821666974,1.6987135603055492
s00,430.0,2.314087989606578,0,False,0.9705808666477496,0.017109174415686202,2.194423132273518,2.195214343355702,2.1816713783275423,2.420107758130527,2.2912201860681067,1.6987135603055492
s00,431.0,1.9479671155372087,0,False,0.9392862268740158,0.009030879303329853,2.2167402821987383,2.2172436192824203,2.200134444866734,2.3286554742004983,2.314087989606578,1.6987135603055492
s00,432.0,1.9818821961413706,0,False,0.9801250157576671,0.011080374092804001,1.9130174044017485,1.913565703158899,1.9045348238555693,1.667677524548742,1.9479671155372087,1.6987135603055492
s00,433.0,1.7714542536372975,0,False,0.9567327606289471,0.0059340723908892674,1.9427774214406281,1.9429976437011218,1.9319172696083178,2.007727364088753,1.9818821961413706,1.6987135603055492
s00,434.0,1.626075845076249,0,False,0.9599379478861753,0.0016776832250554648,1.7676987330067937,1.7679554839373754,1.7620214115464863,1.6085011872976853,1.7714542536372975,1.6987135603055492
s00,435.0,1.547761692410756,0,False,0.9697019166172949,-0.0012791589474487964,1.6462558867281052,1.646323098160898,1.6446454149358425,1.5141461068341793,1.626075845076249,1.6987135603055492
s00,436.0,1.9694833932845324,0,False,0.8908751016515062,0.010401239683134429,1.5801755283295413,1.5801367722650919,1.5814159312125406,1.4874675997909461,1.547761692410756,1.6987135603055492
s00,437.0,2.0483844876637143,0,False,0.9681862400536997,0.013883536362681049,1.9311728974557067,1.932307931678827,1.9219066919956926,2.2676263317167202,1.9694833932845324,1.6987135603055492
s00,438.0,2.366142652096533,0,False,0.9126623986859663,0.02488300796742764,1.9990519111119325,1.9994935986049804,1.9856100622422994,2.108064123680401,2.0483844876637143,1.6987135603055492
s00,439.0,1.7877926410014278,0,False,0.8873993528362305,0.010505422759570933,2.2648722590339645,2.2670454812633176,2.24216247329589,2.589460259530438,2.366142652096533,1.6987135603055492
s00,440.0,1.756788336277812,0,False,0.9947913620259343,0.009637527931585477,1.7845352464758706,1.7857181638773272,1.7752127411177563,1.3720052459913439,1.7877926410014278,1.6987135603055492
s00,441.0,2.092771836368476,0,False,0.9109742838326867,0.019626145030315314,1.7597677346835214,1.759817933077482,1.7501804051458965,1.731851966360651,1.756788336277812,1.6987135603055492
s00,442.0,2.067428264436554,0,False,0.9887691978945198,0.020416779563137998,2.039326548392204,2.0410737800091314,2.021447634978816,2.3335396186840205,2.092771836368476,1.6987135603055492
s00,443.0,2.0926311266868143,0,False,0.977641422751759,0.022553639692886457,2.0211731588842943,2.021402455695199,2.000985676132061,2.046449906239674,2.067428264436554,1.6987135603055492
s00,444.0,2.0644101546849254,0,False,0.9894705706964194,0.023169314289716435,2.0433834008286236,2.043887668123926,2.0213340284310397,2.1109304171001146,2.0926311266868143,1.6987135603055492
s00,445.0,1.6173638928960636,0,False,0.8947348921793052,0.011038684442349313,2.021474261484808,2.021718221141634,1.9985489068519176,2.041171466079741,2.0644101546849254,1.6987135603055492
s00,446.0,1.8058571671602475,0,False,0.9512154248209994,0.015754892832303316,1.647488232520425,1.6486502208284475,1.6376115363860981,1.2965520040239402,1.6173638928960636,1.6987135603055492
s00,447.0,1.7914874262897542,0,False,0.9995288800926543,0.015332937082828004,1.8047840221851166,1.8055526179389312,1.789797725106628,1.9498355642577374,1.8058571671602475,1.6987135603055492
s00,448.0,2.28851805789475,0,False,0.8746750351149448,0.03018261531374592,1.7935215598789223,1.79352878353082,1.7781958464479921,1.7798847515792535,1.7914874262897542,1.6987135603055492
s00,449.0,2.282487796041313,0,False,0.9769437691366462,0.03236707892336165,2.205889707183121,2.2096723423874556,2.1794897270737095,2.625855825290839,2.28851805789475,1.6987135603055492
s00,450.0,2.288055211543934,0,False,0.9746115976423437,0.03479909294349318,2.2062418146955203,2.2069880775395494,2.174620998616188,2.275244320327195,2.282487796041313,1.6987135603055492
s00,451.0,2.4133304613120767,0,False,0.9490586177558945,0.040781553004959316,2.213031632556542,2.213915125929873,2.1791160329863795,2.289670332475192,2.288055211543934,1.6987135603055492
s00,452.0,1.9892043747193964,0,False,0.9319124682738891,0.0308264049832754,2.318965173428726,2.3210426421088597,2.2802610891039006,2.502544310709174,2.4133304613120767,1.6987135603055492
s00,453.0,1.7784310776159848,0,False,0.9571687845651108,0.025119673087992924,1.9665565802980998,1.9686554741254005,1.9378290691421252,1.6665896880323734,1.9892043747193964,1.6987135603055492
s00,454.0,1.5119658626388346,0,False,0.9221624185364411,0.016695427440876907,1.7916981447463491,1.792774050876035,1.767654377788042,1.6150835959768464,1.7784310776159848,1.6987135603055492
s00,455.0,1.7391472513400879,0,False,0.9433922820216382,0.021793532118309415,1.5679108970655062,1.5692104287590043,1.5525150013181275,1.316728661796143,1.5119658626388346,1.6987135603055492
s00,456.0,1.877369120399336,0,False,0.9609151498510299,0.025382680759885062,1.7564971502269089,1.7577308323468144,1.735937300228505,1.9120047244755551,1.7391472513400879,1.6987135603055492
s00,457.0,1.605584039835675,0,False,0.9300394980991066,0.017362664589787767,1.8719258338983722,1.8729179121722515,1.8475352314123663,1.9834392100855243,1.877369120399336,1.6987135603055492
s00,458.0,1.5316383705968988,0,False,0.9695223364632191,0.013947915128031133,1.6442486519264148,1.6454633526554532,1.6281006880656654,1.4030765232871987,1.605584039835675,1.6987135603055492
s00,459.0,1.6126087433057594,0,False,0.9861247486905298,0.014855792718669297,1.5819210570868423,1.5823461569511539,1.5683982418231228,1.4748758704101474,1.5316383705968988,1.6987135603055492
s00,460.0,1.5111073294645527,0,False,0.9610606815528235,0.010730169479790315,1.6484219762364791,1.648628104093852,1.6337723113751828,1.67736938103923,1.6126087433057594,1.6987135603055492
s00,461.0,1.6334684840411213,0,False,0.9744099967200667,0.01285766381932415,1.5621341805702944,1.5625520060566602,1.55182183657687,1.433933345459175,1.5111073294645527,1.6987135603055492
s00,462.0,1.33438873303118,0,False,0.8942489306484668,0.002985172806893201,1.6631427391195694,1.663471766778878,1.650614102959554,1.7301714124473997,1.6334684840411213,1.6987135603055492
s00,463.0,1.0767083407768459,0,False,0.8665528539235738,-0.007077401687603005,1.4118118053768578,1.4121274905933858,1.4091423177864926,1.1263581188841285,1.33438873303118,1.6987135603055492
s00,464.0,1.954205661679929,0,False,0.7617177134262074,0.015728220585201316,1.1949627116432995,1.1940182525864524,1.2010956542740554,0.9130240427551823,1.0767083407768459,1.6987135603055492
s00,465.0,2.3511519796859166,0,False,0.8964884875344007,0.028503781835537152,1.921552181643277,1.9252999380080558,1.9095717174228544,2.4832289502224505,1.954205661679929,1.6987135603055492
s00,466.0,2.256112575009113,0,False,0.9941993538724976,0.028430267671153,2.2556125775864655,2.258563047155252,2.2300592653197144,2.625930886760971,2.3511519796859166,1.6987135603055492
s00,467.0,1.8969049932139068,0,False,0.9367721485773397,0.01988472631015195,2.181591457991871,2.1817563719139415,2.1533261042427885,2.179228287902229,2.256112575009113,1.6987135603055492
s00,468.0,1.6722886412925646,0,False,0.9460530128548399,0.013557599107200894,1.8819356128702145,1.883192881390933,1.863308155080781,1.623099999961667,1.8969049932139068,1.6987135603055492
s00,469.0,2.265447947655798,0,False,0.8523809787187651,0.030655604897077245,1.6947830297018311,1.6955144213265867,1.6819568222193857,1.501242235685977,1.6722886412925646,1.6987135603055492
s00,470.0,2.858470834713434,0,False,0.8611619114671927,0.05066416214279078,2.1869935761312926,2.1915189265229835,2.1608633216259063,2.658220058199109,2.265447947655798,1.6987135603055492
s00,471.0,2.8267947348357367,0,True,0.9657996680585295,0.05475828896979096,2.6832897251733763,2.6903238406023973,2.6396596784596067,3.2404126978839365,2.858470834713434,1.6987135603055492
s00,472.0,1.8109184254540192,0,False,0.8187098067484135,0.029020544661108847,2.6669704840841084,2.668843235743422,2.614084946773631,2.794819922103812,2.8267947348357367,1.6987135603055492
s00,473.0,1.8175034487586055,0,False,0.9934693011787527,0.028858508875336215,1.8176435014678145,1.8229046416176933,1.7938840969565844,1.1363237895002092,1.8109184254540192,1.6987135603055492
s00,474.0,0.8959089501645002,0,False,0.66549548820194,0.0008940002094041111,1.8278707727990078,1.8280592390289028,1.7992007301535666,1.8226658310826156,1.8175034487586055,1.6987135603055492
s00,475.0,0.9194330096576229,0,False,0.931464713000437,-0.0032034707059698736,1.0557163263998282,1.0560153735034223,1.0551213732940181,0.45398476918139496,0.8959089501645002,1.6987135603055492
s00,476.0,0.7960173677976078,0,False,0.8517140203230915,-0.011450274234908013,1.0711303695464405,1.0709108187622123,1.074114289468182,0.9477253667761083,0.9194330096576229,1.6987135603055492
s00,477.0,1.3034018367593543,0,False,0.8559309926790264,-0.0012388303572986818,0.9647182893048695,0.963020374172377,0.9744706484072849,0.7376116012117642,0.7960173677976078,1.6987135603055492
s00,478.0,1.374540322149376,0,False,0.9965325920161754,-0.0014891768949663185,1.3830636837981123,1.382885206738297,1.3841240370955958,1.6656664356648743,1.3034018367593543,1.6987135603055492
s00,479.0,1.2016572393076732,0,False,0.9094192089159441,-0.008641584767704893,1.4400759986494804,1.4400708350656255,1.4415600119605918,1.4320095276640912,1.374540322149376,1.6987135603055492
s00,480.0,1.4343161735949184,0,False,0.9517287911055358,-0.004412168619317637,1.294118396899822,1.2933356353153433,1.3019772200830482,1.0838050303602893,1.2016572393076732,1.6987135603055492
s00,481.0,1.4306982425251327,0,False,0.9797922646579988,-0.006053516103700435,1.4856228060509933,1.4854098253378925,1.4898219939572102,1.6157727861992341,1.4343161735949184,1.6987135603055492
s00,482.0,1.515426833060336,0,False,0.9905154138615057,-0.00501613381033825,1.4809697511329087,1.4808474232815965,1.486900939385297,1.4289719450745852,1.4306982425251327,1.6987135603055492
s00,483.0,1.517059133566576,0,False,0.987571607535054,-0.00601315564687117,1.5503407707375463,1.55029319478434,1.5553093285946782,1.5835646659739788,1.515426833060336,1.6987135603055492
s00,484.0,1.1365224681096335,0,False,0.8443149720502001,-0.018435903522522182,1.550688797822999,1.5506140639646668,1.556627219611538,1.518852413019106,1.517059133566576,1.6987135603055492
s00,485.0,1.4813989844707744,0,False,0.9152028839085427,-0.010922513069397396,1.2338228301884655,1.2309526360332819,1.249388539555804,0.8946878080333172,1.1365224681096335,1.6987135603055492
s00,486.0,1.9103669103183232,0,False,0.888911502624291,0.0008810945542333873,1.5178395204727202,1.5169133228639642,1.5278358359333615,1.7401724642164464,1.4813989844707744,1.6987135603055492
s00,487.0,1.9708112334006476,0,False,0.974901952412863,0.003753686540656877,1.8749602877164555,1.8750581671865314,1.874177072632298,2.2142133447643184,1.9103669103183232,1.6987135603055492
s00,488.0,1.330734423946784,0,False,0.8182737070259835,-0.014126254346949734,1.9266382433302458,1.9267324535336705,1.9229787669930136,2.0171875989958563,1.9708112334006476,1.6987135603055492
s00,489.0,1.5883309506295669,0,False,0.9392829447889679,-0.008238294964817629,1.3946327497279094,1.3920656378918301,1.40619189223878,0.9215739181891733,1.330734423946784,1.6987135603055492
s00,490.0,1.4295123146103592,0,False,0.9394355864528807,-0.013530902002017745,1.6064327541939198,1.6059325491836962,1.6141708441485139,1.7852509552749019,1.5883309506295669,1.6987135603055492
s00,491.0,1.7594669827747285,0,False,0.9158567275554946,-0.004919268713591668,1.4732320309717086,1.4724125398271928,1.4859434418292106,1.3124686478390077,1.4295123146103592,1.6987135603055492
s00,492.0,1.8136897885765633,0,False,0.9828223593316273,-0.0029312899259738437,1.747837752356898,1.7474238289893025,1.7523430977028942,2.0028514728226474,1.7594669827747285,1.6987135603055492
s00,493.0,2.032544856660137,0,False,0.9383342079274493,0.0042493450525109356,1.7932407100223546,1.7931903573773114,1.7961216473032853,1.8564145467649327,1.8136897885765633,1.6987135603055492
s00,494.0,1.685151275966564,0,False,0.9214713413839007,-0.0045082396163225735,1.9768087256992282,1.9770707649276809,1.97282141987517,2.1946654047626972,2.032544856660137,1.6987135603055492
s00,495.0,1.4695577383560559,0,False,0.9296584546966536,-0.011056516964182653,1.6881876759611814,1.6878336499513917,1.6923418895677143,1.4272620961841516,1.685151275966564,1.6987135603055492
s00,496.0,1.8527087189570444,0,False,0.9009456879371226,-0.000691822484429996,1.5079966354542227,1.5072189029652894,1.5182754199294721,1.3111622501831361,1.4695577383560559,1.6987135603055492
s00,497.0,1.4088659031610027,0,False,0.8708239196392602,-0.013233836290896531,1.827001558043485,1.8269330300432203,1.8276248525276502,2.1289310911891275,1.8527087189570444,1.6987135603055492
s00,498.0,0.9421650435697426,0,False,0.7818905094250976,-0.02865008655299167,1.4577495474064404,1.4560400523062467,1.4692738885971433,1.1046085789256608,1.4088659031610027,1.6987135603055492
s00,499.0,1.4034863919495162,0,False,0.8756538103802382,-0.018460024337144477,1.0700665072042765,1.0638176514212767,1.0924677379742684,0.6803263346133193,0.9421650435697426,1.6987135603055492
s00,500.0,1.5290038002313648,0,False,0.9786366442816021,-0.015984026546517552,1.4487659742304126,1.4464705405438008,1.4649305648809452,1.7372752343337037,1.4034863919495162,1.6987135603055492
s00,501.0,0.7156990298707734,0,False,0.6281242191084395,-0.041021668921021215,1.5506285814658205,1.5502871090208947,1.5662711355674124,1.6289755515990123,1.5290038002313648,1.6987135603055492
s00,502.0,1.1318178106619767,0,False,0.8914385240728422,-0.03312517514519806,0.8838563166313517,0.8686013514678719,0.9096230203888931,0.37535808070277066,0.7156990298707734,1.6987135603055492
s00,503.0,1.1752920245689806,0,False,0.9710249692701961,-0.03424036158443252,1.2160610237809042,1.212464905876796,1.245590081021994,1.4436630769197063,1.1318178106619767,1.6987135603055492
s00,504.0,1.3142649117829037,0,False,0.9870878854809503,-0.03220591552191812,1.2474421585615323,1.246450043032424,1.2806904046168563,1.2124292365098146,1.1752920245689806,1.6987135603055492
s00,505.0,0.6678400262013212,0,False,0.6490560063041623,-0.0529913781138176,1.3611046257340462,1.3606887792646365,1.3928946947865546,1.4260356840711532,1.3142649117829037,1.6987135603055492
s00,506.0,0.6851622109841295,0,True,0.8809929484716632,-0.056976245256728106,0.8365881216145223,0.817991115747813,0.8709824938616306,0.4003814063175111,0.6678400262013212,1.6987135603055492
s00,507.0,0.7651463404978428,0,True,0.9276172845516153,-0.05886161141443288,0.8347724540431604,0.8279918790880018,0.8849681243447298,0.7212617654466417,0.6851622109841295,1.6987135603055492
s00,508.0,0.804162794658739,0,True,0.9173483557285457,-0.061457256781466046,0.8949448701630222,0.8906843068931778,0.9495459183076107,0.8383971605454308,0.7651463404978428,1.6987135603055492
s00,509.0,1.1945183958939825,0,False,0.902115262356512,-0.0532094009294641,0.9246694108193191,0.9195898674939179,0.981047124275384,0.8476801548454116,0.804162794658739,1.6987135603055492
s00,510.0,1.608848237582516,0,False,0.8925778924914292,-0.04223407503919829,1.2482124294904704,1.2430040412403225,1.2962134421697866,1.488789134371577,1.1945183958939825,1.6987135603055492
s00,511.0,1.0222869984636955,0,True,0.7711135157770271,-0.059220527169403306,1.5930389428199145,1.5885020694705287,1.630736144509727,1.90978705131871,1.608848237582516,1.6987135603055492
s00,512.0,1.221684735218008,0,True,0.9729342715661999,-0.05550807359028581,1.111491060838394,1.0979362825807584,1.1571568097501617,0.6879734495710765,1.0222869984636955,1.6987135603055492
s00,513.0,1.5248198801510493,0,False,0.927438534992688,-0.047642647128498986,1.2641413645371666,1.2626389980914887,1.3181470716817745,1.3809285018425117,1.221684735218008,1.6987135603055492
s00,514.0,1.6974258400436422,0,False,0.9588030179749174,-0.042177385852935394,1.5187074844639927,1.5152504641915225,1.5628931113200215,1.7545694380295902,1.5248198801510493,1.6987135603055492
s00,515.0,1.805722958522809,0,False,0.9705484337761552,-0.03780794029022502,1.6618123541059784,1.66007477309913,1.7022521589520654,1.8312425452686738,1.6974258400436422,1.6987135603055492
s00,516.0,2.006135776714027,0,False,0.9430569455248955,-0.030180309801761465,1.7529949301558199,1.7518814270985752,1.7896893673888001,1.8901127898537518,1.805722958522809,1.6987135603055492
s00,517.0,1.6161006247783127,0,False,0.9061264884034242,-0.039336857416480096,1.923037437627384,1.9213188786022668,1.9514991884040283,2.155620478052108,2.006135776714027,1.6987135603055492
s00,518.0,1.621770003005854,0,False,0.9954585690715104,-0.038601399474699497,1.600947427220693,1.597254738279834,1.6365915956963142,1.332678073022592,1.6161006247783127,1.6987135603055492
s00,519.0,1.396774893529336,0,False,0.9196923222683794,-0.04477517927445363,1.6027428591105977,1.6025675535211403,1.6411689529958398,1.6264146715448335,1.621770003005854,1.6987135603055492
s00,520.0,0.8987401218503019,0,True,0.7627397287227492,-0.060255074777022855,1.4183324292701573,1.4147366386026088,1.4595118178770625,1.2347444777777172,1.396774893529336,1.6987135603055492
s00,521.0,0.513879853312808,0,True,0.6552457897980233,-0.07475324329533783,1.011448272644068,0.9971521372566404,1.0574072120336633,0.629684360730816,0.8987401218503019,1.6987135603055492
s00,522.0,0.8618406057691116,0,True,0.9286385210201442,-0.06905575972662858,0.6976959821644575,0.6719244868121371,0.746677730107475,0.39053371666559467,0.513879853312808,1.6987135603055492
s00,523.0,1.017464019211127,0,True,0.9950490738805904,-0.06728862190921435,0.9634873464434891,0.9585594252973193,1.0276151850239479,1.134559867554797,0.8618406057691116,1.6987135603055492
s00,524.0,1.2687677712350924,0,True,0.9524143888619452,-0.06180481472240252,1.0863073393371143,1.0859741983413649,1.1532628202505792,1.1431619121097236,1.017464019211127,1.6987135603055492
s00,525.0,1.8275442002557543,0,False,0.8521838787940761,-0.045809177136048845,1.297297300590472,1.2943562807106321,1.3561610954330348,1.4661696727354787,1.2687677712350924,1.6987135603055492
s00,526.0,1.754975655385723,0,False,0.9853312095525726,-0.04600485590467672,1.7682696158865379,1.761498281006652,1.8073074581427009,2.2090125408085206,1.8275442002557543,1.6987135603055492
s00,527.0,1.8150135908043559,0,False,0.9814243317640253,-0.042635808847762025,1.7033868578313625,1.7027120222405328,1.7487168781452094,1.6971527196366096,1.754975655385723,1.6987135603055492
s00,528.0,1.0521432475935872,0,True,0.7390022339824356,-0.06370815101991731,1.7553466419722246,1.7545546533320961,1.7971904621798582,1.8622556690995127,1.8150135908043559,1.6987135603055492
s00,529.0,1.078779422452833,0,True,0.9547601088282036,-0.0648713905842971,1.1341817596921342,1.1175540745988262,1.1812622256187435,0.6306706696170982,1.0521432475935872,1.6987135603055492
s00,530.0,1.5090875759652416,0,False,0.887263615436892,-0.053735655874908805,1.1408311936358286,1.137896418985632,1.202767809569929,1.1049213172662251,1.078779422452833,1.6987135603055492
s00,531.0,1.1675689360817085,0,True,0.8594870093111511,-0.06360225179893303,1.5025134304479804,1.4964554668825159,1.5501911227574245,1.8219775061691137,1.5090875759652416,1.6987135603055492
s00,532.0,0.9870003787158759,0,True,0.8731855350946749,-0.07031782040550602,1.2197896082164552,1.210852665601642,1.274454917400575,0.945596118478571,1.1675689360817085,1.6987135603055492
s00,533.0,1.3154261277416284,0,True,0.9237522085727675,-0.06260551217606841,1.067266503528408,1.058349186760375,1.1286670071658809,0.8776658619890889,0.9870003787158759,1.6987135603055492
s00,534.0,1.5244654065311027,0,True,0.9553173261051344,-0.05680835182503719,1.3360002601979917,1.3312267281633956,1.393832240339464,1.5663513904424187,1.3154261277416284,1.6987135603055492
s00,535.0,0.936403047638851,0,True,0.7499473148147708,-0.07389021730579826,1.5083369127233224,1.5057985636642193,1.5626069154892566,1.6874030425161004,1.5244654065311027,1.6987135603055492
s00,536.0,1.0027285912289499,0,True,0.9594016029587583,-0.07422612113235075,1.0324018326936013,1.0139253854473664,1.0878156027531647,0.6181956935321293,0.936403047638851,1.6987135603055492
s00,537.0,1.605659626288892,0,True,0.8313071191367757,-0.05807051947520743,1.0701530325873443,1.0671395710507818,1.1413656921831326,1.0597330769358304,1.0027285912289499,1.6987135603055492
s00,538.0,1.638904271792038,0,True,0.9967171674513219,-0.05600612719476004,1.5798872790006215,1.5700911957771249,1.6281617152523322,2.0141325680464712,1.605659626288892,1.6987135603055492
s00,539.0,1.3642034941368617,0,True,0.9038515797641304,-0.0630499244560355,1.599180594916657,1.5989967361793767,1.6550028633741367,1.6657101538995778,1.638904271792038,1.6987135603055492
s00,540.0,1.7530415765055318,0,False,0.8997888216064825,-0.05156360653558255,1.376226463122873,1.3701643124904341,1.4332142369464695,1.1703747676669458,1.3642034941368617,1.6987135603055492
s00,541.0,1.7912280895249537,0,False,0.9875629325778261,-0.04869451574942604,1.700758979759554,1.6955917299864036,1.747155336521986,2.0349324015013712,1.7530415765055318,1.6987135603055492
s00,542.0,1.467817289171502,0,True,0.9045950792492767,-0.05653875547554171,1.7298975636841565,1.7292919467086907,1.7779864624581168,1.8215110796605056,1.7912280895249537,1.6987135603055492
s00,543.0,1.344745308361784,0,True,0.9399611751064714,-0.06000633990698738,1.465725531562128,1.4603314560766396,1.5168702115521813,1.2362927036622933,1.467817289171502,1.6987135603055492
s00,544.0,1.5980409439611771,0,False,0.9402358484879477,-0.052790042484187984,1.361100406668708,1.3574976965345307,1.4175040364415181,1.2557133101735847,1.344745308361784,1.6987135603055492
s00,545.0,1.8718413581646676,0,False,0.9286020066441041,-0.04371141617728172,1.572375433365145,1.5692204812677921,1.6220105237519802,1.791757796177117,1.5980409439611771,1.6987135603055492
s00,546.0,1.7365969578145475,0,False,0.9702993497890673,-0.04559433132954225,1.802481703625034,1.7993607962232316,1.8430722124005134,2.0750656265577057,1.8718413581646676,1.6987135603055492
s00,547.0,1.231611072555192,0,True,0.8309301421421489,-0.05929451634179464,1.6896380875833579,1.688283906296938,1.73387823762648,1.630565367333092,1.7365969578145475,1.6987135603055492
s00,548.0,1.0820458179184473,0,True,0.8988534810382829,-0.06483914902407688,1.2768918227775126,1.2668669073278553,1.32616142366965,0.9088124968036304,1.231611072555192,1.6987135603055492
s00,549.0,1.2548053539012367,0,True,0.9799632727723031,-0.06141196514873372,1.1471241456060233,1.1405658913897978,1.2054050404138748,0.9859808784086372,1.0820458179184473,1.6987135603055492
s00,550.0,1.1902484060310115,0,True,0.9391281649477013,-0.06420879649458115,1.284706612353461,1.283476117559259,1.3448880827079928,1.3932985755890457,1.2548053539012367,1.6987135603055492
s00,551.0,1.2253133843322188,0,True,0.9732687286660575,-0.06430610887011755,1.2324656374525567,1.228557130183432,1.2927659266780132,1.1475394508922538,1.1902484060310115,1.6987135603055492
s00,552.0,0.9110070236040215,0,True,0.8167172600836131,-0.07467901829037932,1.2584896549907172,1.25677067094608,1.3210767798161975,1.2554273296820129,1.2253133843322188,1.6987135603055492
s00,553.0,1.282130505406497,0,True,0.90877078753562,-0.06599407142921818,1.0063196517876527,0.992632276701126,1.0673112949915053,0.7324002472547417,0.9110070236040215,1.6987135603055492
s00,554.0,1.5535479591636936,0,True,0.9362227158522843,-0.05841630854375539,1.3069764501454066,1.300955862981601,1.3669499344108191,1.5621713574374312,1.282130505406497,1.6987135603055492
s00,555.0,1.9634026286897965,0,False,0.8938566562517891,-0.04534437029493599,1.531396987238006,1.5276713537291502,1.5860876622729057,1.7607849717797135,1.5535479591636936,1.6987135603055492
s00,556.0,2.103142089200389,0,False,0.9537576108798784,-0.038399692165193205,1.8764658212922247,1.8716528182089633,1.9169971885038992,2.2542626827390575,1.9634026286897965,1.6987135603055492
s00,557.0,2.0466696148960652,0,False,0.9958720781635407,-0.03674222485166526,1.9931963979523297,1.991420704445134,2.029820396610327,2.2073575123760834,2.103142089200389,1.6987135603055492
s00,558.0,2.217634701808873,0,False,0.9445206693255445,-0.028637682166414113,1.9476349479994537,1.9474832789671683,1.9842255038188337,2.0010051698484825,2.0466696148960652,1.6987135603055492
s00,559.0,1.6491588159233457,0,False,0.8747315418893779,-0.041971579398764045,2.0952108564403367,2.093622057001676,2.1222597391680904,2.342719551080381,2.217634701808873,1.6987135603055492
s00,560.0,1.780894944734081,0,False,0.9659039632979591,-0.03718404978922297,1.6265683394517958,1.6213106244160451,1.6632822038148092,1.2494459037556453,1.6491588159233457,1.6987135603055492
s00,561.0,1.4081576484381968,0,False,0.8864351133981411,-0.04691310867879151,1.7337274401501583,1.7324596114238144,1.7696436612130375,1.8832462738012983,1.780894944734081,1.6987135603055492
s00,562.0,1.4349287908049226,0,False,0.9883897124644913,-0.04651891337613576,1.427116629250312,1.4217889473830643,1.4687020560618558,1.148268161335948,1.4081576484381968,1.6987135603055492
s00,563.0,1.3622548471433422,0,False,0.9551894610744075,-0.04896519887343137,1.444337795013332,1.4437976970531958,1.4903166104293315,1.4569354624930444,1.4349287908049226,1.6987135603055492
s00,564.0,1.3126292246235551,0,False,0.9567158992959881,-0.051066594166985314,1.384869891358804,1.3826757344086866,1.431640933282118,1.3093176866247356,1.3622548471433422,1.6987135603055492
s00,565.0,1.806167921605541,0,False,0.8705615683595469,-0.0370967807771572,1.3427178468824723,1.3405074752779378,1.391574069444923,1.2777136755688938,1.3126292246235551,1.6987135603055492
s00,566.0,1.6772497806619286,0,False,0.9675172445190516,-0.039367842619087295,1.757753591182303,1.7529518420595982,1.7900486228367554,2.150978097005929,1.806167921605541,1.6987135603055492
s00,567.0,1.41811431167142,0,False,0.9138573441391116,-0.04622224878414555,1.64787329317897,1.6465945171733616,1.685962359792449,1.5768275348265213,1.6772497806619286,1.6987135603055492
s00,568.0,1.0697115954104506,0,True,0.8404889001516752,-0.05704646023781787,1.4345003511363232,1.4305186438661943,1.4767408926503398,1.2319659867616115,1.41811431167142,1.6987135603055492
s00,569.0,1.3557358385189753,0,False,0.9373003205880315,-0.05052638939063857,1.1474996872279868,1.138400143612999,1.1954466038508167,0.8533429974841529,1.0697115954104506,1.6987135603055492
s00,570.0,0.9394514450454239,0,True,0.7946418293990787,-0.06361838233322344,1.3790191982148896,1.3758512097982525,1.426377599188891,1.5766167502301662,1.3557358385189753,1.6987135603055492
s00,571.0,1.286982942610107,0,True,0.9174383970444931,-0.05580864735768518,1.0397229980380394,1.0266584434254986,1.090276825758722,0.7033449358478996,0.9394514450454239,1.6987135603055492
s00,572.0,1.3086226695261363,0,True,0.9768154882638183,-0.05600173908359032,1.3196667117742698,1.3150590603896408,1.370867707747326,1.551333452280307,1.286982942610107,1.6987135603055492
s00,573.0,1.445012816160072,0,False,0.9800348854044066,-0.05262147982420551,1.3336358804909418,1.3323375075139117,1.388339246597502,1.3275373291954706,1.3086226695261363,1.6987135603055492
s00,574.0,1.0510498951291254,0,True,0.8248744141406077,-0.06446508688495127,1.4468873910288635,1.4458367971539836,1.4984582769781891,1.554000352229901,1.445012816160072,1.6987135603055492
s00,575.0,1.4795794794207147,0,False,0.8877397992122595,-0.05355513405187731,1.1272038710931198,1.1159143849849162,1.1803794718698675,0.8113237450105237,1.0510498951291254,1.6987135603055492
s00,576.0,1.3638904874383189,0,True,0.9438872921335321,-0.05682276938396074,1.4788237752763111,1.472811665174433,1.5263667992263104,1.791978553853806,1.4795794794207147,1.6987135603055492
s00,577.0,1.6170205841873053,0,False,0.9397566583636955,-0.04959631440041089,1.3793272308609164,1.3761387514023105,1.4329615207862711,1.2796021948168603,1.3638904874383189,1.6987135603055492
s00,578.0,1.4287269639391755,0,False,0.9320793353964015,-0.054366646697531995,1.5907258882222046,1.587738040509879,1.63733435491029,1.8103050852735973,1.6170205841873053,1.6987135603055492
s00,579.0,1.2189113216357637,0,True,0.9016799426742037,-0.060727588548547255,1.434635335445571,1.4309427166696054,1.4853093633671375,1.290870725032004,1.4287269639391755,1.6987135603055492
s00,580.0,1.6353014108665103,0,False,0.8919685620644626,-0.049323954540983574,1.2611510172684053,1.2551802772810547,1.315907865829602,1.0757020948327367,1.2189113216357637,1.6987135603055492
s00,581.0,1.8614305309663097,0,False,0.9405091450651799,-0.04156413926099634,1.608098559367132,1.6027700216334024,1.652093976174386,1.9369829772736282,1.6353014108665103,1.6987135603055492
s00,582.0,1.6379931610321679,0,False,0.9434511043603632,-0.046217421004154616,1.7955752386500436,1.7931025524707769,1.8346666917317733,2.031549635910016,1.8614305309663097,1.6987135603055492
s00,583.0,1.406480660651795,0,False,0.9191831331243495,-0.05226449600663941,1.6106633715183851,1.608049827401288,1.6542672484054426,1.468715388668448,1.6379931610321679,1.6987135603055492
s00,584.0,1.5699178155731979,0,False,0.9662881647941919,-0.047619469218628946,1.419307442122274,1.4150835893061824,1.4673480853128218,1.2395868332352324,1.406480660651795,1.6987135603055492
s00,585.0,1.5866280952732104,0,False,0.9960277439756992,-0.04657117426598355,1.5532902698839168,1.5516849301850304,1.5993043994036593,1.6984163158203933,1.5699178155731979,1.6987135603055492
s00,586.0,1.838923225531994,0,False,0.9345885346922637,-0.038390221923256716,1.5664098067353034,1.5662248141077666,1.6127959883737502,1.6001700377687493,1.5866280952732104,1.6987135603055492
s00,587.0,2.056391963218384,0,False,0.9381415398322369,-0.03004159692161852,1.7806156238332669,1.7781044631637775,1.8164946850870343,2.0278306083167674,1.838923225531994,1.6987135603055492
s00,588.0,2.0781919466528387,0,False,0.9788698711400893,-0.026556845373187195,1.9638918886316798,1.9620335617051279,1.9920751586267464,2.217132760534453,2.056391963218384,1.6987135603055492
s00,589.0,2.1524417586902884,0,False,0.9657422316753939,-0.021477169825296984,1.9836803899921298,1.9831192404272815,2.0096760858004687,2.093973214998568,2.0781919466528387,1.6987135603055492
s00,590.0,2.4005075132973848,0,False,0.9260663337805273,-0.010906352080958748,2.048882681727587,2.048146921819444,2.069624091644741,2.2074989311879945,2.1524417586902884,1.6987135603055492
s00,591.0,2.1333443530578577,0,False,0.9690228475816443,-0.014676072848999532,2.259808058586976,2.2590017119925503,2.269908064073509,2.5763280612721298,2.4005075132973848,1.6987135603055492
s00,592.0,2.082448829242946,0,False,0.993181043984612,-0.013388481148657486,2.0399837288437577,2.0395291058982115,2.054205178747211,1.9218718226225076,2.1333443530578577,1.6987135603055492
s00,593.0,1.8477860700700535,0,False,0.9572376134326873,-0.017946635173344508,1.9998158330236862,1.9997245375596207,2.013113018708278,2.041164076993569,2.082448829242946,1.6987135603055492
s00,594.0,1.5229679471023325,0,False,0.910294819351119,-0.02642870945007686,1.806471197277609,1.805703756326744,1.8236503915000886,1.6653932177495259,1.8477860700700535,1.6987135603055492
s00,595.0,1.6433747089457824,0,False,0.9744624516504935,-0.02317654368254,1.5373399755167565,1.5349691833612207,1.5613978928112975,1.2876882214061893,1.5229679471023325,1.6987135603055492
s00,596.0,1.7063647763953107,0,False,0.9858311719800447,-0.021048670575789127,1.6360275449418156,1.6354356728369484,1.6586122165194883,1.7384955457484002,1.6433747089457824,1.6987135603055492
s00,597.0,2.260830762656995,0,False,0.8613128738520188,-0.003876366595934728,1.6887188649886191,1.688420629995182,1.7094693005709711,1.7565452626384004,1.7063647763953107,1.6987135603055492
s00,598.0,2.1729218348157593,0,False,0.996358678690377,-0.003286485158326489,2.1537967223719043,2.153259120228818,2.1571354868247528,2.6320302122653167,2.260830762656995,1.6987135603055492
s00,599.0,2.1196878423118033,0,False,0.9920381147251687,-0.0021820357931688203,2.082884830621655,2.0828728634732143,2.086159348631541,2.1018882134572068,2.1729218348157593,1.6987135603055492
s01,350.0,1.746610375897292,0,False,0.9663878083009021,-0.028123809350017917,1.601265350829381,1.6003159489055796,1.6328285910653488,1.7223685891443352,1.622551829483843,1.6506738929561502
s01,351.0,1.9498359143337287,0,False,0.9427663962093746,-0.02093755433653572,1.7112393834221709,1.710294080550989,1.738417889901007,1.8483752195693133,1.746610375897292,1.6506738929561502
s01,352.0,2.0742180608572323,0,False,0.9592038133116235,-0.01542453112271877,1.8916489520859094,1.8904506203966673,1.911388174733203,2.1107059837213455,1.9498359143337287,1.6506738929561502
s01,353.0,2.2897373070344913,0,False,0.9368179285009955,-0.006787262906914948,2.0024576285589606,2.0018283665076977,2.0172528976304163,2.1734399453216824,2.0742180608572323,1.6506738929561502
s01,354.0,2.662797272044518,0,False,0.90509476437488,0.00727967330131019,2.194328231767281,2.1938993984370136,2.2006866613439287,2.4559549413106714,2.2897373070344913,1.6506738929561502
s01,355.0,2.640377325196026,0,False,0.9763432468454502,0.010726385976235077,2.5247960235885953,2.52548690269853,2.5182072293972197,2.9364611237044014,2.662797272044518,1.6506738929561502
s01,356.0,1.8132172264335449,0,False,0.8411528838759315,-0.01017264054479484,2.509597692335928,2.509851443801208,2.499125057824973,2.6184050058245996,2.640377325196026,1.6506738929561502
s01,357.0,2.410358426684683,0,False,0.8539002457281517,0.008590032612234089,1.78655188273096,1.7849359881170528,1.7951086286618476,1.2181552782138616,1.8132172264335449,1.6506738929561502
s01,358.0,1.8465130339900349,0,False,0.8900659863210375,-0.005372785782371128,2.310685312156374,2.3119403138102084,2.3033502811979742,2.828712234913869,2.410358426684683,1.6506738929561502
s01,359.0,1.738411383252966,0,False,0.9761640260017264,-0.007762686143892545,1.8186653805427064,1.8180747286370131,1.8234475144193842,1.416832219395062,1.8465130339900349,1.6506738929561502
s01,360.0,1.2772993399163002,0,False,0.8493448035032108,-0.021154011093101013,1.7238618694083312,1.7236768382232486,1.7314395243671412,1.6484303122121196,1.738411383252966,1.6506738929561502
s01,361.0,1.1832827268634425,0,False,0.9384114817920928,-0.0251901785591573,1.3210086040965783,1.317821642398652,1.338975653491753,0.9532540477664415,1.2772993399163002,1.6506738929561502
s01,362.0,0.7292566650584957,0,False,0.7343412208002646,-0.04032544687755775,1.235317034776028,1.233765609005177,1.2589557875643342,1.1128517575825139,1.1832827268634425,1.6506738929561502
s01,363.0,0.6169013402626435,0,True,0.8290293205466681,-0.04678433239101251,0.8429103330326444,0.8321975240444686,0.8725229709220264,0.48354307064425994,0.7292566650584957,1.6506738929561502
s01,364.0,0.47106934466503714,0,True,0.7560539552753147,-0.054555559287807816,0.7381089903215424,0.7301102412248804,0.776894573615893,0.5649767468333136,0.6169013402626435,1.6506738929561502
s01,365.0,0.6942649920268291,0,True,0.9693275641278937,-0.05167414334942348,0.6115264069866885,0.5982177940806847,0.6527733533684925,0.42155297939721925,0.47106934466503714,1.6506738929561502
s01,366.0,0.3739383980900428,0,True,0.6164822623830601,-0.06418798786900744,0.7926515205909723,0.7910665487428411,0.8427406920922645,0.8829596811246248,0.6942649920268291,1.6506738929561502
s01,367.0,0.24587923443804666,0,True,0.6054125891939763,-0.07198905523316552,0.5305320451330211,0.5059148132433158,0.5701028011123233,0.2810945022954651,0.3739383980900428,1.6506738929561502
s01,368.0,0.2835862062649076,0,True,0.7634266783431716,-0.07515505172656384,0.4175253976223446,0.389119422711518,0.4611084779446835,0.2648194489667039,0.24587923443804666,1.6506738929561502
s01,369.0,0.7344951460788104,0,True,0.8043661194019291,-0.06566160023557713,0.4358264432721644,0.4180467630459204,0.49320181477248426,0.35767657657205887,0.2835862062649076,1.6506738929561502
s01,370.0,0.30585680603558585,0,True,0.5194711478580929,-0.08082549519997677,0.8241656051759385,0.8113199715155733,0.8769815717511504,1.071069752291584,0.7344951460788104,1.6506738929561502
s01,371.0,0.7079628654855615,0,True,0.8402646630714418,-0.07252655057994134,0.47017036058329387,0.4313313781510478,0.5121568733510246,0.21547403573457585,0.30585680603558585,1.6506738929561502
s01,372.0,0.6030825260219601,0,True,0.8282390099939246,-0.07789025701680198,0.7934577935771346,0.7818727405839816,0.8543992911639229,1.018928147172219,0.7079628654855615,1.6506738929561502
s01,373.0,1.3755542275994233,0,True,0.7156046766537606,-0.05724091364387178,0.7006212894921174,0.6872427818350839,0.7651330388518859,0.556982690095831,0.6030825260219601,1.6506738929561502
s01,374.0,1.3544463616311018,0,True,0.9755074687845923,-0.05756837998077375,1.3816409543388837,1.3653619061945006,1.4226028198383724,1.859423077234658,1.3755542275994233,1.6506738929561502
s01,375.0,1.7428297220952937,0,True,0.8927450364119366,-0.045695558701661115,1.3484790081352394,1.3470690127915397,1.4046373927723135,1.338150258745216,1.3544463616311018,1.6506738929561502
s01,376.0,2.073112959549702,0,False,0.911402168086913,-0.03418730561091446,1.6944055986761632,1.6895045231914803,1.7352000818931415,2.037119605248823,1.7428297220952937,1.6506738929561502
s01,377.0,2.207660577742917,0,False,0.9547604572352233,-0.027421238667113608,1.9851539341056323,1.9821250129495551,2.0163123185604697,2.3242868478811465,2.073112959549702,1.6506738929561502
s01,378.0,2.0252356263193243,0,False,0.9746276824947785,-0.029766406496111255,2.1046484115852566,2.1034078872859125,2.130829125953026,2.3135208773812233,2.207660577742917,1.6506738929561502
s01,379.0,1.3586926073066927,0,True,0.8153056203307708,-0.04737951814594361,1.9465515716843793,1.9457963289677707,1.9755627354638818,1.8726483876293738,2.0252356263193243,1.6506738929561502
s01,380.0,1.2646287514402117,0,True,0.9463809327430837,-0.05026681438472228,1.3696226901124928,1.360871959399501,1.4082514775454444,0.9053137950447253,1.3586926073066927,1.6506738929561502
s01,381.0,1.550291039182595,0,True,0.9229937783597699,-0.04209582084041081,1.2806198474068315,1.2779245877055463,1.3281914020902685,1.1922695925956939,1.2646287514402117,1.6506738929561502
s01,382.0,1.678961874097842,0,False,0.9669420162910783,-0.03760385931996551,1.5324714635260963,1.5292298234163322,1.571325644256743,1.776322227468923,1.550291039182595,1.6506738929561502
s01,383.0,1.9717696903783195,0,False,0.9204743556241035,-0.02774787010821002,1.644479824421929,1.643236716653137,1.6808405759731024,1.7849185690816247,1.678961874097842,1.6506738929561502
s01,384.0,1.9937221278763235,0,False,0.9837979402707752,-0.025005466797774448,1.904515351445552,1.9023086841951378,1.9300565543033479,2.197849343417781,1.9717696903783195,1.6506738929561502
s01,385.0,1.8162314944438522,0,False,0.9648578625195867,-0.028230582473474458,1.9241404903671337,1.9237353503005192,1.9487408170982936,2.0113748772455446,1.9937221278763235,1.6506738929561502
s01,386.0,1.6003864220569386,0,False,0.9420382285738146,-0.03330229674027911,1.7704356472941951,1.76944356428376,1.7976741467572346,1.6698214849369521,1.8162314944438522,1.6506738929561502
s01,387.0,1.6259332314027717,0,False,0.9963118690582827,-0.03194412282479888,1.5825910276650579,1.5806607675534308,1.61396306429371,1.4281104855976847,1.6003864220569386,1.6506738929561502
s01,388.0,1.8533322508446841,0,False,0.9377275492222747,-0.024457029192180856,1.6038802771985463,1.60376246309075,1.635706585915549,1.6476326054809183,1.6259332314027717,1.6506738929561502
s01,389.0,1.6847594431963246,0,False,0.9589476901995364,-0.02805808057955729,1.8063174885887452,1.8047944894422057,1.8292515186343865,2.033325100056252,1.8533322508446841,1.6506738929561502
s01,390.0,1.5345470966763881,0,False,0.9531224076866264,-0.0317531761769055,1.6588687989376867,1.6577169499213282,1.6857750305008856,1.547214688507419,1.6847594431963246,1.6506738929561502
s01,391.0,1.409166878018283,0,False,0.949959864388337,-0.03526334210663744,1.5276609214568235,1.5261724090093478,1.5579255851862532,1.4137868527899744,1.5345470966763881,1.6506738929561502
s01,392.0,1.3585386685686507,0,False,0.9670841747772019,-0.0369856231382811,1.4177126187112425,1.4159480362901058,1.4512113783967433,1.309896577108874,1.409166878018283,1.6506738929561502
s01,393.0,1.13988597623277,0,True,0.8949624900702245,-0.04392308885143231,1.372352245644786,1.3711348333378102,1.4081204564760912,1.3184981453676232,1.3585386685686507,1.6506738929561502
s01,394.0,1.0537527499934072,0,True,0.9262461720543617,-0.04765340586196563,1.182710222225896,1.1780966503445174,1.2220197391959498,0.9819599408346946,1.13988597623277,1.6506738929561502
s01,395.0,1.1829030234071631,0,True,0.985370604084089,-0.04519800154998329,1.104570834104719,1.101056213007752,1.1487096188697175,0.9928529642377498,1.0537527499934072,1.6506738929561502
s01,396.0,1.5510305511579179,0,False,0.8961418471799001,-0.03507012334544005,1.2140958304657596,1.2134346110064769,1.2586326125564602,1.2923257882412147,1.1829030234071631,1.6506738929561502
s01,397.0,1.5208347255295396,0,False,0.9835015070902057,-0.0355516297151632,1.540527256083475,1.5368849378536447,1.5719550611990847,1.83398509000899,1.5510305511579179,1.6506738929561502
s01,398.0,1.6132909126456063,0,False,0.9788211175681963,-0.03247399284754439,1.5112895653690999,1.5107030170583127,1.546254646773476,1.4959777195995212,1.5208347255295396,1.6506738929561502
s01,399.0,1.991690948763762,0,False,0.8987545925801429,-0.02049743646634747,1.5931601656004744,1.592472402723865,1.6249463955714094,1.690562908249967,1.6132909126456063,1.6506738929561502
s01,400.0,1.837169510108094,0,False,0.9710168635319325,-0.023177788977860332,1.9285898651312874,1.9265145938251893,1.9470120302915368,2.276625381776916,1.991690948763762,1.6506738929561502
s01,401.0,2.1185422281640167,0,False,0.923079242433481,-0.013391038764394033,1.7929889860694472,1.7923172210484737,1.815495010026334,1.7088360705953645,1.837169510108094,1.6506738929561502
s01,402.0,2.228720751566834,0,False,0.9594948748486124,-0.007777033852914778,2.0426173033638855,2.041587254517526,2.05497829328192,2.334714889822026,2.1185422281640167,1.6506738929561502
s01,403.0,2.0064160918203156,0,False,0.9657912827771232,-0.011813858914361295,2.1412919369313848,2.140976927201866,2.148753961054781,2.315458959322755,2.228720751566834,1.6506738929561502
s01,404.0,2.1024282480089256,0,False,0.9648734205860338,-0.007172944624831662,1.948135241983517,1.9477311050246047,1.959544963938966,1.8220762906232493,2.0064160918203156,1.6506738929561502
s01,405.0,1.9494929439318995,0,False,0.9770370441391311,-0.009710866548472398,2.034342302395587,2.0340903413865905,2.0412632860114224,2.17912756905657,2.1024282480089256,1.6506738929561502
s01,406.0,1.936845541500264,0,False,0.993318188486292,-0.008647062231119607,1.9016083877884276,1.9013853975885042,1.9110962641369766,1.8214332403719626,1.9494929439318995,1.6506738929561502
s01,407.0,1.6146938738695997,0,False,0.9188694950695839,-0.01695678655664884,1.8917424627605497,1.891684684720574,1.9003317469516936,1.925908972497025,1.936845541500264,1.6506738929561502
s01,408.0,1.6285061235919789,0,False,0.9992744218232428,-0.016377113969805176,1.6105594166858617,1.6091837040305235,1.6261404905871724,1.363676562375479,1.6146938738695997,1.6506738929561502
s01,409.0,1.4017912974592202,0,False,0.9224711206552685,-0.022968954770750526,1.621531207033893,1.6215193241573982,1.6378964381272034,1.6402603546803274,1.6285061235919789,1.6506738929561502
s01,410.0,1.1153191726756058,0,False,0.8715427532650422,-0.0321683261253099,1.4237456418173475,1.4219648844942514,1.444933839265002,1.2271336655605376,1.4017912974592202,1.6506738929561502
s01,411.0,1.1318612034842075,0,False,0.970389489491849,-0.03328074997959368,1.1730742532331297,1.1689419986270002,1.20111032475231,0.9138370507164488,1.1153191726756058,1.6506738929561502
s01,412.0,1.54822671255902,0,False,0.8797314498763812,-0.022291215799234963,1.182894366544053,1.181908906547063,1.2151896565266567,1.1479910370915434,1.1318612034842075,1.6506738929561502
s01,413.0,0.7358593039561289,0,True,0.6392622894929664,-0.046633759550066656,1.549958361188518,1.5472774289838511,1.569568644783086,1.8625518169489985,1.54822671255902,1.6506738929561502
s01,414.0,1.3125705728062913,0,False,0.8022098745583746,-0.03220190878772554,0.848331436380681,0.8315088807282545,0.8781426402783211,0.3451836982896086,0.7358593039561289,1.6506738929561502
s01,415.0,1.1362167719745124,0,False,0.9072928606974657,-0.03821922454390815,1.34316318342585,1.3367939638472661,1.3689958726349916,1.7174982498929086,1.3125705728062913,1.6506738929561502
s01,416.0,0.9721628475830951,0,True,0.8876825415387644,-0.044474666039679644,1.1842207590826384,1.1806775641088114,1.2188967886527196,1.0076979725038901,1.1362167719745124,1.6506738929561502
s01,417.0,0.765024123106786,0,True,0.8301380008849616,-0.0525676953818235,1.0397870493004036,1.0347917678449146,1.079266433884594,0.8602450219920341,0.9721628475830951,1.6506738929561502
s01,418.0,0.9376234246415915,0,True,0.9812283058988863,-0.04995092796843713,0.8593270980218062,0.8503978441953792,0.9029655395772027,0.6421010559146423,0.765024123106786,1.6506738929561502
s01,419.0,0.9013557565984156,0,True,0.9241086487884663,-0.052907799720373384,1.0008558118695146,0.9999181483296242,1.0498690762980614,1.08387637414583,0.9376234246415915,1.6506738929561502
s01,420.0,0.8471847683147091,0,True,0.9082121110273732,-0.05647504567545848,0.970108211227954,0.9660929668175456,1.019000766537919,0.8817583233431898,0.9013557565984156,1.6506738929561502
s01,421.0,0.8717942340442173,0,True,0.9453625532104806,-0.05781380222030162,0.9216031774278383,0.9164194522056552,0.9728944978811137,0.8168491274265368,0.8471847683147091,1.6506738929561502
s01,422.0,1.1530558710191179,0,True,0.9260353628370228,-0.05130291871777995,0.9391852194775739,0.9360264209350624,0.993840223155364,0.8982638196042624,0.8717942340442173,1.6506738929561502
s01,423.0,1.225846671723051,0,True,0.9970048776266307,-0.049985299881176594,1.1857206456046345,1.1819260438362722,1.2332289625540522,1.380668282792895,1.1530558710191179,1.6506738929561502
s01,424.0,0.9238823639862829,0,True,0.8331053585008927,-0.059624760395117334,1.2453474265409876,1.245197714450974,1.2951830143321506,1.287822834365584,1.225846671723051,1.6506738929561502
s01,425.0,0.7687536363667922,0,True,0.8513645025001171,-0.06591862007830034,0.988500012150172,0.9785489591395587,1.038173719534676,0.7288411581166674,0.9238823639862829,1.6506738929561502
s01,426.0,0.6423165604289056,0,True,0.830246140946386,-0.07185575928121143,0.8500190474157859,0.8402212005259421,0.9061398206042424,0.6767651255344767,0.7687536363667922,1.6506738929561502
s01,427.0,0.7958309199177815,0,True,0.9983155698480425,-0.06978094179816148,0.7388681295826629,0.7266703371494497,0.7985260964306612,0.5794878527781935,0.6423165604289056,1.6506738929561502
s01,428.0,1.0445427900488577,0,True,0.9417220287430724,-0.06422680884361828,0.8595225660198148,0.859405024897418,0.9291859666955795,0.926495330019283,0.7958309199177815,1.6506738929561502
s01,429.0,0.467668047729359,0,True,0.582958449073909,-0.08249608696789859,1.0803869933250814,1.0766439852053689,1.140870794048987,1.2495048557665924,1.0445427900488577,1.6506738929561502
s01,430.0,0.8054757604750159,0,True,0.8935030419288821,-0.07535328430592744,0.6017866344637374,0.5673823384093113,0.6498784253772099,0.2574291964704233,0.467668047729359,1.6506738929561502
s01,431.0,0.8300630040451975,0,True,0.9394683336743084,-0.07631264353041653,0.8700665404207502,0.8620416448615007,0.9373949291674282,1.0764216213933455,0.8054757604750159,1.6506738929561502
s01,432.0,0.5248218669878157,0,True,0.7088336111546334,-0.0870282604332284,0.8866284285561588,0.8820090970815441,0.9583217406119606,0.8574867957673229,0.8300630040451975,1.6506738929561502
s01,433.0,0.5387887686438937,0,True,0.8714933961433985,-0.08920945321962946,0.6368348991750997,0.6114951948572624,0.6985234552904909,0.39124417443441106,0.5248218669878157,1.6506738929561502
s01,434.0,1.1680446288239523,0,True,0.757114166243966,-0.07280416168587242,0.6326655815638773,0.6212015776987183,0.7104110309183478,0.5712033063708033,0.5387887686438937,1.6506738929561502
s01,435.0,1.0503990184936935,0,True,0.915038925771845,-0.076487654237602,1.190865203063328,1.173182103551346,1.2459862652372182,1.5924671451607464,1.1680446288239523,1.6506738929561502
s01,436.0,0.7440152666062849,0,True,0.788010575875523,-0.08624822186222689,1.0758659940296662,1.0693675207604478,1.14585517499805,0.9668852308431823,1.0503990184936935,1.6506738929561502
s01,437.0,0.5623353937016822,0,True,0.777891665764611,-0.09334324485288915,0.8171198709414248,0.7988361600570911,0.885084381919318,0.5684302842977559,0.7440152666062849,1.6506738929561502
s01,438.0,0.5918030096498407,0,True,0.8955916413493253,-0.09470242160367472,0.6578412139690939,0.6371089013426927,0.7304521461955819,0.4793883981271223,0.5623353937016822,1.6506738929561502
s01,439.0,0.7329632434074037,0,True,0.9848951613366231,-0.09253843455359938,0.6707180661381097,0.6608303417382259,0.7555327633419006,0.6313597555712335,0.5918030096498407,1.6506738929561502
s01,440.0,1.0840093866039815,0,True,0.8939994354337684,-0.08351233186323227,0.7845370750491718,0.7831392969250782,0.8756777314786776,0.8534491205015011,0.7329632434074037,1.6506738929561502
s01,441.0,1.4039042269285331,0,True,0.911208597650537,-0.0741236888302928,1.0998018134896295,1.0909494591638844,1.1744617910271167,1.360710173092121,1.0840093866039815,1.6506738929561502
s01,442.0,1.59309921009556,0,True,0.9519403329063458,-0.06750896803721934,1.3791900632716685,1.3726085169931117,1.4467322058234044,1.6558021260826574,1.4039042269285331,1.6506738929561502
s01,443.0,1.5624124171094744,0,True,0.9857209704514732,-0.066844148618686,1.5434962283547344,1.5402517698250295,1.607760737862249,1.7470933926355894,1.59309921009556,1.6506738929561502
s01,444.0,1.6007361988546478,0,True,0.994010882533685,-0.06426601166355288,1.515752769923483,1.5147983003502108,1.5816424489688967,1.5369416582281272,1.5624124171094744,1.6506738929561502
s01,445.0,1.7814901575873767,0,True,0.9508357991750546,-0.057321149625482064,1.5503796530112943,1.5499947563183496,1.6142607679819025,1.6332401631567155,1.6007361988546478,1.6506738929561502
s01,446.0,1.6418923115805815,0,True,0.9630491858630794,-0.0593878938465319,1.71360193412728,1.710783785615576,1.768104935241058,1.9271126255521356,1.7814901575873767,1.6506738929561502
s01,447.0,1.9710837721451784,0,True,0.9112554047167376,-0.04795243648624627,1.5920962911631638,1.5899018601356574,1.6492897539821894,1.527740789520324,1.6418923115805815,1.6506738929561502
s01,448.0,2.3448670675456817,0,False,0.9029460518082001,-0.034052033934925036,1.885775835403793,1.8815203158349747,1.929472752321221,2.2227092905777606,1.9710837721451784,1.6506738929561502
s01,449.0,2.4929231279837754,0,False,0.9483138631130323,-0.025671048020450754,2.2168618151719786,2.213556930834633,2.247608964769558,2.622687621645056,2.3448670675456817,1.6506738929561502
s01,450.0,2.4260154120627275,0,False,0.9890970594199063,-0.023329148467153914,2.3492789309215163,2.3479520936194995,2.3736231416399503,2.6062579634339658,2.4929231279837754,1.6506738929561502
s01,451.0,1.9414806282378132,0,False,0.9120054658590302,-0.03388514503314959,2.2936015367571905,2.2933471804376686,2.3166763289048227,2.3684973695163243,2.4260154120627275,1.6506738929561502
s01,452.0,1.6415486923482856,0,True,0.9260237791810928,-0.040750433430956946,1.873373346493355,1.8703916389418638,1.9042767839750134,1.5620962541998922,1.9414806282378132,1.6506738929561502
s01,453.0,1.6651198666382185,0,False,0.9951435283557425,-0.039044243163390585,1.6112614207812945,1.6082468577193398,1.6489972911502968,1.405704830845078,1.6415486923482856,1.6506738929561502
s01,454.0,1.0681030794694797,0,True,0.7809014274916004,-0.05590160251099979,1.6302046749829142,1.6300150577231196,1.6690593008865102,1.6851035775437424,1.6651198666382185,1.6506738929561502
s01,455.0,1.4388968425801947,0,True,0.893313521074137,-0.04588535534037105,1.1172698982036624,1.1050219368925704,1.1609235394035702,0.6916359682390527,1.0681030794694797,1.6506738929561502
s01,456.0,1.3384863462147942,0,True,0.9510656622316244,-0.0486496629019272,1.4355252785955253,1.430629931599999,1.4765152869403702,1.7248325971656893,1.4388968425801947,1.6506738929561502
s01,457.0,1.3912219840538336,0,True,0.9999395419231775,-0.047185116354285704,1.3447844048358775,1.3424037657991168,1.391053428701044,1.2597788427827445,1.3384863462147942,1.6506738929561502
s01,458.0,1.239533418033394,0,True,0.9267465887967814,-0.0516617013749011,1.3887557714419632,1.3887529187205736,1.4359380350748594,1.4361065802371165,1.3912219840538336,1.6506738929561502
s01,459.0,0.9744109081612777,0,True,0.8546435578963258,-0.060084487373189534,1.258954837291832,1.2551704414375586,1.3068321428124596,1.1248148339453432,1.239533418033394,1.6506738929561502
s01,460.0,0.5246525966674971,0,True,0.6546586301135825,-0.07497776926818124,1.0298289938107434,1.0210953265005533,1.081179813873743,0.7970781471711674,0.9744109081612777,1.6506738929561502
s01,461.0,0.8159104035774393,0,True,0.9226762074228703,-0.0692025056367745,0.6492945414139831,0.6234016158638817,0.6983793851320629,0.3340440394948978,0.5246525966674971,1.6506738929561502
s01,462.0,0.7739990978742093,0,True,0.9001854292553604,-0.07229474089534903,0.8824246066850355,0.8770736064933599,0.9462761121301344,1.0547191864838616,0.8159104035774393,1.6506738929561502
s01,463.0,0.6499636588899131,0,True,0.8335907597772072,-0.07794511978275157,0.8455256903328954,0.8383096218033311,0.9106043626986802,0.7555231046698784,0.7739990978742093,1.6506738929561502
s01,464.0,1.063583923966572,0,True,0.8620566313919169,-0.06785029040530573,0.7400603995471667,0.7270896113850445,0.805034731167796,0.5877670488509799,0.6499636588899131,1.6506738929561502
s01,465.0,0.7420071917378378,0,True,0.7820903010322687,-0.07826688117069894,1.0985863815371555,1.089226883917611,1.1570771743229167,1.379961220516129,1.063583923966572,1.6506738929561502
s01,466.0,0.7902173010755944,0,True,0.9445253217263964,-0.07871361349450424,0.8221634910508215,0.8051083785357713,0.8833752597064702,0.5587530520770474,0.7420071917378378,1.6506738929561502
s01,467.0,1.1015562032257273,0,True,0.912806200112626,-0.0710377612963875,0.8500610756728636,0.8456944632885032,0.9244080767830074,0.836418025935805,0.7902173010755944,1.6506738929561502
s01,468.0,1.3733531318213659,0,True,0.9283781344616965,-0.06338792412900607,1.1245526119182427,1.1183585595753185,1.189396320871706,1.3510982290269562,1.1015562032257273,1.6506738929561502
s01,469.0,1.382964535493154,0,True,0.9865576206237671,-0.06261923272292565,1.3618814500025265,1.3573414886238067,1.4207294127528127,1.591510893723781,1.3733531318213659,1.6506738929561502
s01,470.0,0.6338604641705617,0,True,0.6156332560016389,-0.08459213930404166,1.3671324350236052,1.366290683541095,1.4289099162640206,1.391652688811583,1.382964535493154,1.6506738929561502
s01,471.0,0.8689458980501383,0,True,0.9534103341530306,-0.07972586529287293,0.7392511694966644,0.7067367643445142,0.7913289036485558,0.3018700207739407,0.6338604641705617,1.6506738929561502
s01,472.0,1.0988719091298769,0,True,0.9487324260586337,-0.07411041007734594,0.9154044700356658,0.9116900686123104,0.9914159339051833,1.06541677847355,0.8689458980501383,1.6506738929561502
s01,473.0,0.9619810948429554,0,True,0.8955207923271803,-0.07864101448195275,1.1168007025916478,1.1130012416631825,1.1871116517405285,1.2890586198099483,1.0988719091298769,1.6506738929561502
s01,474.0,0.9234155045618011,0,True,0.9263968846681945,-0.08069733367565957,1.0001758285690228,0.9919594776853615,1.0706004921673142,0.8689913974773402,0.9619810948429554,1.6506738929561502
s01,475.0,1.328667696821702,0,True,0.8773717400236088,-0.06954967367850316,0.9630186054073212,0.9570790302498224,1.037776363925482,0.9014246499378078,0.9234155045618011,1.6506738929561502
s01,476.0,1.3491272349379857,0,True,0.9877373284395892,-0.06847026241684492,1.3216756150144982,1.3131468595493776,1.3826965332278807,1.637916368128824,1.328667696821702,1.6506738929561502
s01,477.0,1.7981824101827903,0,True,0.8757572550109844,-0.05447398681131757,1.3324795183382185,1.3316398899985455,1.4001101524153905,1.366952503404938,1.3491272349379857,1.6506738929561502
s01,478.0,2.386704992251814,0,False,0.855225271868062,-0.034707981174291164,1.7346061353362012,1.7278381376842677,1.7823121244955853,2.1309267922539883,1.7981824101827903,1.6506738929561502
s01,479.0,2.6624708349556974,0,False,0.9234047408986508,-0.02228916442494585,2.2535351151827037,2.248510276644187,2.2832182578184783,2.8001103124604168,2.386704992251814,1.6506738929561502
s01,480.0,2.261199399424643,0,False,0.9463449477379088,-0.029322389230843172,2.4973474706121683,2.495640226287887,2.517929390712833,2.868133018439372,2.6624708349556974,1.6506738929561502
s01,481.0,1.9029468693698566,0,False,0.9330605087124175,-0.03664623173195628,2.1486482470669235,2.1470749527402933,2.1763973419711364,1.9334422117827608,2.261199399424643,1.6506738929561502
s01,482.0,2.0889296099819044,0,False,0.9451729402738401,-0.02902334892764031,1.8372865966144494,1.8348335165047054,1.8714797482366616,1.6163339111636605,1.9029468693698566,1.6506738929561502
s01,483.0,1.9937880095616307,0,False,0.9910687638662855,-0.029232236007342847,2.002342177103491,2.000750912218382,2.0297742611460223,2.2353019863339134,2.0889296099819044,1.6506738929561502
s01,484.0,1.9190618451017045,0,False,0.9923235755620604,-0.029247320293000915,1.919825734626138,1.91956465462364,1.948796890630983,1.9131320407570587,1.9937880095616307,1.6506738929561502
s01,485.0,1.8178374628105722,0,False,0.9818379423254028,-0.030390644885908924,1.856172797418414,1.8559482825741727,1.8851956028671735,1.8556888161680594,1.9190618451017045,1.6506738929561502
s01,486.0,1.7696367961293213,0,False,0.991773598243707,-0.03036105244072711,1.7692023379351136,1.7686503812899277,1.7990410261758365,1.732906248543797,1.8178374628105722,1.6506738929561502
s01,487.0,1.5404430462030978,0,False,0.9341516300229542,-0.03597741686075002,1.7279049557523158,1.7276551935371944,1.7580162459779216,1.7288539069411035,1.7696367961293213,1.6506738929561502
s01,488.0,1.8259424517637863,0,False,0.9225239784878967,-0.02700813401394532,1.5293354111265618,1.5269663568702967,1.5629437737310468,1.3596974145120853,1.5404430462030978,1.6506738929561502
s01,489.0,1.6062772652356947,0,False,0.9415835997069892,-0.03218775352171488,1.7810237315998794,1.7789312488280131,1.8059393828419585,2.048561969637779,1.8259424517637863,1.6506738929561502
s01,490.0,1.3019502547035988,0,True,0.891674909642553,-0.04073292047593739,1.5886694458719397,1.5867891531776825,1.6189769066993973,1.430978331278571,1.6062772652356947,1.6506738929561502
s01,491.0,1.595058259803342,0,False,0.9205928380053474,-0.03245788478010292,1.3236361338999385,1.3192237366088597,1.3599566570847972,1.0772719458121625,1.3019502547035988,1.6506738929561502
s01,492.0,1.521246838678793,0,False,0.9718842850908825,-0.03412958708276602,1.5795476372823003,1.576970248767563,1.609428133547666,1.8258609852139367,1.595058259803342,1.6506738929561502
s01,493.0,1.5628149946712449,0,False,0.9947964732932308,-0.03261941182433744,1.5134353971306773,1.5124758193902923,1.5466054064730583,1.4609033917510355,1.521246838678793,1.6506738929561502
s01,494.0,1.127400652086183,0,True,0.8325705868269924,-0.04527836268784192,1.5495354168502522,1.5493656808696652,1.5819850926940027,1.5981103338670941,1.5628149946712449,1.6506738929561502
s01,495.0,1.1830455994408953,0,True,0.9881891721247649,-0.04477043894947682,1.1736957378563186,1.1661148081620587,1.2113931708499006,0.8329195363706281,1.127400652086183,1.6506738929561502
s01,496.0,0.9275547734589569,0,True,0.8489057636274978,-0.05336330145363355,1.2145122995458453,1.2139835235975143,1.258753962546991,1.2307411994245783,1.1830455994408953,1.6506738929561502
s01,497.0,1.2124301834677214,0,True,0.9242591421562875,-0.04662847884944929,0.9959989839450321,0.9879360966615797,1.0412993981152132,0.7601424975896276,0.9275547734589569,1.6506738929561502
s01,498.0,1.545963841584838,0,False,0.9075270533963834,-0.037363626511530725,1.240667111308891,1.2371354303208861,1.2837639091703354,1.4419331020367765,1.2124301834677214,1.6506738929561502
s01,499.0,1.5430096756924716,0,False,0.9920955599937553,-0.036981707224392674,1.533734157427188,1.53027903278787,1.5676426592994006,1.805596191364265,1.545963841584838,1.6506738929561502
s01,500.0,1.756356100632232,0,False,0.9425255569317461,-0.03013542185681077,1.5284389080655858,1.528146588379502,1.5651282956038948,1.5406900219380615,1.5430096756924716,1.6506738929561502
s01,501.0,1.968819105932849,0,False,0.9403136718110932,-0.022568167544911134,1.7183093121240418,1.7165772955361946,1.7467127173930055,1.9269498108281744,1.756356100632232,1.6506738929561502
s01,502.0,1.6623836854745624,0,False,0.9262543774230035,-0.029845969120304613,1.9063240823757193,1.9049770713210115,1.9275452388659227,2.1363949126065243,1.968819105932849,1.6506738929561502
s01,503.0,2.417131352359928,0,False,0.8165080362806982,-0.006438563557535026,1.6390855098417996,1.636884500267609,1.6667304693879135,1.4211234198348826,1.6623836854745624,1.6506738929561502
s01,504.0,2.4848807813070053,0,False,0.9633797480962806,-0.0009724297869383846,2.303857746957821,2.3026763222871174,2.3091148858446524,2.9218232372234336,2.417131352359928,1.6506738929561502
s01,505.0,2.5143603051217776,0,False,0.9698000361801589,0.0034842092193589753,2.3658412822022887,2.3658056715785323,2.3667781013654707,2.5361074054599095,2.4848807813070053,1.6506738929561502
s01,506.0,1.9798619170452092,0,False,0.9058791806620068,-0.008980525153617717,2.395247839818733,2.3953530628110986,2.3918688535917396,2.5349940801341537,2.5143603051217776,1.6506738929561502
s01,507.0,1.873847311408434,0,False,0.9834673244150739,-0.010604011516908986,1.9288087779036869,1.927963523518143,1.9369440486717606,1.5637155425659262,1.9798619170452092,1.6506738929561502
s01,508.0,1.6784908783821604,0,False,0.9523573083849463,-0.015332536650464117,1.8362836955163058,1.836108382833998,1.846712394350907,1.7846588149752223,1.873847311408434,1.6506738929561502
s01,509.0,1.506882046414964,0,False,0.9456446219341255,-0.020079290154424594,1.6658376465289608,1.6651071632136463,1.6804396998641105,1.5202327097036796,1.6784908783821604,1.6506738929561502
s01,510.0,1.2187344828675895,0,False,0.8855866106878805,-0.028946252252843564,1.5153913035558597,1.5142998861482215,1.5343791763026462,1.3702553147229541,1.506882046414964,1.6506738929561502
s01,511.0,1.7571988810144115,0,False,0.8466364489534497,-0.014035787886744904,1.263495240972588,1.2601834021444565,1.2891296543973,1.009598940156533,1.2187344828675895,1.6506738929561502
s01,512.0,1.69703125248594,0,False,0.9853923224379939,-0.015126677534522206,1.7355468190172307,1.7333942407451832,1.7474300286319282,2.143714496519427,1.7571988810144115,1.6506738929561502
s01,513.0,1.676668886631592,0,False,0.9942132610585814,-0.015259406741593038,1.6813141591619618,1.681093193533953,1.6962198710684753,1.6465573039939472,1.69703125248594,1.6506738929561502
s01,514.0,1.8412878025845072,0,False,0.9539408015354628,-0.009929659189742458,1.6637178530593693,1.6636295508561547,1.6788889575977477,1.6594511096038485,1.676668886631592,1.6506738929561502
s01,515.0,2.0656120465154473,0,False,0.9366086490645259,-0.002233413738545266,1.8095278836188466,1.809070531475541,1.8190001906652835,1.9739190750203863,1.8412878025845072,1.6506738929561502
s01,516.0,1.356167160486522,0,False,0.8061086785662616,-0.0217792396875208,2.0078362712331232,2.0076946921190393,2.0099281058575844,2.240906903008702,2.0656120465154473,1.6506738929561502
s01,517.0,1.6628499404408648,0,False,0.9164951601820485,-0.013423424501513376,1.3885455731367864,1.384322767573951,1.4061020072614716,0.8790996354901746,1.356167160486522,1.6506738929561502
s01,518.0,0.9912773739109434,0,False,0.7463121059650091,-0.03329621986497348,1.6548248069390867,1.6537038860262794,1.6671273105277928,1.9024355486734505,1.6628499404408648,1.6506738929561502
s01,519.0,1.4983910302766106,0,False,0.8450329329043689,-0.02021166076837521,1.0706859082868734,1.062239060390002,1.0955352802549756,0.5911402907421368,0.9912773739109434,1.6506738929561502
s01,520.0,1.844980603902082,0,False,0.905907489153214,-0.010070460698657349,1.5100727433685606,1.5069406015781537,1.5271522623465288,1.8675786383247002,1.4983910302766106,1.6506738929561502
s01,521.0,2.095988569548826,0,False,0.9302096316650151,-0.001552986548721956,1.8130203194835004,1.81207276455098,1.8221432252496372,2.1100663001299584,1.844980603902082,1.6506738929561502
s01,522.0,2.4319652912546172,0,False,0.9114366774269864,0.01037909229589308,2.034337713270704,2.0342293297674496,2.0357823163161717,2.2905158931698995,2.095988569548826,1.6506738929561502
s01,523.0,2.282064827383661,0,False,0.9913926487704107,0.008877451798859879,2.3312003037190845,2.3321195106181007,2.3217404183222077,2.6828361126532436,2.4319652912546172,1.6506738929561502
s01,524.0,2.472393325713866,0,False,0.9404489932521383,0.016958235294868673,2.20295746450125,2.203033875846906,2.1941564240480464,2.154822334855949,2.282064827383661,1.6506738929561502
s01,525.0,2.46051114634468,0,False,0.9783588308300184,0.019580331059587543,2.3720980742029076,2.3731079541873843,2.3561497188925156,2.6178173329497296,2.472393325713866,1.6506738929561502
s01,526.0,2.8288092602254906,0,False,0.9068103612480467,0.03347610387480223,2.3651930917948034,2.3656168330516683,2.3460365019920806,2.448139426137932,2.46051114634468,1.6506738929561502
s01,527.0,2.180090967459532,0,False,0.9010558451074177,0.018089425561003243,2.6898606185592486,2.6929802445861646,2.659504140711362,3.0972874800057166,2.8288092602254906,1.6506738929561502
s01,528.0,2.2594575142183517,0,False,0.9652160137848496,0.022109549768828424,2.1236635310328866,2.1254533739575123,2.107363948396509,1.6753859064164525,2.180090967459532,1.6506738929561502
s01,529.0,1.901777396383617,0,False,0.9330937154497683,0.013252141756263765,2.19625527186139,2.1970243301357724,2.1749147803669437,2.3217179256918263,2.2594575142183517,1.6506738929561502
s01,530.0,1.925456538232904,0,False,0.9855398694221776,0.014503742225422727,1.8828498710270274,1.883736522594272,1.8704843808380083,1.615621604388776,1.901777396383617,1.6506738929561502
s01,531.0,1.623573961926553,0,False,0.9241274628972047,0.006056700283383239,1.9049323006547556,1.9051420266612025,1.8906382844357796,1.9448155372566007,1.925456538232904,1.6506738929561502
s01,532.0,1.7014285731183039,0,False,0.9797265435186211,0.007906899869992486,1.639295716347691,1.6397552535646625,1.633698553281279,1.3868970784904666,1.623573961926553,1.6506738929561502
s01,533.0,1.5200663997860029,0,False,0.9442307768750333,0.0022728086831971875,1.707709139155429,1.707869439345846,1.6999625394758535,1.7663194377032294,1.7014285731183039,1.6506738929561502
s01,534.0,1.4942931015604939,0,False,0.9831534718286493,0.0006653962979168439,1.5477467616285985,1.547873514403172,1.5456007057199748,1.3757372339838077,1.5200663997860029,1.6506738929561502
s01,535.0,1.3779435882746245,0,False,0.949877668054373,-0.00372619035701876,1.5243186004883331,1.5243298101058111,1.5236644138078943,1.4732211646472906,1.4942931015604939,1.6506738929561502
s01,536.0,1.7281160801232591,0,False,0.9039149535081501,0.005489983842287361,1.421097038829689,1.420910273479722,1.4246364638367408,1.2862195058922403,1.3779435882746245,1.6506738929561502
s01,537.0,1.9380535087705053,0,False,0.9412570766501859,0.011786581477033247,1.727639415592917,1.7281669209456425,1.7226769371033552,1.9969967003496547,1.7281160801232591,1.6506738929561502
s01,538.0,1.7417642004603704,0,False,0.9562610102120629,0.006645113712891855,1.9124540810128217,1.9131464592650833,1.90135987778805,2.104084600014411,1.9380535087705053,1.6506738929561502
s01,539.0,2.047439051233291,0,False,0.9173196449132311,0.015840136136643878,1.740647653214063,1.7409383037748907,1.734293190061999,1.5816780664351535,1.7417642004603704,1.6506738929561502
s01,540.0,1.7088659283572263,0,False,0.9229999993280917,0.0067970913074748545,2.008991087915793,2.0103007559961936,1.9944606198595496,2.2817154700352473,2.047439051233291,1.6506738929561502
s01,541.0,1.7299312878114874,0,False,0.9931321367616587,0.007302337505605795,1.7125663718385469,1.7130897478737894,1.7062926565663146,1.4426887565015636,1.7088659283572263,1.6506738929561502
s01,542.0,1.438387064287697,0,False,0.9097830230838344,-0.0014917778495228849,1.7314740913366773,1.7315242427919861,1.7242219052863803,1.7476981896450197,1.7299312878114874,1.6506738929561502
s01,543.0,1.4677847298908797,0,False,0.9971871506742589,-0.001695924677926619,1.4747242078588185,1.4745896241710041,1.476081402020527,1.2160337162740578,1.438387064287697,1.6506738929561502
s01,544.0,1.3129664999090498,0,False,0.9332795375325138,-0.007289126421234182,1.4994113283998884,1.4994065580193017,1.5011024826972283,1.4928291478561868,1.4677847298908797,1.6506738929561502
s01,545.0,1.2822645062106137,0,False,0.9672341898324615,-0.009682503121974497,1.3625300634544328,1.362043729568624,1.3693328559898583,1.193749392980082,1.3129664999090498,1.6506738929561502
s01,546.0,1.7655357092314055,0,False,0.8643945408211859,0.003277994366804985,1.333836381331331,1.3335191262720898,1.3432016293940643,1.2589861446352872,1.2822645062106137,1.6506738929561502
s01,547.0,1.4690516642429114,0,False,0.9115980388316012,-0.005384566819889965,1.7573591898681133,1.7578037037994096,1.7545257094326046,2.119588982446741,1.7655357092314055,1.6506738929561502
s01,548.0,1.2822757013586434,0,False,0.9211852583048836,-0.011820182830817278,1.4972722413231407,1.4967962350562203,1.5021808018761102,1.241943222143862,1.4690516642429114,1.6506738929561502
s01,549.0,1.0613914087223886,0,False,0.8830768002261232,-0.01992016982006882,1.332322579687373,1.331390975030773,1.3432111578615904,1.1406378210388464,1.2822757013586434,1.6506738929561502
s01,550.0,1.4051805924313263,0,False,0.9025872789026337,-0.011823479062789148,1.1376200305174058,1.1352909005220042,1.155211070342073,0.906342588031698,1.0613914087223886,1.6506738929561502
s01,551.0,1.49711604512277,0,False,0.9832925533534177,-0.009989849899864917,1.4371468302936397,1.4359950730252957,1.4478185520880849,1.6734378628392157,1.4051805924313263,1.6506738929561502
s01,552.0,1.2474818468090976,0,False,0.8997622333366118,-0.018047711726526063,1.5162441459153448,1.5160772410311354,1.5260670909310003,1.5745409487309983,1.49711604512277,1.6506738929561502
s01,553.0,0.773500776577996,0,False,0.74192556805985,-0.033709174494507194,1.2973585978275515,1.2955495355106998,1.313597247237226,1.0629367658114774,1.2474818468090976,1.6506738929561502
s01,554.0,0.6711456990051563,0,False,0.8493816511267066,-0.039868935162874056,0.8851705306762264,0.8764710546173851,0.9101802291118922,0.5094688483109229,0.773500776577996,1.6506738929561502
s01,555.0,0.9774699006482054,0,False,0.9145143572072529,-0.034040668779116615,0.7891993477085261,0.7831943545229576,0.8230632896858316,0.6200317458274758,0.6711456990051563,1.6506738929561502
s01,556.0,0.6420862784581163,0,True,0.7449145117753937,-0.04627036230433797,1.0526527177505054,1.0497427292988277,1.0837833980779443,1.22499046065075,0.9774699006482054,1.6506738929561502
s01,557.0,0.7572333255724177,0,True,0.9736771559569934,-0.046115154600436546,0.7638626334011018,0.7520597354423704,0.7983300977467084,0.4693035035325065,0.6420862784581163,1.6506738929561502
s01,558.0,0.7108799339124201,0,True,0.8850185848554505,-0.05029533991513239,0.8514333264248479,0.8502194444022815,0.8963345990027181,0.8563196107530422,0.7572333255724177,1.6506738929561502
s01,559.0,1.1044914864082436,0,True,0.8741226606943131,-0.04135819753408646,0.8123697697319977,0.8065867403733796,0.856882080288512,0.692751255035455,0.7108799339124201,1.6506738929561502
s01,560.0,1.137146735526562,0,True,0.9765507276834249,-0.041759887933034465,1.1557424753555652,1.1505364154914954,1.1918946130255819,1.4083356059159005,1.1044914864082436,1.6506738929561502
s01,561.0,1.32306781199756,0,False,0.9594343827040952,-0.03740570604446587,1.178907654695992,1.1779284157119405,1.219688303644975,1.1662242240341842,1.137146735526562,1.6506738929561502
s01,562.0,1.6035916631082403,0,False,0.924457680337513,-0.02951369495022265,1.3420420121895493,1.3405246266334663,1.3779303326779322,1.4771161874584475,1.32306781199756,1.6506738929561502
s01,563.0,1.2572865633351198,0,False,0.8751925820653392,-0.03941042092976697,1.5894069622982812,1.5871774293199303,1.616691124270153,1.8253054743416326,1.6035916631082403,1.6506738929561502
s01,564.0,1.3900660041989548,0,False,0.9749333524783768,-0.036184396698978515,1.2874505760486352,1.282531863172673,1.32194228410244,1.0073940784116489,1.2572865633351198,1.6506738929561502
s01,565.0,1.5861527991959876,0,False,0.9500467390043877,-0.03056290538255587,1.399676776833069,1.398769755315233,1.4349541520142115,1.5013702388312051,1.3900660041989548,1.6506738929561502
s01,566.0,1.7496090956396593,0,False,0.9559863307307156,-0.02521319962133053,1.5728122870548404,1.5712855702654815,1.6018484756480373,1.7454942573449588,1.5861527991959876,1.6506738929561502
s01,567.0,1.891998556894457,0,False,0.9584934532286784,-0.01992595216028057,1.7168667002888123,1.7157569748594586,1.740970174480789,1.8822273074130753,1.7496090956396593,1.6506738929561502
s01,568.0,1.9933723279845463,0,False,0.9660183437483192,-0.015391844812712576,1.8430624738642505,1.8422354163989467,1.8621613685592273,2.0069210843544454,1.891998556894457,1.6506738929561502
s01,569.0,1.6663934671751337,0,False,0.9220971860939229,-0.023391578265702248,1.9335742893209606,1.9330512489414557,1.9484430937541684,2.075195287459843,1.9933723279845463,1.6506738929561502
s01,570.0,1.499248723103309,0,False,0.9461764200548118,-0.027816668039241203,1.6485739853232098,1.6467517155546074,1.6701432938203096,1.41006612681294,1.6663934671751337,1.6506738929561502
s01,571.0,1.667190184437197,0,False,0.9564767188437016,-0.022802930443028308,1.5015627905527862,1.5000655978967674,1.5278822659360085,1.366185852808193,1.499248723103309,1.6506738929561502
s01,572.0,1.0133798181529032,0,True,0.7555885306935172,-0.04184208997308475,1.6490109275076434,1.648018469154784,1.6708213995978123,1.8040661803947748,1.667190184437197,1.6506738929561502
s01,573.0,0.8758804295592375,0,True,0.8805230543085217,-0.047740830912169255,1.0827318142178965,1.072505127528721,1.1143472175018057,0.6175918989610245,1.0133798181529032,1.6506738929561502
s01,574.0,0.7917342328088918,0,True,0.8854525057271084,-0.05247612155882321,0.9552811830261826,0.9495772543640233,0.9973180852761926,0.78734258080586,0.8758804295592375,1.6506738929561502
s01,575.0,0.4494598837557523,0,True,0.6551126060664612,-0.06518901664697338,0.8792340615944806,0.8732230533607578,0.925699174919581,0.7436644376153773,0.7917342328088918,1.6506738929561502
s01,576.0,0.5386604785551513,0,True,0.9187939817982027,-0.06610496198397729,0.5916748598530797,0.569191989788615,0.6343810064355884,0.3223906432900084,0.4494598837557523,1.6506738929561502
s01,577.0,1.013935341070271,0,True,0.8244824644496819,-0.05501280809382347,0.649564998811244,0.6441968780651439,0.7103018400491212,0.6223543950980286,0.5386604785551513,1.6506738929561502
s01,578.0,0.9907029517459705,0,True,0.9412106836050412,-0.05708593640274616,1.0694629412103904,1.05980722871006,1.1148200368038834,1.365160534015286,1.013935341070271,1.6506738929561502
s01,579.0,1.2434138765238367,0,True,0.9367074870243354,-0.05092233327501593,1.041316482109713,1.0379604389328294,1.0950463753355755,0.9782260488611522,0.9907029517459705,1.6506738929561502
s01,580.0,1.1982019064711489,0,True,0.955476707493353,-0.05275265299444454,1.2624355662249958,1.2592125637854357,1.3101348970604516,1.449111846254588,1.2434138765238367,1.6506738929561502
s01,581.0,1.2090336289360752,0,True,0.9748147230550886,-0.05304868065219271,1.2212499393274543,1.218901217527681,1.2716538705221254,1.164704505213974,1.1982019064711489,1.6506738929561502
s01,582.0,1.4092260033487316,0,True,0.9523876949159079,-0.04760663065885941,1.229160382618076,1.2278243369042883,1.280873017556481,1.2198298840971329,1.2090336289360752,1.6506738929561502
s01,583.0,0.8817543540038538,0,True,0.7564866972912484,-0.06326365216183656,1.405921732192714,1.4036550707697586,1.451261701428618,1.5735035057028737,1.4092260033487316,1.6506738929561502
s01,584.0,1.1443261481482205,0,True,0.9340212595356086,-0.05710548398439219,0.9544594164460882,0.9390538755667417,1.0023175277285783,0.571492795392119,0.8817543540038538,1.6506738929561502
s01,585.0,0.8954703873210889,0,True,0.844694884093998,-0.06530217422695091,1.172461143313279,1.1686933954063794,1.2257988793907715,1.3584379499000399,1.1443261481482205,1.6506738929561502
s01,586.0,1.2688114846187744,0,True,0.8886519232775846,-0.05569851195473504,0.9588311706154763,0.9486894088782457,1.0139915831051967,0.734964795783451,0.8954703873210889,1.6506738929561502
s01,587.0,1.1921156180507761,0,True,0.9447984323961902,-0.058216630948734194,1.282254840033208,1.2760529178507478,1.331751429805483,1.5581976253749283,1.2688114846187744,1.6506738929561502
s01,588.0,0.9863606307629753,0,True,0.8759754855682756,-0.06487352349242578,1.2114706981750107,1.2082570488860283,1.2664736798347624,1.134545983782546,1.1921156180507761,1.6506738929561502
s01,589.0,0.9249669678826821,0,True,0.9177139014292577,-0.06791882430589684,1.034522902249007,1.0264769949983839,1.0913505184908097,0.8459783543161408,0.9863606307629753,1.6506738929561502
s01,590.0,1.016000224050374,0,True,0.9887923558017986,-0.06657415843773197,0.9767668035165222,0.9711780284448783,1.0390968527507751,0.886404355388538,0.9249669678826821,1.6506738929561502
s01,591.0,0.9617074356110932,0,True,0.9256854434815881,-0.06922303591045768,1.050749490849182,1.050003351368617,1.116577509806349,1.0937397399026,1.016000224050374,1.6506738929561502
s01,592.0,0.486881786648815,0,True,0.6266753586455267,-0.08465091845437066,1.006288817327124,1.0011445381125803,1.070367574023038,0.9270066007095762,0.9617074356110932,1.6506738929561502
s01,593.0,-0.0033606331668227796,0,True,0.008434015149843321,-0.10219916131692766,0.6131830693573816,0.5815807955850769,0.6662317140394476,0.3005755489721388,0.486881786648815,1.6506738929561502
s01,594.0,0.13366674436219195,0,True,0.7030731154286277,-0.10259241191281535,0.24811230960052758,0.14677509755844817,0.24897425887537583,0.243326906874819,-0.0033606331668227796,1.6506738929561502
s01,595.0,0.4730179949321524,0,True,0.872776937557025,-0.0962921492315672,0.29347168414048286,0.2630092388905476,0.365601650803363,0.2845320373422471,0.13366674436219195,1.6506738929561502
s01,596.0,0.35599407530745814,0,True,0.7062970682067922,-0.10235651943037477,0.5703903307154997,0.5581397486010438,0.654431897832611,0.7481824057049073,0.4730179949321524,1.6506738929561502
s01,597.0,0.2953225507211754,0,True,0.6967832733087689,-0.10707104564395205,0.4825358343519339,0.45247342450708444,0.5548299439374592,0.3440441848459248,0.35599407530745814,1.6506738929561502
s01,598.0,0.8899508244932273,0,True,0.7235132588721869,-0.09225611677892669,0.42858559430928245,0.3961198623257159,0.5031909079696679,0.3223704970765999,0.2953225507211754,1.6506738929561502
s01,599.0,0.5879493813946863,0,True,0.7371425283849138,-0.10212876423153681,0.9425452228923359,0.9170376298150236,1.0092937465939502,1.2891196741990456,0.8899508244932273,1.6506738929561502
s02,350.0,1.0888224420978432,0,False,0.8261952705612782,-0.06248013353361025,1.4992845809259945,1.4979242582884302,1.5481313373363228,1.62467394181023,1.4883405169095723,1.8057072268110403
s02,351.0,0.8351053942293887,0,True,0.8143790637620527,-0.07206553476103246,1.1654781111808996,1.1546187684767952,1.2170989020104055,0.8376200650376481,1.0888224420978432,1.8057072268110403
s02,352.0,1.0514320248838027,0,True,0.9784121574530795,-0.06856683367023444,0.9481855272233668,0.9348086551905356,1.006874189951568,0.6957866747216812,0.8351053942293887,1.8057072268110403
s02,353.0,1.1623781342105757,0,True,0.9899160246677094,-0.0672220238422749,1.1190313499544715,1.1175511399452576,1.186117973615492,1.229713901022978,1.0514320248838027,1.8057072268110403
s02,354.0,1.1702108353694876,0,True,0.9560570875003298,-0.06844040700043993,1.2115014725385342,1.210823607308322,1.278045631150597,1.2545451837006323,1.1623781342105757,1.8057072268110403
s02,355.0,1.7059176261550235,0,False,0.8593598601405976,-0.05374573537839325,1.21910270956973,1.216095238753468,1.2845356457539079,1.1814394249682276,1.1702108353694876,1.8057072268110403
s02,356.0,1.5232138285441756,0,False,0.9370046710747628,-0.05828928571367424,1.6822243141273387,1.6746655063868752,1.7284112417652684,2.0905300015085393,1.7059176261550235,1.8057072268110403
s02,357.0,1.071950004273343,0,True,0.8097421130997813,-0.0716929063332314,1.5224093109849313,1.5187373582585812,1.5770266439722556,1.3847557092916334,1.5232138285441756,1.8057072268110403
s02,358.0,1.527762600167099,0,False,0.8813696188717854,-0.05980280358069039,1.145065982613762,1.131425841749066,1.2031187480822974,0.794136922575163,1.071950004273343,1.8057072268110403
s02,359.0,1.5228116087760761,0,False,0.9813515653693848,-0.059748241079126095,1.528087288105246,1.520992858723933,1.5807956623046233,1.8669268904856733,1.527762600167099,1.8057072268110403
s02,360.0,1.4435581672993008,0,False,0.9560024668579448,-0.061949850016861395,1.5180593430585356,1.5169451318904772,1.5766933729696033,1.5197906312729013,1.5228116087760761,1.8057072268110403
s02,361.0,1.0459553946291065,0,True,0.8185232959471637,-0.07404346086475594,1.4518013968048533,1.4490757562255911,1.5110256062424525,1.3837480211960034,1.4435581672993008,1.8057072268110403
s02,362.0,0.9448317235719841,0,True,0.8889615480509035,-0.07892460985448913,1.1209738531308244,1.1075366898964234,1.1815801507611794,0.8009093483045785,1.0459553946291065,1.8057072268110403
s02,363.0,1.5203331353122627,0,False,0.8389606211945018,-0.06388061238810742,1.0276302195984686,1.0188665530995398,1.097791162954029,0.8873309146213052,0.9448317235719841,1.8057072268110403
s02,364.0,1.7004711328613424,0,False,0.9616464720459265,-0.05818925286016507,1.521046442733293,1.5107591485965974,1.574639760984705,1.9291358365951188,1.5203331353122627,1.8057072268110403
s02,365.0,1.4688227517276535,0,False,0.9202499695426288,-0.06409584441578568,1.6679409000512062,1.6657091369150072,1.7238983897751723,1.8449036846130398,1.7004711328613424,1.8057072268110403
s02,366.0,2.002772399864926,0,False,0.8670188576080744,-0.048048576679235,1.4729751208575868,1.467863475313237,1.5319593197290227,1.297225971584727,1.4688227517276535,1.8057072268110403
s02,367.0,2.4616579828174667,0,False,0.8902958455285794,-0.031988749402012,1.9327199615271446,1.926330406910034,1.9743789835892689,2.3825828024756386,2.002772399864926,1.8057072268110403
s02,368.0,2.3705092722112644,0,False,0.9966375536679616,-0.030551872098534386,2.32612266080109,2.322613362095344,2.354602111497356,2.7884245801235443,2.4616579828174667,1.8057072268110403
s02,369.0,2.063026487763581,0,False,0.9503080765966057,-0.03611686640720857,2.2486290270829947,2.2485262980527203,2.2790781701512546,2.2949318438909674,2.3705092722112644,1.8057072268110403
s02,370.0,1.6355467247799695,0,False,0.8939434703280484,-0.04669608700769224,1.989982128021836,1.9881874114627585,2.024304277869967,1.818988619134676,2.063026487763581,1.8057072268110403
s02,371.0,1.4031176852216651,0,False,0.9132864749081736,-0.05330477477679631,1.6283597024624292,1.6234072775251338,1.670103364532826,1.3225760884073132,1.6355467247799695,1.8057072268110403
s02,372.0,1.2479877004051803,0,False,0.9159608266109617,-0.05859152423193285,1.4288349271681866,1.4242126822430647,1.477517457019861,1.233683047110807,1.4031176852216651,1.8057072268110403
s02,373.0,0.9824675776207177,0,True,0.8431808393837505,-0.06782914972739988,1.2953124107336738,1.2903884274696185,1.3489799517015513,1.1387396861009553,1.2479877004051803,1.8057072268110403
s02,374.0,1.0478516023300202,0,True,0.9628306211892014,-0.06822799082309246,1.0717832158453373,1.0611463055197725,1.1289754552471725,0.819939244025164,0.9824675776207177,1.8057072268110403
s02,375.0,1.1510848837170429,0,True,0.9862961324444902,-0.06714314386727484,1.1174593105595252,1.114923318523122,1.1831513093462145,1.1050427796487314,1.0478516023300202,1.8057072268110403
s02,376.0,1.7542588071156318,0,False,0.8396750784508076,-0.05056173364042563,1.202465253638143,1.2015451328873252,1.2686882767546002,1.2370612851752294,1.1510848837170429,1.8057072268110403
s02,377.0,1.786800309400098,0,False,0.9948512656126369,-0.048494844762288984,1.7260103194415022,1.71790401346221,1.7684657471026355,2.176187220276935,1.7542588071156318,1.8057072268110403
s02,378.0,1.8817644828465439,0,False,0.9765578092625794,-0.04444993387240799,1.7471838069253482,1.7469341198505108,1.7954289646127999,1.813669127118884,1.786800309400098,1.8057072268110403
s02,379.0,1.55607036936537,0,False,0.9074351176367882,-0.052657754368104936,1.830706389716704,1.8296643858886013,1.8741143197610093,1.9584259443089038,1.8817644828465439,1.8057072268110403
s02,380.0,1.2051518792940918,0,False,0.8582302449727743,-0.06305099223569434,1.5564674003856662,1.5515931415470718,1.6042508959151767,1.315646646374241,1.55607036936537,1.8057072268110403
s02,381.0,0.47867947855208337,0,True,0.5356723639124576,-0.0862036903311046,1.2593748054559026,1.2504360817324247,1.313487073968119,0.9709682271650121,1.2051518792940918,1.8057072268110403
s02,382.0,0.8338548131154981,0,True,0.9211487325640366,-0.07994834609042692,0.6653700941797068,0.6253433384262425,0.7115470287573471,0.2643636707087647,0.47867947855208337,1.8057072268110403
s02,383.0,1.0113742425831516,0,True,0.9972632483235498,-0.07738380795736631,0.9321936665664373,0.9258896381477981,1.005837984238225,1.1185016447824514,0.8338548131154981,1.8057072268110403
s02,384.0,0.9917376288121132,0,True,0.9250415816728438,-0.07989797250028942,1.0757548938423744,1.075543113576217,1.1529269215335833,1.1584480285142031,1.0113742425831516,1.8057072268110403
s02,385.0,1.1706520817075226,0,True,0.985302524808074,-0.07648116372716529,1.0627474815828868,1.0567584559367185,1.136656428437008,0.9875496301492123,0.9917376288121132,1.8057072268110403
s02,386.0,1.2129477262850044,0,True,0.97125959849084,-0.07634533462782066,1.2095441696467129,1.208420089640183,1.2849012533673485,1.3183972563672863,1.1706520817075226,1.8057072268110403
s02,387.0,1.4837559915313043,0,True,0.9416928070878315,-0.06914069140208906,1.245795412910806,1.2436012173402513,1.319946551968072,1.2500609981440747,1.2129477262850044,1.8057072268110403
s02,388.0,2.118093948757536,0,False,0.8435827174298098,-0.04985363302269498,1.4792234024093964,1.475192002777734,1.5443326941798232,1.698590865149608,1.4837559915313043,1.8057072268110403
s02,389.0,2.1654781446957108,0,False,0.9774715370419428,-0.04549164089383748,2.0278763768707893,2.020078407067128,2.0699320400898227,2.5539471183824265,2.118093948757536,1.8057072268110403
s02,390.0,2.4272219261410886,0,False,0.9299826172768242,-0.03458604210415301,2.0647268232317177,2.06370196648494,2.1091936073787774,2.202587205106265,2.1654781446957108,1.8057072268110403
s02,391.0,2.3017659699346376,0,False,0.994754968009497,-0.034277554901985995,2.293904687342623,2.291483063195737,2.32606910529989,2.6218299135506125,2.4272219261410886,1.8057072268110403
s02,392.0,2.4395999498466407,0,False,0.9534046076487193,-0.026724796398231866,2.1880211199268538,2.1878413330548367,2.2221188879568228,2.1979432233140304,2.3017659699346376,1.8057072268110403
s02,393.0,2.9644022420024996,0,False,0.8816388615305153,-0.007080743658273204,2.3108457363775616,2.309600484003878,2.33632528040211,2.5436727268841985,2.4395999498466407,1.8057072268110403
s02,394.0,2.428374158228129,0,False,0.9341451521727688,-0.01715206561545591,2.7649229750148225,2.7640848901342188,2.771165633792492,3.324902691171405,2.9644022420024996,1.8057072268110403
s02,395.0,2.810935701141225,0,False,0.9059210350010392,-0.002120147243906849,2.3110013020939517,2.309871755422923,2.327023821038379,2.0068068259337792,2.428374158228129,1.8057072268110403
s02,396.0,2.816118454954468,0,False,0.9685113481286566,0.0031068181074114854,2.6420857378355427,2.6418862765771904,2.6440064238210974,3.0823923750931663,2.810935701141225,1.8057072268110403
s02,397.0,2.3912560510106866,0,False,0.9490523918293677,-0.004697727307037921,2.651309735311855,2.6514075648256665,2.648300746718255,2.814993202020397,2.816118454954468,1.8057072268110403
s02,398.0,2.293267764755894,0,False,0.9993469875682457,-0.004646818237828869,2.2918101337523904,2.291570795782259,2.2962685230892967,2.052319639820977,2.3912560510106866,1.8057072268110403
s02,399.0,2.3152738178460757,0,False,0.9779111922284738,-0.001501522668842823,2.210433666643285,2.2104306322132077,2.2150774504510364,2.21207865165013,2.293267764755894,1.8057072268110403
s02,400.0,2.1895189554994183,0,False,0.9901113745261616,-0.0027702446864784377,2.2318428562662023,2.2318096894206056,2.2333112120894483,2.331294361185693,2.3152738178460757,1.8057072268110403
s02,401.0,1.7442611013305844,0,False,0.9007880814186954,-0.014232704124504392,2.1263704765102913,2.1263430825981158,2.1291133272845943,2.0857541159186375,2.1895189554994183,1.8057072268110403
s02,402.0,1.5706307395655428,0,False,0.9431891613687979,-0.01949225644361091,1.7473612040852187,1.7459491502024265,1.760181854326931,1.4135115560801041,1.7442611013305844,1.8057072268110403
s02,403.0,1.3920196429911686,0,False,0.9255833721656956,-0.025636359009695936,1.5979304332960453,1.5968230618606694,1.6163153183042802,1.4375327613359656,1.5706307395655428,1.8057072268110403
s02,404.0,1.8057650592982424,0,False,0.8971148601765023,-0.014743971905370579,1.4445932605415153,1.4426854891540641,1.46832184816376,1.2607175006452684,1.3920196429911686,1.8057072268110403
s02,405.0,1.4873793161986015,0,False,0.9020157683672798,-0.02401455621716682,1.7979157288695138,1.796398793258476,1.8111427651638465,2.1138680843382676,1.8057650592982424,1.8057072268110403
s02,406.0,2.204284491542828,0,False,0.8251555626053415,-0.003585631972027513,1.525673397877125,1.5233203500381853,1.547334906255352,1.255295170067726,1.4873793161986015,1.8057072268110403
s02,407.0,2.053872071153357,0,False,0.9791771091289743,-0.006102333254040132,2.1383890416919646,2.1377621138871112,2.1413477458591386,2.683433350510372,2.204284491542828,1.8057072268110403
s02,408.0,2.5766590435634145,0,False,0.8782500131027701,0.010878934537221888,2.0107438520740883,2.010616783854681,2.016719117108721,1.9310649388312076,2.053872071153357,1.8057072268110403
s02,409.0,2.1986823160140747,0,False,0.9460267209935569,0.003016347437604116,2.4594440425306376,2.460768552668,2.4498896181307783,2.941656865876377,2.5766590435634145,1.8057072268110403
s02,410.0,2.278794330476926,0,False,0.9678621554890684,0.007188509965367148,2.139559444056328,2.139722246218158,2.136705898780554,1.8990570784694512,2.1986823160140747,1.8057072268110403
s02,411.0,2.3337158804873797,0,False,0.9712426488694222,0.010891779239840998,2.2100425481227193,2.2102735713382513,2.2030850613728843,2.340607077144596,2.278794330476926,1.8057072268110403
s02,412.0,1.8517274639877301,0,False,0.903346121806619,-0.0013409079605744417,2.259170485281541,2.259483704001578,2.2485919247617367,2.3754661475424816,2.3337158804873797,1.8057072268110403
s02,413.0,1.55937237983702,0,False,0.9151063315174444,-0.009996297293253896,1.8480149615476915,1.8478853575930017,1.849226265553576,1.4907202940305022,1.8517274639877301,1.8057072268110403
s02,414.0,1.3534076153979824,0,False,0.9145078823743542,-0.01730378612280959,1.5978391987316385,1.596990576383172,1.606986873676426,1.3417397476422717,1.55937237983702,1.8057072268110403
s02,415.0,1.5436030984239975,0,False,0.9640700089475756,-0.01356644114466607,1.4205042698044603,1.4190249324858801,1.4363287186086897,1.204428488106411,1.3534076153979824,1.8057072268110403
s02,416.0,1.5115082807795563,0,False,0.9735105786183551,-0.01563182265877121,1.5808417733586688,1.5803543312497277,1.5939207723943938,1.697340784702783,1.5436030984239975,1.8057072268110403
s02,417.0,1.6514114024940758,0,False,0.9739231362569365,-0.012640355961061249,1.5521099238411151,1.5516958459037438,1.567327668562515,1.4870982361651743,1.5115082807795563,1.8057072268110403
s02,418.0,1.6604743962236774,0,False,0.9932006230254141,-0.012944368672180667,1.6709377741010518,1.6706081532609913,1.6832485092220526,1.7651396030808721,1.6514114024940758,1.8057072268110403
s02,419.0,1.4544680851993568,0,False,0.9250098334312045,-0.019644732622144532,1.6779015638404522,1.6778135501981521,1.6907579188703328,1.6681386556514954,1.6604743962236774,1.8057072268110403
s02,420.0,1.838078440744527,0,False,0.9054619066551377,-0.009514997595916634,1.5018937683084648,1.5004206065369308,1.5200653391590753,1.3014949194735987,1.4544680851993568,1.8057072268110403
s02,421.0,1.8363744455669224,0,False,0.9995808378149917,-0.009275823294630068,1.8293014985882692,1.8284019688573703,1.8379169664532868,2.125865715756164,1.838078440744527,1.8057072268110403
s02,422.0,1.7586886858041653,0,False,0.9783898119497674,-0.011332040157666428,1.8272331359797371,1.827229247905377,1.8365050712000073,1.834963196880068,1.8363744455669224,1.8057072268110403
s02,423.0,1.5167803132267434,0,False,0.9224934006284116,-0.018652757152198707,1.7610491005632858,1.7608042130444859,1.7721362532021523,1.696001494528104,1.7586886858041653,1.8057072268110403
s02,424.0,1.5864491311614708,0,False,0.9953369777078729,-0.01765057947961084,1.5544889205176462,1.5530432087418753,1.571695965894074,1.3361317964554944,1.5167803132267434,1.8057072268110403
s02,425.0,1.2384567035929661,0,False,0.8639456401550405,-0.028850024325557475,1.6118538368367694,1.611771531791187,1.6294221112707978,1.6441064821996734,1.5864491311614708,1.8057072268110403
s02,426.0,1.326092203969351,0,False,0.9943916351239739,-0.028434240407306972,1.3161579116187927,1.3122327400276677,1.341082764353225,1.0033099049385243,1.2384567035929661,1.8057072268110403
s02,427.0,1.0074116587640845,0,False,0.8325862112536933,-0.03976973539742113,1.3854209613630661,1.3852614917678894,1.4136957321751964,1.3987892443236511,1.326092203969351,1.8057072268110403
s02,428.0,1.2263401257009008,0,False,0.9677976000792716,-0.036275747754170744,1.1165318730062084,1.109873870925888,1.149643606323309,0.811377088949234,1.0074116587640845,1.8057072268110403
s02,429.0,0.38243708413199806,0,False,0.4482276997928757,-0.06364565933335038,1.295935636241255,1.2947674701046519,1.3310432178588225,1.4052699252468892,1.2263401257009008,1.8057072268110403
s02,430.0,0.5567708240022284,0,False,0.9371746898158575,-0.06398724181562829,0.603274818593387,0.5681569067448252,0.6318025660781756,0.2066110207483881,0.38243708413199806,1.8057072268110403
s02,431.0,0.9742195486951528,0,False,0.8872743402448806,-0.056128595300979134,0.7162846831884092,0.7122646648735146,0.7762519066891429,0.7059340570827737,0.5567708240022284,1.8057072268110403
s02,432.0,1.1438198547351333,0,False,0.9904570398075264,-0.05379438105861596,1.0723398462594584,1.0660127133230275,1.1221413086240066,1.2977929175747238,0.9742195486951528,1.8057072268110403
s02,433.0,0.8135648638354279,0,True,0.7842871407779625,-0.0656536624200023,1.2093876001853265,1.2088742425483054,1.2626686236069213,1.2841402922154788,1.1438198547351333,1.8057072268110403
s02,434.0,0.5305573657973166,0,True,0.6994242069186978,-0.07743811609796888,0.9375348276352197,0.9233724883962026,0.9890261508162048,0.6367998471523872,0.8135648638354279,1.8057072268110403
s02,435.0,1.0287981918259304,0,True,0.8466971521006553,-0.06688698613920697,0.7003698830280692,0.6770938598672003,0.7545319759651692,0.43386780960635435,0.5305573657973166,1.8057072268110403
s02,436.0,1.2511527352739389,0,False,0.9654370603113893,-0.062366715890193124,1.1107310257693552,1.1004770603068108,1.1673640464460178,1.3995844703327478,1.0287981918259304,1.8057072268110403
s02,437.0,1.2055399291074944,0,True,0.9430080180588286,-0.06487758956937792,1.2913912954535436,1.2892357184136543,1.3516024343038473,1.4324951397332213,1.2511527352739389,1.8057072268110403
s02,438.0,1.2921819607003624,0,False,0.9917193512142259,-0.06358006118244415,1.2526285168823614,1.2489310144692367,1.3138086040386145,1.1760704905006945,1.2055399291074944,1.8057072268110403
s02,439.0,1.7072710653402787,0,False,0.8961873306686532,-0.052022479510372824,1.3225448270943312,1.3220183429379013,1.3855984041203455,1.3641508434199927,1.2921819607003624,1.8057072268110403
s02,440.0,2.0382278385440826,0,False,0.9181934799918627,-0.041200950175381224,1.6829107865075699,1.6775101940443629,1.7295326735547356,2.0178116371625094,1.7072710653402787,1.8057072268110403
s02,441.0,2.3637215061536505,0,False,0.9176883801551826,-0.02916597534608739,1.9659261848653997,1.9625556785105231,2.0037566286859043,2.287198516484135,2.0382278385440826,1.8057072268110403
s02,442.0,1.856244145621508,0,False,0.8991129825744412,-0.04080729073358226,2.246688690546427,2.2442879918713365,2.273453967217424,2.603789552533559,2.3637215061536505,1.8057072268110403
s02,443.0,1.8723595446464998,0,False,0.994802838835343,-0.039001346515667,1.8162783299006533,1.8121614040493244,1.8529686947829067,1.4778499277284523,1.856244145621508,1.8057072268110403
s02,444.0,1.915448937263257,0,False,0.9870290426150795,-0.03635748546164905,1.8275229317461392,1.8273202354626585,1.8663215819783256,1.885611654470058,1.8723595446464998,1.8057072268110403
s02,445.0,1.421459506671079,0,False,0.855651590856431,-0.049683712612583794,1.8661386697634492,1.8656670783689033,1.9020245638305524,1.9505146902836492,1.915448937263257,1.8057072268110403
s02,446.0,1.4233441403856864,0,False,0.976257270884396,-0.050274330379886975,1.450203164171765,1.4430313992957924,1.4927151119083761,1.0815188562398608,1.421459506671079,1.8057072268110403
s02,447.0,1.8667413957322734,0,False,0.8893692049874652,-0.03759215901233552,1.4451959999549033,1.4440023501472252,1.4942766805271122,1.4265527651897718,1.4233441403856864,1.8057072268110403
s02,448.0,1.609901213022655,0,False,0.9275971863910265,-0.044017352841747175,1.8282331911074823,1.82407434066971,1.8616664996820456,2.1929251473299423,1.8667413957322734,1.8057072268110403
s02,449.0,1.9568613376511201,0,False,0.9147132830675522,-0.0334566128025444,1.6080236498710563,1.6048366696776948,1.648854022519442,1.415317250983261,1.609901213022655,1.8057072268110403
s02,450.0,1.5623878513624763,0,False,0.8932925848304956,-0.04367141961306691,1.9057348163788355,1.9028814117132262,1.9363380245157706,2.2180764069486902,1.9568613376511201,1.8057072268110403
s02,451.0,1.7369317080748174,0,False,0.9619805698461414,-0.03853788871776231,1.570474075868357,1.565814011564664,1.609485431177731,1.2754385144038132,1.5623878513624763,1.8057072268110403
s02,452.0,2.1368990513274584,0,False,0.9017662095726184,-0.025898046624495876,1.7170361701202932,1.7155709815519111,1.7541088702696734,1.8767097123439018,1.7369317080748174,1.8057072268110403
s02,453.0,1.9774691947879293,0,False,0.9734449974282406,-0.02836243618686286,2.0621595768180847,2.0596155135334953,2.0855135601579913,2.430700810792086,2.1368990513274584,1.8057072268110403
s02,454.0,2.497301392592332,0,False,0.877954378594327,-0.01119491941838456,1.9258039982089397,1.925050833643056,1.953413269829919,1.848238022860123,1.9774691947879293,1.8057072268110403
s02,455.0,2.0026573679905457,0,False,0.9131526072988968,-0.02230341596310661,2.3743068770449502,2.372940586147947,2.3841355055663316,2.8616444644110413,2.497301392592332,1.8057072268110403
s02,456.0,2.119934553745104,0,False,0.9644748438221615,-0.017264786988393094,1.9539172481127112,1.9519802545879872,1.9742836705510938,1.6259359145962375,2.0026573679905457,1.8057072268110403
s02,457.0,2.6070531811256186,0,False,0.8856597093364986,-0.0006789617673801478,2.0548056746793275,2.0541923404251876,2.0714571274135807,2.211933740234684,2.119934553745104,1.8057072268110403
s02,458.0,2.3817978021887085,0,False,0.9808176756168692,-0.0034568660545679013,2.4744722444474654,2.4743946117616336,2.4750735735290137,2.949429418781393,2.6070531811256186,1.8057072268110403
s02,459.0,1.9470972673132725,0,False,0.9195202881948107,-0.013593190450282625,2.2850410578964375,2.2849747471704296,2.2884316132249976,2.1969450879876287,2.3817978021887085,1.8057072268110403
s02,460.0,1.9281329544084997,0,False,0.9999702848512673,-0.013188837622081081,1.9157485028517334,1.9146545268017816,1.9282477172520642,1.6143838611285277,1.9470972673132725,1.8057072268110403
s02,461.0,1.4699936113523095,0,False,0.8693894568144723,-0.026069392516390698,1.8993458330709012,1.8993454411626298,1.9125342787847108,1.9124195193513414,1.9281329544084997,1.8057072268110403
s02,462.0,1.5473999735535513,0,False,0.9953109915401015,-0.024853195630120086,1.5102650148616135,1.506860077344531,1.5329294698609217,1.1481892793835522,1.4699936113523095,1.8057072268110403
s02,463.0,1.866744255380144,0,False,0.9222726056356138,-0.01601727564389798,1.5723301260173062,1.572213589172741,1.597066784802861,1.611469436181257,1.5473999735535513,1.8057072268110403
s02,464.0,1.9310283370787387,0,False,0.9817398941891229,-0.013455973336037307,1.8468965745839994,1.845651593483383,1.861668869127281,2.1103850125978134,1.866744255380144,1.8057072268110403
s02,465.0,1.9052747470605174,0,False,0.9974754908301026,-0.013342051718275773,1.901723067298704,1.9014773598017995,1.9149333331378369,1.9830262898655149,1.9310283370787387,1.8057072268110403
s02,466.0,1.7676931430188845,0,False,0.9656664584696063,-0.01671882906736974,1.8802860701205912,1.8802523879886832,1.893594439706959,1.88396023681876,1.9052747470605174,1.8057072268110403
s02,467.0,1.1182730997277996,0,False,0.7722390548798479,-0.036056986024566334,1.7634523482464763,1.7628783316343524,1.779597160701722,1.658018501412218,1.7676931430188845,1.8057072268110403
s02,468.0,1.021907318282088,0,False,0.9032254151795307,-0.04156309017734771,1.2136564965899397,1.2054441233748003,1.2415011093993666,0.730800841583562,1.1182730997277996,1.8057072268110403
s02,469.0,1.3719359094134411,0,False,0.9171894656761409,-0.03400775251290559,1.1241135713944725,1.1200913205987042,1.1616544107760518,0.9633117176233006,1.021907318282088,1.8057072268110403
s02,470.0,1.5239005442140254,0,False,0.9757757785118084,-0.030820930035661,1.4204893284626199,1.4176731283058726,1.4516808808187782,1.6445488561955834,1.3719359094134411,1.8057072268110403
s02,471.0,1.1442365852646543,0,False,0.8411178592777601,-0.042897073848962686,1.5475213254103661,1.5467747123747102,1.5775956424103712,1.6480658406837292,1.5239005442140254,1.8057072268110403
s02,472.0,1.3486256183889442,0,False,0.9672907917846506,-0.039041810619640044,1.2269324230020326,1.2201168440781895,1.2630139179271522,0.8985078754821183,1.1442365852646543,1.8057072268110403
s02,473.0,1.4141304140507716,0,False,0.9936063586402343,-0.03841763751550209,1.3946016706255018,1.3933246439128397,1.4323664545324797,1.5151778640581968,1.3486256183889442,1.8057072268110403
s02,474.0,1.4027318687665806,0,False,0.9710162944311483,-0.039782423635583375,1.4484703680321203,1.4482247394359566,1.4866423769514587,1.4685229311724128,1.4141304140507716,1.8057072268110403
s02,475.0,0.999887517262802,0,False,0.8077535118547726,-0.05290825873255174,1.4385683958818827,1.4374153538284138,1.477197777463997,1.3957193067424822,1.4027318687665806,1.8057072268110403
s02,476.0,0.958160693982478,0,False,0.9120914905387612,-0.05687846788771637,1.1006724260898442,1.090500999154632,1.1434092578871837,0.7578602189653532,0.999887517262802,1.8057072268110403
s02,477.0,1.11969276075954,0,False,0.9951404247548988,-0.05484638921467914,1.0569569063240805,1.0519568049916324,1.1088352728793487,0.9398716341073408,0.958160693982478,1.8057072268110403
s02,478.0,1.3208251703972043,0,False,0.9695830897404003,-0.050856564763665825,1.188097552185405,1.187831022030094,1.2426774112447732,1.2534821363456379,1.11969276075954,1.8057072268110403
s02,479.0,1.1543327164480133,0,False,0.9007548089419073,-0.05698083363156676,1.3600219116112389,1.3584750120447109,1.4093315768083767,1.4851023225836795,1.3208251703972043,1.8057072268110403
s02,480.0,1.4446247330360125,0,False,0.9363471553441107,-0.05007404755026522,1.2200536040463756,1.2143985303259615,1.2713793639575282,1.041687914213225,1.1543327164480133,1.8057072268110403
s02,481.0,1.1110469616518577,0,False,0.8475039900921415,-0.060597697492508394,1.4650226486299718,1.4618352930599632,1.5119093406102284,1.6741271491234078,1.4446247330360125,1.8057072268110403
s02,482.0,1.2658418605816717,0,False,0.9879029566805921,-0.05786992116390633,1.184156890038814,1.174915982961603,1.2355136804541114,0.895781214809064,1.1110469616518577,1.8057072268110403
s02,483.0,1.3292274756121663,0,False,0.9871990890362673,-0.05717020547619561,1.306603674298353,1.3059036193551423,1.3637735405190488,1.3937348393378073,1.2658418605816717,1.8057072268110403
s02,484.0,1.700453119455682,0,False,0.9089951132080903,-0.04693031233571268,1.3598551788163304,1.3591233481062515,1.416293553582447,1.382189709776585,1.3292274756121663,1.8057072268110403
s02,485.0,2.540838191630851,0,False,0.8086954160656271,-0.021013761143880694,1.6812240396643394,1.6769531519031189,1.7238834642388317,1.9821831209889347,1.700453119455682,1.8057072268110403
s02,486.0,2.4404877598197054,0,False,0.9958329571476018,-0.01977499148948218,2.403215466838948,2.3991954380064215,2.4202091991503023,3.0808767423253727,2.540838191630851,1.8057072268110403
s02,487.0,2.3641268964732993,0,False,0.9942497269274401,-0.018369761893546537,2.317368313179054,2.3172859099421115,2.3370609014315935,2.357254960469702,2.4404877598197054,1.8057072268110403
s02,488.0,1.7297214543498012,0,False,0.8642960192459502,-0.034140721364456714,2.2555257345273056,2.25542010338014,2.2737898652736863,2.300700223452922,2.3641268964732993,1.8057072268110403
s02,489.0,1.450963033905623,0,False,0.9072734346214568,-0.04203164678945207,1.7186269132004397,1.713993881405468,1.7481346027699247,1.2778984410109409,1.7297214543498012,1.8057072268110403
s02,490.0,1.360100877078295,0,False,0.9455215659935149,-0.045482504852251984,1.4790269294156153,1.4751294791716252,1.5171611259610773,1.2475452560057154,1.450963033905623,1.8057072268110403
s02,491.0,1.3067534650748278,0,False,0.9509425699209257,-0.04817166426938879,1.3988699279517642,1.3963921123127212,1.4418746171649732,1.2933707646859935,1.360100877078295,1.8057072268110403
s02,492.0,1.6697044115638635,0,False,0.9114793438565525,-0.03856554355608881,1.3518635658388858,1.3495003877871976,1.3976720520565864,1.2691795964373074,1.3067534650748278,1.8057072268110403
s02,493.0,1.7510230465332959,0,False,0.9847713202144966,-0.03583005742879935,1.6632540228437611,1.6598401756236474,1.6984057191797362,1.946357595731179,1.6697044115638635,1.8057072268110403
s02,494.0,1.6716512595513473,0,False,0.9726607062412674,-0.03757915779838601,1.7305002496755153,1.729954605204236,1.7657846626330354,1.8176006975571588,1.7510230465332959,1.8057072268110403
s02,495.0,1.5144365361283552,0,False,0.9423688522901653,-0.04201925209843147,1.6634670670974594,1.6624396794632037,1.7000188372615896,1.608458974939261,1.6716512595513473,1.8057072268110403
s02,496.0,1.1310364357416531,0,False,0.8379027803552794,-0.053920200279398395,1.5301563261648916,1.5277347084405501,1.5697539605389816,1.3948669804146876,1.5144365361283552,1.8057072268110403
s02,497.0,0.83962367559422,0,True,0.8033521310450196,-0.06467618039314463,1.2068966606004043,1.1981563460524274,1.2520765463318257,0.8844739125135579,1.1310364357416531,1.8057072268110403
s02,498.0,1.0790660531851264,0,False,0.9673341436404016,-0.06068245172634799,0.9586601973383648,0.945941764291905,1.0106179446850496,0.679273052022358,0.83962367559422,1.8057072268110403
s02,499.0,1.3483617280219276,0,False,0.9456333953367737,-0.05468157511641291,1.1503147519423995,1.1483325076907585,1.2090149594171065,1.2752271518368334,1.0790660531851264,1.8057072268110403
s02,500.0,1.3118647969773898,0,False,0.9562564445113556,-0.05664961796613988,1.3804390768783386,1.377466225301622,1.432147800418035,1.5639187583430196,1.3483617280219276,1.8057072268110403
s02,501.0,1.4571044935004054,0,False,0.9807321113567713,-0.05329421050909998,1.3477356339726543,1.3452575782657419,1.4019071962318819,1.2868857990265834,1.3118647969773898,1.8057072268110403
s02,502.0,1.5287381665179318,0,False,0.9978773381013314,-0.0515007335790534,1.4699824690964642,1.468955602183046,1.522249812692146,1.5763835745834924,1.4571044935004054,1.8057072268110403
s02,503.0,1.8289774265855763,0,False,0.9275902424946788,-0.04253450866786777,1.5302125815243104,1.5301032628793887,1.581603996458442,1.5880785777027768,1.5287381665179318,1.8057072268110403
s02,504.0,2.0122411816297165,0,False,0.9527418726999997,-0.03580251957478681,1.7909214586519333,1.787841545193685,1.8303760538615528,2.0598372338999216,1.8289774265855763,1.8057072268110403
s02,505.0,2.0310980551697346,0,False,0.987839528045348,-0.03326224095743228,1.948114061285643,1.9464221012579168,1.9822246208327037,2.1554951432413687,2.0122411816297165,1.8057072268110403
s02,506.0,1.9788067120281834,0,False,0.9952183483308248,-0.03283564348562588,1.964991280849615,1.9645867963013033,1.9978490372587356,2.0461281475681834,2.0310980551697346,1.8057072268110403
s02,507.0,2.093143322227704,0,False,0.9658009591530436,-0.027691919784952095,1.9218428741480598,1.9216858655385782,1.954521509024204,1.9355702375598756,1.9788067120281834,1.8057072268110403
s02,508.0,2.3346407483694436,0,False,0.9349869810403255,-0.018299693709564697,2.022513582952387,2.0215665458565306,2.0492584656414827,2.183139545792957,2.093143322227704,1.8057072268110403
s02,509.0,1.9195336955514044,0,False,0.9209927296331335,-0.027645439568040664,2.2322482758346993,2.231058557500603,2.2493582512101677,2.5161869701803807,2.3346407483694436,1.8057072268110403
s02,510.0,1.8949581126587987,0,False,0.9972541347980559,-0.027129606309804363,1.8799478614359515,1.8777636707175884,1.9054091102856292,1.6016430924694294,1.9195336955514044,1.8057072268110403
s02,511.0,1.5980372158679903,0,False,0.9177341980420093,-0.034925990322225625,1.8579911771906072,1.8579166829486988,1.8850462892585031,1.8746239886623817,1.8949581126587987,1.8057072268110403
s02,512.0,1.3578657510595311,0,False,0.9063620587206196,-0.04231295085718347,1.606970983494494,1.604097768891459,1.6390237592136847,1.3756257174148623,1.5980372158679903,1.8057072268110403
s02,513.0,1.1851177129936046,0,False,0.9031096061950585,-0.048690710077254264,1.4016717846036864,1.397709686995964,1.4400226378531475,1.18519168675676,1.3578657510595311,1.8057072268110403
s02,514.0,0.8847357713555388,0,False,0.8115742491482928,-0.05959453094566726,1.2529141290433323,1.2481964669693049,1.296887177046559,1.0666800907394762,1.1851177129936046,1.8057072268110403
s02,515.0,1.618362837462661,0,False,0.7865459217621239,-0.040695716792542566,0.9996315099319312,0.9884023656918385,1.0479968966375057,0.7135054290284025,0.8847357713555388,1.8057072268110403
s02,516.0,2.0338177706673255,0,False,0.8977235205833312,-0.028136266668138003,1.6238560999033556,1.6151694331871738,1.6558651499797163,2.1044841546477593,1.618362837462661,1.8057072268110403
s02,517.0,1.836362848782322,0,False,0.9573836899567398,-0.032204369327114936,1.9748439490469654,1.9719662707482197,2.0001025374163577,2.3393994946737346,2.0338177706673255,1.8057072268110403
s02,518.0,1.8967139284332624,0,False,0.9838941878406986,-0.02943168426460897,1.805663524404389,1.804291093016397,1.836495462343512,1.679733755046691,1.836362848782322,1.8057072268110403
s02,519.0,1.7328801243075889,0,False,0.9576229567531818,-0.03315736366712379,1.857543458903047,1.8570694377247494,1.8865011219893584,1.9457497207757461,1.8967139284332624,1.8057072268110403
s02,520.0,1.8337893517270452,0,False,0.9768714371652877,-0.029671516551447386,1.7189995589052374,1.717594447871165,1.750751811538289,1.6036408175188992,1.7328801243075889,1.8057072268110403
s02,521.0,1.8250570899444596,0,False,0.9974609347052843,-0.029060551829697846,1.8053778587544362,1.804691599219475,1.8343631157709224,1.915480116993783,1.8337893517270452,1.8057072268110403
s02,522.0,1.9907262265447887,0,False,0.9572131834376292,-0.023280780792206204,1.7981409786003302,1.7980671919617341,1.827127743791432,1.817845346572177,1.8250570899444596,1.8057072268110403
s02,523.0,1.9142983050783866,0,False,0.9871024397248374,-0.024085341402213155,1.9421131025758032,1.9411169920786182,1.9643977728708244,2.120996397352731,1.9907262265447887,1.8057072268110403
s02,524.0,1.9318234954717541,0,False,0.9919886890224506,-0.022440211508134068,1.8772964744782674,1.8769858323357846,1.9010711737379977,1.8516178668511665,1.9142983050783866,1.8057072268110403
s02,525.0,1.8067662852734214,0,False,0.9708091039482831,-0.025031782154068077,1.8933317489840154,1.8931519734712217,1.9155921849793558,1.9460981403004214,1.9318234954717541,1.8057072268110403
s02,526.0,1.8546948278334772,0,False,0.9883665621917511,-0.022999154665034074,1.7876712783498592,1.7869405781990106,1.8119723603530786,1.7063231861731947,1.8067662852734214,1.8057072268110403
s02,527.0,1.885910542792352,0,False,0.9908568762581393,-0.021282412602028407,1.8289533665942677,1.8286858073588297,1.8516849620238638,1.8939104203358141,1.8546948278334772,1.8057072268110403
s02,528.0,1.658835183742728,0,False,0.9382529331711642,-0.027205374496837572,1.856461834634979,1.8562672469030335,1.8775496595050618,1.9114623115534466,1.885910542792352,1.8057072268110403
s02,529.0,2.1259274803115185,0,False,0.8857569772161418,-0.013293379889280806,1.6638741788034532,1.6621943267262935,1.689399701223131,1.4841902028121279,1.658835183742728,1.8057072268110403
s02,530.0,2.108359952254272,0,False,0.9923786654596959,-0.011936462207214994,2.064648038753644,2.063129362852078,2.076422742741359,2.463080268817565,2.1259274803115185,1.8057072268110403
s02,531.0,2.1959042181243533,0,False,0.968561531807969,-0.007557241338820163,2.050021160949568,2.049930189177859,2.061866651385074,2.0935604567400055,2.108359952254272,1.8057072268110403
s02,532.0,2.125020727939606,0,False,0.9978000043008902,-0.007612022985781997,2.1270843709297838,2.1268467828383337,2.134404024177154,2.2642276551379634,2.1959042181243533,1.8057072268110403
s02,533.0,2.08465371254717,0,False,0.997843928807193,-0.0071141937127217475,2.068076149862992,2.0680594034451616,2.0756714264309437,2.066308773404762,2.125020727939606,1.8057072268110403
s02,534.0,1.6034568706097962,0,False,0.8798358524211654,-0.020063786288692237,2.0351252951836027,2.0351099564754787,2.0422241501882006,2.0511870698560863,2.08465371254717,1.8057072268110403
s02,535.0,1.839341563691904,0,False,0.9438661239658401,-0.013587056989274444,1.625861534821229,1.6234505870446443,1.6435143733333366,1.2574711898909554,1.6034568706097962,1.8057072268110403
s02,536.0,1.8490174709158775,0,False,0.9972780927472077,-0.012877828074254008,1.826139201254568,1.825376507081863,1.8389635640711375,2.023798215201999,1.839341563691904,1.8057072268110403
s02,537.0,2.326479602240092,0,False,0.8852648283979432,0.0018934701992555404,1.834138045376743,1.8341029931231074,1.8469808211973615,1.857007362240142,1.8490174709158775,1.8057072268110403
s02,538.0,2.2690768773154915,0,False,0.9941380362689479,0.0026310895963521834,2.2442723164507017,2.2444895640789366,2.242596093879681,2.667079499996497,2.326479602240092,1.8057072268110403
s02,539.0,2.154759734649781,0,False,0.9907534059230789,0.0013439475437577097,2.1976490463844764,2.1976644697362633,2.195033380139911,2.221358934183651,2.2690768773154915,1.8057072268110403
s02,540.0,2.670643678290888,0,False,0.8806007971122306,0.018413562848584787,2.1016440745259213,2.101656501463319,2.1003125539195615,2.0604113024812762,2.154759734649781,1.8057072268110403
s02,541.0,3.0255430580196876,0,False,0.9104555669224185,0.0327945472726317,2.5439783458250127,2.546176910551458,2.527763347702873,3.029997390442178,2.670643678290888,1.8057072268110403
s02,542.0,2.6910800959921923,0,False,0.9763083049345422,0.02788834415320873,2.851683630829394,2.854620199972958,2.8218256527003263,3.275031961059299,3.0255430580196876,1.8057072268110403
s02,543.0,2.372672854523624,0,False,0.9650577645495977,0.021890983209202113,2.5719241638449524,2.5725848859905107,2.544696541837302,2.417048568989861,2.6910800959921923,1.8057072268110403
s02,544.0,2.334425779451841,0,False,0.9884105741016672,0.02284090100176747,2.301996933143459,2.3027618530329956,2.2808708698237936,2.1148580746952765,2.372672854523624,1.8057072268110403
s02,545.0,1.8449566991690436,0,False,0.9014054335512223,0.010028970974799828,2.271756320471687,2.272021033401298,2.2491801323995304,2.3021143713709513,2.334425779451841,1.8057072268110403
s02,546.0,1.8853929735653077,0,False,0.9888139561433628,0.01098140656764675,1.8526563184252225,1.8536451204704103,1.8436161494956105,1.47924695041292,1.8449566991690436,1.8057072268110403
s02,547.0,1.8170372058826332,0,False,0.9837606443423053,0.008849456177489877,1.887979380392389,1.8881022188878622,1.8771208123202154,1.918430319003678,1.8853929735653077,1.8057072268110403
s02,548.0,1.6381308398678098,0,False,0.9473630678136302,0.003113418689317352,1.829188380007317,1.8293320894735605,1.8204826332960706,1.7613747459126252,1.8170372058826332,1.8057072268110403
s02,549.0,1.0429090858093994,0,False,0.7687008203561991,-0.015860046566725107,1.6751940468690634,1.6753579276774808,1.6722445089881635,1.499491154544649,1.6381308398678098,1.8057072268110403
s02,550.0,1.2170748032987628,0,False,0.9841710449568669,-0.014243682334180038,1.1668644113072566,1.1631959955472606,1.1790560421139857,0.6952853860372541,1.0429090858093994,1.8057072268110403
s02,551.0,1.1479090599097832,0,False,0.9291652942919959,-0.019080084952247684,1.3093479431193542,1.3091224805120378,1.3233661628462179,1.3607831267694055,1.2170748032987628,1.8057072268110403
s02,552.0,1.0318467416398618,0,False,0.8983296175677757,-0.02553398579429706,1.2483283019106504,1.2469767697081742,1.2660568546604218,1.1030282039748684,1.1479090599097832,1.8057072268110403
s02,553.0,0.977547549357663,0,False,0.9106695100696952,-0.030538240097782183,1.1469520762412253,1.1443560261405001,1.1698900119347972,0.959492130674532,1.0318467416398618,1.8057072268110403
s02,554.0,1.0744909876818252,0,False,0.9771404246269638,-0.03113432790403187,1.0970885771730257,1.0943605812234813,1.1248988213212636,0.9497384051605461,0.977547549357663,1.8057072268110403
s02,555.0,0.9534779934441273,0,False,0.8836888792319801,-0.03775268289912293,1.17480154412924,1.174089826613829,1.205224154517861,1.1559686225508947,1.0744909876818252,1.8057072268110403
s02,556.0,1.1799226190737648,0,False,0.9672716923434769,-0.03437108235424865,1.0715936577712855,1.0672026009112887,1.1049552838104117,0.8824900008802105,0.9534779934441273,1.8057072268110403
s02,557.0,0.9935426759829402,0,False,0.8695199093833412,-0.04231114848588198,1.2593364543951617,1.2582115470373842,1.292582629391633,1.3650964106422974,1.1799226190737648,1.8057072268110403
s02,558.0,1.3289427688235516,0,False,0.9228446668688566,-0.035318092565218555,1.1013616672899704,1.0958409048014377,1.1381520532873197,0.8781308600973947,0.9935426759829402,1.8057072268110403
s02,559.0,1.6517745776336272,0,False,0.9233079369807184,-0.02718704200156751,1.3834645380426853,1.3807395588452593,1.416057651410478,1.5921278457311825,1.3289427688235516,1.8057072268110403
s02,560.0,1.6446671003537428,0,False,0.9883374057989944,-0.027537900590435878,1.6584474169878471,1.656362386649355,1.6835494286509225,1.9011887375134546,1.6517745776336272,1.8057072268110403
s02,561.0,1.7303573434455983,0,False,0.9845632394077122,-0.02513085285715939,1.6504435823627828,1.6501224190030488,1.6776603195934847,1.6392314601128253,1.6446671003537428,1.8057072268110403
s02,562.0,2.3124988473807147,0,False,0.8613586932245175,-0.007461806470740857,1.7239185734591334,1.7235306345000974,1.7486614873572568,1.8005450398682392,1.7303573434455983,1.8057072268110403
s02,563.0,2.0505006170216205,0,False,0.9578955925574635,-0.012653291630130804,2.224584636934628,2.2235501223346184,2.2310119288053594,2.716678140426327,2.3124988473807147,1.8057072268110403
s02,564.0,2.211408736523521,0,False,0.9533252935942045,-0.006349198778418565,2.0018050674793972,2.001272308133113,2.013925599763244,1.8410146097988342,2.0505006170216205,1.8057072268110403
s02,565.0,2.3447167839366,0,False,0.9560960801458429,-0.0002347417455951864,2.141197896498049,2.140901549509154,2.147250748287573,2.3355164176194685,2.211408736523521,1.8057072268110403
s02,566.0,1.9764165242443845,0,False,0.9336554204661154,-0.008666415158720828,2.257482610764691,2.257472304681906,2.257707046427501,2.446503549073475,2.3447167839366,1.8057072268110403
s02,567.0,1.1370538082428103,0,False,0.7365412754432019,-0.032871039918651826,1.9444496032436145,1.943874633573843,1.9525410487325638,1.6899126279705532,1.9764165242443845,1.8057072268110403
s02,568.0,0.7787168932921832,0,False,0.7656889062588602,-0.04623527443403225,1.2328515393900203,1.2241913771381967,1.2570624170568485,0.6564224048388684,1.1370538082428103,1.8057072268110403
s02,569.0,0.9317394948736328,0,False,0.9850272960374499,-0.04570058659337698,0.9247500045738505,0.9139165668517906,0.9601518412858229,0.5938879803806347,0.7787168932921832,1.8057072268110403
s02,570.0,1.195297749673393,0,False,0.9526414031873364,-0.04107893287520672,1.041926887088362,1.0412426257343843,1.0869432123277614,1.0589562755672826,0.9317394948736328,1.8057072268110403
s02,571.0,1.3754473308470594,0,False,0.9738970757261691,-0.03774280932675167,1.2661886531847557,1.2642432125652243,1.3053221454404311,1.4085451639390882,1.195297749673393,1.8057072268110403
s02,572.0,1.9023738711897038,0,False,0.8668374129008707,-0.02317702007675633,1.4178327605502643,1.4168475628565265,1.454590372183278,1.5228850851855487,1.3754473308470594,1.8057072268110403
s02,573.0,2.497807683784383,0,False,0.8619667925102865,-0.004283203974956733,1.8711001256790663,1.868013813724397,1.8911908338011532,2.279346323619583,1.9023738711897038,1.8057072268110403
s02,574.0,2.053903739107974,0,False,0.9255989871925862,-0.01407424592258975,2.38086302841207,2.3802718040290745,2.384555008004031,2.907438588466769,2.497807683784383,1.8057072268110403
s02,575.0,2.386667684484715,0,False,0.9161008587788778,-0.002554348706050232,2.003718248751206,2.0026711106000645,2.0167453565226543,1.7106948769185204,2.053903739107974,1.8057072268110403
s02,576.0,2.1351209381035807,0,False,0.9645082555598117,-0.007198091018872714,2.2901266561938134,2.2899123485309967,2.292466697237047,2.631352859564572,2.386667684484715,1.8057072268110403
s02,577.0,1.7009858215911877,0,False,0.8989500744514395,-0.01847378120718635,2.077097634008541,2.076842161201642,2.0840402522205146,1.9322789685589608,2.1351209381035807,1.8057072268110403
s02,578.0,1.7594929327767448,0,False,0.9899218456806845,-0.016864525294852214,1.7077178432478601,1.7058510690322735,1.72432485023946,1.3799780413062728,1.7009858215911877,1.8057072268110403
s02,579.0,2.104174257910938,0,False,0.914654225761998,-0.006417440868274917,1.756108073646805,1.7559381103583616,1.7728026356532138,1.8076162888275735,1.7594929327767448,1.8057072268110403
s02,580.0,2.0412602353802365,0,False,0.9958254171928551,-0.006739064722724474,2.0525287319880845,2.051981030528555,2.05839847139683,2.361488925992466,2.104174257910938,1.8057072268110403
s02,581.0,2.1462711292037637,0,False,0.9663315985767023,-0.0023368352094450965,1.9995582782115122,1.9995301454277845,2.006269210150509,1.9892025191193352,2.0412602353802365,1.8057072268110403
s02,582.0,1.746646828317202,0,False,0.9098636717884563,-0.012665697420274213,2.091020912850731,2.090942235344839,2.093279070554284,2.2285673487968216,2.1462711292037637,1.8057072268110403
s02,583.0,1.9575242237767232,0,False,0.9475585041726234,-0.006424758339185682,1.7506345605334743,1.7494929210737724,1.7621586184940465,1.4467705338119494,1.746646828317202,1.8057072268110403
s02,584.0,1.9535473489459791,0,False,0.9957239689429707,-0.005732213469183479,1.930799443883542,1.9304625199459058,1.9368872782850914,2.1220076189935235,1.9575242237767232,1.8057072268110403
s02,585.0,1.9062673924295384,0,False,0.9928945060644391,-0.006379988947342144,1.9278844194909803,1.9278599083681605,1.933592121837344,1.9501809535186734,1.9535473489459791,1.8057072268110403
s02,586.0,1.9194014874576704,0,False,0.9934587452483216,-0.005439052410679778,1.8880822692083659,1.8880369362355915,1.8944169251829337,1.8672863514742262,1.9062673924295384,1.8057072268110403
s02,587.0,1.7100458264452496,0,False,0.9460783463582118,-0.01113349300659442,1.8998960912031635,1.8998605129757375,1.9052995653864173,1.9301206972744558,1.9194014874576704,1.8057072268110403
s02,588.0,1.3762527268068023,0,False,0.8858055293956606,-0.021466859913206245,1.7212986267142545,1.7206982903605295,1.731831783367124,1.547106448909406,1.7100458264452496,1.8057072268110403
s02,589.0,1.7464044065545106,0,False,0.9092260137932902,-0.012088453119016775,1.4362422434515212,1.4337908467481952,1.4552577066614014,1.1402838122229761,1.3762527268068023,1.8057072268110403
s02,590.0,1.6267924021511213,0,False,0.9601807013749257,-0.01578076004558105,1.7509666167799498,1.7498692997032637,1.7619577528222805,2.0266759061951634,1.7464044065545106,1.8057072268110403
s02,591.0,1.8917418022012544,0,False,0.9357100632928113,-0.008440574579912125,1.6476973321424093,1.6470689533456238,1.6628497133912048,1.5330665521821834,1.6267924021511213,1.8057072268110403
s02,592.0,2.1140301740190743,0,False,0.9421186046828113,-0.0012378917447748708,1.8744833901866809,1.8739407461811661,1.8823813207610782,2.0965579516687534,1.8917418022012544,1.8057072268110403
s02,593.0,1.9626658581721554,0,False,0.9742502265652765,-0.0043177256524016445,2.0653986393278205,2.065326988426381,2.066564880171156,2.284805574578953,2.1140301740190743,1.8057072268110403
s02,594.0,2.0944490402069507,0,False,0.962066427158489,0.00041085140895241387,1.9369409852857848,1.9368298048284822,1.9411475304808838,1.839923884758447,1.9626658581721554,1.8057072268110403
s02,595.0,2.426253654290883,0,False,0.9161340672694752,0.011675924796688286,2.0507356229711724,2.0507512080330206,2.0503403566240683,2.197826592364228,2.0944490402069507,1.8057072268110403
s02,596.0,2.061572064827962,0,False,0.9399678266629563,0.00341480454106201,2.3359635276919386,2.3369427400155045,2.325266815218816,2.669653793550996,2.426253654290883,1.8057072268110403
s02,597.0,1.4707467503702127,0,False,0.8421653677561441,-0.013258212274906284,2.0263089794310343,2.0265139775691554,2.0230991730280934,1.7752345916007717,2.061572064827962,1.8057072268110403
s02,598.0,1.3693116556160616,0,False,0.9435320129802356,-0.017787721397627836,1.522387898098734,1.5202952930401132,1.5335535053150195,1.0683814241563483,1.4707467503702127,1.8057072268110403
s02,599.0,1.078972430196634,0,False,0.8537864158020337,-0.028370111197501546,1.432723193680083,1.4317187568590906,1.4495064782567184,1.2945390351946633,1.3693116556160616,1.8057072268110403
s03,350.0,1.3363533683628033,0,False,0.8794641841442928,-0.02778177622227121,1.686433853050672,1.6861288600022146,1.7034173714753036,1.6436579363361534,1.6909806703425223,1.7060812930754046
s03,351.0,1.5066094080982473,0,False,0.9697240032081635,-0.024287055263112062,1.3934674085224814,1.3901187094596092,1.4179004856818804,1.095080841655807,1.3363533683628033,1.7060812930754046
s03,352.0,1.247979523119691,0,True,0.8906882143094843,-0.03276835943642317,1.5314249770372903,1.5306896622300612,1.5549767174931732,1.640999888859055,1.5066094080982473,1.7060812930754046
s03,353.0,1.2249289777577705,0,True,0.9527311695149365,-0.0354399122239111,1.3175627052248453,1.3139807373407013,1.3467490967771245,1.073310313922586,1.247979523119691,1.7060812930754046
s03,354.0,1.275828018018197,0,True,0.9799339635444972,-0.03594759483026951,1.2944259747667948,1.2927507715634772,1.3281906837873882,1.2121288593236303,1.2249289777577705,1.7060812930754046
s03,355.0,1.2163624483132414,0,True,0.9410242639911524,-0.039453406320054236,1.3339441570544173,1.3332228313060654,1.3691704261363349,1.3178584715273753,1.275828018018197,1.7060812930754046
s03,356.0,1.0254321482485171,0,True,0.8742205489502389,-0.04714564814032145,1.284167002599872,1.2818402089240906,1.3212936152441448,1.177497600381192,1.2163624483132414,1.7060812930754046
s03,357.0,1.2817847463367338,0,True,0.9534748202052233,-0.04230490112728931,1.126356466311471,1.120426512568996,1.1675721607093175,0.9089239866191768,1.0254321482485171,1.7060812930754046
s03,358.0,1.415556437673681,0,True,0.9851199189681719,-0.03978804985414166,1.3336296383665733,1.331661395235426,1.3739662963627153,1.4828651209089898,1.2817847463367338,1.7060812930754046
s03,359.0,1.779777678214897,0,True,0.9087497906737677,-0.029651127498508834,1.442472315766398,1.44188026636047,1.4816683162146116,1.5226395928527447,1.415556437673681,1.7060812930754046
s03,360.0,2.0171983824309585,0,False,0.9361995664131672,-0.021492925889726927,1.747964000395893,1.7452583288048953,1.774909456303404,2.0458162766190537,1.779777678214897,1.7060812930754046
s03,361.0,1.8308410073193153,0,False,0.9644382097925276,-0.024904743297461673,1.945939512234621,1.9445682542438067,1.9660611801335337,2.192891967720862,2.0171983824309585,1.7060812930754046
s03,362.0,1.7527436994521988,0,False,0.9822962774073952,-0.026055934132564507,1.792002384545275,1.7911167272889599,1.8160214705864215,1.6856099691896405,1.8308410073193153,1.7060812930754046
s03,363.0,1.465831901832685,0,True,0.9108964792408185,-0.03389361631424962,1.727549261585296,1.7270879745555219,1.7531439086880864,1.6909863896603023,1.7527436994521988,1.7060812930754046
s03,364.0,1.1285903562539787,0,True,0.851837024369884,-0.044683477320547144,1.4912724303420897,1.4882523897972293,1.5221460061114789,1.26043451062328,1.465831901832685,1.7060812930754046
s03,365.0,0.9566417460402314,0,True,0.8671414663714003,-0.05216252188264147,1.2125636684046885,1.2059432314433756,1.2506267087639227,0.9153814350653537,1.1285903562539787,1.7060812930754046
s03,366.0,1.089817859990814,0,True,0.9898664295553281,-0.05126874315743484,1.066955471984957,1.0600252358172597,1.112187757699901,0.857261206032538,0.9566417460402314,1.7060812930754046
s03,367.0,1.1718753946326468,0,True,0.9801672278169234,-0.051156727044954116,1.1686610596370182,1.1681415242166227,1.2194102673740574,1.1972670565992454,1.089817859990814,1.7060812930754046
s03,368.0,1.8323143856871853,0,True,0.8249159490946676,-0.03321688205763719,1.235334132489736,1.2343195527766215,1.2854762798215758,1.238884155381997,1.1718753946326468,1.7060812930754046
s03,369.0,1.750411939205288,0,True,0.9813060263776828,-0.03422424884837324,1.7898065784989186,1.7839908322298226,1.8172077142874599,2.2683031893887193,1.8323143856871853,1.7060812930754046
s03,370.0,2.281627060449466,0,False,0.8686703797636441,-0.01728670655352001,1.7176821044929074,1.7170423172876923,1.7512665661360656,1.685719469511362,1.750411939205288,1.7060812930754046
s03,371.0,2.299147340496485,0,False,0.9731934744187487,-0.013162410577405964,2.163941064566161,2.16167080795935,2.17895751451287,2.639665966519726,2.281627060449466,1.7060812930754046
s03,372.0,2.083138898085332,0,False,0.9743269043810763,-0.01606527362925259,2.1802538383094068,2.179900999813553,2.1930634103909585,2.3100313647297375,2.299147340496485,1.7060812930754046
s03,373.0,1.9987955447363108,0,False,0.9949407677586858,-0.01619398170882891,2.0034982593615496,2.003085814055521,2.019151087684774,1.9120486778944332,2.083138898085332,1.7060812930754046
s03,374.0,2.096325246792285,0,False,0.9642047674188069,-0.011355746485409591,1.9351326684593513,1.9350507393449745,1.9512447210538035,1.9309921615245147,1.9987955447363108,1.7060812930754046
s03,375.0,1.8234786765237647,0,False,0.9465398741934541,-0.017203743495427512,2.018818391777607,2.0184119101910287,2.029767656676438,2.169654991253109,2.096325246792285,1.7060812930754046
s03,376.0,1.8509181162087018,0,False,0.9888656551376205,-0.015462905432118187,1.7938098950566668,1.7928901807650577,1.8100939242604852,1.6148331789392776,1.8234786765237647,1.7060812930754046
s03,377.0,1.7003314157174785,0,False,0.962732076609741,-0.018954653272623682,1.8168951797226505,1.8167230104009948,1.832185915833113,1.8725555571494503,1.8509181162087018,1.7060812930754046
s03,378.0,1.958497225181629,0,False,0.9326380024469183,-0.010959471714488524,1.6926975738098438,1.6919911732437907,1.7109458265164144,1.5840052698097502,1.7003314157174785,1.7060812930754046
s03,379.0,2.043716710497367,0,False,0.9685190452642483,-0.006883180596185112,1.9085785917940679,1.9078403398872534,1.918799811601742,2.1496756535558084,1.958497225181629,1.7060812930754046
s03,380.0,1.8008463308489764,0,False,0.9508230836941347,-0.012273642292886432,1.9807450765024734,1.980528387405687,1.987411568001872,2.1083959636576335,2.043716710497367,1.7060812930754046
s03,381.0,1.9061553772792148,0,False,0.9691420647619032,-0.008476938048899034,1.780202149026107,1.7795985691463017,1.791872211439188,1.6144816773393442,1.8008463308489764,1.7060812930754046
s03,382.0,2.222009922670569,0,False,0.915853447928354,0.0021379146147223853,1.8684430813551858,1.8681815005498557,1.8766584385987546,1.9874150619084852,1.9061553772792148,1.7060812930754046
s03,383.0,1.6880615310510187,0,False,0.8841953235338416,-0.011213137094481618,2.1329166898810326,2.133096588024485,2.1309586734097627,2.447250020844108,2.222009922670569,1.7060812930754046
s03,384.0,1.785847165042905,0,False,0.975724505448852,-0.008333341611744987,1.6911525159984147,1.6898539822850174,1.701067119379499,1.3094595372993956,1.6880615310510187,1.7060812930754046
s03,385.0,1.914600891172178,0,False,0.9635652457096936,-0.004039197941878022,1.771665064832168,1.7714627688432791,1.7797961104550242,1.862518078581882,1.785847165042905,1.7060812930754046
s03,386.0,1.7260171081681754,0,False,0.956447547266702,-0.008641251018239569,1.879566044564769,1.8794188773802267,1.8834580753221049,2.0133512769766706,1.914600891172178,1.7060812930754046
s03,387.0,1.6299592767910571,0,False,0.9698057484532384,-0.011432010513509276,1.7233609409765758,1.7229845933000472,1.7316258443182868,1.5810418174446137,1.7260171081681754,1.7060812930754046
s03,388.0,2.0537312369016685,0,False,0.8924353291123412,0.0008942487530801332,1.6432011090164853,1.6428559280153552,1.6542879385288645,1.5556911169154477,1.6299592767910571,1.7060812930754046
s03,389.0,2.0740654290412137,0,False,0.9807140502532659,0.003225150805327708,1.996272504393478,1.9963686939662946,1.9954744452132145,2.351951756658267,2.0537312369016685,1.7060812930754046
s03,390.0,2.587417368094119,0,False,0.8750051496321538,0.020395541138286868,2.01500882356579,2.0150710236621476,2.01184587285682,2.088921154920166,2.0740654290412137,1.7060812930754046
s03,391.0,2.9082329174991073,0,True,0.9095170693420592,0.03427601697089192,2.4430010521328547,2.445550389745606,2.425154848607319,2.9287828709214345,2.587417368094119,1.7060812930754046
s03,392.0,2.630202312306768,0,True,0.9899895724945237,0.03165032749364982,2.714623900414697,2.7177252948815047,2.6834492779106127,3.122817027392493,2.9082329174991073,1.7060812930754046
s03,393.0,3.560156783646607,0,True,0.8173430609935847,0.06371746763534145,2.4909352789479873,2.491252112256887,2.459601784763237,2.4068878440484567,2.630202312306768,1.7060812930754046
s03,394.0,3.53771451721307,0,True,0.9512126736085658,0.07168762820585506,3.2604040605964384,3.27204249819595,3.2083250305606086,4.107856022139733,3.560156783646607,1.7060812930754046
s03,395.0,3.1081461341836794,0,True,0.9869746969445257,0.06707369276546192,3.258446534481277,3.261943982196784,3.1902563539909288,3.5035758082481694,3.53771451721307,1.7060812930754046
s03,396.0,3.288097109122003,0,True,0.927713559744163,0.07837230400003052,2.910603079461063,2.9114767346363832,2.844403041870921,2.7633623325606127,3.1081461341836794,1.7060812930754046
s03,397.0,2.7462256261681324,0,True,0.9576626302771348,0.06872935839880161,3.0619918913382858,3.067657146209096,2.9892848422090657,3.400905844775933,3.288097109122003,1.7060812930754046
s03,398.0,2.640985613848176,0,True,0.9830808002219865,0.06930661816172635,2.6188338014933388,2.621743621750684,2.5530142633518826,2.320245535205024,2.7462256261681324,1.7060812930754046
s03,399.0,2.4709275188682214,0,True,0.9994653069048013,0.06730673667864745,2.536417622452235,2.5375902349708515,2.468283616809125,2.55476656245163,2.640985613848176,1.7060812930754046
s03,400.0,2.4206080536429533,0,True,0.9812418703397109,0.06796477357003934,2.3986375021491946,2.3986734905965568,2.3313667539179095,2.3340092423008305,2.4709275188682214,1.7060812930754046
s03,401.0,2.4285745084382113,0,True,0.9708522728479314,0.07005745647719686,2.3575435194980017,2.358818411532961,2.2908536379629214,2.3784209378166703,2.4206080536429533,1.7060812930754046
s03,402.0,2.448783227670649,0,True,0.9681123682109016,0.07250120234799065,2.3652830163511576,2.3673250319775225,2.297267575500326,2.4309741956198567,2.4285745084382113,1.7060812930754046
s03,403.0,2.100125726035513,0,True,0.9517075295713465,0.0639237985798338,2.3837272933293354,2.386039184974075,2.3135379826260842,2.460222159469715,2.448783227670649,1.7060812930754046
s03,404.0,1.9655049924036907,0,True,0.9831854789237288,0.059986409647006064,2.0936642520120112,2.096751290164615,2.032827491584781,1.8297214400847222,2.100125726035513,1.7060812930754046
s03,405.0,2.373545521585416,0,True,0.895641894456879,0.07165992623463284,1.9834196592485578,1.984428301997857,1.924441892350851,1.8582513887511485,1.9655049924036907,1.7060812930754046
s03,406.0,1.8986453551673994,0,True,0.9147682693503125,0.05888060695983997,2.317144370181955,2.3246226643271615,2.2529627380925286,2.6551987633876344,2.373545521585416,1.7060812930754046
s03,407.0,1.706646387175169,0,True,0.9542347958403069,0.05219522086700095,1.9244740942369116,1.9294925902698028,1.8706119833099628,1.5464936841308106,1.8986453551673994,1.7060812930754046
s03,408.0,1.441419996455204,0,True,0.91317907185122,0.04239106039050271,1.765836620732673,1.7682253456718116,1.7160301248048107,1.5595684476522913,1.706646387175169,1.7060812930754046
s03,409.0,1.2194513264061473,0,True,0.8962250031442355,0.032628122248013196,1.5412021666141498,1.544882597822464,1.5024915374319614,1.2517233153047231,1.441419996455204,1.7060812930754046
s03,410.0,1.4379133775323716,0,True,0.9587549989808467,0.03507326409253061,1.3530226660980942,1.3564086493817913,1.3237805271337781,1.0701128131172228,1.2194513264061473,1.7060812930754046
s03,411.0,1.097678699449294,0,False,0.8455576375744671,0.021961378308988578,1.5332949620874532,1.5347415589006947,1.499668294808164,1.6090937356757486,1.4379133775323716,1.7060812930754046
s03,412.0,1.6598909851418489,0,True,0.8498331011840323,0.0343270913514431,1.2443087832452042,1.2477005503933651,1.2257391720843767,0.8858337995032144,1.097678699449294,1.7060812930754046
s03,413.0,1.4466993473876568,0,False,0.9259923600864786,0.026346664005569335,1.707558799396497,1.7127135922501155,1.6783865008986725,2.0473430825739745,1.6598909851418489,1.7060812930754046
s03,414.0,1.6760765573280743,0,True,0.9468890585639541,0.030636299640818463,1.5311388483971233,1.5330887028197702,1.5067420388142008,1.292201504732817,1.4466993473876568,1.7060812930754046
s03,415.0,1.3506972572040092,0,False,0.8882008679076735,0.019495594391079445,1.7204269761459354,1.7220540988619761,1.6914177992211576,1.8517588020391398,1.6760765573280743,1.7060812930754046
s03,416.0,1.1679545374458797,0,False,0.8995373330958937,0.011065892344543117,1.4467650151312104,1.4489446056637572,1.4294490112726776,1.1268207301390736,1.3506972572040092,1.7060812930754046
s03,417.0,1.4560059543908672,0,False,0.9366991344931145,0.01594450841263834,1.2922737097310868,1.2933854187876932,1.2823195264431502,1.0470954848376783,1.1679545374458797,1.7060812930754046
s03,418.0,1.1828767567270142,0,False,0.8773932666356047,0.00552542714456806,1.5291701644800881,1.53017946566269,1.5142349572500515,1.6769268839818787,1.4560059543908672,1.7060812930754046
s03,419.0,1.1099522649223652,0,False,0.9234863441947914,-0.00017177801354804293,1.2991816489535968,1.2998591035262352,1.294333676381667,1.0036022223982637,1.1828767567270142,1.7060812930754046
s03,420.0,1.313894119924319,0,False,0.9693648269550076,0.0021815736434202806,1.2354622080558453,1.2354490646920417,1.2356208427055897,1.0653471270995634,1.1099522649223652,1.7060812930754046
s03,421.0,1.0982601909224616,0,False,0.8795491508149296,-0.006930611935950126,1.4019328773487316,1.4019997102348083,1.399818136591388,1.4756934984177228,1.313894119924319,1.7060812930754046
s03,422.0,1.2581488242705219,0,False,0.9871713460815853,-0.00576444909287813,1.2201115275945127,1.2192767295014555,1.2262073414374055,0.9609723064028066,1.0982601909224616,1.7060812930754046
s03,423.0,1.3456712323272533,0,False,0.9965761308705454,-0.00586947622876706,1.349246086979327,1.3491721368568843,1.3549365859497624,1.3864683025539717,1.2581488242705219,1.7060812930754046
s03,424.0,1.2510591310862103,0,False,0.9349940585289402,-0.010923692028372005,1.4195530873915074,1.4195329910730417,1.4254024673018086,1.4161688370375412,1.3456712323272533,1.7060812930754046
s03,425.0,1.2862864109973975,0,False,0.976167430802861,-0.01248424529118481,1.339014957975802,1.3383048530911577,1.3492285451195296,1.1862185616138317,1.2510591310862103,1.7060812930754046
s03,426.0,1.6922904609731755,0,False,0.8976712346682689,-0.0026687241550717757,1.3654039547425174,1.3651064231027412,1.377590668393926,1.3161486070386752,1.2862864109973975,1.7060812930754046
s03,427.0,1.395848958779725,0,False,0.900630745026672,-0.011847350898510207,1.702076270808805,1.7018031835610057,1.7044719077160775,1.9869688590705405,1.6922904609731755,1.7060812930754046
s03,428.0,0.8721941719001202,0,True,0.7466998937820295,-0.029300149218397374,1.455131378328551,1.4539541158963585,1.4658014667948687,1.187846150361993,1.395848958779725,1.7060812930754046
s03,429.0,1.036588066223838,0,False,0.9963526466681786,-0.028649427185608006,1.0223190627067482,1.0148973317975258,1.0441974810159231,0.6009509769697765,0.8721941719001202,1.7060812930754046
s03,430.0,1.8419889799212734,0,False,0.7799517600289012,-0.007826894762943078,1.1480090604161433,1.1479045658324432,1.176553993018051,1.1689723324503611,1.036588066223838,1.7060812930754046
s03,431.0,1.2279718102416142,0,False,0.8047959751047266,-0.02550284079072624,1.8188923055847437,1.817170011167719,1.824996905930662,2.3440040951506393,1.8419889799212734,1.7060812930754046
s03,432.0,1.8625367921879818,0,False,0.8337136014960863,-0.00878086750697507,1.3101159398982232,1.30513768272961,1.3306405235203362,0.8501571294732762,1.2279718102416142,1.7060812930754046
s03,433.0,1.6193147596393072,0,False,0.9358906808028176,-0.015184208383215495,1.8342195943474626,1.8327594555139877,1.8415403230209628,2.2849894767941956,1.8625367921879818,1.7060812930754046
s03,434.0,1.1451898350403396,0,True,0.8210102571469577,-0.029744522410029273,1.6315070851961277,1.6305336359341318,1.6457178443173472,1.4377390105122998,1.6193147596393072,1.7060812930754046
s03,435.0,1.4238452559337267,0,False,0.9406483006173899,-0.024056566584091103,1.2395706928199122,1.2342467284024545,1.2639912508124838,0.8530526212067129,1.1451898350403396,1.7060812930754046
s03,436.0,1.9190022681583832,0,False,0.8738117931116908,-0.010415055374900633,1.4657130259601112,1.4642852278520346,1.4883417944361257,1.6387081927003064,1.4238452559337267,1.7060812930754046
s03,437.0,1.8731009760764599,0,False,0.9963084969795867,-0.010519625549079476,1.877900905711489,1.8765866485490879,1.8870017039239886,2.2633179046895644,1.9190022681583832,1.7060812930754046
s03,438.0,1.8721099666594014,0,False,0.9940809349715785,-0.009542109966692523,1.8395649471426576,1.8395261139131698,1.8500457394622492,1.8361963261935554,1.8731009760764599,1.7060812930754046
s03,439.0,1.9683617856118536,0,False,0.968843693745169,-0.005682428892437507,1.8397622301727543,1.839705749803353,1.8492478597700457,1.8711814873716162,1.8721099666594014,1.7060812930754046
s03,440.0,1.841557236703133,0,False,0.9774273237173707,-0.00806749737902694,1.9212365630842914,1.9210595195894473,1.9267419484818848,2.0421447243709503,1.9683617856118536,1.7060812930754046
s03,441.0,2.682706101274875,0,False,0.8098638172983954,0.017916231532012074,1.8167639092469898,1.8165818042402422,1.824649301619269,1.741387436763728,1.841557236703133,1.7060812930754046
s03,442.0,2.820929831282277,0,False,0.9401204541077193,0.02695043334068047,2.5163832471214356,2.519789770993331,2.5018735394613185,3.196782694689252,2.682706101274875,1.7060812930754046
s03,443.0,2.4696135717710144,0,False,0.9717887712018228,0.021835528196856205,2.63849663018845,2.6401104098984898,2.6131599765578093,2.9131113225104537,2.820929831282277,1.7060812930754046
s03,444.0,2.0004802315787424,0,False,0.9239375531155124,0.011285603161401574,2.3515283923453394,2.35214439942723,2.3303088712303737,2.1908120869121745,2.4696135717710144,1.7060812930754046
s03,445.0,1.368066373207982,0,False,0.8242617057595606,-0.006589006528641493,1.9630282856183936,1.963886696209417,1.9526010930480155,1.6478600267808692,2.0004802315787424,1.7060812930754046
s03,446.0,1.1201504177504027,0,False,0.8741640870160499,-0.016089819867244164,1.4380021364719073,1.4368441957038247,1.4434332022324663,0.9616236169814334,1.368066373207982,1.7060812930754046
s03,447.0,1.2886196557374539,0,False,0.9823526463488127,-0.014263482425740057,1.2297664181933923,1.2277417410206504,1.2438315608878945,0.9612293607431249,1.1201504177504027,1.7060812930754046
s03,448.0,1.8788339233753084,0,False,0.84699905643343,0.0011453635641406907,1.3654574364312817,1.3652057237126172,1.3794692061383573,1.4234669096387436,1.2886196557374539,1.7060812930754046
s03,449.0,1.763422921930627,0,False,0.974820909855023,-0.0016261528705456998,1.8556315613807997,1.85580680308684,1.8546614395226992,2.2776228838385433,1.8788339233753084,1.7060812930754046
s03,450.0,1.9194531114069255,0,False,0.95722151367252,0.0031539667141131135,1.7601567369680156,1.7601157919182986,1.7617419447888443,1.672800730055917,1.763422921930627,1.7060812930754046
s03,451.0,2.2300813215954283,0,False,0.9168757568048145,0.013340846780043153,1.890383730809137,1.890518652731094,1.8873646860169808,2.0383292076501998,1.9194531114069255,1.7060812930754046
s03,452.0,2.229634372504968,0,False,0.9789192969724206,0.01570593945059623,2.1496890023610247,2.150797950153199,2.1374571033731558,2.4516856779887446,2.2300813215954283,1.7060812930754046
s03,453.0,2.9847160718486316,0,True,0.8346855318507936,0.04066332572640909,2.1524721037428765,2.1528031959882035,2.1370972565376074,2.227331364032959,2.229634372504968,1.7060812930754046
s03,454.0,2.3010310742535363,0,False,0.9121070586938944,0.026123540517929953,2.7789683451372014,2.7856905812028407,2.7450272554764314,3.4525224171410533,2.9847160718486316,1.7060812930754046
s03,455.0,1.8046723813683165,0,False,0.9026387227244058,0.01364260458323371,2.218407504378074,2.2207035791915244,2.1945800386735943,1.789607987747058,2.3010310742535363,1.7060812930754046
s03,456.0,2.559528008536616,0,True,0.8246378336563488,0.03617058767443542,1.8072669774223036,1.808595238829893,1.7949526342466593,1.443006884476158,1.8046723813683165,1.7060812930754046
s03,457.0,2.33125226138878,0,True,0.9849247618749812,0.03294201933481139,2.4325282534304025,2.4388712060429145,2.402700618368479,3.033198398689941,2.559528008536616,1.7060812930754046
s03,458.0,2.162599396114975,0,True,0.9871638596299827,0.030264390668004394,2.2513570762227504,2.2518536850085416,2.21891166567373,2.148540409689142,2.33125226138878,1.7060812930754046
s03,459.0,1.5407417883244625,0,False,0.8505567275244162,0.013084927234973908,2.1130020914586507,2.113390569425478,2.0831261787574737,2.027536741395329,2.162599396114975,1.7060812930754046
s03,460.0,0.6448091287132224,0,False,0.580050635308665,-0.015437066234655924,1.5935867900214498,1.5955422443675493,1.5824573171325753,1.1211286249455479,1.5407417883244625,1.7060812930754046
s03,461.0,0.4586274684387116,0,False,0.6962854454518075,-0.02704889970248625,0.8521713701909973,0.8456885840330555,0.8611256502677114,0.3172422228790469,0.6448091287132224,1.7060812930754046
s03,462.0,1.0740238151779344,0,False,0.7974052916275414,-0.015353540613955694,0.6923936567510756,0.6841785122269162,0.7112274119294024,0.4309737861010547,0.4586274684387116,1.7060812930754046
s03,463.0,1.4046763413432253,0,False,0.9243438821236449,-0.008953470000903511,1.194451200324655,1.191340654241486,1.2066941948554417,1.4959899665892604,1.0740238151779344,1.7060812930754046
s03,464.0,1.657754830750318,0,False,0.941059712736144,-0.003139477566114479,1.4646324677058078,1.463955082924017,1.4729085529249206,1.6559121388006106,1.4046763413432253,1.7060812930754046
s03,465.0,1.3802565778988414,0,False,0.9032105632162847,-0.011937595227438133,1.6737122083192348,1.6735271666096296,1.676666644175744,1.850618029286458,1.657754830750318,1.7060812930754046
s03,466.0,0.9633821422605999,0,False,0.7977540617573449,-0.026275435829984838,1.4424655954641055,1.4413101623454898,1.453247757572928,1.1855270546679904,1.3802565778988414,1.7060812930754046
s03,467.0,1.046445225264062,0,False,0.967196387167955,-0.027622253193054443,1.096653237538552,1.091339137366382,1.117614573196367,0.7268222888656963,0.9633821422605999,1.7060812930754046
s03,468.0,1.1917086008682463,0,False,0.996969207513975,-0.02657703269835319,1.1577740274108315,1.156867917711538,1.1844901709045923,1.1156554347073677,1.046445225264062,1.7060812930754046
s03,469.0,1.335344489235476,0,False,0.987170155552572,-0.024762717678609367,1.2749478713816849,1.2748673219106819,1.301444354609035,1.3086409070093943,1.1917086008682463,1.7060812930754046
s03,470.0,1.269328688106417,0,False,0.9451098892362484,-0.028452622067893892,1.3926432028984799,1.3923255010825677,1.417088218761177,1.4505534199336139,1.335344489235476,1.7060812930754046
s03,471.0,1.272910616864575,0,True,0.9655506677703648,-0.030329855825100862,1.3370468430149665,1.3354850754381407,1.3639376975060344,1.224288703855314,1.269328688106417,1.7060812930754046
s03,472.0,1.36267375765883,0,True,0.9984834276930264,-0.029544394623990774,1.3375365609016228,1.336491717621827,1.3668215734469278,1.2789303149483797,1.272910616864575,1.7060812930754046
s03,473.0,1.4092404866738673,0,True,0.9895400152129114,-0.029553593468520836,1.4095919210355823,1.4095471148248693,1.43909150944886,1.4349499841233209,1.36267375765883,1.7060812930754046
s03,474.0,1.926886954650707,0,False,0.8679061683407632,-0.01515787390331548,1.4473387659486134,1.4470296358105288,1.4765832292790497,1.4470444477481623,1.4092404866738673,1.7060812930754046
s03,475.0,1.5734014148698903,0,False,0.9078555904690955,-0.024301589489558812,1.8801941960550308,1.8781919344113343,1.8933498083146498,2.2841711891915364,1.926886954650707,1.7060812930754046
s03,476.0,1.161648717729214,0,True,0.8389338347042055,-0.036985645553531496,1.586689842142481,1.5844505865283032,1.608752176017862,1.3182852383674313,1.5734014148698903,1.7060812930754046
s03,477.0,0.7970423662098647,0,True,0.7691104595940242,-0.0502820830922629,1.246214086934541,1.2402569508342443,1.2772425963877758,0.9021523776161686,1.161648717729214,1.7060812930754046
s03,478.0,0.7389556900231697,0,True,0.8583824654782788,-0.05611569179234525,0.9450189204150756,0.9334093133592479,0.9836913964515108,0.6143643767222213,0.7970423662098647,1.7060812930754046
s03,479.0,0.7215347791267712,0,True,0.8705556367542158,-0.060893920398495095,0.8887560319180454,0.8808090659984328,0.936924757790778,0.7268479187162503,0.7389556900231697,1.7060812930754046
s03,480.0,0.6258081789840599,0,True,0.8088472258775462,-0.06797982339167188,0.8698873201748085,0.8620049454232859,0.9228988658217809,0.7353899057954596,0.7215347791267712,1.7060812930754046
s03,481.0,0.7792110720191658,0,True,0.959144402888815,-0.06793892573891527,0.7908423487529516,0.777847816927279,0.8458276403189509,0.6055266624362055,0.6258081789840599,1.7060812930754046
s03,482.0,1.3929694081956945,0,True,0.8210854858163467,-0.0531917286438969,0.9041718570732384,0.9013961716950827,0.9693350974339979,0.9054401888095986,0.7792110720191658,1.7060812930754046
s03,483.0,1.5203191132962253,0,True,0.9809868487194252,-0.049890896034301226,1.4198081319319475,1.410291359643036,1.463483088286933,1.8113230721471738,1.3929694081956945,1.7060812930754046
s03,484.0,1.5245790019830288,0,True,0.9866167906803729,-0.049637238602997395,1.5170723374267248,1.5161237542729011,1.5660146503072023,1.6217700433748063,1.5203191132962253,1.7060812930754046
s03,485.0,1.6682439580760726,0,True,0.9695362611797294,-0.0451841336258605,1.520471431059115,1.5198071255048429,1.5694443641078402,1.5285632577384836,1.5245790019830288,1.7060812930754046
s03,486.0,2.001429287175997,0,True,0.9143244080944399,-0.03433907993823404,1.6413039752340475,1.639927497588449,1.6851116312143095,1.780901420156345,1.6682439580760726,1.7060812930754046
s03,487.0,1.2556290131854744,0,True,0.7829404942830518,-0.05424099299324568,1.9219681360183958,1.9190261150191952,1.9533651949574293,2.24258214851442,2.001429287175997,1.7060812930754046
s03,488.0,1.4971892528870978,0,True,0.9494741423313503,-0.04828532082434545,1.3104403703858007,1.2986668472570904,1.352907840250336,0.8066219292146324,1.2556290131854744,1.7060812930754046
s03,489.0,1.3273431935196254,0,True,0.9236002400899586,-0.05343823677397115,1.5015467157546045,1.4991070585071486,1.547392379331494,1.684383849849139,1.4971892528870978,1.7060812930754046
s03,490.0,1.3625303765555163,0,True,0.9826838859941361,-0.05327856527904874,1.3612906618509835,1.357207993391436,1.4106462301654072,1.2074087493179655,1.3273431935196254,1.7060812930754046
s03,491.0,1.648798795850525,0,True,0.9321680609979559,-0.04538552656666508,1.3866200831481772,1.3856975054377363,1.4389760707167851,1.3916933967134926,1.3625303765555163,1.7060812930754046
s03,492.0,1.4277501768202046,0,True,0.9220983516778372,-0.051275134796407745,1.6271490394146058,1.62407045114496,1.6694559777116251,1.8650460205528505,1.648798795850525,1.7060812930754046
s03,493.0,2.1941639621915385,0,False,0.8096315223940798,-0.028656533403056243,1.444204999931737,1.4402105824131557,1.4914857172095635,1.268609196616613,1.4277501768202046,1.7060812930754046
s03,494.0,2.535509284006129,0,False,0.9081695720062543,-0.014987740417512638,2.085338151792079,2.079882851154676,2.1085393845577323,2.677449841795689,2.1941639621915385,1.7060812930754046
s03,495.0,2.8070074480135165,0,False,0.918465077610653,-0.0018287659666172112,2.369751296934202,2.3683749663170026,2.3833627067345153,2.7711237775761193,2.535509284006129,1.7060812930754046
s03,496.0,2.4627422374154215,0,False,0.9725437242224627,-0.005950160248069994,2.600271155088337,2.6001220467971806,2.601950812763798,2.991053712941961,2.8070074480135165,1.7060812930754046
s03,497.0,2.009881346287763,0,False,0.9274460965470344,-0.015218514103842392,2.318989844054201,2.3188264748135095,2.3247766350615793,2.189390208748566,2.4627422374154215,1.7060812930754046
s03,498.0,1.5894177509236722,0,False,0.8957121370163058,-0.025884529193678663,1.9460557498545354,1.9449515872515477,1.96017010135539,1.6681216949610629,2.009881346287763,1.7060812930754046
s03,499.0,1.648297436104062,0,False,0.9918636299861182,-0.024308486812379414,1.5984621322947015,1.5957626900607538,1.6216472192544324,1.2895598391454202,1.5894177509236722,1.7060812930754046
s03,500.0,1.0054001471316494,0,True,0.7523640533565917,-0.04348879751010079,1.6449416198988778,1.6447438370556946,1.6690523238680741,1.695485704692465,1.648297436104062,1.7060812930754046
s03,501.0,0.9197340277966787,0,True,0.8884226760657706,-0.04913543372739939,1.1187246245797624,1.107955235039965,1.1514440325500659,0.6521359908417241,1.0054001471316494,1.7060812930754046
s03,502.0,0.6668629473041132,0,True,0.7631629413821852,-0.06012966278597279,1.0388196494622106,1.0333372492565596,1.082472682983959,0.8766162604897423,0.9197340277966787,1.7060812930754046
s03,503.0,1.0065373843385579,0,True,0.9324900153193507,-0.05449609878482652,0.8329928501035935,0.8187519176336826,0.8788815804196554,0.5617036320711517,0.6668629473041132,1.7060812930754046
s03,504.0,0.9713811976132416,0,True,0.9150032369152127,-0.058290569179686794,1.1015425749027026,1.097863544108584,1.1523596428934104,1.2713974054453518,1.0065373843385579,1.7060812930754046
s03,505.0,1.5269415152069366,0,True,0.8483389567258175,-0.044455249389138106,1.0707186985539574,1.065764188855314,1.1240547580350009,0.9584588947917637,0.9713811976132416,1.7060812930754046
s03,506.0,0.9982776138958124,0,True,0.7774595765157623,-0.060313657483805905,1.533633346552776,1.5268912170514053,1.5713464664405434,1.9131309976984312,1.5269415152069366,1.7060812930754046
s03,507.0,1.2311238352950833,0,True,0.9641467727869868,-0.055941819248364756,1.0988181209920411,1.0853958941137116,1.1457095515975175,0.7001716841837171,0.9982776138958124,1.7060812930754046
s03,508.0,1.0379578111366772,0,True,0.8757821349112793,-0.06312017862207993,1.2792421516834034,1.2772364569271826,1.3331782761755473,1.4155301821524675,1.2311238352950833,1.7060812930754046
s03,509.0,0.8716386653216277,0,True,0.8510711288655184,-0.07040711728999924,1.1223772747513912,1.1145366209189378,1.1776567995410177,0.9191079903997753,1.0379578111366772,1.7060812930754046
s03,510.0,1.0875491490625042,0,True,0.9795025451721292,-0.06698093627663947,0.9838287677816777,0.9733431152838451,1.0437502325738444,0.7833070336304284,0.8716386653216277,1.7060812930754046
s03,511.0,0.9968032125776392,0,True,0.9005441983437964,-0.07159492242023999,1.1519756894133153,1.1506027506976564,1.2175836869742958,1.2604848371507196,1.0875491490625042,1.7060812930754046
s03,512.0,0.9907119551030044,0,True,0.9281505264587661,-0.07406139062356064,1.080048092284178,1.0729275618803593,1.1445224843005992,0.945699908975099,0.9968032125776392,1.7060812930754046
s03,513.0,0.9945110981438817,0,True,0.9321811006385572,-0.07619276502670902,1.0708781835081957,1.0655569115821613,1.1396183022057218,0.9968589785560728,0.9907119551030044,1.7060812930754046
s03,514.0,0.9191148439130264,0,True,0.8918573679345627,-0.08061384859791501,1.0716516057499756,1.0664842962865593,1.1426770613132682,1.0074108681203184,0.9945110981438817,1.7060812930754046
s03,515.0,1.0382817843759236,0,True,0.9794461754709257,-0.07950620461228675,1.010078111956618,1.0013603181883148,1.08197416678623,0.8825885560060358,0.9191148439130264,1.7060812930754046
s03,516.0,1.6405660070529424,0,True,0.8361716328904618,-0.06324156735084385,1.1000455882500866,1.098411431671513,1.1779176362837998,1.135123299434812,1.0382817843759236,1.7060812930754046
s03,517.0,1.3043594422705524,0,True,0.8794126824074814,-0.07209836535706043,1.6099468051903083,1.5995860424777715,1.6628276098286154,2.0496810534687615,1.6405660070529424,1.7060812930754046
s03,518.0,1.0636687083430858,0,True,0.8665454347585329,-0.07978960097595113,1.3287373774539886,1.3200432289727753,1.3921415943298356,1.0769001415399049,1.3043594422705524,1.7060812930754046
s03,519.0,0.7639562267939672,0,True,0.7792467287415761,-0.09042793944734706,1.1292157956828672,1.1185675091738316,1.1983571101497827,0.9137204303560046,1.0636687083430858,1.7060812930754046
s03,520.0,0.9275317014572686,0,True,0.9843808771156004,-0.08860074454929248,0.88658746830161,0.8666252048554494,0.9570531443027964,0.6185476769853262,0.7639562267939672,1.7060812930754046
s03,521.0,1.341849636735146,0,True,0.8961048271949792,-0.07834975506363212,1.001533853129899,1.0001499872131343,1.0887507317624268,1.059690387960428,0.9275317014572686,1.7060812930754046
s03,522.0,0.9779419817685617,0,True,0.8152839292303674,-0.0893307718957828,1.352116037515151,1.343975876173584,1.4223256312372161,1.6491287817410332,1.341849636735146,1.7060812930754046
s03,523.0,1.0409168384489897,0,True,0.9593611234483195,-0.08930345252324882,1.0565070218812647,1.0400061926978574,1.1293369645936402,0.7670381167691054,0.9779419817685617,1.7060812930754046
s03,524.0,1.7868908936548,0,True,0.79583975499208,-0.06841879712412625,1.0943649056667795,1.0907357136840483,1.180039166207297,1.095212334653723,1.0409168384489897,1.7060812930754046
s03,525.0,1.8454056253272237,0,True,0.9821648167549515,-0.0644231575104589,1.7261860365889876,1.7122176382049787,1.780636435329105,2.263593165417446,1.7868908936548,1.7060812930754046
s03,526.0,1.432874884105808,0,True,0.8791003691875039,-0.07433664753919628,1.7644735505498106,1.763324551730387,1.8277477092408458,1.8913617288667146,1.8454056253272237,1.7060812930754046
s03,527.0,1.4693122839969888,0,True,0.9911462329366547,-0.072895530958548,1.4302623378853736,1.4212750646420462,1.4956117121812424,1.1484788658229181,1.432874884105808,1.7060812930754046
s03,528.0,1.506228852974544,0,True,0.9938356032193044,-0.07127024319188004,1.4526979941366778,1.452052594085612,1.5249481250441599,1.4988815458709488,1.4693122839969888,1.7060812930754046
s03,529.0,1.2596537412496784,0,True,0.8953776043017355,-0.07798263342804028,1.4838394205127112,1.4834000824550198,1.5546703256468999,1.536066446597767,1.506228852974544,1.7060812930754046
s03,530.0,2.009839792375802,0,True,0.8061117603603599,-0.05603240731272283,1.2863243184639885,1.2781655885318874,1.3561482219599277,1.0919969793930628,1.2596537412496784,1.7060812930754046
s03,531.0,1.9400367201508013,0,True,0.9948536573272563,-0.05495443285518727,1.9149682630495846,1.9041042382329496,1.9601366455456724,2.4870851081063408,2.009839792375802,1.7060812930754046
s03,532.0,2.101978657832737,0,True,0.9506304425101371,-0.04736454783959788,1.849265304989283,1.848982490646424,1.9039369235016113,1.8839404392105188,1.9400367201508013,1.7060812930754046
s03,533.0,1.813053552103538,0,True,0.9425712017017128,-0.05258158446079683,1.989293139577718,1.9869547728101697,2.0343193206497676,2.2225838221924406,2.101978657832737,1.7060812930754046
s03,534.0,1.78959676750869,0,True,0.9966348659290596,-0.05136724791544255,1.7521385798717508,1.7491188826635473,1.8017004671243442,1.5931417257702716,1.813053552103538,1.7060812930754046
s03,535.0,2.2403472036286756,0,True,0.8864306864513591,-0.036100263875475505,1.731620593305865,1.7314477356297744,1.782814983545217,1.7707520145015236,1.78959676750869,1.7060812930754046
s03,536.0,2.000198609802701,0,True,0.9649460273046947,-0.039382968212214625,2.1137219698812673,2.109622087694005,2.1457223515694803,2.551292951491675,2.2403472036286756,1.7060812930754046
s03,537.0,1.9164909055495678,0,True,0.9907382342957489,-0.03927798262649971,1.9143719155181083,1.9129913860257373,1.952374354237952,1.8119517977415838,2.000198609802701,1.7060812930754046
s03,538.0,1.6344189981972936,0,True,0.928916859383293,-0.04561646600917548,1.8460655610922414,1.845701777619819,1.8849797602463187,1.849428655652347,1.9164909055495678,1.7060812930754046
s03,539.0,1.7579936783982004,0,True,0.970738295392875,-0.04124451791546407,1.6155046369422543,1.6122620752744867,1.6578785412836623,1.4251284251163974,1.6344189981972936,1.7060812930754046
s03,540.0,1.421732602677929,0,True,0.8946059250816542,-0.05007632716216918,1.7173331291346712,1.7161262442347656,1.7573707621502297,1.8545563596958203,1.7579936783982004,1.7060812930754046
s03,541.0,1.4670215169395744,0,True,0.9933699642246733,-0.04916261760625738,1.4418422799190798,1.4365645317425146,1.4866408589046838,1.1863769727572624,1.421732602677929,1.7060812930754046
s03,542.0,1.5516195196113955,0,True,0.9907423116721565,-0.04683226709534808,1.4742671191612904,1.4739411692477522,1.5231037868540096,1.5036145218280172,1.4670215169395744,1.7060812930754046
s03,543.0,1.6052276698357235,0,True,0.9956237506022992,-0.04500692427589826,1.5448164677198513,1.5443829091873962,1.5912151762827442,1.6194669192738222,1.5516195196113955,1.7060812930754046
s03,544.0,1.5021215142178372,0,True,0.9579074710292214,-0.04762435329004977,1.5895661095481424,1.5893691480228875,1.634376072298786,1.6483272436852936,1.6052276698357235,1.7060812930754046
s03,545.0,1.2250243201913107,0,True,0.8826914216864468,-0.05598579606263138,1.50574370874794,1.503739079277364,1.5513634325674137,1.424675803304005,1.5021215142178372,1.7060812930754046
s03,546.0,0.9604624936275252,0,True,0.8396825015195886,-0.06534037074332802,1.278849263792606,1.2722816496507463,1.3282674457133776,1.0402107106582221,1.2250243201913107,1.7060812930754046
s03,547.0,1.208259043408519,0,True,0.9600711555221009,-0.06059030564938481,1.0603987450644319,1.0499235402770788,1.1152639110204068,0.8064245287816658,0.9604624936275252,1.7060812930754046
s03,548.0,1.8871403626078855,0,True,0.8215472089236842,-0.04160146810220737,1.2565984119264475,1.2541791110353049,1.3147694166846897,1.4040513608944754,1.208259043408519,1.7060812930754046
s03,549.0,1.7823265013196048,0,True,0.9783450713096409,-0.04272410216083622,1.8271715347029442,1.819747636607233,1.8613491047094404,2.331578857801651,1.8871403626078855,1.7060812930754046
s03,550.0,2.108418669405222,0,True,0.9148117587694746,-0.0314986658170681,1.7351626453319375,1.734237457946285,1.7769615601071211,1.699650185558619,1.7823265013196048,1.7060812930754046
s03,551.0,1.8964175849459655,0,True,0.9636966638452285,-0.034846307024388734,2.0106889411320505,2.0080056251899863,2.0395042910070544,2.3427251521206958,2.108418669405222,1.7060812930754046
s03,552.0,2.1720174006577544,0,False,0.9250682169441833,-0.02470494674444524,1.8352370951906303,1.8339720579929715,1.8688183650173602,1.730926183745686,1.8964175849459655,1.7060812930754046
s03,553.0,2.20023603768373,0,False,0.9745074597709454,-0.02067798077290883,2.067855024342377,2.0660038386325166,2.090708785376962,2.3711885766560172,2.1720174006577544,1.7060812930754046
s03,554.0,2.538312973834772,0,False,0.908768950127502,-0.007311095821376382,2.093277276373733,2.092750142117024,2.1134281228899328,2.220163247311093,2.20023603768373,1.7060812930754046
s03,555.0,2.603053469895289,0,False,0.9564625595996236,-0.0005687591009644411,2.378975911495727,2.3783089125482246,2.385620008369601,2.7717421682878225,2.538312973834772,1.7060812930754046
s03,556.0,2.7586734638458976,0,False,0.9383054767966638,0.009076194837338528,2.4371997615512595,2.4371749992357987,2.4377437583367634,2.6457107234902293,2.603053469895289,1.7060812930754046
s03,557.0,2.7949210354473752,0,False,0.9567657859768274,0.0157604527448705,2.571552487016653,2.572112438529643,2.5630362436923044,2.8641663440382654,2.7586734638458976,1.7060812930754046
s03,558.0,2.7625096925979316,0,False,0.9682308528290775,0.02039633526998462,2.607298884307054,2.607980275094128,2.592219822349257,2.8140792573888707,2.7949210354473752,1.7060812930754046
s03,559.0,2.723222246659317,0,False,0.9703301286983166,0.024497366776267702,2.5858732222729413,2.5865211964498807,2.566124861179896,2.731004767478923,2.7625096925979316,1.7060812930754046
s03,560.0,2.9029897378789022,0,True,0.9322988916028829,0.03481732317591665,2.5582643575044557,2.558991191223938,2.53449382444767,2.6869301507180854,2.723222246659317,1.7060812930754046
s03,561.0,3.170748431729351,0,True,0.9160579536812089,0.04851841947124252,2.7116880505147254,2.7140452218851556,2.679227898709239,3.0227762303613686,2.9029897378789022,1.7060812930754046
s03,562.0,2.4065636726928274,0,True,0.9079981500981018,0.03241561838726031,2.939250973410998,2.9433237088255675,2.894805289354325,3.3450665830250257,3.170748431729351,1.7060812930754046
s03,563.0,1.7008953494173658,0,False,0.8548269922206704,0.014083622769609463,2.3089795731483846,2.3119618700057267,2.2795462516184664,1.8362237668889203,2.4065636726928274,1.7060812930754046
s03,564.0,1.4791618761342036,0,False,0.9273361663851427,0.006693974576934832,1.7234389206787974,1.7254834825566912,1.7113998597870816,1.2167534495127375,1.7008953494173658,1.7060812930754046
s03,565.0,1.8804335067585938,0,False,0.8983402757850144,0.016919814221997564,1.5390857754016225,1.539572185256503,1.5328782106795682,1.3175155292298928,1.4791618761342036,1.7060812930754046
s03,566.0,1.667072002633509,0,False,0.9464712384901615,0.010745901079084241,1.8711490437497094,1.8728691073972863,1.8559492931752888,2.168172213705463,1.8804335067585938,1.7060812930754046
s03,567.0,2.1880740848149274,0,False,0.8700516431610259,0.025540704533505373,1.694338754891486,1.6949139696675568,1.6841680685884726,1.5054011454867282,1.667072002633509,1.7060812930754046
s03,568.0,2.5563390724138286,0,True,0.9029674632664635,0.03835556616176941,2.1258580455517224,2.129177018138361,2.1036363136048557,2.5420605710214095,2.1880740848149274,1.7060812930754046
s03,569.0,2.6116178190718298,0,True,0.9578484833686065,0.043549439310855,2.434766976219783,2.4384887141023106,2.400133147940541,2.8089090096760088,2.5563390724138286,1.7060812930754046
s03,570.0,1.804191749473159,0,False,0.8494598595412317,0.023029536470525348,2.4863528359020806,2.48818851081748,2.444639071506625,2.6472093430054384,2.6116178190718298,1.7060812930754046
s03,571.0,1.6944572361351142,0,False,0.9713527481369877,0.019335397397275994,1.8141283355884528,1.8175952052434259,1.7945656687729006,1.2505313765547945,1.804191749473159,1.7060812930754046
s03,572.0,1.9588186338992657,0,False,0.9311810618743904,0.02633340195900286,1.7249979091759258,1.725551815175037,1.706216417777761,1.6089758166233608,1.6944572361351142,1.7060812930754046
s03,573.0,2.046626339664906,0,True,0.9678766390464629,0.029370432582132892,1.943579748800518,1.9453919855605715,1.9190585836015686,2.1542769834414157,1.9588186338992657,1.7060812930754046
s03,574.0,2.01198276069485,0,True,0.9944528844845242,0.02915617752579332,2.018181118898972,2.019124595906169,1.989754163324036,2.113224014313318,2.046626339664906,1.7060812930754046
s03,575.0,2.180142565534708,0,True,0.9473706038455464,0.03482990951749634,1.9908564331265488,1.9910181658112742,1.9618619882854809,1.9839672810589317,2.01198276069485,1.7060812930754046
s03,576.0,1.7501970681960572,0,False,0.9099251752984497,0.02337340917928743,2.1302473356970006,2.1320804128030204,2.097250503285524,2.304043105561879,2.180142565534708,1.7060812930754046
s03,577.0,1.2877915754441267,0,False,0.8478174698761846,0.008773147079788055,1.7723616230262702,1.774466978760772,1.7510935695814847,1.4353009118197724,1.7501970681960572,1.7060812930754046
s03,578.0,1.3116399564387888,0,False,0.9750875296958503,0.00649507625121613,1.3862405310047692,1.3875756507245196,1.3788025036447316,0.9860069791866058,1.2877915754441267,1.7060812930754046
s03,579.0,1.7256044896835907,0,False,0.8953051759699808,0.016128260596121612,1.4043365364591767,1.4044983448534083,1.3980032686021922,1.3325139063590685,1.3116399564387888,1.7060812930754046
s03,580.0,1.4669249204875663,0,False,0.9174806268167572,0.007713351262541421,1.7457333528685512,1.7474218982735725,1.7312936376774508,2.024596706565713,1.7256044896835907,1.7060812930754046
s03,581.0,1.247719524260396,0,False,0.9008349069136139,-0.0007772440063717953,1.530102865646176,1.5307393665575029,1.5230260152949615,1.2804728389368443,1.4669249204875663,1.7060812930754046
s03,582.0,1.5286866321891928,0,False,0.9367704739511216,0.004710479270385944,1.3458395984381777,1.345762522963935,1.3465397669703068,1.0985340697464703,1.247719524260396,1.7060812930754046
s03,583.0,2.1637220630062295,0,False,0.8420697497000369,0.022298282027303835,1.5771641297372374,1.577461971108967,1.572751491838581,1.743381297098388,1.5286866321891928,1.7060812930754046
s03,584.0,2.1714365747929496,0,False,0.9794866854442396,0.02425152906202667,2.102806767040357,2.1063283403021886,2.0840300582748847,2.5816684992181145,2.1637220630062295,1.7060812930754046
s03,585.0,2.6440328490712774,0,True,0.8831606989644282,0.04013773410478453,2.1139952017352415,2.114492680979349,2.0902411519173225,2.175854671067829,2.1714365747929496,1.7060812930754046
s03,586.0,2.4124898794079996,0,True,0.9880854173154717,0.03718618842585704,2.5061850705742943,2.510874735372249,2.4707370012674645,2.959824063606648,2.6440328490712774,1.7060812930754046
s03,587.0,2.0159881540449076,0,False,0.9376819320033613,0.028020720944010133,2.321060678856415,2.3215037367731375,2.2843175483472806,2.226764416637346,2.4124898794079996,1.7060812930754046
s03,588.0,2.2969841795546326,0,True,0.922228007401173,0.03713702060436905,1.9913613270162323,1.993107524209336,1.9650868032653257,1.713479178402585,2.0159881540449076,1.7060812930754046
s03,589.0,2.2576709978448237,0,True,0.9851051030990449,0.038013385615476146,2.2255706107163347,2.22845883080792,2.191321810203551,2.497406866200516,2.2969841795546326,1.7060812930754046
s03,590.0,2.0230193856615823,0,True,0.9673723643821444,0.03277346402283282,2.1971172332900943,2.197683438749693,2.159670053134217,2.2250309764661105,2.2576709978448237,1.7060812930754046
s03,591.0,2.1859204249589066,0,True,0.9483027305815047,0.0382454395821657,2.002451919005739,2.003521239647811,1.970747775624978,1.8385556963375775,2.0230193856615823,1.7060812930754046
s03,592.0,2.4674929003967674,0,True,0.920087643013383,0.048065792519174054,2.138170617702381,2.140147802496489,2.1019023629143234,2.3059511738241443,2.1859204249589066,1.7060812930754046
s03,593.0,2.6381491790069767,0,True,0.9377449331903323,0.05591024970882671,2.372826221914585,2.376667272685222,2.3286014801660477,2.6649768161062655,2.4674929003967674,1.7060812930754046
s03,594.0,2.795726552755215,0,True,0.9374003188207807,0.06412474025313862,2.5184295049471834,2.5219102012781516,2.4659999515693247,2.7562767377381325,2.6381491790069767,1.7060812930754046
s03,595.0,2.728050349082747,0,True,0.9746204649826051,0.06625645774883059,2.652978910930801,2.6569930992263475,2.592868358973209,2.901954180048555,2.795726552755215,1.7060812930754046
s03,596.0,3.082458263408636,0,True,0.9032981533396197,0.0805910813949946,2.6029559171136043,2.604637475203169,2.5383810174543386,2.67013215151217,2.728050349082747,1.7060812930754046
s03,597.0,2.3583958766156554,0,True,0.9103007176755392,0.06421358714379855,2.8965190452602707,2.9043123516555234,2.823721270260529,3.315185241805152,3.082458263408636,1.7060812930754046
s03,598.0,2.2012022336312618,0,True,0.9911043167693601,0.06110028203045599,2.299219158060402,2.30497907074268,2.2407654835988815,1.8171794438113003,2.3583958766156554,1.7060812930754046
s03,599.0,1.9996756053622808,0,True,0.9721971709455601,0.05583136098620487,2.1747627780830725,2.175306306837318,2.114206024806862,2.0749947169785288,2.2012022336312618,1.7060812930754046
s04,350.0,0.978302206095643,0,False,0.8915181256847983,-0.023413723792075503,1.2004872996176565,1.2002625400513363,1.217017453824741,1.245420578351864,1.0848639270656537,1.6841427380691836
s04,351.0,1.1680752466274633,0,False,0.9844741051903252,-0.021637443371383572,1.1114058639127284,1.1088658992710656,1.1322796230631411,0.9194606528353134,0.978302206095643,1.6841427380691836
s04,352.0,1.4152521861390286,0,False,0.9511526203717154,-0.01702636617473701,1.261885553587211,1.2615496129174768,1.2831870562888603,1.3184269207670762,1.1680752466274633,1.6841427380691836
s04,353.0,1.6936853232381437,0,False,0.9326929423907662,-0.010097276787790975,1.4635473703788369,1.4627156770066094,1.4797420431813464,1.6053561374980647,1.4152521861390286,1.6841427380691836
s04,354.0,1.4303428169865762,0,False,0.9136638589822628,-0.017918632288617224,1.6917342850045698,1.6910546670141176,1.7011519438019085,1.9006953311828145,1.6936853232381437,1.6841427380691836
s04,355.0,1.3234401702034666,0,False,0.9403263081355364,-0.022430131387419373,1.4753704990609866,1.4738234734968716,1.4917421057854887,1.2443135939317753,1.4303428169865762,1.6841427380691836
s04,356.0,1.2009916476756959,0,False,0.921259720628767,-0.02792947314482066,1.3856415283379642,1.3843030395890719,1.4067331709764912,1.2484744332385835,1.3234401702034666,1.6841427380691836
s04,357.0,1.0370959936363424,0,False,0.8842231801030986,-0.0352595740323974,1.2836318644070148,1.2814326898889001,1.3093621630337209,1.1198207847558932,1.2009916476756959,1.6841427380691836
s04,358.0,1.7376973416725072,0,False,0.8088019990974316,-0.01744183902518941,1.1478550827846319,1.1437728414322417,1.179032415464639,0.9382883573256,1.0370959936363424,1.6841427380691836
s04,359.0,1.8620229283906782,0,False,0.9650679951478554,-0.01314240441206341,1.7220432860401589,1.7187084412864784,1.7361502803116677,2.187999589454211,1.7376973416725072,1.6841427380691836
s04,360.0,1.5792396098444685,0,False,0.9251999836818394,-0.0204213618490347,1.822330614944869,1.821871524410178,1.8350139288222413,1.9564895929478034,1.8620229283906782,1.6841427380691836
s04,361.0,1.9426707447307747,0,False,0.9065414261962522,-0.009832941630021998,1.5912509222965652,1.5897234040970183,1.610144765946053,1.373502370201584,1.5792396098444685,1.6841427380691836
s04,362.0,1.5487645399852756,0,False,0.8985315537127765,-0.020049368223203766,1.8902310657923718,1.8893120930913343,1.8991450347213563,2.2005936097761625,1.9426707447307747,1.6841427380691836
s04,363.0,0.9559376518576252,0,False,0.7526642453936578,-0.03834708775946463,1.5678960146423024,1.5658616363996536,1.5859110046228573,1.2710830742969954,1.5487645399852756,1.6841427380691836
s04,364.0,1.402245526226349,0,False,0.8859007741805767,-0.028564169539143147,1.085632858103576,1.076148252215633,1.1144953399750976,0.6403369217979417,0.9559376518576252,1.6841427380691836
s04,365.0,1.347660591840096,0,False,0.9568646867195446,-0.03135940129651408,1.4440941333830513,1.44083498375246,1.4693991532916033,1.724317266062192,1.402245526226349,1.6841427380691836
s04,366.0,1.6149567386092585,0,False,0.9379662145575287,-0.02474971426794303,1.395986535256103,1.3946338376568903,1.4259932389534045,1.3095059084884197,1.347660591840096,1.6841427380691836
s04,367.0,1.9699948575533939,0,False,0.9082809685883901,-0.014063787415206657,1.6153326142601752,1.6137972957955151,1.638547010063458,1.8157883885252022,1.6149567386092585,1.6841427380691836
s04,368.0,1.688377599825059,0,False,0.9356758984456156,-0.020616740492406277,1.9080992860247477,1.906809369065046,1.9208731564802528,2.221920928434949,1.9699948575533939,1.6841427380691836
s04,369.0,1.7120799577722021,0,False,0.9955630266098702,-0.019543776883128135,1.6776406574387515,1.6763145041295975,1.6969312446220037,1.4793907557640418,1.688377599825059,1.6841427380691836
s04,370.0,1.5871849191977616,0,False,0.961128025485485,-0.022815296458549104,1.696322286929767,1.6962355717117938,1.715779348594922,1.7308608473079783,1.7120799577722021,1.6841427380691836
s04,371.0,1.6357904272804806,0,False,0.9940666460553704,-0.021551010913401822,1.594534451398049,1.5936475757755713,1.6164628722341203,1.492867162219195,1.5871849191977616,1.6841427380691836
s04,372.0,1.7400976841627145,0,False,0.9750077250641654,-0.01835496854814477,1.6336908084297599,1.6335629386541461,1.655113949567548,1.674326827388934,1.6357904272804806,1.6841427380691836
s04,373.0,1.8505251981628554,0,False,0.9687052644582332,-0.014430334492989519,1.7201627954114076,1.7197040629910139,1.7380590315391586,1.8209188292742486,1.7400976841627145,1.6841427380691836
s04,374.0,1.677480222753174,0,False,0.9577058459062848,-0.018449145949005905,1.811892198122124,1.8114406046203868,1.8258709391133763,1.9348175067951883,1.8505251981628554,1.6841427380691836
s04,375.0,1.7993864814601963,0,False,0.9681861160850666,-0.014562046790602884,1.6705968005350937,1.669816509513429,1.688265655462435,1.5461509989260478,1.677480222753174,1.6841427380691836
s04,376.0,1.7235904497094086,0,False,0.9824657713404076,-0.015973635559646423,1.7711066839436866,1.7706434086775265,1.7852054554681294,1.8927910964070664,1.7993864814601963,1.6841427380691836
s04,377.0,1.8014192821996735,0,False,0.9783418026262531,-0.013199822619140742,1.7092389362279121,1.7089588508494842,1.7249324864091307,1.6643978522502454,1.7235904497094086,1.6841427380691836
s04,378.0,1.8935954639698631,0,False,0.971029586542576,-0.009600622151481983,1.7739079994114884,1.7736221150479046,1.7868219376670453,1.8616521673378712,1.8014192821996735,1.6841427380691836
s04,379.0,1.8885854600500736,0,False,0.992417190490159,-0.008458651516642329,1.8507979062152622,1.8505197722220852,1.8601203943735671,1.9638006474730851,1.8935954639698631,1.6841427380691836
s04,380.0,1.8158542012188281,0,False,0.9890453418218753,-0.009413359182449977,1.8477419304222438,1.847677790079083,1.8561364415957253,1.8843856621015216,1.8885854600500736,1.6841427380691836
s04,381.0,1.7997844602935422,0,False,0.9995881850896461,-0.009086441954112267,1.7889903394811035,1.788887219348952,1.798300578531402,1.7584596163284827,1.8158542012188281,1.6841427380691836
s04,382.0,1.619990975834759,0,False,0.951467181243275,-0.013779777261963813,1.776439228028756,1.776435486096477,1.7855219280505894,1.7870051987280948,1.7997844602935422,1.6841427380691836
s04,383.0,1.9614033721757025,0,False,0.9116540354281234,-0.0038007897734744153,1.6294392273250857,1.6287704558927227,1.6425502331546866,1.4850529646413753,1.619990975834759,1.6841427380691836
s04,384.0,1.820839176123871,0,False,0.975080128618506,-0.006482827136132583,1.9105762059844822,1.9102404215458098,1.9140412113192842,2.2047249622167175,1.9614033721757025,1.6841427380691836
s04,385.0,1.9499212934053476,0,False,0.9607021687814565,-0.001858642367340269,1.7959433523306916,1.7957818011122706,1.8022646282484032,1.7113851757825531,1.820839176123871,1.6841427380691836
s04,386.0,1.4520026237442127,0,False,0.8652902040551673,-0.015390124413256382,1.9031250658887968,1.9030520252747494,1.9049106676420897,2.0467647460934035,1.9499212934053476,1.6841427380691836
s04,387.0,1.2165851548068516,0,False,0.8929298062713548,-0.02369984525683855,1.495649050112199,1.4935758495929237,1.50896597400618,1.1170690802835594,1.4520026237442127,1.6841427380691836
s04,388.0,1.8386387525004935,0,False,0.8367202491774777,-0.007482550702832422,1.3005998143899449,1.2980622673669562,1.3217621126237948,1.0606865643786785,1.2165851548068516,1.6841427380691836
s04,389.0,1.8311610787052186,0,False,0.9959640924358248,-0.006815807112764602,1.8101580413839,1.8089362923696246,1.816418843072457,2.248899993984106,1.8386387525004935,1.6841427380691836
s04,390.0,2.239119946821452,0,False,0.8942859445853939,0.006248087494408324,1.8036843012165038,1.8036567932490215,1.8104726003617861,1.8251553376942447,1.8311610787052186,1.6841427380691836
s04,391.0,1.9900775208330528,0,False,0.9649398023164497,0.0017165314402228585,2.1404688786382824,2.1411293893059016,2.134881301811493,2.518214598934198,2.239119946821452,1.6841427380691836
s04,392.0,1.9147275989559218,0,False,0.9942658376622298,0.0010015770373850465,1.9384992304522246,1.9385594123838488,1.936842880943626,1.7971159491516153,1.9900775208330528,1.6841427380691836
s04,393.0,1.5948733142153229,0,False,0.918880516881273,-0.007490010594712934,1.877920492079929,1.8779262352852553,1.8769246582478702,1.854936188877229,1.9147275989559218,1.6841427380691836
s04,394.0,2.0168270415114096,0,False,0.8918259330406231,0.00456220055759973,1.6156942555556513,1.6150866697676545,1.6225766803623674,1.3634051955706825,1.5948733142153229,1.6841427380691836
s04,395.0,2.117902069266074,0,False,0.9608478387872744,0.009218973999923484,1.9621827760666826,1.9626762878552826,1.9581140872976828,2.30971678348103,2.0168270415114096,1.6841427380691836
s04,396.0,2.4624433630651157,0,False,0.9059158676324631,0.02166103860659383,2.0473469334198433,2.0477078761761045,2.038488902176181,2.1920208393146896,2.117902069266074,1.6841427380691836
s04,397.0,2.708279744197621,0,False,0.9212461619224457,0.032885560430167465,2.3320910567216857,2.334129016745167,2.312467978138573,2.6965350514114257,2.4624433630651157,1.6841427380691836
s04,398.0,2.065980699052858,0,False,0.9034802183782039,0.01863970597983003,2.5382526499628986,2.5408425140641056,2.507956953633938,2.872597023959581,2.708279744197621,1.6841427380691836
s04,399.0,1.9867102708156796,0,False,0.997370137996274,0.0177657913401627,2.014041658453923,2.0158407588045906,1.9972010528247606,1.5978842498178656,2.065980699052858,1.6841427380691836
s04,400.0,2.5829028123793716,0,False,0.8565456069725744,0.0366949446122795,1.9518843150625338,1.9519310366421454,1.9341652453019826,1.9237020526018969,1.9867102708156796,1.6841427380691836
s04,401.0,2.0687022253234955,0,False,0.9242427845091429,0.02540744475389629,2.439688169596406,2.4449522206029353,2.408257275990656,2.963930589148869,2.5829028123793716,1.6841427380691836
s04,402.0,1.5491458522573085,0,False,0.8733096730828811,0.011138640701663984,2.022847856731092,2.024772653998385,1.9993652092444887,1.6855339037217292,2.0687022253234955,1.6841427380691836
s04,403.0,2.3039698740999524,0,False,0.8157414636718348,0.03233715098470637,1.5959417066333006,1.5973528646652069,1.5862142239635428,1.1930333044974835,1.5491458522573085,1.6841427380691836
s04,404.0,2.0595374254796956,0,False,0.970146492887322,0.027559661208409823,2.2128286885801156,2.2187870846895805,2.186449933704874,2.771952978305878,2.3039698740999524,1.6841427380691836
s04,405.0,1.8041620406072676,0,False,0.9505671738015115,0.02109541164974301,2.018814273354253,2.019637025896161,1.9920773646877514,1.8689536399295612,2.0595374254796956,1.6841427380691836
s04,406.0,1.8893378179201208,0,False,0.972761220973352,0.023472594501689304,1.809055583704244,1.8100983895219112,1.789002977872168,1.6103768393469875,1.8041620406072676,1.6841427380691836
s04,407.0,2.007746932600848,0,False,0.9609754291049003,0.027298783157982762,1.879567945909586,1.8802073107243997,1.8567347162227104,1.9543365577339227,1.8893378179201208,1.6841427380691836
s04,408.0,1.471198969881032,0,False,0.8600363923248043,0.01208898109172879,1.9771270487907986,1.9781923720894972,1.9508935889315144,2.0960126183655774,2.007746932600848,1.6841427380691836
s04,409.0,1.4290693345924763,0,False,0.9678343999193173,0.008871464712009534,1.5346278631764025,1.5363198805831182,1.5242308994913893,1.111676069905591,1.471198969881032,1.6841427380691836
s04,410.0,1.5447134478673898,0,False,0.9822457877218034,0.010224841211262235,1.4993155419062434,1.4996008978922999,1.4907294331802903,1.3986287971209677,1.4290693345924763,1.6841427380691836
s04,411.0,1.6040867352033386,0,False,0.993296556036597,0.010560010689159348,1.5927328852720593,1.5929144192734348,1.5826895780621726,1.635715149092888,1.5447134478673898,1.6841427380691836
s04,412.0,1.3009729138521158,0,False,0.8879689921367013,0.00037530213113952035,1.6403924106795353,1.640463199119443,1.6299031884302837,1.6511569109275777,1.6040867352033386,1.6841427380691836
s04,413.0,0.9937620357473165,0,False,0.8345329388924484,-0.011489112436851487,1.3892004758710115,1.3892425213470163,1.3888672192158769,1.0967873348154527,1.3009729138521158,1.6841427380691836
s04,414.0,1.0953333182318958,0,False,0.9780677643708728,-0.012621637688307418,1.1349852296167535,1.1330841599470935,1.144573272383945,0.8148449824522873,0.9937620357473165,1.6841427380691836
s04,415.0,0.5798420231073258,0,False,0.6434433073954389,-0.03160800912819752,1.2129978918354676,1.212721071103662,1.2253427087919695,1.1771826969167505,1.0953333182318958,1.6841427380691836
s04,416.0,0.6873031675908072,0,False,0.9150343184495879,-0.03450340197439366,0.7950863096585766,0.7838162624640118,0.8154242715922093,0.40008117546925853,0.5798420231073258,1.6841427380691836
s04,417.0,0.49915001846578266,0,True,0.7141170074621406,-0.04552011906654176,0.869305526601948,0.8663739215373859,0.9008773235117795,0.7836421164328478,0.6873031675908072,1.6841427380691836
s04,418.0,1.162770179794705,0,False,0.7855832773397811,-0.031809150915996814,0.7187513359692965,0.7057379081098739,0.7512580271764157,0.4643777262811379,0.49915001846578266,1.6841427380691836
s04,419.0,1.4566155322582408,0,False,0.9351835792083175,-0.025525464509381406,1.2539797325944064,1.2471593187043941,1.278968469620391,1.602245535139415,1.162770179794705,1.6841427380691836
s04,420.0,1.2670094168534283,0,False,0.9117990834239063,-0.03212844276958006,1.4887631614419263,1.4871086921933832,1.5126341567027646,1.6787667725762732,1.4566155322582408,1.6841427380691836
s04,421.0,1.5374177575850605,0,False,0.939555734747757,-0.025897840626743975,1.3325647775909641,1.3297310194905245,1.3618594622601046,1.1378990495992443,1.2670094168534283,1.6841427380691836
s04,422.0,2.3304150634835583,0,False,0.8074048220344371,-0.002515094960115722,1.552555583877587,1.5509902079292839,1.576888048556028,1.7418348517111306,1.5374177575850605,1.6841427380691836
s04,423.0,2.0256422120367445,0,False,0.9570968307665798,-0.00789474982887304,2.2054484361567654,2.2049640409953217,2.2074791359554373,2.8158804813411407,2.3304150634835583,1.6841427380691836
s04,424.0,2.2101340207192535,0,False,0.941391399408229,-0.0003076039159378083,1.9575678667427097,1.957229156954746,1.965123906783619,1.7910883631846946,2.0256422120367445,1.6841427380691836
s04,425.0,1.8447105824012118,0,False,0.9325746397478197,-0.008312009533680652,2.111542131227689,2.1115241029926395,2.1118317069085775,2.342482120935614,2.2101340207192535,1.6841427380691836
s04,426.0,1.8120300346434737,0,False,0.9974667550691133,-0.008339162989602997,1.8134955900781131,1.8129351498408852,1.8212471593745658,1.5721367729180769,1.8447105824012118,1.6841427380691836
s04,427.0,2.101386297367866,0,False,0.9215428784839944,0.0010948127294354883,1.7869415652089546,1.7869204400665835,1.7952596030561865,1.7860658275595966,1.8120300346434737,1.6841427380691836
s04,428.0,1.8646175794855744,0,False,0.9587339361349159,-0.0037601713100989262,2.0263644849480373,2.026450380803388,2.0253555680739526,2.3074644431307276,2.101386297367866,1.6841427380691836
s04,429.0,2.0427537686032746,0,False,0.947059061777492,0.002522931062458543,1.8334721903207853,1.8333170228513591,1.837077194161458,1.682972229675713,1.8646175794855744,1.6841427380691836
s04,430.0,2.188511862608998,0,False,0.9497221556800858,0.008740668751577009,1.9811203733008655,1.9812539396383828,1.9787310085759242,2.1735188721963996,2.0427537686032746,1.6841427380691836
s04,431.0,2.3122048349775906,0,False,0.950687777703028,0.015005460432116268,2.1029389836435386,2.1033784456262823,2.094637776874705,2.2938713017874055,2.188511862608998,1.6841427380691836
s04,432.0,2.4438253861953845,0,False,0.9459658866649715,0.022080107082518455,2.2072638785814815,2.2080038311819785,2.192998370749862,2.39983671371908,2.3122048349775906,1.6841427380691836
s04,433.0,2.063294707995025,0,False,0.9463214801038765,0.014386655961158297,2.3185499996984835,2.3197430787070297,2.2976629716245114,2.5349367716899636,2.4438253861953845,1.6841427380691836
s04,434.0,2.2038678765662696,0,False,0.9503338041178979,0.020219137959621748,2.008679555552572,2.0094518099508214,1.995065153989663,1.7732774318624318,2.063294707995025,1.6841427380691836
s04,435.0,2.1142691069416153,0,False,0.9982442742840303,0.019835170868967793,2.1260638022969442,2.127068009963414,2.106848872003792,2.305281157660193,2.2038678765662696,1.6841427380691836
s04,436.0,2.704000195889793,0,False,0.8591296108460651,0.039292122452632444,2.055400317981397,2.055435143100972,2.035599972232004,2.0430071792725286,2.1142691069416153,1.6841427380691836
s04,437.0,2.542288556454748,0,False,0.99253078644983,0.039245399708165575,2.5383108846897238,2.5438459812703105,2.504553858817678,3.078796282858217,2.704000195889793,1.6841427380691836
s04,438.0,2.4573288101234607,0,False,0.9831831478256648,0.040509076861357705,2.4149131060791076,2.4152062383503896,2.375960838642224,2.413413687764392,2.542288556454748,1.6841427380691836
s04,439.0,2.5774156849306515,0,True,0.9449980538036038,0.047364248462615784,2.3482287297314195,2.348909964888716,2.308400888027358,2.388400506360469,2.4573288101234607,1.6841427380691836
s04,440.0,2.998255580189265,0,True,0.8900823902881165,0.06377417097025392,2.4486530374224205,2.451258163267994,2.403893914805378,2.658112374323362,2.5774156849306515,1.6841427380691836
s04,441.0,2.61505721776462,0,True,0.9769559256421284,0.05815629428334857,2.795309869560391,2.8023197739947983,2.7385456030245443,3.26757645484506,2.998255580189265,1.6841427380691836
s04,442.0,2.3292614721006983,0,True,0.9780706982363013,0.05327465629366642,2.490642580453593,2.4919827384234368,2.433826444140088,2.313183734412427,2.61505721776462,1.6841427380691836
s04,443.0,1.9940931358861467,0,True,0.9494825071749398,0.045302356662648834,2.258668180905845,2.259836456920066,2.2065618006263996,2.1042898654127744,2.3292614721006983,1.6841427380691836
s04,444.0,2.6125412217596287,0,True,0.8524485120433802,0.06411843973078968,1.9830498913439376,1.9853384528216014,1.9400360961589524,1.7383008156652653,1.9940931358861467,1.6841427380691836
s04,445.0,2.274941301376507,0,True,0.9667050285997218,0.057488353821411986,2.486483393834695,2.4959441650224297,2.43182572529164,3.005101718951483,2.6125412217596287,1.6841427380691836
s04,446.0,2.4871763742519892,0,True,0.9304491757908728,0.0654780016474697,2.2189407069537332,2.220854780050066,2.163366426228654,2.0117054647209245,2.274941301376507,1.6841427380691836
s04,447.0,2.5435794950716084,0,True,0.9566793664012764,0.06985697673759848,2.393059609751834,2.3976136587339822,2.3321356570865124,2.63342435633771,2.4871763742519892,1.6841427380691836
s04,448.0,2.2322600845838316,0,True,0.9686359700046655,0.06341944820015713,2.4438181206716454,2.4468443691652095,2.376987392427611,2.579271349380647,2.5435794950716084,1.6841427380691836
s04,449.0,2.0052383171713895,0,True,0.9700018282951939,0.0577912239924037,2.190856701287533,2.19284579076317,2.129426342563013,1.98923826634359,2.2322600845838316,1.6841427380691836
s04,450.0,2.1802704833714213,0,True,0.9440368345529111,0.06299863960037573,2.004956332045332,2.0066899631056874,1.9488987391132835,1.8284361274310386,2.0052383171713895,1.6841427380691836
s04,451.0,2.201038107838602,0,True,0.9736968569681204,0.06449729656893581,2.1475572722623686,2.151082875553266,2.0880842359528904,2.3065076850073285,2.1802704833714213,1.6841427380691836
s04,452.0,2.413150553564638,0,True,0.9317806402938675,0.07181893504182373,2.1673994561848855,2.169095937801708,2.104598641232772,2.2145814712702694,2.201038107838602,1.6841427380691836
s04,453.0,2.2839609448668994,0,True,0.9976568167049754,0.06998508456541663,2.340189852317139,2.345089294080469,2.273270359038645,2.560773057475129,2.413150553564638,1.6841427380691836
s04,454.0,2.0981891850648924,0,True,0.9830718131048356,0.06571504230477283,2.2403599392052973,2.240523927086352,2.1705388425209353,2.1812043783470627,2.2839609448668994,1.6841427380691836
s04,455.0,2.3516346316834555,0,True,0.924920386010612,0.07360823321023244,2.0874158316501763,2.0885282681681354,2.0228132258633624,1.9516883169305366,2.0981891850648924,1.6841427380691836
s04,456.0,2.4169791725557284,0,True,0.9585439809231016,0.07717877359018045,2.2924346821549295,2.2979611598907947,2.224352926680562,2.5284865482802346,2.3516346316834555,1.6841427380691836
s04,457.0,2.075650020873441,0,True,0.9539458823747757,0.06884346475649501,2.35029412395267,2.3534936486629556,2.2763148750727753,2.460955603624229,2.4169791725557284,1.6841427380691836
s04,458.0,1.7807266959783608,0,True,0.9408665491914445,0.060053258902494744,2.0705630327547455,2.073733557778369,2.0048900930218743,1.8134666816210847,2.075650020873441,1.6841427380691836
s04,459.0,1.6292040806669272,0,True,0.9585394765547689,0.054016767472470445,1.826869305236533,1.830420461667737,1.7703672027652424,1.5594593609338803,1.7807266959783608,1.6841427380691836
s04,460.0,1.4273217300228151,0,True,0.92779791074614,0.045719621654512155,1.7016536938338633,1.7038932572880914,1.6498764898156209,1.514566064650665,1.6292040806669272,1.6841427380691836
s04,461.0,1.3883066231309436,0,False,0.9649535539965783,0.041317039533531476,1.5317583082936141,1.535059360496966,1.4893397388424539,1.2828538976800796,1.4273217300228151,1.6841427380691836
s04,462.0,1.501169905909006,0,False,0.9855447946381366,0.04136317720304905,1.4981839681967204,1.4996319835917535,1.4583149440582222,1.3608226799810528,1.3883066231309436,1.6841427380691836
s04,463.0,1.287072788471851,0,False,0.9081122824871942,0.03229255232629169,1.5888290378095402,1.5894269510304295,1.5480637738273804,1.5902992584038362,1.501169905909006,1.6841427380691836
s04,464.0,1.4641631628807539,0,False,0.9696718307592552,0.03391425526282146,1.407139109403836,1.4101063983297615,1.37781384600347,1.1408047265836783,1.287072788471851,1.6841427380691836
s04,465.0,0.9597876917103568,0,False,0.7749856694135275,0.016131377484753743,1.5515217270393291,1.5525502843126138,1.5186360290497922,1.6023665292309992,1.4641631628807539,1.6841427380691836
s04,466.0,1.6994427493840867,0,False,0.7938174797622072,0.03310401194568165,1.1300584762469874,1.133688267353157,1.1175568898684032,0.684457437054764,0.9597876917103568,1.6841427380691836
s04,467.0,1.5062352296359947,0,False,0.93799021765049,0.026126041084840564,1.7320087897177545,1.738834258330697,1.7057302463850155,2.167641412895021,1.6994427493840867,1.6841427380691836
s04,468.0,1.1946519741947899,0,False,0.8701131713440897,0.01461906757143669,1.5765976878535932,1.5782177579749186,1.552091716890078,1.364967342709476,1.5062352296359947,1.6841427380691836
s04,469.0,1.848796560320209,0,False,0.8276051402717992,0.030514766624648783,1.3170411008883796,1.3189399252131397,1.3043208576417031,0.9933078295606905,1.1946519741947899,1.6841427380691836
s04,470.0,1.6251891462597623,0,False,0.9423113018310808,0.023620108200462,1.8497505048207599,1.855011093732655,1.8244963271080061,2.2751072173978373,1.848796560320209,1.6841427380691836
s04,471.0,1.4636507197018038,0,False,0.941251245748835,0.017420512070013668,1.6689413107573876,1.6703039240500812,1.6466838158496193,1.458874406800228,1.6251891462597623,1.6841427380691836
s04,472.0,1.9051917924920443,0,False,0.8871369469280327,0.02850679444848006,1.5346256131606342,1.535649046543165,1.5182285344731512,1.3459484047107535,1.4636507197018038,1.6841427380691836
s04,473.0,1.947874092674361,0,False,0.9794547369181151,0.030007559713254372,1.8946312199938002,1.8978485838485506,1.8693417894000706,2.212631192692276,1.9051917924920443,1.6841427380691836
s04,474.0,2.172527116260976,0,False,0.9340248734019704,0.037184664372386565,1.932673781081149,1.933290294289903,1.9032827345766488,1.9802015710197425,1.947874092674361,1.6841427380691836
s04,475.0,2.041561925250718,0,False,0.9902233118257521,0.034858180777475045,2.1166581154749617,2.1191113784144355,2.0819267140420488,2.3334076635589445,2.172527116260976,1.6841427380691836
s04,476.0,2.497213579694557,0,True,0.8840605270556642,0.0493953450860342,2.0123006385121363,2.012641436075919,1.977783255298444,1.9378131004603454,2.041561925250718,1.6841427380691836
s04,477.0,2.326949545164287,0,True,0.9971817265421605,0.04751845394333988,2.383785712978919,2.3895125832540973,2.3401172381680633,2.7993250845223856,2.497213579694557,1.6841427380691836
s04,478.0,2.7088083005269845,0,True,0.8975170514411963,0.061215448618669045,2.25210789135184,2.252241811349346,2.204723357406006,2.1915927745619235,2.326949545164287,1.6841427380691836
s04,479.0,2.418356088885461,0,True,0.9817472426473108,0.05667834998526484,2.5633191703271434,2.5695927099989344,2.5083772613802653,2.9608020932061088,2.7088083005269845,1.6841427380691836
s04,480.0,2.6833832431372597,0,True,0.9182491028429373,0.06715720283096584,2.333053612111128,2.33408814828056,2.277409798295295,2.189031760418643,2.418356088885461,1.6841427380691836
s04,481.0,1.9559426948199266,0,True,0.8803816969494338,0.049175989562186585,2.549826308863911,2.555316470445901,2.488159267614935,2.8609440191191258,2.6833832431372597,1.6841427380691836
s04,482.0,2.20550368880732,0,True,0.9282095311681792,0.056574854042473616,1.952992524375491,1.9588748727977523,1.9096988832355657,1.4411451537336841,1.9559426948199266,1.6841427380691836
s04,483.0,1.6013229689097188,0,False,0.8635604477001646,0.03967280741446755,2.160662987880786,2.164724523176587,2.1081496691341135,2.3827185090311658,2.20550368880732,1.6841427380691836
s04,484.0,1.1898892732095427,0,False,0.8448991159503331,0.02534813810539973,1.661965310096362,1.6673782501784697,1.627705442764002,1.1900299506118266,1.6013229689097188,1.6841427380691836
s04,485.0,0.7066297860897052,0,False,0.7048708056315186,0.006770580743670575,1.3219501795181825,1.3258816981473431,1.3005335600419434,0.9306230654366197,1.1898892732095427,1.6841427380691836
s04,486.0,0.650428471232111,0,False,0.8308902207624449,-0.001407057787230906,0.9210182262218739,0.9230164222621601,0.9162458415184895,0.49762040990517603,0.7066297860897052,1.6841427380691836
s04,487.0,1.1843314436790084,0,False,0.848245728024473,0.008018459791231199,0.8703854716287117,0.8701475243969385,0.8715545821841695,0.6506895287044279,0.650428471232111,1.6841427380691836
s04,488.0,1.5500196192891553,0,False,0.910951609211312,0.015395075278342402,1.3029156008574654,1.3041324363854487,1.2961139765942176,1.561425613182117,1.1843314436790084,1.6841427380691836
s04,489.0,1.6709536599478125,0,False,0.974243549343537,0.01745456152544736,1.6009332116980401,1.6023041183776474,1.586909043099305,1.818204796900091,1.5500196192891553,1.6841427380691836
s04,490.0,1.9732906635695715,0,False,0.9207399760011473,0.025637372513765022,1.7000807297396558,1.7005302972923162,1.6830757357668689,1.7649556615885766,1.6709536599478125,1.6841427380691836
s04,491.0,2.064552117635561,0,False,0.9646757196639724,0.02909999547085381,1.9470993336385594,1.949131352399268,1.9234939798855029,2.190706465545738,1.9732906635695715,1.6841427380691836
s04,492.0,1.6882362361297547,0,False,0.9165660215640847,0.018992131324158883,2.0241371046217957,2.0251650410195854,1.9960650455487317,2.1321404060972284,2.064552117635561,1.6841427380691836
s04,493.0,1.0197074817740668,0,False,0.7512188450544818,-0.0018909731306689173,1.7142263745263076,1.7158109636016594,1.6968188322775006,1.41467340510554,1.6882362361297547,1.6841427380691836
s04,494.0,0.9917370585791095,0,False,0.9197698701599198,-0.0070382845478895876,1.1637845442992172,1.1633141058197984,1.1652050789504673,0.6565462722519974,1.0197074817740668,1.6841427380691836
s04,495.0,1.223589987265983,0,False,0.9660051584794803,-0.004408326738030922,1.1364894094204896,1.135924726937361,1.1429630114852505,0.9834123529113884,0.9917370585791095,1.6841427380691836
s04,496.0,1.4723871265845319,0,False,0.9482853710464094,7.556629790393243e-05,1.3230738857555335,1.3229240253867036,1.3273323521247344,1.4052184266415222,1.223589987265983,1.6841427380691836
s04,497.0,2.0030256834535027,0,False,0.8647616092243735,0.014408798178154074,1.5252473795621075,1.5252512874451651,1.5251757211472612,1.6627290417679235,1.4723871265845319,1.6841427380691836
s04,498.0,1.8338852274934971,0,False,0.9700877823289908,0.010578913443197346,1.9595994293134302,1.9615480519920545,1.9471392538139005,2.360365556185652,2.0030256834535027,1.6841427380691836
s04,499.0,2.175851022463558,0,False,0.9090532214443099,0.02115791144761863,1.8229013168878796,1.8232177556495153,1.812638842206318,1.7027724949733287,1.8338852274934971,1.6841427380691836
s04,500.0,2.0009554846801625,0,False,0.9795599494142385,0.018014742163522723,2.1038035502628984,2.105727794150026,2.0845698827024073,2.4147490852330624,2.175851022463558,1.6841427380691836
s04,501.0,1.1826566640367753,0,False,0.7565419609843291,-0.0054107911617572516,1.9631395526383286,1.9635077748794405,1.9454930327159177,1.8635877172189454,2.0009554846801625,1.6841427380691836
s04,502.0,1.5108747964126468,0,False,0.9231218485675219,0.0012343106873347852,1.2906887020486772,1.2893714014429123,1.2947821926046696,0.7176644703339866,1.1826566640367753,1.6841427380691836
s04,503.0,1.5161109172025684,0,False,0.987107850753471,7.175936052164706e-06,1.5569205173880534,1.557015408911989,1.5557810982246543,1.7552609021136432,1.5108747964126468,1.6841427380691836
s04,504.0,1.2776083005206993,0,False,0.9006815975322144,-0.00846313609736996,1.5599519424548647,1.5599520349681033,1.559944859032051,1.5207861119043387,1.5161109172025684,1.6841427380691836
s04,505.0,1.506025054245131,0,False,0.9528935252905414,-0.004137121075205659,1.3626650986633793,1.3618245535063211,1.370287689603691,1.1159923470419393,1.2776083005206993,1.6841427380691836
s04,506.0,1.3804244769958085,0,False,0.9416177305320779,-0.009158010698597072,1.547982349631488,1.5477874644421887,1.5519245855173944,1.6812678414242237,1.506025054245131,1.6841427380691836
s04,507.0,1.651181601995412,0,False,0.9359369971011099,-0.0029092342717290847,1.4434237198815416,1.4428890544331459,1.452047065131743,1.2905595221596422,1.3804244769958085,1.6841427380691836
s04,508.0,1.999251557267453,0,False,0.9096085893852253,0.007134999339005098,1.6646301445265639,1.6644437702429804,1.6673530045147096,1.8537303849660123,1.651181601995412,1.6841427380691836
s04,509.0,2.0529939690957537,0,False,0.9728018038372103,0.010186626318720676,1.950628127116913,1.9512730697719012,1.944138070432896,2.246035844821317,1.999251557267453,1.6841427380691836
s04,510.0,1.9244088400639745,0,False,0.9840506502308757,0.008007072394286713,1.996783579684253,1.9970606375451065,1.9868740112263858,2.0927692258039343,2.0529939690957537,1.6841427380691836
s04,511.0,1.6512512432894353,0,False,0.9340955131833082,0.000765702221436724,1.8925025414528582,1.8926302490511013,1.8846231766568147,1.823154284357661,1.9244088400639745,1.6841427380691836
s04,512.0,1.5577481977056489,0,False,0.9660531047359215,-0.0025470744112129524,1.6681236222486797,1.668174085460638,1.6674083832392013,1.4494167073778181,1.6512512432894353,1.6841427380691836
s04,513.0,1.3275372390226359,0,False,0.9092489803595422,-0.01043618915962613,1.5905941959046754,1.5905077306364082,1.5930548050476212,1.4871172423470158,1.5577481977056489,1.6841427380691836
s04,514.0,1.3027108577815485,0,False,0.9605281005729318,-0.013341512497047988,1.4005020638363403,1.3995549690289437,1.4099911581885698,1.1685695820128044,1.3275372390226359,1.6841427380691836
s04,515.0,1.1752717325244633,0,False,0.9163742525646921,-0.019390592088916088,1.377434333759555,1.3769077189200665,1.3902492314171144,1.2872034882382648,1.3027108577815485,1.6841427380691836
s04,516.0,1.3098090967081606,0,False,0.9919738316439534,-0.018181892380427073,1.2711406591818422,1.2695191064251934,1.2889096985141095,1.0919098536481293,1.1752717325244633,1.6841427380691836
s04,517.0,1.1437941739991613,0,False,0.9009383821986534,-0.025199422819960918,1.3778577862462327,1.3777118553169558,1.395893747697383,1.4166254038029884,1.3098090967081606,1.6841427380691836
s04,518.0,1.3827063937746635,0,False,0.9551893745605939,-0.020878611082272788,1.2411756314439315,1.2386793358517258,1.2638787586716869,1.0367525765910408,1.1437941739991613,1.6841427380691836
s04,519.0,0.8196860947206577,0,False,0.7216985697603696,-0.039277519236850675,1.4339186168274896,1.432983033206587,1.4538616442888597,1.5673645387433863,1.3827063937746635,1.6841427380691836
s04,520.0,1.1639974949080159,0,False,0.9274367434163042,-0.03336371377317693,0.9778016358987714,0.9668706461188914,1.006148165355742,0.5484645782553743,0.8196860947206577,1.6841427380691836
s04,521.0,1.0128410758574296,0,False,0.8837657190528122,-0.040375902985022576,1.2490016959753922,1.2465807162522844,1.2799444300254612,1.4263396981758691,1.1639974949080159,1.6841427380691836
s04,522.0,0.623325296201977,0,True,0.7000324273409899,-0.05525721449455724,1.124062077237523,1.1193690131864653,1.159744916171488,0.9236881283137595,1.0128410758574296,1.6841427380691836
s04,523.0,0.6333257579829559,0,True,0.8544346616148172,-0.060099789821872876,0.8113203080639743,0.7947449355601437,0.8500021500547009,0.4744910214141128,0.623325296201977,1.6841427380691836
s04,524.0,1.089108414842856,0,True,0.8815962426356858,-0.05136217905974235,0.8066031690141382,0.7978547227718389,0.8579545125937118,0.6728186928539709,0.6333257579829559,1.6841427380691836
s04,525.0,0.8997397303972268,0,True,0.8491272819373357,-0.05944090183173581,1.1751119644507673,1.1690304894636752,1.2203926685234174,1.4241770802168396,1.089108414842856,1.6841427380691836
s04,526.0,1.4796054811436348,0,True,0.8395840511462654,-0.045363713714533974,1.0193338876603573,1.0103658772369073,1.0698067790686432,0.7975316212723302,0.8997397303972268,1.6841427380691836
s04,527.0,2.046434574008962,0,False,0.8561023765379717,-0.02853723768250121,1.4928291027869165,1.4855520396078703,1.5309157533224043,1.8749762077650072,1.4796054811436348,1.6841427380691836
s04,528.0,1.9276362336907742,0,False,0.9861995175932647,-0.02930177304078162,1.9572271863161375,1.9531207456334545,1.9816579833159558,2.4229948708557703,2.046434574008962,1.6841427380691836
s04,529.0,1.754120943911055,0,False,0.9635078321036714,-0.03241477948908572,1.858292204124527,1.8578878255211915,1.887189598561973,1.8339133751420749,1.9276362336907742,1.6841427380691836
s04,530.0,1.6731700781951355,0,False,0.9778151087341603,-0.033723543392866116,1.7179784272299203,1.7167955416544822,1.749210321143568,1.6209976301799096,1.754120943911055,1.6841427380691836
s04,531.0,1.2608445158599162,0,True,0.8563157515919011,-0.045431648530951434,1.651862840272696,1.6511146871294264,1.6848382305222926,1.6104849320954993,1.6731700781951355,1.6841427380691836
s04,532.0,1.6721249921638965,0,False,0.8961306037741997,-0.03461366338615981,1.3180532996106202,1.3115254873375095,1.356957135868461,0.9938846394271059,1.2608445158599162,1.6841427380691836
s04,533.0,1.772740833624332,0,False,0.9743687802584076,-0.030913243833791137,1.6529888155291266,1.6493935152120431,1.684007178598203,1.966438739950452,1.6721249921638965,1.6841427380691836
s04,534.0,1.4904238276286317,0,False,0.916066212507293,-0.03819363715241619,1.7338959490617625,1.7331036049161332,1.7640168487499244,1.850476151965604,1.772740833624332,1.6841427380691836
s04,535.0,1.138305611779722,0,True,0.8504617954942787,-0.04908421460633744,1.5045305968680875,1.5013248602437632,1.5395184973961793,1.2888891747691689,1.4904238276286317,1.6841427380691836
s04,536.0,0.9054500874196598,0,True,0.8368482786890478,-0.05823361324227961,1.2177700072728705,1.2104300419510652,1.2595142565574027,0.9182980254805897,1.138305611779722,1.6841427380691836
s04,537.0,1.3747577816556542,0,True,0.8775981444841287,-0.047474300964542936,1.0256149533030663,1.016114039064432,1.0743476523067117,0.7780496618183237,0.9054500874196598,1.6841427380691836
s04,538.0,2.0789836447784555,0,False,0.8212078030725263,-0.027106789941544068,1.405877553205873,1.400066610678494,1.4475409116430369,1.7111802837439059,1.3747577816556542,1.6841427380691836
s04,539.0,1.8435392402206394,0,False,0.9574713897737862,-0.03121363871251866,1.9852806817784259,1.9804341992531258,2.00754098919467,2.5260866888389186,2.0789836447784555,1.6841427380691836
s04,540.0,1.9640920856443063,0,False,0.9620602389999455,-0.025963938240398172,1.7904295425815033,1.7891020699069569,1.8203157086194754,1.6632887261039788,1.8435392402206394,1.6841427380691836
s04,541.0,2.142396805134525,0,False,0.9443330127431704,-0.018398494189575128,1.891200402385218,1.890215336773757,1.9161792750141553,2.0545008106572102,1.9640920856443063,1.6841427380691836
s04,542.0,2.4852287675116997,0,False,0.9060629820405601,-0.005028689479601707,2.040592799254182,2.0395686105125863,2.0579671047021613,2.271591786456049,2.142396805134525,1.6841427380691836
s04,543.0,2.842942159543691,0,False,0.9010652285657628,0.010492828357617896,2.3260306117303293,2.3255582316363714,2.330586921115973,2.7177128974327918,2.4852287675116997,1.6841427380691836
s04,544.0,2.774873989635493,0,False,0.9703743285910998,0.014973049892659834,2.6244951662255023,2.625533271800762,2.615040443443144,3.0767059334638818,2.842942159543691,1.6841427380691836
s04,545.0,2.680312068432561,0,False,0.9772417083878054,0.018105840453460042,2.5754421297497787,2.5758857164058875,2.560912666513228,2.716011036585963,2.774873989635493,1.6841427380691836
s04,546.0,2.6804840895300877,0,False,0.9623375858220161,0.02340567579804809,2.5034108533802293,2.503822911377153,2.485717070923693,2.6023991464358245,2.680312068432561,1.6841427380691836
s04,547.0,2.577155793632188,0,False,0.9819853271075096,0.025442563472468396,2.508378023562156,2.5092595378181777,2.4858538620201296,2.6732854845035594,2.6804840895300877,1.6841427380691836
s04,548.0,2.59535769196936,0,False,0.96169834091021,0.030429399846389645,2.428671473380149,2.4291298128386516,2.4036872493661834,2.493344406545798,2.577155793632188,1.6841427380691836
s04,549.0,2.845702086945623,0,False,0.918858136192009,0.04234273874660401,2.4474252937725876,2.448590790271811,2.4181613904254213,2.6024905370784217,2.59535769196936,1.6841427380691836
s04,550.0,3.094144687906544,0,True,0.9165741532525506,0.05537974312866579,2.6561421064305177,2.659577875171152,2.617235136424548,3.0100843839753337,2.845702086945623,1.6841427380691836
s04,551.0,3.115642827841612,0,True,0.9493151766150479,0.06274373836873548,2.865556217876124,2.8701763198392896,2.8147965767106236,3.251919545038288,3.094144687906544,1.6841427380691836
s04,552.0,2.635038562626181,0,True,0.9640261245511307,0.05495582646997413,2.891455470620495,2.8946356259182258,2.8318918875494905,3.1174897995758797,3.115642827841612,1.6841427380691836
s04,553.0,2.8824727515949005,0,True,0.9189195058196356,0.06628986621638104,2.5026944526580497,2.5046714267146704,2.449715600244696,2.2599438523138735,2.635038562626181,1.6841427380691836
s04,554.0,2.396129309288233,0,True,0.9504048907515376,0.05679079495497457,2.7073902028898074,2.712765018001782,2.646475151785401,3.044144139444044,2.8824727515949005,1.6841427380691836
s04,555.0,2.0944116372887898,0,True,0.9620759980779007,0.0501273680188706,2.3137093228121564,2.3165258684922554,2.2597350735372808,2.0218051604486584,2.396129309288233,1.6841427380691836
s04,556.0,2.079971136453192,0,True,0.9853441485942401,0.05042840142283386,2.0680356592533187,2.0699366896544165,2.0198093216355457,1.8607556117011106,2.0944116372887898,1.6841427380691836
s04,557.0,2.0806194782007563,0,True,0.9823422407504941,0.05108434646277074,2.0580155723783107,2.0587546435361936,2.00832624211336,2.0676063343127375,2.079971136453192,1.6841427380691836
s04,558.0,1.9968201755045534,0,True,0.9970027235419734,0.04919116723897487,2.0590241145398247,2.0599261496310826,2.0088418031683117,2.079858502697509,2.0806194782007563,1.6841427380691836
s04,559.0,2.3731269995792528,0,True,0.9002614613659625,0.060643103105475646,1.9912483645017192,1.9913958040292274,1.9422046367902526,1.930219041268078,1.9968201755045534,1.6841427380691836
s04,560.0,2.7644374579472277,0,True,0.8956322994186988,0.07451362432283332,2.296038296219999,2.302086750701972,2.2414436475964967,2.6293864436561956,2.3731269995792528,1.6841427380691836
s04,561.0,2.936820615128631,0,True,0.9300758033832716,0.08380442780538092,2.619350350077825,2.627127165710378,2.5526135413875446,3.021023690333717,2.7644374579472277,1.6841427380691836
s04,562.0,2.498145828608154,0,True,0.9631146296558827,0.07554389340469322,2.7676370180105274,2.7734969752977436,2.6896925474923625,3.0470342502676395,2.936820615128631,1.6841427380691836
s04,563.0,2.26329851215148,0,True,0.9831733054152691,0.0709507751050302,2.413615990988112,2.4164024554735803,2.3408585620688873,2.1563771148489237,2.498145828608154,1.6841427380691836
s04,564.0,2.013225409415999,0,True,0.9662356059439187,0.06459577156417105,2.223864993754728,2.2250588607779704,2.15410808567294,2.07785311502747,2.26329851215148,1.6841427380691836
s04,565.0,1.3689760194834169,0,True,0.8239107690591014,0.045069676867637895,2.017664805615739,2.0198458427011885,1.9552500711370173,1.819124213076891,2.013225409415999,1.6841427380691836
s04,566.0,0.9105081558647989,0,False,0.7742618098489524,0.027744533525657217,1.4800766491924437,1.488012933930821,1.442943257063183,0.9599057522858697,1.3689760194834169,1.6841427380691836
s04,567.0,1.1213158156854202,0,False,0.9805222487563454,0.02820057721127,1.0998513587136605,1.1061143594983274,1.0783698259726702,0.6661256608916992,0.9105081558647989,1.6841427380691836
s04,568.0,0.920049701971972,0,False,0.8498765903632408,0.017575931595018152,1.2736552720191847,1.2742045558470332,1.2460039786357633,1.2881134770439757,1.1213158156854202,1.6841427380691836
s04,569.0,0.8490492325998009,0,False,0.8778947324601818,0.009941412855697468,1.1008946317985702,1.1035331905771568,1.0859572589821387,0.8089363497167993,0.920049701971972,1.6841427380691836
s04,570.0,1.1101635746054688,0,False,0.9623909065226628,0.012063146141563681,1.038225232866793,1.0394391317432616,1.0294977188875643,0.8215174104489722,0.8490492325998009,1.6841427380691836
s04,571.0,1.14544209209745,0,False,0.961598574457794,0.008950442868160982,1.248745183886671,1.2491988678775399,1.2371357217359762,1.3147678077457567,1.1101635746054688,1.6841427380691836
s04,572.0,1.6763687276770023,0,False,0.8604632056729509,0.02101731594120528,1.2737959154768212,1.2741396252421928,1.2651891823740318,1.177016718826764,1.14544209209745,1.6841427380691836
s04,573.0,1.118806012501158,0,False,0.7977589180749554,0.0033295229850992154,1.7054664221462317,1.7083991110380263,1.687381795096821,2.0411866647553616,1.6763687276770023,1.6841427380691836
s04,574.0,1.6173475296230373,0,False,0.8697597805122776,0.014429817654773348,1.2466643409697657,1.2473377073005665,1.2440081843154673,0.7904217831483302,1.118806012501158,1.6841427380691836
s04,575.0,1.5928908111579234,0,False,0.9853151299788875,0.012570202481027271,1.6529986409976005,1.6548779836161258,1.6404481659613526,1.965163712992662,1.6173475296230373,1.6841427380691836
s04,576.0,1.9125923708182375,0,False,0.9176009558102445,0.020940861685440917,1.63338580554821,1.6335703973377829,1.6210001948567556,1.5741412136271626,1.5928908111579234,1.6841427380691836
s04,577.0,2.159730253452921,0,False,0.9295808702140386,0.028847741663573623,1.8944420805277742,1.8961675875151645,1.8752267258297235,2.1427919851987682,1.9125923708182375,1.6841427380691836
s04,578.0,2.000990254879289,0,False,0.9826479585519707,0.02585949741868662,2.0985669635112836,2.1005983963755224,2.071750654711949,2.3362196914988846,2.159730253452921,1.6841427380691836
s04,579.0,2.269098258710669,0,False,0.9233193498413323,0.03479103979858523,1.9709314643096814,1.9713801793807155,1.945520681962029,1.8759881195201447,2.000990254879289,1.6841427380691836
s04,580.0,2.2031944058447843,0,False,0.989816048503624,0.035081539537104175,2.1908432816760346,2.193511081227486,2.158720041428901,2.457485479215689,2.269098258710669,1.6841427380691836
s04,581.0,2.385596570657984,0,False,0.9378970130147736,0.04240759061871524,2.1410375992405513,2.1413948679376156,2.1063133284005113,2.1503347680463514,2.2031944058447843,1.6841427380691836
s04,582.0,1.9190922610024972,0,False,0.9204272473864965,0.03116734738934116,2.291133397266697,2.293767035314966,2.251359444696251,2.513298363394616,2.385596570657984,1.6841427380691836
s04,583.0,2.595188037855465,0,True,0.8404755677274744,0.05167610503924161,1.9090827112353528,1.911562782858784,1.8803954354694428,1.5745676661853376,1.9190922610024972,1.6841427380691836
s04,584.0,2.004915246740241,0,False,0.9067075232314343,0.037732484843673655,2.4614589852740654,2.469702586592506,2.418026481553264,3.018792199851055,2.595188037855465,1.6841427380691836
s04,585.0,2.1710357032328362,0,False,0.9460845834668621,0.04327232638563026,1.982854161535251,1.98637431850095,1.9486418336572762,1.5740707691208806,2.004915246740241,1.6841427380691836
s04,586.0,2.6464577218144725,0,True,0.8804584272145117,0.05894566595554312,2.1216800239826052,2.124013069484044,2.080740743098414,2.2911441545613913,2.1710357032328362,1.6841427380691836
s04,587.0,2.8811622050527257,0,True,0.9209813854078666,0.06984827881947028,2.51069531863794,2.517741776255154,2.4587961102996108,2.956886391628497,2.6464577218144725,1.6841427380691836
s04,588.0,2.8887369200440687,0,True,0.9560772392171208,0.07505194788259949,2.709761970382469,2.7152812846064283,2.645433005786958,3.034424316881992,2.8811622050527257,1.6841427380691836
s04,589.0,2.6842222656491863,0,True,0.9938650692793021,0.07378336494725407,2.7232118747408967,2.726508363494033,2.6514564156114337,2.884073750245091,2.8887369200440687,1.6841427380691836
s04,590.0,2.2088293022200047,0,True,0.9404621668799309,0.0631699493276962,2.5621571670396417,2.562609822871933,2.488826457924679,2.5213912917424453,2.6842222656491863,1.6841427380691836
s04,591.0,2.2056640317810796,0,True,0.9780477575356976,0.06412094594028325,2.1702031427935693,2.173964144694845,2.1107941953671485,1.8474674635929131,2.2088293022200047,1.6841427380691836
s04,592.0,2.009426282878534,0,True,0.9760238947871188,0.05923179083467129,2.1709905211799443,2.172398119732266,2.1082771737919828,2.2010644045544066,2.2056640317810796,1.6841427380691836
s04,593.0,1.6727358627616682,0,True,0.9230078959282851,0.049070042767833985,2.010040650673912,2.0114607983229114,1.9522290074882402,1.8557481759357193,2.009426282878534,1.6841427380691836
s04,594.0,1.342698199840469,0,False,0.8872849758103857,0.03734409920164297,1.7297849795405844,1.7335629853801688,1.684492942612335,1.426518563171882,1.6727358627616682,1.6841427380691836
s04,595.0,1.5051715155770389,0,False,0.9716531967391591,0.03871750727833747,1.4551820053090365,1.459391246353889,1.422047147152246,1.118777807079794,1.342698199840469,1.6841427380691836
s04,596.0,1.5406776814667549,0,False,0.996587733848138,0.03723893694497863,1.5888658416838135,1.5899633592453828,1.5512458519670453,1.632013910273919,1.5051715155770389,1.6841427380691836
s04,597.0,1.8669899894646673,0,False,0.9167039192596519,0.04474705836542859,1.6165922062856002,1.6167192754496689,1.5794803385046903,1.568948229414885,1.5406776814667549,1.6841427380691836
s04,598.0,1.7957719925546678,0,False,0.9881338900370358,0.04210889438703118,1.8799835372480818,1.8837107918345815,1.8389637334691529,2.1025249573291385,1.8669899894646673,1.6841427380691836
s04,599.0,1.8676844708081164,0,False,0.9766488405878926,0.04340622521232191,1.8239404411938767,1.824440109965092,1.7823312155780608,1.739651992610759,1.7957719925546678,1.6841427380691836
s05,350.0,1.751634628655764,0,False,0.9267595735001292,-0.017811145842091,2.020505765467854,2.0191179682917637,2.028904613944775,2.486315435002909,2.1432002440481646,1.5298018088576075
s05,351.0,2.0629101835554984,0,False,0.9072241251650929,-0.0067551641587138035,1.695681956694185,1.6943774607762587,1.7121886066183498,1.4552259933075191,1.751634628655764,1.5298018088576075
s05,352.0,2.0555436022488975,0,False,0.9772453020459706,-0.0038050724448436676,1.957833928051038,1.9572072117865598,1.9639623759452736,2.2821454517586,2.0629101835554984,1.5298018088576075
s05,353.0,1.9841409756918804,0,False,0.9933786000500827,-0.0029068095392764046,1.954285462113814,1.9541988788396383,1.958003951284482,2.0475012744453074,2.0555436022488975,1.5298018088576075
s05,354.0,2.1330368765293137,0,False,0.9423581298109787,0.004163992869416088,1.8973627100547685,1.897343462906231,1.9002502724455073,1.9262142331608034,1.9841409756918804,1.5298018088576075
s05,355.0,2.2485933507558857,0,False,0.9466814990912242,0.010876352948907486,2.0246079944363924,2.0248480147728394,2.020684021903423,2.240052370772888,2.1330368765293137,1.5298018088576075
s05,356.0,1.860331193033483,0,False,0.9362211893343486,0.0029354581653402764,2.124447774984466,2.1250276858190564,2.114151332870149,2.3299088779650727,2.2485933507558857,1.5298018088576075
s05,357.0,2.145634742601567,0,False,0.9125458088835441,0.0132132173458939,1.8028555498859025,1.8030427699164466,1.8001073117511064,1.5624755185562123,1.860331193033483,1.5298018088576075
s05,358.0,2.3794340512908896,0,False,0.9210601752807461,0.023273629964577935,2.042931412766391,2.0440869640014223,2.0308737466555282,2.346183355532415,2.145634742601567,1.5298018088576075
s05,359.0,2.5563454424830203,0,False,0.9296535495683604,0.032666347786994586,2.241417632132481,2.2432548484024655,2.2199812184378875,2.5410262337212437,2.3794340512908896,1.5298018088576075
s05,360.0,2.4275159622772184,0,False,0.9865630835499317,0.03361958125450771,2.393443551744734,2.3957415133601145,2.36307516557312,2.675777360404485,2.5563454424830203,1.5298018088576075
s05,361.0,2.1529061323247944,0,False,0.9760094711560616,0.029432016403188807,2.2920398838643545,2.292491627368758,2.25887204611425,2.3224469572170596,2.4275159622772184,1.5298018088576075
s05,362.0,2.0702490267393605,0,False,0.991855035184326,0.029553871431726324,2.0654811028163205,2.0661871924547768,2.036755176051588,1.9333314405733726,2.1529061323247944,1.5298018088576075
s05,363.0,1.8752641205895262,0,False,0.9754220631213756,0.025828227963783916,1.999211520944628,1.9994522361876064,1.96989836475588,2.0031194092082596,2.0702490267393605,1.5298018088576075
s05,364.0,1.6200139251684347,0,False,0.944094024229687,0.019288226679694067,1.8373791634148489,1.8380139679714294,1.8121857400076455,1.7198774103209686,1.8752641205895262,1.5298018088576075
s05,365.0,1.4649183154656673,0,False,0.9542210566421492,0.014485294763394718,1.6239377188755715,1.6250160460089789,1.6057278193292848,1.4242995573142119,1.6200139251684347,1.5298018088576075
s05,366.0,1.3783950171267811,0,False,0.9644244028249633,0.010994202499313536,1.4941016377743253,1.4947647592628204,1.4802794644994257,1.3459160709374278,1.4649183154656673,1.5298018088576075
s05,367.0,1.2810305766411971,0,False,0.9520626247662303,0.0067864286824878516,1.4208985785493435,1.4212897038687198,1.4102955013694063,1.312035654054892,1.3783950171267811,1.5298018088576075
s05,368.0,1.2276695508285962,0,False,0.9594945309518977,0.003466640405578929,1.338003836480644,1.3383291600588936,1.3315427313764057,1.2084744278494577,1.2810305766411971,1.5298018088576075
s05,369.0,1.2516960757861988,0,False,0.9855867697900649,0.002262065972326364,1.2917081389989684,1.2918485568946176,1.2883819164890387,1.1887161678408364,1.2276695508285962,1.5298018088576075
s05,370.0,1.0779207633750596,0,False,0.9038477957570432,-0.004702642853282633,1.3100451205510835,1.3100777242286925,1.3078156582563663,1.2716585790210215,1.2516960757861988,1.5298018088576075
s05,371.0,1.3015220181746276,0,False,0.9457299280818064,-0.0005336524334742139,1.163007840323791,1.1625556708476805,1.1672583137009631,0.9594683197066969,1.0779207633750596,1.5298018088576075
s05,372.0,1.1479372033465716,0,False,0.9199685431635665,-0.0065230408860904665,1.3476124464563906,1.3475834851004465,1.3481171375339207,1.4750943411097963,1.3015220181746276,1.5298018088576075
s05,373.0,1.0612753920233575,0,False,0.929000616292996,-0.011205811359901455,1.2178897896155079,1.2173677411503903,1.2238907820364808,1.0397315396115667,1.1479372033465716,1.5298018088576075
s05,374.0,1.4347735218665154,0,False,0.8916720847821834,-0.0024402748630153563,1.1433845776708023,1.1425889719703124,1.1537947833302138,1.0027249857892964,1.0612753920233575,1.5298018088576075
s05,375.0,1.3376209271112125,0,False,0.9577393691617898,-0.00591534850085833,1.4537210649277803,1.4534567150393114,1.4558969899023269,1.7064378874724588,1.4347735218665154,1.5298018088576075
s05,376.0,1.695280292066651,0,False,0.8966911493639325,0.0038010536061945646,1.3716502081908288,1.3714002218315549,1.3773155703324131,1.264037928567911,1.3376209271112125,1.5298018088576075
s05,377.0,1.509815658247975,0,False,0.9507199677878797,-0.0010167082459654878,1.6700150375073812,1.6704077199866432,1.6666066663804486,1.9517228181695052,1.695280292066651,1.5298018088576075
s05,378.0,1.4555937101378726,0,False,0.9795120677688005,-0.0028162297690727998,1.5156278643232277,1.5155777609081162,1.5165944691540818,1.3675301269529472,1.509815658247975,1.5298018088576075
s05,379.0,1.07718274584321,0,False,0.845192086132339,-0.014598379540107266,1.4699787702690148,1.4699210715443585,1.4727373013134313,1.412986321713998,1.4555937101378726,1.5298018088576075
s05,380.0,1.6025967876575853,0,False,0.8428761172659693,-0.001082365674865143,1.1543229368319672,1.152062992149515,1.1666613716896221,0.8323417917725957,1.07718274584321,1.5298018088576075
s05,381.0,1.6270630804219894,0,False,0.9890124159545894,1.2796222180954872e-05,1.5907277493511591,1.5905576838537863,1.5916400495286513,1.9590796003184534,1.6025967876575853,1.5298018088576075
s05,382.0,1.5450075322524501,0,False,0.9789913500753438,-0.001980246559488054,1.6114421510418504,1.611442291641417,1.611429495419236,1.6464633127834905,1.6270630804219894,1.5298018088576075
s05,383.0,1.26345174639353,0,False,0.8999163834998166,-0.010369064301244178,1.5431206067588,1.5430790044520672,1.5450592510115553,1.4800327236162487,1.5450075322524501,1.5298018088576075
s05,384.0,1.3750283634018028,0,False,0.9786087783734236,-0.008326866785123389,1.3079928863194348,1.3069551128644432,1.3173241771656874,1.063900970043426,1.26345174639353,1.5298018088576075
s05,385.0,1.5240466782623834,0,False,0.9603401410857237,-0.004582832413598994,1.3994236543977592,1.3992455325449038,1.407572399330027,1.4640422225295846,1.3750283634018028,1.5298018088576075
s05,386.0,1.3783146708009932,0,False,0.948554440974775,-0.008939062201014786,1.5237040848684706,1.5235223303815195,1.5281051627951185,1.6399600882578755,1.5240466782623834,1.5298018088576075
s05,387.0,1.7118964996391806,0,False,0.9035390627493417,0.0003790892455464677,1.401751326472565,1.4012914514204724,1.4102305136214872,1.268146077224663,1.3783146708009932,1.5298018088576075
s05,388.0,1.2391732246569536,0,False,0.8492447381260075,-0.012858484925076581,1.6803891297071276,1.6804256970110547,1.6800466077655083,1.9526136100352909,1.7118964996391806,1.5298018088576075
s05,389.0,1.4088852883244325,0,False,0.9589942592286015,-0.009136769997239738,1.2867666083253873,1.2848281240632045,1.297686608988281,0.9232772082035294,1.2391732246569536,1.5298018088576075
s05,390.0,1.971269003879117,0,False,0.8427901570071393,0.007226680802110386,1.4261953039227746,1.42582064390078,1.4349574138980197,1.541596309015191,1.4088852883244325,1.5298018088576075
s05,391.0,1.7987783508985338,0,False,0.9753479384321055,0.0042780657483916205,1.8959294140015666,1.897065519355826,1.8898388385537155,2.341836967678633,1.971269003879117,1.5298018088576075
s05,392.0,1.6504312549636504,0,False,0.9706722224205669,0.0011530438826568524,1.7544931873479217,1.7545986504881426,1.750320584739751,1.6615049258326473,1.7987783508985338,1.5298018088576075
s05,393.0,2.0086628969063587,0,False,0.896182522864307,0.012468417466945226,1.63144996121555,1.6314837774300799,1.630330733547423,1.5333709358175547,1.6504312549636504,1.5298018088576075
s05,394.0,1.1576724325100654,0,False,0.7527018875003262,-0.01077800347615423,1.931258690968087,1.9325531306133799,1.9200847131464347,2.2591393857861566,2.0086628969063587,1.5298018088576075
s05,395.0,1.7485997021063029,0,False,0.826889481310525,0.005050375399868282,1.2236524528217207,1.220987072905553,1.2317650763817072,0.6578959136932836,1.1576724325100654,1.5298018088576075
s05,396.0,1.9959613556243854,0,False,0.9228685670358784,0.013485690190238969,1.713909922840315,1.7147841959453627,1.7097338205454944,2.1370989361342247,1.7485997021063029,1.5298018088576075
s05,397.0,1.5488219110969155,0,False,0.8957836487148796,0.002251442881790029,1.922256650769663,1.9232968213785464,1.9098111311883075,2.1739615263327754,1.9959613556243854,1.5298018088576075
s05,398.0,1.940779618692049,0,False,0.8876302496746141,0.01396295335382327,1.5501612991286744,1.5503959362909414,1.5481444934091513,1.2247762526889454,1.5488219110969155,1.5298018088576075
s05,399.0,1.730714031307732,0,False,0.9626604371321827,0.009510156412322605,1.8775715824422465,1.8791405960244207,1.8651776426705975,2.2136924569564793,1.940779618692049,1.5298018088576075
s05,400.0,1.9704950954880613,0,False,0.9250258775786188,0.01748169219066728,1.704422131126665,1.7047772362099056,1.695267079797583,1.565824280904635,1.730714031307732,1.5298018088576075
s05,401.0,1.7450030726622632,0,False,0.9603756899771138,0.012630947613126477,1.9053838840498538,1.90669455858029,1.8892128663896226,2.1438059031379293,1.9704950954880613,1.5298018088576075
s05,402.0,1.4273847349270663,0,False,0.9109899593154909,0.0038688201207397813,1.7189551587558505,1.719455651339956,1.7068247037268294,1.5683291235744594,1.7450030726622632,1.5298018088576075
s05,403.0,1.5214525515262707,0,False,0.9759684470696339,0.005898713933311981,1.4534450606041827,1.4537894244405307,1.449920604319791,1.1953535985117727,1.4273847349270663,1.5298018088576075
s05,404.0,1.2721543516101506,0,False,0.9094474399178342,-0.001893824403757809,1.5317638742563673,1.5319056295124767,1.5260069155791647,1.5958198390101397,1.5214525515262707,1.5298018088576075
s05,405.0,1.3783220554819533,0,False,0.9800735312920296,-0.0002182451617567492,1.3226409047300243,1.322469414081918,1.3243632384856758,1.0934976740674778,1.2721543516101506,1.5298018088576075
s05,406.0,1.4569031838938493,0,False,0.9837531355045851,0.001188303109332407,1.4100225903795973,1.4100182415242108,1.4102364866859676,1.4631200950038497,1.3783220554819533,1.5298018088576075
s05,407.0,1.6517120822442286,0,False,0.9431710190262782,0.006490122593219146,1.474965459915074,1.4749847661146709,1.4737964630053384,1.5197049727072351,1.4569031838938493,1.5298018088576075
s05,408.0,1.283641192988485,0,False,0.8809248538349236,-0.004136347035093881,1.6374880202122184,1.6378568472655857,1.6313667246723664,1.799171580570602,1.6517120822442286,1.5298018088576075
s05,409.0,1.441898347661953,0,False,0.9610739953330509,-0.0007649356782877797,1.3300105052295428,1.3295179691017496,1.3336543161368435,1.0273342529635492,1.283641192988485,1.5298018088576075
s05,410.0,2.034426455398995,0,False,0.8364130552248505,0.016441009901399743,1.4609247119658608,1.460894936076078,1.4616598717543656,1.5656903956031591,1.441898347661953,1.5298018088576075
s05,411.0,2.3168638845597513,0,False,0.9118131461743271,0.02722599275145811,1.954674921645685,1.957364456224473,1.9409234463230731,2.4199928944799773,2.034426455398995,1.5298018088576075
s05,412.0,2.1921123283016115,0,False,0.9947922413485145,0.02709143382168744,2.1941966513176023,2.1965976259606337,2.1693716332091757,2.5121590669719165,2.3168638845597513,1.5298018088576075
s05,413.0,1.8276801255801296,0,False,0.9382812919326818,0.019055086873468463,2.0954172715385626,2.0955583571874286,2.068466923365741,2.0910891904065685,2.1921123283016115,1.5298018088576075
s05,414.0,1.3998736261394458,0,False,0.8824002545547056,0.0072687135715895895,1.7915766808581335,1.7927527362020745,1.773697649328606,1.547771901621989,1.8276801255801296,1.5298018088576075
s05,415.0,1.2705149903901913,0,False,0.9418681318392739,0.002336050677087859,1.4340822880078485,1.4349370868735822,1.4276683733019926,1.0978059600812133,1.3998736261394458,1.5298018088576075
s05,416.0,1.2191382616006103,0,False,0.9592135021169561,-0.0008510004612846192,1.3252375005563823,1.3253732995463594,1.3230372488692717,1.1750194856939113,1.2705149903901913,1.5298018088576075
s05,417.0,1.4089485720122992,0,False,0.9527136090642369,0.0029985440138889973,1.280665132168358,1.2806304228398453,1.28148142330113,1.1818201118567524,1.2191382616006103,1.5298018088576075
s05,418.0,2.0415523652969587,0,False,0.8257945333128391,0.021104900634037166,1.4378653543008748,1.4380071446253537,1.4350086006114646,1.5564482878972103,1.4089485720122992,1.5298018088576075
s05,419.0,1.826089834615355,0,False,0.9680789459403574,0.01685383250208636,1.964115516616043,1.9677921056803815,1.9466872050463444,2.4475677301386147,2.0415523652969587,1.5298018088576075
s05,420.0,2.149447030105609,0,False,0.9039905808528571,0.02765928793146894,1.7887271903611122,1.7892651824595234,1.772411349957437,1.6556635747074258,1.826089834615355,1.5298018088576075
s05,421.0,1.8841060328828456,0,False,0.9618045438480777,0.022333971355542617,2.058961033245399,2.0616165854137227,2.033957297482254,2.374794000981652,2.149447030105609,1.5298018088576075
s05,422.0,1.300655486201883,0,False,0.8340326113587222,0.006103492424879923,1.8408183943336969,1.8416714505573057,1.8193374792017631,1.6752098520086716,1.8841060328828456,1.5298018088576075
s05,423.0,1.1706717133786917,0,False,0.929954985634925,0.000618051636858674,1.3525067589467175,1.3535197396460665,1.3474162472211866,0.9148185501347501,1.300655486201883,1.5298018088576075
s05,424.0,1.4193321515814166,0,False,0.9336091403743599,0.00591109012704916,1.2428542438059518,1.2428975352417337,1.2422794836048752,1.0779150231743264,1.1706717133786917,1.5298018088576075
s05,425.0,1.752848609578156,0,False,0.9033439117179872,0.015016996406547545,1.448925957906684,1.4493184002615433,1.4434073101344942,1.60870529928506,1.4193321515814166,1.5298018088576075
s05,426.0,2.0082391061212497,0,False,0.9208214141321506,0.02341854381656739,1.7267360416568531,1.7281875257872552,1.7131705293807076,1.992702443267242,1.752848609578156,1.5298018088576075
s05,427.0,1.425735476634854,0,False,0.8525656972568034,0.007895793842253931,1.9413062285961553,1.9431604757786356,1.919741931962068,2.191447396062255,2.0082391061212497,1.5298018088576075
s05,428.0,1.8180840053359835,0,False,0.8870688478309448,0.01874384190197525,1.4553182924855366,1.4564824033452732,1.4485866095030193,1.027413651467611,1.425735476634854,1.5298018088576075
s05,429.0,2.443938608398879,0,False,0.8391485324345578,0.03852160871951638,1.782562950818777,1.7846797144808417,1.7659358725788665,2.093705501776949,1.8180840053359835,1.5298018088576075
s05,430.0,2.6280318753887286,0,True,0.9274520834813349,0.04804225393270254,2.304480777653674,2.3106770349491903,2.272155426229674,2.8411004269796525,2.443938608398879,1.5298018088576075
s05,431.0,2.5066250649402924,0,True,0.9826538637133418,0.049167986267636986,2.4656152883481326,2.469100653775811,2.4210583998431083,2.751116754077613,2.6280318753887286,1.5298018088576075
s05,432.0,2.582743177223648,0,True,0.9470792156883551,0.055489469838574265,2.3711741836016667,2.3720270581924057,2.3228590719247686,2.406941485987582,2.5066250649402924,1.5298018088576075
s05,433.0,2.295857381346151,0,True,0.9810970969743725,0.05116770170699782,2.436979772800471,2.439916319065366,2.3844268492267915,2.630557683843124,2.582743177223648,1.5298018088576075
s05,434.0,2.0963337814711647,0,True,0.9868246781669346,0.047951265444936636,2.202581105436459,2.2035483235398705,2.1523806218328727,2.0654853740146115,2.295857381346151,1.5298018088576075
s05,435.0,2.163284468277062,0,True,0.9585796668829709,0.05168135464987998,2.0383163880910775,2.0389481614456173,1.9909968960006805,1.9356884907984644,2.0963337814711647,1.5298018088576075
s05,436.0,1.8162091726987082,0,True,0.9407897790744044,0.0432626998623515,2.09469034002412,2.0968309989496574,2.0451496442997774,2.2103010079405467,2.163284468277062,1.5298018088576075
s05,437.0,1.5377556765740794,0,False,0.9314674131814746,0.03516490647329901,1.8051205288591412,1.8076821228758289,1.7644194230134773,1.5490345673147174,1.8162091726987082,1.5298018088576075
s05,438.0,1.3980992583042686,0,False,0.9520495625166249,0.02987712837915253,1.5719485861033042,1.574358528109151,1.539193621635852,1.3280637280779244,1.5377556765740794,1.5298018088576075
s05,439.0,1.2211068158731937,0,False,0.9226682751204298,0.02282702347738838,1.4546776912221377,1.4561103125986652,1.4262331842195126,1.291904357336117,1.3980992583042686,1.5298018088576075
s05,440.0,1.745598166568107,0,False,0.8475470335375834,0.036017947394989897,1.304135449548684,1.305900702648057,1.2830736791706685,1.0938100867068525,1.2211068158731937,1.5298018088576075
s05,441.0,1.9910724770569248,0,True,0.9233807070255433,0.04345040200579388,1.737832947103872,1.7433239900301256,1.7073060426351356,2.099317299867326,1.745598166568107,1.5298018088576075
s05,442.0,1.4052678556001397,0,False,0.8490536133142668,0.027129222071399995,1.9459780476654622,1.949307186746602,1.905856784740808,2.167881235587317,1.9910724770569248,1.5298018088576075
s05,443.0,1.2366480983004804,0,False,0.9269291901540847,0.020453844244954965,1.455065634470042,1.4591606925153144,1.4320314704439145,1.0070046313719105,1.4052678556001397,1.5298018088576075
s05,444.0,0.9162724854860218,0,False,0.8288904871712719,0.008459078310035771,1.3146034376865534,1.3160980166499945,1.2956441724050396,1.114537621494552,1.2366480983004804,1.5298018088576075
s05,445.0,0.9745267068227036,0,False,0.9692581662718655,0.006345811245067086,1.0435215135530493,1.0449689423216597,1.036509864011624,0.722052281622332,0.9162724854860218,1.5298018088576075
s05,446.0,1.2090358393433378,0,False,0.9454246703015938,0.009917656575118443,1.08977924646746,1.089974328341626,1.083628517096559,1.0235508358198853,0.9745267068227036,1.5298018088576075
s05,447.0,1.545380396250644,0,False,0.903654487458892,0.017782234968940828,1.282686523745809,1.2832277831232315,1.273310126548113,1.3918733028366796,1.2090358393433378,1.5298018088576075
s05,448.0,1.6738379483618164,0,False,0.9601548487875378,0.021103081161615387,1.5614298367304555,1.5631430752726647,1.5453608403037238,1.7912183604245668,1.545380396250644,1.5298018088576075
s05,449.0,1.5102288561819226,0,False,0.9560672017968023,0.016298960588075884,1.6695253531733059,1.6703662086332391,1.6492631274716238,1.772621045731802,1.6738379483618164,1.5298018088576075
s05,450.0,1.3056104910273574,0,False,0.9252698594249154,0.009470446030436869,1.5325115840022199,1.5332276429486578,1.5169286823605819,1.3840025756547798,1.5102288561819226,1.5298018088576075
s05,451.0,1.1621747116146883,0,False,0.9248655674051786,0.00350885161051545,1.3601867978489055,1.3608945256120688,1.351424079581632,1.1558977263928119,1.3056104910273574,1.5298018088576075
s05,452.0,1.4987331765619005,0,False,0.9038726937779916,0.011303379648926136,1.238651939706729,1.2389155752815446,1.235406723671029,1.0603764995852103,1.1621747116146883,1.5298018088576075
s05,453.0,0.7884169078780977,0,False,0.6874694898864142,-0.010612128182373903,1.5178472721512424,1.5189338355880984,1.5076304559391722,1.7456440462566476,1.4987331765619005,1.5298018088576075
s05,454.0,0.5012940942376302,0,False,0.700055278930168,-0.023247775942500673,0.9257989667427502,0.9224823529085221,0.933094481090896,0.43865711008595104,0.7884169078780977,1.5298018088576075
s05,455.0,1.1152155783224473,0,False,0.772490636218269,-0.010119571604359601,0.684581814721646,0.6776087670510786,0.7008565429935794,0.39857240273286193,0.5012940942376302,1.5298018088576075
s05,456.0,1.074516826716898,0,False,0.9460259075608793,-0.013503201138358123,1.1896067751476336,1.187304477850182,1.1974240494545416,1.517512524278527,1.1152155783224473,1.5298018088576075
s05,457.0,1.3140555114958983,0,False,0.9397889728993899,-0.008611591425420617,1.1517306774244473,1.1510018543979816,1.1645050555363397,1.0482316386001733,1.074516826716898,1.5298018088576075
s05,458.0,1.9058338098822438,0,False,0.8325087850435304,0.008074126773139371,1.3501617160282735,1.3496432032635781,1.3582547946889987,1.4988006640918676,1.3140555114958983,1.5298018088576075
s05,459.0,2.18535553438197,0,False,0.9134834302828793,0.018285212316730637,1.843633670959316,1.8449860162622618,1.8369118894891223,2.2927762301429837,1.9058338098822438,1.5298018088576075
s05,460.0,1.868208207973339,0,False,0.9505150738784067,0.011892850515437352,2.079704960836922,2.081286934683115,2.0630017223663843,2.3812992183633725,2.18535553438197,1.5298018088576075
s05,461.0,1.340999022056971,0,False,0.852354740319569,-0.002428322286017477,1.817782931943,1.8183714487721316,1.8064785982566942,1.6213244265323543,1.868208207973339,1.5298018088576075
s05,462.0,1.3392548674457552,0,False,0.985027400297133,-0.003579264390547408,1.3779781345379263,1.3776196042634195,1.380047926549437,0.9832942032536589,1.340999022056971,1.5298018088576075
s05,463.0,1.6440668732811885,0,False,0.9123391289634651,0.004491004480870751,1.3751115017935338,1.3750579109005834,1.3786371752911308,1.3384548943320638,1.3392548674457552,1.5298018088576075
s05,464.0,2.0149419658272674,0,False,0.8930800864892319,0.016049045321019292,1.6292802524576941,1.6296739378223164,1.6251829333414456,1.8673448328067304,1.6440668732811885,1.5298018088576075
s05,465.0,1.7117535615651138,0,False,0.9414051553009081,0.009165275552553996,1.9394965913096363,1.9412125538472902,1.9251635085262708,2.2732495389686678,2.0149419658272674,1.5298018088576075
s05,466.0,2.5578610403809416,0,False,0.7930875901311921,0.03522821870811883,1.688559230631155,1.6890962685287811,1.6799309929762272,1.4790257687145005,1.7117535615651138,1.5298018088576075
s05,467.0,2.267037358450407,0,False,0.9790223987205041,0.03125346140613895,2.3922401128881203,2.3995292685164027,2.364301049808284,3.060576475408252,2.5578610403809416,1.5298018088576075
s05,468.0,2.0397231238426077,0,False,0.9785945208923941,0.027635460825481937,2.1596675205458595,2.1603231431978416,2.1290696817917025,2.033846349370103,2.267037358450407,1.5298018088576075
s05,469.0,1.9693029917536475,0,False,0.9938527884244118,0.027529257802478488,1.9722515422411002,1.972843092520429,1.9452076316949471,1.857773579625368,2.0397231238426077,1.5298018088576075
s05,470.0,2.0222012405002827,0,False,0.9657905536146556,0.030721958116775014,1.9156086685181677,1.9157778966903984,1.88824863888792,1.9121958796703495,1.9693029917536475,1.5298018088576075
s05,471.0,2.108524289674605,0,False,0.9561188600499997,0.0351249739018824,1.9607061156586434,1.961757096837692,1.931035138720917,2.060405295990244,2.0222012405002827,1.5298018088576075
s05,472.0,2.1652292978361385,0,False,0.9605944776045143,0.03900238968224459,2.0344407812618703,2.035982105157399,2.0008571312555166,2.170557855936599,2.108524289674605,1.5298018088576075
s05,473.0,1.8846532271032237,0,False,0.9588299526625312,0.032970233488484296,2.0841881906884656,2.085725100228567,2.046722710546322,2.204617706035557,2.1652292978361385,1.5298018088576075
s05,474.0,1.90138757725064,0,False,0.9781000527987922,0.03442935156110951,1.8513929220896843,1.8527503081631327,1.8197800746746484,1.6643829995368615,1.8846532271032237,1.5298018088576075
s05,475.0,2.2272374485658473,0,True,0.9031124677054478,0.04521412721747055,1.8669909257057862,1.8677449266871464,1.8333155751260368,1.9131358777043916,1.90138757725064,1.5298018088576075
s05,476.0,2.078203480783903,0,True,0.9955327932275001,0.043297476471236926,2.137711153780738,2.1420918389916905,2.09687771177422,2.4526334669796004,2.2272374485658473,1.5298018088576075
s05,477.0,1.8737764912734214,0,False,0.973398889375902,0.03892187828978449,2.019436345208378,2.0196297639885024,1.9763322875172655,1.9577414781780997,2.078203480783903,1.5298018088576075
s05,478.0,2.342968934909955,0,True,0.8720928965803567,0.05371381564753738,1.8488689911281082,1.8499043563181925,1.810982478028408,1.7111547798655888,1.8737764912734214,1.5298018088576075
s05,479.0,2.549959664755851,0,True,0.9242522074334151,0.06288659370670144,2.2373300175439566,2.2442003961170496,2.1904865804695124,2.6544281905928617,2.342968934909955,1.5298018088576075
s05,480.0,2.8115579373952975,0,True,0.9123331416305007,0.07460943223905053,2.416033132328347,2.420796652983661,2.3579100592769597,2.690153850941506,2.549959664755851,1.5298018088576075
s05,481.0,2.304515692130757,0,True,0.9456908319305642,0.0644215422646372,2.6375712500820714,2.644112024611201,2.5695025923721504,2.983380586209864,2.8115579373952975,1.5298018088576075
s05,482.0,1.5523846170206173,0,True,0.8366955771028144,0.044278918833024164,2.220306717708242,2.223805398074384,2.159383855809747,1.9087881736697625,2.304515692130757,1.5298018088576075
s05,483.0,1.2274682212633643,0,False,0.8837671850611105,0.033243812765498565,1.5880741468943456,1.5953050901808838,1.5510261713478597,1.0431525929482195,1.5523846170206173,1.5298018088576075
s05,484.0,1.458632382674131,0,False,0.9380779709389063,0.037358897702259024,1.3175988628450805,1.321462884782116,1.2882190720166173,1.0022691732662996,1.2274682212633643,1.5298018088576075
s05,485.0,1.5673426266592447,0,False,0.9697653882793028,0.03900255605166565,1.5102406762631475,1.512554015012357,1.4751951173100981,1.63505608999268,1.458632382674131,1.5298018088576075
s05,486.0,1.5204157313220086,0,False,0.9861726817952343,0.036551204695906225,1.6009482160423192,1.602127443180656,1.5631248871289904,1.6524863523119362,1.5673426266592447,1.5298018088576075
s05,487.0,1.635640122506602,0,False,0.9651070291026489,0.03876882357730119,1.5612140879886722,1.56171949312677,1.5251682884308637,1.4830496857114819,1.5204157313220086,1.5298018088576075
s05,488.0,1.379587570420331,0,False,0.9204907638082394,0.030442376114887544,1.655783059734645,1.6571358191674523,1.6183669955901512,1.7249841391745078,1.635640122506602,1.5298018088576075
s05,489.0,1.304474938863858,0,False,0.9607544066916301,0.026325550222509566,1.4392820185370334,1.4417024686097903,1.4112600924949028,1.1914658370386428,1.379587570420331,1.5298018088576075
s05,490.0,1.3893565119782303,0,False,0.9858470384913446,0.02670131126861447,1.3757979819370818,1.3768311437747334,1.3505055935522239,1.2479112866319548,1.304474938863858,1.5298018088576075
s05,491.0,1.428346152482859,0,False,0.9967804409952904,0.026175806856485764,1.445485063589867,1.4458629662204825,1.419161654951868,1.4574627178248152,1.3893565119782303,1.5298018088576075
s05,492.0,1.372714069912082,0,False,0.9724303467629296,0.023051007476443668,1.476789774692148,1.4768740492468182,1.4506982423903325,1.4598531698895938,1.428346152482859,1.5298018088576075
s05,493.0,1.8414629330697039,0,False,0.8660171493038363,0.035432350426642424,1.4281159931135217,1.4287515013964123,1.4057004939199687,1.3298663180349233,1.372714069912082,1.5298018088576075
s05,494.0,1.6597893238728108,0,False,0.9637501301868537,0.03061768537875042,1.8155308314855172,1.8202781588025443,1.7848458083759018,2.162223553702042,1.8414629330697039,1.5298018088576075
s05,495.0,1.670567606541308,0,False,0.9901415785587812,0.030679184105810185,1.6674077618636896,1.668517648972649,1.6378999635938987,1.5173767603733344,1.6597893238728108,1.5298018088576075
s05,496.0,1.9001059711248103,0,False,0.9286338209374312,0.03736344991047732,1.6769946626428516,1.6772971109692394,1.6466179268634291,1.6789635184191716,1.670567606541308,1.5298018088576075
s05,497.0,1.9409461259598682,0,False,0.9712401743389217,0.03950256157088585,1.866975917289544,1.8696424039462505,1.8322789540357731,2.0676765251401763,1.9001059711248103,1.5298018088576075
s05,498.0,1.8025746149580888,0,False,0.982919676501417,0.036435353533758416,1.9036787960783919,1.9048148828623366,1.8653123212914506,1.9708542442959263,1.9409461259598682,1.5298018088576075
s05,499.0,1.5437673090762956,0,False,0.9365232003378468,0.02905357694767272,1.7892042009873435,1.7898265286124853,1.7533911750787268,1.691725049065098,1.8025746149580888,1.5298018088576075
s05,500.0,0.920448392027193,0,False,0.7474981904683025,0.009473738330290256,1.5712654511898982,1.5731096792732746,1.5440561023256019,1.3477384884698131,1.5437673090762956,1.5298018088576075
s05,501.0,0.7063127711150466,0,False,0.8095394861278253,-0.000817716477783656,1.046969128646082,1.0493612647175101,1.0398875263872198,0.5737418913770778,0.920448392027193,1.5298018088576075
s05,502.0,0.6341433632731057,0,False,0.8455939864339188,-0.007769432166089777,0.8660229622505367,0.8658672195499763,0.8666849360277599,0.5966430000595098,0.7063127711150466,1.5298018088576075
s05,503.0,0.8368479735904701,0,False,0.9827087755898961,-0.006680241485922485,0.8017412646333318,0.8005416175848937,0.8083110497509836,0.6116752942337624,0.6341433632731057,1.5298018088576075
s05,504.0,1.0594445345667522,0,False,0.9572017256789189,-0.003864529832125285,0.9657029889948258,0.965587479440179,0.9722677209261015,1.0003112064115054,0.8368479735904701,1.5298018088576075
s05,505.0,1.236215759498963,0,False,0.964949483886956,-0.001231538238682333,1.1486147682587418,1.1484493730508645,1.1523139028829898,1.2357596993390103,1.0594445345667522,1.5298018088576075
s05,506.0,1.3977321702353322,0,False,0.9620353376711749,0.0018785386996045968,1.29410610500998,1.2940629389591014,1.2952944771977837,1.3762555304365243,1.236215759498963,1.5298018088576075
s05,507.0,1.7622727986529314,0,False,0.8946782784370444,0.011912278495387245,1.4277434873727746,1.4278148054601767,1.4259362667605722,1.5244849473722064,1.3977321702353322,1.5298018088576075
s05,508.0,1.5120423609631435,0,False,0.9355318545433409,0.005292383757050298,1.7314508972288367,1.7327055189077083,1.720793240412321,2.021706229741263,1.7622727986529314,1.5298018088576075
s05,509.0,1.5499209863234713,0,False,0.9897429075223286,0.0060793760187061304,1.5233467207690816,1.5236879109349435,1.5183955271778933,1.3231024297892509,1.5120423609631435,1.5298018088576075
s05,510.0,1.7600281918212979,0,False,0.9363375564194396,0.012226836235596361,1.55505049453626,1.5551128512582904,1.5490334752395842,1.580235574835305,1.5499209863234713,1.5298018088576075
s05,511.0,1.7497690573115625,0,False,0.9911365203733338,0.012783771846033208,1.7304261466916502,1.7312045369636677,1.7189777007280713,1.9165399780696053,1.7600281918212979,1.5298018088576075
s05,512.0,1.995746466007831,0,False,0.9231964803584404,0.02095226323069732,1.7233501111510514,1.7234634198523608,1.7106796480063275,1.7411980860280636,1.7497690573115625,1.5298018088576075
s05,513.0,1.697279284724043,0,False,0.9412097137919959,0.013952954313534171,1.9289803744022405,1.9305895819628145,1.9096373187321172,2.1728100017780854,1.995746466007831,1.5298018088576075
s05,514.0,1.7337567060919916,0,False,0.980766222642487,0.015500360601054277,1.6813561983304484,1.6821764965079882,1.668223542194454,1.4683500977842836,1.697279284724043,1.5298018088576075
s05,515.0,1.3975237242321206,0,False,0.9031743348290813,0.0060292175201742924,1.7129303631100246,1.7132284935947864,1.6977281329937322,1.7620008466073311,1.7337567060919916,1.5298018088576075
s05,516.0,1.600793378307484,0,False,0.9422695072392877,0.011099112358071268,1.4312131007140672,1.4317968837109183,1.425767666190744,1.1546307489947178,1.3975237242321206,1.5298018088576075
s05,517.0,2.1492451399235453,0,False,0.8507028460411865,0.02753805207443518,1.6006397254857774,1.6012804827114153,1.590181370353344,1.7551027618637902,1.600793378307484,1.5298018088576075
s05,518.0,2.054458300835116,0,False,0.9949518785969642,0.02733183955052929,2.057220698831696,2.061332051631979,2.0337939995575436,2.509391139449428,2.1492451399235453,1.5298018088576075
s05,519.0,1.8618850766003932,0,False,0.9750953210103461,0.023654653351892308,1.984319975444073,1.9844579498882924,1.957126110337763,1.9776860957137772,2.054458300835116,1.5298018088576075
s05,520.0,1.7215278800909666,0,False,0.9773713309886919,0.020549925258974804,1.8244297049732097,1.82501881652155,1.8013641631696578,1.7084950768041598,1.8618850766003932,1.5298018088576075
s05,521.0,2.135024920203759,0,False,0.8831819561483334,0.03334906797026498,1.7079218123705278,1.70838682982742,1.6878369045684454,1.609807210314635,1.7215278800909666,1.5298018088576075
s05,522.0,2.0479058906932543,0,False,0.9937150240701748,0.03311701140143342,2.0517453367697436,2.055641109654306,2.0222920416840413,2.4172404280989293,2.135024920203759,1.5298018088576075
s05,523.0,2.2074413897132463,0,False,0.9386201323084019,0.039791956024899114,1.9847350959781977,1.9849432355977235,1.95182622419629,1.97727909078101,2.0479058906932543,1.5298018088576075
s05,524.0,1.6312236580988946,0,False,0.8790406973284751,0.02510893420824243,2.1182152936581184,2.1206577186541167,2.0808657626292177,2.3207913031067773,2.2074413897132463,1.5298018088576075
s05,525.0,1.2592742092264926,0,False,0.8765245077962547,0.01369004968533905,1.6368665341506174,1.6399036933232716,1.6147947591150291,1.2195410500004509,1.6312236580988946,1.5298018088576075
s05,526.0,1.3176642042176352,0,False,0.9985895861885321,0.013390918445327195,1.3259448599281727,1.3276352455513638,1.3139451958660247,1.0023227208635213,1.2592742092264926,1.5298018088576075
s05,527.0,0.6902714696868123,0,False,0.6737898550031737,-0.007137875082421915,1.374545700542125,1.3745645872784487,1.3611736688331215,1.364887431843988,1.3176642042176352,1.5298018088576075
s05,528.0,1.1699826757578655,0,False,0.8441164924289907,0.002564441299537411,0.848900576958161,0.8465721296925549,0.8537100047749768,0.4016629092908748,0.6902714696868123,1.5298018088576075
s05,529.0,1.2310528947290293,0,False,0.9956943814618822,0.0021674301394925917,1.2438868459591248,1.2442866000638566,1.2417221587643192,1.5086931364455434,1.1699826757578655,1.5298018088576075
s05,530.0,1.2128952574706684,0,False,0.9688257298284668,-0.0002442905895234425,1.2932766163104807,1.2932859484378694,1.2911185182983769,1.2804951920441054,1.2310528947290293,1.5298018088576075
s05,531.0,1.7281886536185938,0,False,0.8499062771184533,0.013315743773982102,1.2761951237492475,1.2761875081684093,1.2764317987579328,1.2006470909969655,1.2128952574706684,1.5298018088576075
s05,532.0,1.2499753891343828,0,False,0.8496651147054664,-0.0003812000629587961,1.7045415741431051,1.706540183699079,1.6932244399250969,2.0771754266024627,1.7281886536185938,1.5298018088576075
s05,533.0,1.4872803129427319,0,False,0.9353833929405004,0.005055928658810872,1.3060999965514823,1.306042688883743,1.306423888946702,0.9298106333635208,1.2499753891343828,1.5298018088576075
s05,534.0,1.4132003748367419,0,False,0.9708011819255328,0.0023492562129853356,1.5030960927421257,1.503422789697593,1.4983668610387821,1.6675369565512743,1.4872803129427319,1.5298018088576075
s05,535.0,1.3202989884938285,0,False,0.9572538132358883,-0.0012656813587596473,1.4407283120472212,1.4407969075519946,1.4384476513390092,1.355767925873624,1.4132003748367419,1.5298018088576075
s05,536.0,1.2790812704698626,0,False,0.9681886937485882,-0.0037544168551783396,1.362093223402231,1.3620391203504856,1.3633048017092453,1.2502065436719747,1.3202989884938285,1.5298018088576075
s05,537.0,0.7717733029192495,0,False,0.7350708054206042,-0.02038756658923793,1.3263310602922775,1.3262116273879019,1.3299660442430803,1.248421773549529,1.2790812704698626,1.5298018088576075
s05,538.0,1.0352333310034962,0,False,0.9410222403602435,-0.01630791104521699,0.9046460744653857,0.8992448128694651,0.919632379458703,0.5093211915138598,0.7717733029192495,1.5298018088576075
s05,539.0,1.1677779112998712,0,False,0.9847999208599497,-0.01476725991567302,1.1173846777062568,1.1164228736484056,1.1327307846936225,1.2415138511040797,1.0352333310034962,1.5298018088576075
s05,540.0,1.2581878845733394,0,False,0.9927101179042082,-0.013776770942903504,1.225396049000422,1.2251715854810223,1.2399388453966953,1.2744532529048975,1.1677779112998712,1.5298018088576075
s05,541.0,0.9575628698619976,0,False,0.8437923814768218,-0.024028577537064985,1.2993901873698812,1.2992897563340466,1.3130665272769502,1.331182533109635,1.2581878845733394,1.5298018088576075
s05,542.0,1.0145542685338704,0,False,0.9735111046797429,-0.024968314074387512,1.0496322666515192,1.0458788197779547,1.0699073973150197,0.7699361196011367,0.9575628698619976,1.5298018088576075
s05,543.0,1.3814141124636745,0,False,0.8939477728553179,-0.01625697994496085,1.0916976912072924,1.0910363081494527,1.1160046222238402,1.0621177366766235,1.0145542685338704,1.5298018088576075
s05,544.0,1.1286403445751494,0,False,0.888440136086482,-0.024292184682569433,1.3982045914252446,1.3964805024954352,1.412737482440396,1.649999705134961,1.3814141124636745,1.5298018088576075
s05,545.0,1.5281793322257125,0,False,0.8833206242584685,-0.01396651743123551,1.1867004566652648,1.1839904238479153,1.2082826085304847,0.955879308703705,1.1286403445751494,1.5298018088576075
s05,546.0,1.6282917038266569,0,False,0.9694011478611814,-0.010642206009292235,1.5191109276303743,1.5174813230952144,1.53144784052645,1.8140192141991573,1.5281793322257125,1.5298018088576075
s05,547.0,1.5902429727455956,0,False,0.9930856809172433,-0.01098834849718212,1.6021066949633676,1.6017810556752583,1.6124232616845506,1.7063038139310824,1.6282917038266569,1.5298018088576075
s05,548.0,1.601708470271297,0,False,0.9937085397079224,-0.010056875666436222,1.5707353528608023,1.5706593759131002,1.5816477244102825,1.5596207970663991,1.5902429727455956,1.5298018088576075
s05,549.0,1.7157009497868883,0,False,0.9623231662239083,-0.006011787048433937,1.5809279349540633,1.5808646625201455,1.5909215381865818,1.6108560726615822,1.601708470271297,1.5298018088576075
s05,550.0,1.6069000010617067,0,False,0.9768684736466751,-0.008118147986631878,1.6773385374362924,1.6771120323349713,1.6831238193834053,1.8032019378341684,1.7157009497868883,1.5298018088576075
s05,551.0,1.7959163933545184,0,False,0.9408772012921306,-0.0018507322502542669,1.5871903206293578,1.5870025354752648,1.5951206834618967,1.5206600384024576,1.6069000010617067,1.5298018088576075
s05,552.0,2.231202100660491,0,False,0.8787285216188832,0.01270068162205254,1.746264392053892,1.746154971583598,1.7480057038338523,1.9369298093890888,1.7959163933545184,1.5298018088576075
s05,553.0,1.9878839949665674,0,False,0.9725884245901052,0.008953645962873565,2.111244953169112,2.1127851836058666,2.100084501983814,2.5246829574188574,2.231202100660491,1.5298018088576075
s05,554.0,1.8583505192696328,0,False,0.9880729520874838,0.00733721828236022,1.911986008411906,1.912231441953411,1.9032777959905374,1.7941528816324226,1.9878839949665674,1.5298018088576075
s05,555.0,2.017117928929622,0,False,0.9427840498858496,0.013675482009137227,1.8057549600163902,1.8058424713703884,1.7985052530880283,1.754113826149153,1.8583505192696328,1.5298018088576075
s05,556.0,2.47706977147933,0,False,0.875227780503646,0.029769604911659746,1.9398165523654913,1.940599008061913,1.926923526052776,2.133028069939096,2.017117928929622,1.5298018088576075
s05,557.0,2.474968107666993,0,False,0.9631701603389753,0.03415695764202065,2.325008596976606,2.3287230166549633,2.2989534117433035,2.7804566890804003,2.47706977147933,1.5298018088576075
s05,558.0,2.3927638984242803,0,False,0.9796579860877028,0.0359975611400406,2.3301524532170177,2.331410448490282,2.297253490848261,2.466785593743097,2.474968107666993,1.5298018088576075
s05,559.0,2.4070304676582146,0,False,0.9620359070756537,0.0402056582566746,2.2660283008808952,2.266760563770415,2.230763002630374,2.3243305361667126,2.3927638984242803,1.5298018088576075
s05,560.0,2.543426934042373,0,True,0.9371471067980921,0.048033223027530145,2.2809817370010474,2.2825081083471885,2.2423024500905138,2.411878080696498,2.4070304676582146,1.5298018088576075
s05,561.0,2.5129167499267524,0,True,0.9670912031007476,0.051400946112048054,2.3976402867390627,2.4006593137761554,2.3526260907486254,2.634824029670179,2.543426934042373,1.5298018088576075
s05,562.0,2.0470045321967025,0,False,0.9358600397376878,0.04143061154209009,2.3776574745659373,2.379349017861968,2.32794807174992,2.482963758180307,2.5129167499267524,1.5298018088576075
s05,563.0,1.7445324199570076,0,False,0.9441843758235156,0.03399075085613297,1.989870418377625,1.992527776155578,1.9510971646134878,1.6881733325231671,2.0470045321967025,1.5298018088576075
s05,564.0,1.8151014338664044,0,False,0.9691905559108904,0.03623075079148185,1.7385375543795127,1.7404347693547753,1.7064440184986422,1.5114088139980195,1.7445324199570076,1.5298018088576075
s05,565.0,1.7698867515829573,0,False,0.9982017523150002,0.035334727805238275,1.7986379351669266,1.7997541844577432,1.7635234336662613,1.8688331744703832,1.8151014338664044,1.5298018088576075
s05,566.0,2.4974863002422754,0,True,0.817825430998593,0.05739072246491338,1.7622229376606302,1.762286478253106,1.7269517504478678,1.7333036255428511,1.7698867515829573,1.5298018088576075
s05,567.0,2.4645511330519123,0,True,0.9688449837832942,0.060141518030766436,2.362402817393752,2.3728579475234772,2.3154672250585637,2.945629975343482,2.4974863002422754,1.5298018088576075
s05,568.0,2.216200132748087,0,True,0.9838971651648107,0.056158443375307385,2.347095577960509,2.348969287930055,2.2888277698992887,2.4332669663214546,2.4645511330519123,1.5298018088576075
s05,569.0,2.075527145760495,0,True,0.9970199057964333,0.05410099752407565,2.1432043639966123,2.1441086741348863,2.0879502307595788,2.016492104453893,2.216200132748087,1.5298018088576075
s05,570.0,2.066575927085427,0,True,0.9771603032033904,0.05525021901547879,2.028107317969527,2.0282685440386556,1.97416754651458,1.9617814834790923,2.075527145760495,1.5298018088576075
s05,571.0,2.133704290838781,0,True,0.9593805960145974,0.058596019309155374,2.020915716132635,2.022177614382895,1.966927395367416,2.057225196544559,2.066575927085427,1.5298018088576075
s05,572.0,1.8366813692143622,0,True,0.9522296348641838,0.05130186410140455,2.0774397407591345,2.0798198761393896,2.0212238568302343,2.1812263742090163,2.133704290838781,1.5298018088576075
s05,573.0,2.332955695786961,0,True,0.8659970949083594,0.0663221311641063,1.829829418249964,1.832280127030236,1.7809782629288315,1.6052514373294415,1.8366813692143622,1.5298018088576075
s05,574.0,2.1614841120977375,0,True,0.9951936286963698,0.06370536801985258,2.239822191991669,2.248709550239528,2.1823874190754218,2.660398272385536,2.332955695786961,1.5298018088576075
s05,575.0,1.809915280437478,0,True,0.9394171916419836,0.054780862352362306,2.1070926110344157,2.1073988026871535,2.043693434667301,2.0228905967444253,2.1614841120977375,1.5298018088576075
s05,576.0,1.6818755179397087,0,True,0.9775264704403499,0.05081384288464756,1.8107907217112866,1.8141095001968666,1.7593286378445043,1.5397134207306775,1.809915280437478,1.5298018088576075
s05,577.0,1.8222299774876638,0,True,0.9522090510028163,0.05428339858749465,1.705436154325987,1.7065781207260946,1.655764277841447,1.5800518029163189,1.6818755179397087,1.5298018088576075
s05,578.0,1.8110797462680737,0,True,0.98834486494336,0.05390860933798484,1.8209784661184454,1.823572721251734,1.7692893226642394,1.9277994685488835,1.8222299774876638,1.5298018088576075
s05,579.0,1.8240047876775711,0,True,0.98224418028846,0.05420337937144369,1.8135508077730595,1.8141791198956094,1.7602705105576246,1.801573861130282,1.8110797462680737,1.5298018088576075
s05,580.0,2.3276343042378986,0,True,0.864286616609735,0.06928456103113945,1.8239658234828315,1.824928248914707,1.7707248695432634,1.8333274923292229,1.8240047876775711,1.5298018088576075
s05,581.0,2.0317324604260194,0,True,0.9652788046728986,0.06281550091690812,2.2379649553728185,2.2473677975670636,2.178083236535924,2.659412607606191,2.3276343042378986,1.5298018088576075
s05,582.0,1.8728387386173913,0,True,0.9827327137963683,0.0589538654133267,1.9993788927931992,2.001559922070105,1.9387444211531968,1.797475118926877,2.0317324604260194,1.5298018088576075
s05,583.0,2.163150999939477,0,True,0.9112933608379647,0.06777306001308739,1.868159873347219,1.8691778466141211,1.8102239812007945,1.7454563109477805,1.8728387386173913,1.5298018088576075
s05,584.0,1.98387428756903,0,True,0.9848375132694114,0.06390484616789564,2.1068028286959337,2.1128147490754214,2.045041689062334,2.366661738099231,2.163150999939477,1.5298018088576075
s05,585.0,2.0335465351771367,0,True,0.9661033234961538,0.06599305994784302,1.96297045279685,1.963939409178891,1.9000345630109954,1.839794611431178,1.98387428756903,1.5298018088576075
s05,586.0,1.9373084196287738,0,True,0.999252251310795,0.06392616892863155,2.003967841531271,2.006204786935822,1.9402117269879793,2.0691980870242146,2.0335465351771367,1.5298018088576075
s05,587.0,1.774920377325641,0,True,0.9759918840861906,0.05938489579176822,1.9262483478453964,1.9262961485544186,1.862369979625787,1.8594688432108537,1.9373084196287738,1.5298018088576075
s05,588.0,1.9957224354935044,0,True,0.9290722626281287,0.06554432673379187,1.7889823512976843,1.7904080707593826,1.7310231749676144,1.6456730728561066,1.774920377325641,1.5298018088576075
s05,589.0,1.5088072141898903,0,True,0.882928377976728,0.05155367690456779,1.9705132977045687,1.9751622084973592,1.9096178817635674,2.1555426226563483,1.9957224354935044,1.5298018088576075
s05,590.0,1.9229209726495964,0,True,0.8817791257190952,0.062221331959371906,1.5612969982463114,1.5673324708227927,1.515778793918225,1.1618916813216287,1.5088072141898903,1.5298018088576075
s05,591.0,2.09723880818526,0,True,0.9376436520145855,0.06774987342305953,1.9055982324658463,1.9129540927290056,1.8507327607696338,2.20974223517475,1.9229209726495964,1.5298018088576075
s05,592.0,1.9153491844061612,0,True,0.9804769714086279,0.0634259850744326,2.055254161343923,2.059478796027059,1.9917289226039991,2.2228637531464677,2.09723880818526,1.5298018088576075
s05,593.0,2.151260285743608,0,True,0.9233577099586302,0.07072276343122906,1.9067960731970155,1.9080343405170594,1.844608355442627,1.7697197810574268,1.9153491844061612,1.5298018088576075
s05,594.0,1.3189956997969943,0,True,0.7867538872700129,0.04710823329876475,2.100726349665047,2.1061467042124704,2.0354239407812416,2.318573364898349,2.151260285743608,1.5298018088576075
s05,595.0,1.392502111387289,0,True,0.9890391802640945,0.04660253035821996,1.3993132284435763,1.4093588760721152,1.3622506427733505,0.7985979392289764,1.3189956997969943,1.5298018088576075
s05,596.0,1.6149169484149861,0,True,0.9364820775106402,0.051000784152514314,1.467797686670681,1.4683084886051745,1.4217059582469544,1.4516258459666693,1.392502111387289,1.5298018088576075
s05,597.0,1.9629913878139735,0,True,0.898765914317901,0.0603123476530896,1.6493664739401017,1.6526059377947977,1.6016051536422833,1.7825437831127295,1.6149169484149861,1.5298018088576075
s05,598.0,1.5941007365956603,0,True,0.9170002934057119,0.049831693490033795,1.9373502099941853,1.9434558753641866,1.883143527711097,2.2079451568883193,1.9629913878139735,1.5298018088576075
s05,599.0,0.9263300037545042,0,False,0.7383318357593479,0.02858360104099653,1.6304637361169765,1.6345997520557458,1.584768058565712,1.3197157343060506,1.5941007365956603,1.5298018088576075
s06,350.0,2.233327071242445,0,False,0.9310434980889734,-0.01877493809476624,1.9184770797651833,1.9165211229701018,1.9448002395130384,1.6696475211999684,1.986042130806184,1.6737727531910611
s06,351.0,2.0105996891329845,0,False,0.9655480944196153,-0.02252261086004978,2.136816768697047,2.1355221146424355,2.154297052737202,2.422928083443077,2.233327071242445,1.6737727531910611
s06,352.0,1.942595427242077,0,False,0.9941215751294401,-0.022537222901840934,1.9438584421645562,1.943082495301782,1.9656051061618318,1.8268583905606572,2.0105996891329845,1.6737727531910611
s06,353.0,1.993751760603897,0,False,0.978054410861935,-0.019288334915217753,1.885587977754744,1.8854554943831243,1.9079927172849653,1.8851182990340358,1.942595427242077,1.6737727531910611
s06,354.0,2.12411138896811,0,False,0.9576676305356324,-0.013526295540038442,1.932466703668673,1.9320434097954662,1.951331744710684,2.035208755300065,1.993751760603897,1.6737727531910611
s06,355.0,2.278169362639507,0,False,0.950207416097031,-0.00662855119057211,2.0488171511309146,2.0482445509906295,2.061770846530668,2.2272363190514666,2.12411138896811,1.6737727531910611
s06,356.0,2.672118645544109,0,False,0.9014813127284844,0.0079652577080969,2.185988401613121,2.1856583489218093,2.1922869001123813,2.397910374951393,2.278169362639507,1.6737727531910611
s06,357.0,2.6137339063053937,0,False,0.9829574707370284,0.010357238008676124,2.533216502886239,2.53400122961942,2.526035971911323,2.9585953236719167,2.672118645544109,1.6737727531910611
s06,358.0,2.5579226035910314,0,False,0.9838610061473323,0.012487005184796946,2.4867538508551577,2.486930364387004,2.476573126378328,2.562776466159186,2.6137339063053937,1.6737727531910611
s06,359.0,2.3294778138237566,0,False,0.9790521982314426,0.009118015488863155,2.4415759426549672,2.4417774703548827,2.429290465170086,2.509327043670136,2.5579226035910314,1.6737727531910611
s06,360.0,2.1524184965495974,0,False,0.9810350698054607,0.0063443859231153265,2.244681813026875,2.244872815407858,2.235754799918995,2.1380330042070628,2.3294778138237566,1.6737727531910611
s06,361.0,2.222520615775427,0,False,0.9682990688001583,0.010257104238785904,2.091976351083582,2.092096671919741,2.0857522859966258,2.0039964498033,2.1524184965495974,1.6737727531910611
s06,362.0,2.2567716679502405,0,False,0.9746754958659396,0.013298282522446742,2.155073898739096,2.1553990584948792,2.1451419542560934,2.2775746006222595,2.222520615775427,1.6737727531910611
s06,363.0,2.3939814870695586,0,False,0.9519429644300191,0.019494007706301525,2.187120541863684,2.187457314274399,2.1741590317519526,2.282961778300168,2.2567716679502405,1.6737727531910611
s06,364.0,2.4328395308755355,0,False,0.9698817996037785,0.02318232742942141,2.3089587158831293,2.309895540104873,2.290401532398571,2.4996599721618984,2.3939814870695586,1.6737727531910611
s06,365.0,2.3961377974517686,0,False,0.984590853697935,0.02467134360415617,2.34580571497744,2.34650392496061,2.3233215975311885,2.461469619825987,2.4328395308755355,1.6737727531910611
s06,366.0,2.393346410769591,0,False,0.9784471487047062,0.02696474564422545,2.31651951175755,2.3168996761006153,2.292228332496459,2.3639224969393022,2.3961377974517686,1.6737727531910611
s06,367.0,1.701415075961097,0,False,0.8527898988676764,0.00850235045077715,2.3162470819229544,2.31682824907604,2.2898635034318144,2.3888021988006596,2.393346410769591,1.6737727531910611
s06,368.0,2.346975049149598,0,False,0.8414210593759522,0.02754650226507329,1.7109183568033393,1.7121699886730606,1.7036676382222835,1.2018447632706872,1.701415075961097,1.6737727531910611
s06,369.0,2.2785600268864896,0,False,0.9938300848422669,0.027559560616461518,2.273756453359789,2.278124748506882,2.2505782462418087,2.7918706494486707,2.346975049149598,1.6737727531910611
s06,370.0,2.2200946502448575,0,False,0.9937818043387514,0.02755707732107005,2.2200073866071186,2.2201774267579064,2.192617866141445,2.220427001573586,2.2785600268864896,1.6737727531910611
s06,371.0,2.2045149251321177,0,False,0.9858904428298729,0.02857321158814664,2.1704724275975966,2.1706437828962315,2.1430867055751612,2.170392633658877,2.2200946502448575,1.6737727531910611
s06,372.0,1.7469323157532917,0,False,0.9013733220989715,0.016227352191118594,2.158057806958456,2.158460962320893,2.1298877507327463,2.1904492453140048,2.2045149251321177,1.6737727531910611
s06,373.0,1.682262975982868,0,False,0.9825199164817355,0.013941542093228803,1.7568561960747875,1.7584566459125277,1.742229293721409,1.3970434810781214,1.7469323157532917,1.6737727531910611
s06,374.0,1.3501718119702315,0,False,0.8891896640669971,0.0034051838726137876,1.7011400533372354,1.7013837526573983,1.6874422105641695,1.628524109067981,1.682262975982868,1.6737727531910611
s06,375.0,1.1574607800099976,0,False,0.9032393914951673,-0.004156105930257303,1.4091264438701958,1.4095037734390337,1.40609858956642,1.106201237140934,1.3501718119702315,1.6737727531910611
s06,376.0,1.521150173739362,0,False,0.8995272497487894,0.004317998496679356,1.2390821735136293,1.238680026174807,1.2428361321050643,1.01825666829863,1.1574607800099976,1.6737727531910611
s06,377.0,1.268528868993657,0,False,0.9000471326834583,-0.004284157132517343,1.554833548782338,1.55526738996688,1.5509493914702006,1.8013004559079704,1.521150173739362,1.6737727531910611
s06,378.0,1.4786893022993393,0,False,0.9497612617880813,9.709640372816859e-05,1.3330757315472521,1.3326475177578223,1.3369316748903397,1.0827398934243624,1.268528868993657,1.6737727531910611
s06,379.0,1.3440705172255845,0,False,0.9403489714009918,-0.005033012600747231,1.5150692727072894,1.5150741507080976,1.5149770543043695,1.6496129573804255,1.4786893022993393,1.6737727531910611
s06,380.0,1.6877949534954066,0,False,0.907306819944099,0.003723936990442907,1.3961968581676554,1.395896633789069,1.4009296463898162,1.2402178600420752,1.3440705172255845,1.6737727531910611
s06,381.0,1.9032253478323389,0,False,0.9413850844891797,0.009945114263850533,1.695507588490113,1.6958527720520848,1.692128835061642,1.9524036846039026,1.6877949534954066,1.6737727531910611
s06,382.0,1.4861841148157853,0,False,0.884624770793117,-0.002006881572887427,1.8840010440080626,1.8845839760403835,1.874638861776533,2.073361970286547,1.9032253478323389,1.6737727531910611
s06,383.0,1.7565245008903905,0,False,0.9283786865788887,0.005109262834092399,1.5195512317458595,1.5193196873243964,1.521326568897284,1.1776898774036342,1.4861841148157853,1.6737727531910611
s06,384.0,1.9995328826564944,0,False,0.9336579596750468,0.012431301117178876,1.755099007772154,1.7554649398869453,1.750355677052853,1.968708424242684,1.7565245008903905,1.6737727531910611
s06,385.0,1.7494690780287878,0,False,0.9442958280075029,0.00585555118097589,1.9678360246888797,1.9686607425688871,1.9562294414517083,2.1888757228331337,1.9995328826564944,1.6737727531910611
s06,386.0,1.5323257908127808,0,False,0.9354042241944448,-0.0006816938720415723,1.7499077806166001,1.750233959246696,1.74437840806572,1.5491354594881412,1.7494690780287878,1.6737727531910611
s06,387.0,1.3174236851823382,0,False,0.9157413279424884,-0.007951049676503816,1.5597795798756058,1.5597355453310795,1.560417239203121,1.3620623252732338,1.5323257908127808,1.6737727531910611
s06,388.0,1.3245878784645013,0,False,0.9801525039826765,-0.009325525001161648,1.371073667506968,1.3704037226197623,1.3783547722962661,1.1558355324558096,1.3174236851823382,1.6737727531910611
s06,389.0,1.3436174875317095,0,False,0.9850749069659098,-0.010269960333253388,1.3752837535884208,1.3750986652681008,1.3844241902692624,1.3317244346486874,1.3245878784645013,1.6737727531910611
s06,390.0,1.2084353725986223,0,False,0.9265363140138021,-0.015725175698531126,1.390429164887977,1.3902758847745467,1.4005458451078001,1.3603481862050195,1.3436174875317095,1.6737727531910611
s06,391.0,1.4395764219088412,0,False,0.9437867679913512,-0.010646763498629261,1.2714512446150406,1.2702960152454459,1.286021190943977,1.1080238618618734,1.2084353725986223,1.6737727531910611
s06,392.0,0.7246511629028932,0,False,0.6577751469090187,-0.033043058547491115,1.4717928201849773,1.4711943311982876,1.481841094696917,1.6267644898374116,1.4395764219088412,1.6737727531910611
s06,393.0,0.7777494107884625,0,False,0.9407125096360224,-0.035004236110729926,0.8544301520868479,0.843121996229756,0.8761650547772472,0.37810433615340333,0.7246511629028932,1.6737727531910611
s06,394.0,1.143247624148551,0,False,0.892729708063158,-0.02729115776456443,0.8882203259208145,0.8861450126097012,0.9211492487204311,0.8285684212762962,0.7777494107884625,1.6737727531910611
s06,395.0,1.4711622308933872,0,False,0.9112385877059738,-0.019261403651367272,1.2064312909141814,1.2035037604534822,1.2307949182180467,1.4290687360752936,1.143247624148551,1.6737727531910611
s06,396.0,1.1762307855674656,0,False,0.876483445841302,-0.028654644285905233,1.4910484761095915,1.4893388067187308,1.508600210370098,1.7276321809030555,1.4711622308933872,1.6737727531910611
s06,397.0,1.6513184145081874,0,False,0.8653754866840103,-0.016017588141702253,1.23362253262426,1.2300832097014218,1.258737853987327,0.9674215552440244,1.1762307855674656,1.6737727531910611
s06,398.0,1.394531065775271,0,False,0.9128963743647915,-0.023537919085158905,1.6473651238985652,1.6452087638904926,1.6612263520321948,2.000955945655616,1.6513184145081874,1.6737727531910611
s06,399.0,1.256027337656822,0,False,0.9306473928155057,-0.02846133778282656,1.4221915323379692,1.4201412942457436,1.4436792133309027,1.2002140534467767,1.394531065775271,1.6737727531910611
s06,400.0,1.8099958601268726,0,False,0.8460870401604033,-0.013097837704029265,1.2998530588128274,1.2978791908336298,1.3263405286164565,1.151702799763434,1.256027337656822,1.6737727531910611
s06,401.0,1.9066731275670668,0,False,0.9700632277850573,-0.009374387738606434,1.784574055688165,1.7825581287196393,1.7956559664236684,2.204870474319115,1.8099958601268726,1.6737727531910611
s06,402.0,2.0236613973559248,0,False,0.9626078442586172,-0.004710107558864094,1.8684660302748988,1.8681853913645137,1.87755977910312,1.9852534447814187,1.9066731275670668,1.6737727531910611
s06,403.0,2.0874463494900235,0,False,0.9727836032432572,-0.0012455386731225365,1.9721368410407047,1.971960719965305,1.9766708275241691,2.117309391313197,2.0236613973559248,1.6737727531910611
s06,404.0,1.7197685753095016,0,False,0.9172269089839313,-0.01053637529854257,2.029497028564873,2.029463129490169,2.0307086681632915,2.138469279572388,2.0874463494900235,1.6737727531910611
s06,405.0,1.6803316443518732,0,False,0.9885821064170865,-0.011386829741354937,1.709552254130518,1.7086801257789521,1.7192165010774947,1.4340138808300362,1.7197685753095016,1.6737727531910611
s06,406.0,1.8200020029581532,0,False,0.96178784572683,-0.007019345052736391,1.6745491936144354,1.6744191800042019,1.6858060097455567,1.6473651361760153,1.6803316443518732,1.6737727531910611
s06,407.0,2.213540524993594,0,False,0.8982518105743059,0.00547345955731891,1.7973819289544695,1.7971137046584176,1.804133049711154,1.9332011249282695,1.8200020029581532,1.6737727531910611
s06,408.0,2.1858457601718326,0,False,0.9888411328336603,0.006758604679786933,2.1424506748230465,2.1430075894228984,2.1375341298655797,2.505285135800687,2.213540524993594,1.6737727531910611
s06,409.0,1.8586526582640164,0,False,0.9358047895061826,-0.0011067175062604608,2.1207546460937445,2.1208300644655957,2.114071459785809,2.1618439870268853,2.1858457601718326,1.6737727531910611
s06,410.0,1.5084890454248843,0,False,0.90201530547317,-0.01092516715270593,1.8358417462696712,1.8357707003063997,1.8368774178126601,1.5978552800186376,1.8586526582640164,1.6737727531910611
s06,411.0,1.1485163312715727,0,False,0.8546433932520404,-0.022348613296942797,1.5303683685789138,1.5292978694128012,1.5402230365655072,1.2440116985323104,1.5084890454248843,1.6737727531910611
s06,412.0,1.1767614713734718,0,False,0.9758084664141544,-0.02343306585352066,1.216158408520433,1.212909889926067,1.23525850322301,0.9004889554510247,1.1485163312715727,1.6737727531910611
s06,413.0,1.7665846374642142,0,False,0.8326433014497336,-0.00750815809166178,1.2363212605352,1.2357543787355854,1.259187444589106,1.2021055456502283,1.1767614713734718,1.6737727531910611
s06,414.0,2.0964163813691776,0,False,0.9125856077619406,0.002843222996567386,1.7526268856452865,1.7513703450948723,1.7588785031865342,2.1813593770083917,1.7665846374642142,1.6737727531910611
s06,415.0,2.222608080106541,0,False,0.9568077808247172,0.008286929586676248,2.040902655159337,2.041151193769579,2.038307970773012,2.3463401804769957,2.0964163813691776,1.6737727531910611
s06,416.0,2.0845058409572865,0,False,0.9856672907267621,0.006217015338381033,2.153145051688129,2.153502982567127,2.1452160529804507,2.3215558315976175,2.222608080106541,1.6737727531910611
s06,417.0,2.254082120435866,0,False,0.9473307504628913,0.012806443345238144,2.0343454135339036,2.034434520207296,2.028217504868915,1.9683774346645952,2.0845058409572865,1.6737727531910611
s06,418.0,1.9426644053804711,0,False,0.9443731801376709,0.005545767818307239,2.184012417184601,2.1846869229448345,2.1718804795995963,2.3858489753676486,2.254082120435866,1.6737727531910611
s06,419.0,1.3961787577494649,0,False,0.8453692549274262,-0.009976777125665456,1.913288429121127,1.9135969225485543,1.908051154730247,1.6915856417812594,1.9426644053804711,1.6737727531910611
s06,420.0,1.1966238232643645,0,False,0.9061653946552174,-0.017131012655762036,1.436641057414615,1.4350983409342504,1.4450751180599157,1.012353931206356,1.3961787577494649,1.6737727531910611
s06,421.0,1.3914291642535228,0,False,0.9568301969025561,-0.013154645021021292,1.2604910582405413,1.2588835764288315,1.2760145890845935,1.0508766234835831,1.1966238232643645,1.6737727531910611
s06,422.0,2.5230214009594754,0,False,0.7274724783255715,0.019699096762995978,1.4284645582609417,1.4278966748255673,1.4410513198465886,1.5514834705309002,1.3914291642535228,1.6737727531910611
s06,423.0,2.779383238374989,0,False,0.9267794402230646,0.030497943369435364,2.4140531388069655,2.4194216848270096,2.3997225880640136,3.1868260444453247,2.5230214009594754,1.6737727531910611
s06,424.0,2.576456228471694,0,False,0.9922197134096684,0.028369414760924395,2.6451741056031706,2.647407182088726,2.6169092387192907,2.968770923689221,2.779383238374989,1.6737727531910611
s06,425.0,2.5394782576895127,0,False,0.9810668705956362,0.03035292220279704,2.4731406207831848,2.4733613429604246,2.4449919281995003,2.4048536539650716,2.576456228471694,1.6737727531910611
s06,426.0,2.6845452196520885,0,False,0.9469305782924435,0.037568751979888466,2.4434428846118417,2.4440175604157077,2.4136646382129108,2.5063620457997455,2.5394782576895127,1.6737727531910611
s06,427.0,2.24981648804741,0,False,0.9401667630814547,0.027839275602111913,2.572138615364781,2.5741323673066283,2.53656361532674,2.793068720957134,2.6845452196520885,1.6737727531910611
s06,428.0,2.1371941412499265,0,False,0.9927931334141855,0.026071920949903155,2.1944402490174766,2.1961059629902184,2.1682666873881065,1.898676568910993,2.24981648804741,1.6737727531910611
s06,429.0,2.1709966317452882,0,False,0.9769072188586017,0.028234030388803358,2.0987384202593597,2.098926317115281,2.0728543961653783,2.0420057857216976,2.1371941412499265,1.6737727531910611
s06,430.0,1.7966277926642904,0,False,0.9219134815015267,0.018241099528256532,2.1290734857313427,2.129725488015851,2.1014914576270476,2.1973673160399834,2.1709966317452882,1.6737727531910611
s06,431.0,2.172984742692364,0,False,0.9019385942822413,0.029353487786708682,1.8011474167882136,1.8025718007439593,1.7843307012157028,1.5032727784665723,1.7966277926642904,1.6737727531910611
s06,432.0,2.324836308333794,0,False,0.9500096958587053,0.0351226995672384,2.12965080470772,2.1325292489828036,2.103175761196095,2.4537178410276668,2.172984742692364,1.6737727531910611
s06,433.0,2.458410332097783,0,False,0.9517517697245474,0.04086665136641039,2.265189477691754,2.2669452721253833,2.231822572558145,2.442402241528305,2.324836308333794,1.6737727531910611
s06,434.0,2.094568715518654,0,False,0.9436711663644194,0.032128167151483394,2.3838797790771737,2.385851522682887,2.3449848713164765,2.560640172456247,2.458410332097783,1.6737727531910611
s06,435.0,2.0559991554879513,0,False,0.9953019170381514,0.031742017283800765,2.067061075561547,2.068870817744039,2.0367426505925557,1.8004321447743301,2.094568715518654,1.6737727531910611
s06,436.0,2.2430270853700693,0,False,0.9438157733951025,0.037958559763543724,2.0356598760813953,2.0358090027119706,2.00406698542817,2.023233021666012,2.0559991554879513,1.6737727531910611
s06,437.0,1.9668627027992338,0,False,0.9526888881990452,0.030950240430023607,2.1983406749265537,2.200473347249904,2.1625147874863604,2.388049099023595,2.2430270853700693,1.6737727531910611
s06,438.0,1.8973630378737003,0,False,0.9918609503145198,0.029086074556956793,1.9580376100240096,1.9595019003092609,1.9285516598792372,1.7421560928448332,1.9668627027992338,1.6737727531910611
s06,439.0,2.298852569902717,0,False,0.897192098593229,0.041088897908650855,1.8985217251736073,1.898758458179582,1.8696723836226252,1.8387376073612132,1.8973630378737003,1.6737727531910611
s06,440.0,2.2779595694054833,0,False,0.9848347311333691,0.04190073415276561,2.2466740979032194,2.250898361268325,2.209809463359674,2.5948665353629425,2.298852569902717,1.6737727531910611
s06,441.0,2.0515703582456504,0,False,0.9669300084746276,0.03642754790095929,2.2333744640733917,2.2340098999725275,2.192109165819762,2.259225757184097,2.2779595694054833,1.6737727531910611
s06,442.0,2.4812923072371884,0,False,0.8928223831864103,0.049764041823318145,2.035537851124852,2.036742509825227,2.0003149619242677,1.864423771525618,2.0515703582456504,1.6737727531910611
s06,443.0,2.2410902109303237,0,False,0.9732669452925765,0.044572720772403776,2.4088006545551672,2.4141342459608026,2.3643702041374843,2.7937975438384393,2.4812923072371884,1.6737727531910611
s06,444.0,2.2559984072663752,0,False,0.9784928781159625,0.04608927464120824,2.2042550466566926,2.2054466116395597,2.160873890867156,2.0408895484627334,2.2410902109303237,1.6737727531910611
s06,445.0,2.436099736812887,0,False,0.9431076668652316,0.05258447046700722,2.218601961638999,2.2195932092862547,2.1735039346450464,2.2665825964759074,2.2559984072663752,1.6737727531910611
s06,446.0,1.5177790501986017,0,False,0.7900464771572038,0.026757799720853834,2.375676421858856,2.3786680750703804,2.3260836046033733,2.5737397189144895,2.436099736812887,1.6737727531910611
s06,447.0,1.469588423338643,0,False,0.9740371266753145,0.02359991593904376,1.5692333217507302,1.5748512160656454,1.5480934163447915,0.9094952506671783,1.5177790501986017,1.6737727531910611
s06,448.0,1.2562010140562831,0,False,0.9093470043189888,0.015359941893709327,1.530254093939432,1.5308668155674305,1.507266899628387,1.4308001218110122,1.469588423338643,1.6737727531910611
s06,449.0,1.3788630682255993,0,False,0.9806833294470151,0.016470405728767377,1.3404551823108468,1.3418476070569978,1.3264876651632884,1.0981816542316019,1.2562010140562831,1.6737727531910611
s06,450.0,1.3830445947453864,0,False,0.983202435600389,0.014555467144866541,1.4465577274740777,1.4468758808754143,1.4304054751466468,1.4817691598029232,1.3788630682255993,1.6737727531910611
s06,451.0,1.5622980490249478,0,False,0.957249498433042,0.01796930418479166,1.4482589846307117,1.448503481027444,1.4339480138825775,1.3873826809198795,1.3830445947453864,1.6737727531910611
s06,452.0,1.6384643233961718,0,False,0.9836998356518409,0.01900987353630644,1.60301048157897,1.603778678345679,1.5858093741608874,1.7086723809247848,1.5622980490249478,1.6737727531910611
s06,453.0,2.0433903231146835,0,False,0.8937630856321992,0.030231191382339213,1.6690365308507118,1.6693463949135914,1.650336521377285,1.70213318628629,1.6384643233961718,1.6737727531910611
s06,454.0,1.8339984075272615,0,False,0.9584220851485138,0.024542659816299883,2.020404457905117,2.0236161263952392,1.9933849350128998,2.344681913673184,2.0433903231146835,1.6737727531910611
s06,455.0,1.3403260672491475,0,False,0.8495863063425655,0.00953644300360633,1.839512861718861,1.840533294338932,1.8159906345226322,1.6632310665052659,1.8339984075272615,1.6737727531910611
s06,456.0,1.182413485615828,0,False,0.9167344197029541,0.00279003247338608,1.4058594250066434,1.4072938366231693,1.397757393619563,0.9936392908516485,1.3403260672491475,1.6737727531910611
s06,457.0,1.2848914683217614,0,False,0.9918135765951811,0.0033338026662324393,1.2665334815539386,1.2667657952268827,1.2639757627534967,1.0665625902131262,1.182413485615828,1.6737727531910611
s06,458.0,1.6384766675378604,0,False,0.9039562025463832,0.011864272473160114,1.354100382053431,1.3541276739736048,1.3507938713073724,1.3715383520540447,1.2848914683217614,1.6737727531910611
s06,459.0,1.8752212419764853,0,False,0.9363255896469784,0.018254572182711353,1.6610717618757642,1.662211251658111,1.6503469791849508,1.9103996272033876,1.6384766675378604,1.6737727531910611
s06,460.0,1.8129921990698168,0,False,0.9896669526101394,0.01656927733799723,1.8680063447736401,1.869168693893621,1.8509141217109095,2.0614696484156227,1.8752212419764853,1.6737727531910611
s06,461.0,2.160608258765177,0,False,0.9085935690157829,0.026944613923805937,1.814592494776938,1.8147637059048873,1.79819442856689,1.7606643549495624,1.8129921990698168,1.6737727531910611
s06,462.0,1.8251335404433944,0,False,0.9318131998054764,0.018109565112097666,2.1171722565073137,2.1196351675003364,2.0926905535765306,2.421977429017072,2.160608258765177,1.6737727531910611
s06,463.0,1.8033100532418926,0,False,0.9985708710518991,0.01741116696829306,1.8253551580708045,1.826589991368713,1.8084804262566152,1.5591672697186316,1.8251335404433944,1.6737727531910611
s06,464.0,1.7293461528826564,0,False,0.9827974880843723,0.015069461596964715,1.8073781157908666,1.807402998593601,1.789991831625308,1.7848288477403333,1.8033100532418926,1.6737727531910611
s06,465.0,1.3460070844701861,0,False,0.8761694220895204,0.0031776750114426294,1.7421407380615714,1.7423999706542552,1.7273305090572906,1.6677280883258407,1.7293461528826564,1.6737727531910611
s06,466.0,1.4301690742069906,0,False,0.9902780012020795,0.003910308504598858,1.405354464435371,1.4057479577684497,1.402570282757007,1.0684663582073268,1.3460070844701861,1.6737727531910611
s06,467.0,1.4155903381951784,0,False,0.979872023671054,0.0020445702931077983,1.4777435958969658,1.477781611911547,1.4738713034069482,1.5012017794396308,1.4301690742069906,1.6737727531910611
s06,468.0,1.1504514836603297,0,False,0.8811821015813744,-0.007348833538907322,1.4635237916650377,1.4635649447275,1.4615203744343923,1.4044124871108332,1.4155903381951784,1.6737727531910611
s06,469.0,1.4649466267400448,0,False,0.9157840358634236,-0.0002869079587815588,1.230422280359441,1.2295491074025195,1.236897940941427,0.9627896020325514,1.1504514836603297,1.6737727531910611
s06,470.0,1.282124562579544,0,False,0.9207564176457381,-0.006914596611946359,1.5030716799154045,1.5030475176850373,1.5033344256438188,1.712177771497827,1.4649466267400448,1.6737727531910611
s06,471.0,2.0234275506028605,0,False,0.8001804182459756,0.01354217433852119,1.3420831229933414,1.3415351855872761,1.3484497821992225,1.1447693811362567,1.282124562579544,1.6737727531910611
s06,472.0,2.627413636884968,0,False,0.8587963821895983,0.03266413675348783,1.9873088981070506,1.9900148897194139,1.9764727153808928,2.5165767084088513,2.0234275506028605,1.6737727531910611
s06,473.0,2.706382811163432,0,False,0.9580394153812624,0.03823082412140462,2.51621427128396,2.520826565566206,2.488162428812718,3.0471881372195813,2.627413636884968,1.6737727531910611
s06,474.0,2.849693025845226,0,False,0.9455481627347838,0.04592276540435223,2.5916907953497157,2.593294983080306,2.5550641589589014,2.7641278864904546,2.706382811163432,1.6737727531910611
s06,475.0,3.004287749999225,0,False,0.942355686716087,0.05437946971202279,2.71989702746164,2.722397606410207,2.6764748410058545,2.95506062477885,2.849693025845226,1.6737727531910611
s06,476.0,3.2371061793625024,0,False,0.9289888921189129,0.06563790230823509,2.8586904256338,2.8618250928220927,2.80744562311007,3.116361982078916,3.004287749999225,1.6737727531910611
s06,477.0,3.491074415619495,0,True,0.9251920456089333,0.07826040021836275,3.0656634651200085,3.070324485281907,3.004686582973672,3.403836467113815,3.2371061793625024,1.6737727531910611
s06,478.0,2.8784305644324926,0,False,0.9440700982324467,0.06567014303519934,3.2922513034211103,3.2981058038712723,3.2198454036529096,3.669847557497794,3.491074415619495,1.6737727531910611
s06,479.0,2.7615862558238007,0,False,0.9888880500622351,0.06552299832630636,2.762818154804547,2.7664910794535666,2.7008209364183675,2.3785013956175334,2.8784305644324926,1.6737727531910611
s06,480.0,1.865881047231674,0,False,0.8354965638427961,0.04147878428838364,2.6666267602185894,2.6673548484957634,2.6018318501694573,2.661921948387705,2.7615862558238007,1.6737727531910611
s06,481.0,1.6405957171674017,0,False,0.9419984306565043,0.034162255626915126,1.877656603339956,1.8844800058830187,1.843001221594635,1.2281168545827703,1.865881047231674,1.6737727531910611
s06,482.0,1.2381897965351736,0,False,0.8570799124703757,0.020718815481459214,1.6843230036116956,1.6863044680503705,1.6521422124234553,1.4614765448967635,1.6405957171674017,1.6737727531910611
s06,483.0,0.8487653576643451,0,False,0.7864948581033522,0.006223348366870022,1.3289864598951975,1.3319475948173178,1.3112287793358586,0.9564384789594296,1.2381897965351736,1.6737727531910611
s06,484.0,0.7626928520013126,0,False,0.8750787598509294,-0.0005219595457530571,0.9862077322126076,0.9875364490887484,0.9813131007218784,0.6175879975163507,0.8487653576643451,1.6737727531910611
s06,485.0,0.8295825993488295,0,False,0.9548111577806263,-0.002870628200921249,0.9079367583548656,0.9078715545211025,0.9083935140668555,0.7170835779381611,0.7626928520013126,1.6737727531910611
s06,486.0,1.5041750903925446,0,False,0.7822024120183237,0.013388892366155567,0.9623207918548264,0.9621910714899846,0.9650616996909058,0.8898121589632372,0.8295825993488295,1.6737727531910611
s06,487.0,1.451519820616073,0,False,0.9715950853925502,0.010435771033830877,1.5470411298971345,1.5499571983602294,1.5365683059940738,1.9582641005522725,1.5041750903925446,1.6737727531910611
s06,488.0,1.1075688935128212,0,False,0.8524745083501734,-0.0014090172243519591,1.5020987416005032,1.502395168785582,1.4919593977517511,1.4093267073384055,1.451519820616073,1.6737727531910611
s06,489.0,1.204074955197392,0,False,0.9985453919999298,-0.0012615479151857722,1.1993671775172847,1.199159311558519,1.200568328782871,0.8728852226673139,1.1075688935128212,1.6737727531910611
s06,490.0,0.8749839449574668,0,False,0.811708954780126,-0.013443996069459008,1.2810673851575975,1.2810655500999075,1.2823270980150934,1.2858286236627785,1.204074955197392,1.6737727531910611
s06,491.0,0.6722436440506608,0,False,0.8030228897299125,-0.02297912199700275,0.9926125590406355,0.9900811749687852,1.0035251710382442,0.6728810860329972,0.8749839449574668,1.6737727531910611
s06,492.0,0.6072187213884338,0,False,0.8446086082617921,-0.029026167839159515,0.8133132771745059,0.8087869161269925,0.8317660381239952,0.565739389008288,0.6722436440506608,1.6737727531910611
s06,493.0,1.4611449346974152,0,False,0.6949628275758593,-0.0076213660461980325,0.7521619582160536,0.7476515415986997,0.7766777094378593,0.587023112760917,0.6072187213884338,1.6737727531910611
s06,494.0,0.7899202282353601,0,False,0.6906947729199946,-0.02869852856035616,1.494817111989372,1.4924923120406304,1.5001136780868285,1.9757929563362122,1.4611449346974152,1.6737727531910611
s06,495.0,0.8487510139544631,0,False,0.9536972536939896,-0.030318848830409674,0.9116382945161363,0.9027616896229134,0.9314602181832695,0.440933314608842,0.7899202282353601,1.6737727531910611
s06,496.0,0.9641042406295124,0,False,0.9911877907510536,-0.0299251846137381,0.9523859460394779,0.9509821000737931,0.9813009489042028,0.9024214079759748,0.8487510139544631,1.6737727531910611
s06,497.0,1.3214676813688637,0,False,0.8992580458042421,-0.021754202890997103,1.0493653309327937,1.0491016239441642,1.0790268085579022,1.0619816412749215,0.9641042406295124,1.6737727531910611
s06,498.0,1.1699953331521422,0,False,0.9172012750598671,-0.027455140719578188,1.362218155016055,1.3600265941048448,1.381780796995842,1.599797702502902,1.3214676813688637,1.6737727531910611
s06,499.0,0.9029671504970507,0,False,0.8379231613751017,-0.03714612960467996,1.228273363978409,1.226000113333776,1.2534552540533541,1.0592053565767672,1.1699953331521422,1.6737727531910611
s06,500.0,1.1944382846693622,0,False,0.924943265237442,-0.0310155633147135,0.996106602257291,0.9900860750038136,1.0272322046084936,0.7335501048522318,0.9029671504970507,1.6737727531910611
s06,501.0,1.3610596124934637,0,False,0.967100594899505,-0.027478198856409262,1.2454753907925462,1.2431474638833224,1.274163027198036,1.428819164857089,1.1944382846693622,1.6737727531910611
s06,502.0,1.4409596199635706,0,False,0.9910433390289932,-0.02588474236969406,1.3887484201353395,1.3878444037397306,1.4153226025961398,1.4993603419300836,1.3610596124934637,1.6737727531910611
s06,503.0,1.5152422946651722,0,False,0.9892723024283209,-0.024141318959857116,1.457360021865668,1.457128181003941,1.4830129233736349,1.5084203186681977,1.4409596199635706,1.6737727531910611
s06,504.0,1.2452338770217362,0,False,0.8924973316904891,-0.032438392311777656,1.5220619695212032,1.5218029887524205,1.5459443077122776,1.577827932055674,1.5152422946651722,1.6737727531910611
s06,505.0,1.2591382567086673,0,False,0.9775176848615487,-0.03320698601716204,1.2882452606173336,1.2847580468881468,1.3171964391999245,1.0488131821971185,1.2452338770217362,1.6737727531910611
s06,506.0,1.4045855140723882,0,False,0.9724014847364101,-0.029942492863774425,1.2965156455505704,1.2957690756261344,1.3289760616432964,1.2722231615071733,1.2591382567086673,1.6737727531910611
s06,507.0,1.3361613142568884,0,False,0.9584758123889635,-0.03252529526291348,1.4230810959078544,1.4222547275615236,1.452197220425298,1.5257199642274537,1.4045855140723882,1.6737727531910611
s06,508.0,1.4293394720678532,0,False,0.9875918615014048,-0.03049622419939411,1.3630543564131428,1.361703769950541,1.3942290652134546,1.2830114557823986,1.3361613142568884,1.6737727531910611
s06,509.0,1.8667443346164039,0,False,0.8823732189000196,-0.01777406166991996,1.4430506516741495,1.4426722503005993,1.4731684744999933,1.5078432265634005,1.4293394720678532,1.6737727531910611
s06,510.0,2.0731226918378347,0,False,0.9415255843359245,-0.01035913671172491,1.8280492322259718,1.8259585265646665,1.8437325882345865,2.1910133868068478,1.8667443346164039,1.6737727531910611
s06,511.0,1.7736967572055653,0,False,0.9355303184076338,-0.017394675049041675,2.008820446248793,2.0082147017827907,2.0185738384945155,2.234550489830442,2.0731226918378347,1.6737727531910611
s06,512.0,1.512298343711732,0,False,0.9230626283446474,-0.024450998638769574,1.7486305591978095,1.747509130035995,1.7649038050850367,1.5358138712560532,1.7736967572055653,1.6737727531910611
s06,513.0,1.8527206794303124,0,False,0.9090977136630389,-0.014439355137917555,1.5208804249715275,1.5189992294019121,1.5434502280406817,1.3102795669312268,1.512298343711732,1.6737727531910611
s06,514.0,1.5665503319799028,0,False,0.9220723668739749,-0.021965222035274255,1.8187251322870606,1.8174125618917925,1.83185191702971,2.1130089772915595,1.8527206794303124,1.6737727531910611
s06,515.0,1.8369788985973954,0,False,0.927874526986754,-0.01387925412310325,1.5691583326226586,1.5674466348583622,1.5894118568936364,1.3447845964313434,1.5665503319799028,1.6737727531910611
s06,516.0,1.5447374422040856,0,False,0.918743576648452,-0.021676223349473264,1.8056374641851192,1.8046364164164193,1.8185156705395225,2.0482268222579076,1.8369788985973954,1.6737727531910611
s06,517.0,1.7228624332270623,0,False,0.9539585020804369,-0.016468030860376334,1.551017349304979,1.5492560169238316,1.5709322402733048,1.319400251563929,1.5447374422040856,1.6737727531910611
s06,518.0,1.6963454338203288,0,False,0.9925553893942216,-0.016738754323481504,1.706127762065765,1.7053695492571677,1.721837580117544,1.8667726794085024,1.7228624332270623,1.6737727531910611
s06,519.0,2.039023056135355,0,False,0.9092924322764534,-0.006047080969656978,1.6827585578491684,1.6826339443412042,1.6993726986646858,1.6740703314701588,1.6963454338203288,1.6737727531910611
s06,520.0,2.0463812317163357,0,False,0.9859736666481697,-0.004164782765203956,1.9841864742411532,1.9836379582345685,1.9896850392042253,2.298526538872297,2.039023056135355,1.6737727531910611
s06,521.0,2.198970910673836,0,False,0.951665173291583,0.002051724138869191,1.9918124305028007,1.9917540138713978,1.9959187966366019,2.0518197494527577,2.0463812317163357,1.6737727531910611
s06,522.0,2.1976055549657065,0,False,0.9832716450537923,0.004162611203265296,2.127143483088464,2.1272426528191697,2.1251909286803006,2.318428553972767,2.198970910673836,1.6737727531910611
s06,523.0,2.5828895854601113,0,False,0.9026401290515126,0.01780339395625049,2.1281271933895605,2.128196827027272,2.1240342158240066,2.1952374645376134,2.1976055549657065,1.6737727531910611
s06,524.0,2.6672707480228834,0,False,0.957681846077568,0.023774148863362817,2.466512248314447,2.4682455844524727,2.450442190496222,2.864623460560535,2.5828895854601113,1.6737727531910611
s06,525.0,2.089133486868822,0,False,0.9062629296462236,0.010077062252054679,2.544696962488118,2.545703040579093,2.52192889171573,2.7295816649701994,2.6672707480228834,1.6737727531910611
s06,526.0,2.1922339663590833,0,False,0.962156104617725,0.01457762965839331,2.0412704585211823,2.0422150528144623,2.0321379905624077,1.6399115590284254,2.089133486868822,1.6737727531910611
s06,527.0,1.9884488145525667,0,False,0.9681490172727439,0.010209261079136292,2.133509426236087,2.1340611005278007,2.1194834708694072,2.27352079130691,2.1922339663590833,1.6737727531910611
s06,528.0,1.8721660280940062,0,False,0.9804779405463129,0.007662789502599849,1.9567232389802647,1.9570484139785542,1.946839152899418,1.819978079157597,1.9884488145525667,1.6737727531910611
s06,529.0,1.605695124269819,0,False,0.9298771462772456,0.00015398610270478397,1.8558389775007367,1.8559885709329875,1.8483257814303877,1.7751104298070197,1.8721660280940062,1.6737727531910611
s06,530.0,1.456047802616086,0,False,0.9460148296450739,-0.004846444958192889,1.6227180400343861,1.6227288379793414,1.6225748518766367,1.3969581487967944,1.605695124269819,1.6737727531910611
s06,531.0,1.5149894401897641,0,False,0.9936377242849384,-0.0041252318852678625,1.4912106405822805,1.4909490044255966,1.4957954493837895,1.3382583912462727,1.456047802616086,1.6737727531910611
s06,532.0,1.610735059423226,0,False,0.9794452248619279,-0.0020513259197029597,1.5416311064337052,1.5416048605710626,1.5457300924563304,1.564801965800725,1.5149894401897641,1.6737727531910611
s06,533.0,1.7830381308113084,0,False,0.9542751220638349,0.0026960190612213063,1.6248354626568473,1.6247932981138329,1.626844624033536,1.690513428521569,1.610735059423226,1.6737727531910611
s06,534.0,2.291150209599437,0,False,0.8726464092494215,0.018165113659826385,1.7753904478367801,1.7755137229792681,1.7728177039180468,1.921869281663984,1.7830381308113084,1.6737727531910611
s06,535.0,2.5963851161099494,0,False,0.9182015703917293,0.02941319022963418,2.2191358379987185,2.22144923044969,2.2032841167898636,2.655605116669984,2.291150209599437,1.6737727531910611
s06,536.0,2.3124662353591785,0,False,0.9687454620190726,0.024048518354237432,2.488882678435183,2.4912886312057365,2.4618754409761023,2.8228213958743633,2.5963851161099494,1.6737727531910611
s06,537.0,2.144874335247298,0,False,0.982510604626568,0.021033008974425463,2.2446396892440763,2.2453913145743636,2.221342796220126,2.0766033062948566,2.3124662353591785,1.6737727531910611
s06,538.0,2.0206696855940867,0,False,0.9857062833033208,0.01864128036175454,2.1000261180732704,2.100393972683117,2.079360963708692,2.0042298898834154,2.144874335247298,1.6737727531910611
s06,539.0,1.2768426230637389,0,False,0.7859116955787574,-0.0028367679213718473,1.9925111126542634,1.9927775658346178,1.9741362854728632,1.9162839238601943,2.0206696855940867,1.6737727531910611
s06,540.0,1.5265932053775095,0,False,0.9365165437332607,0.002726881671464605,1.3417455377839511,1.341138218949628,1.3439749868709998,0.7959637423307232,1.2768426230637389,1.6737727531910611
s06,541.0,1.6625446116250446,0,False,0.966818080631679,0.005854593707139361,1.5581144318958846,1.5582875437692194,1.555560662097755,1.7265856449161967,1.5265932053775095,1.6737727531910611
s06,542.0,1.5485805070523482,0,False,0.9621264208691505,0.002014259590495166,1.6763973776174967,1.6765916442738211,1.6707370505666819,1.7741710673070525,1.6625446116250446,1.6737727531910611
s06,543.0,1.6280849170306642,0,False,0.9832009641818341,0.0035707381625625007,1.5761260107417623,1.576202297961753,1.5741880383712579,1.4566580003740655,1.5485805070523482,1.6737727531910611
s06,544.0,1.643851355653357,0,False,0.9992987468698066,0.0035328602752572338,1.6450539669385758,1.6451139518968658,1.6415432137343033,1.694534676798623,1.6280849170306642,1.6737727531910611
s06,545.0,1.7756875057470507,0,False,0.9648531924276552,0.007050489139230681,1.6584307328519428,1.6584332102812693,1.654900350006012,1.6572068733333198,1.643851355653357,1.6737727531910611
s06,546.0,1.7396345857354931,0,False,0.9923252902714941,0.006030301741352737,1.7733930301463572,1.7736408323314246,1.7665903431921939,1.8831322160131914,1.7756875057470507,1.6737727531910611
s06,547.0,1.9021087459417436,0,False,0.9544313282689181,0.010831252716173276,1.742030765965619,1.7420770467810591,1.7360467450397064,1.709297865196998,1.7396345857354931,1.6737727531910611
s06,548.0,1.8136473611237942,0,False,0.9837424741920553,0.008704949263950207,1.8840305770651034,1.8845241428645632,1.8736928901483898,2.0321876662443157,1.9021087459417436,1.6737727531910611
s06,549.0,1.8069223390796783,0,False,0.9977371331905948,0.008688986740170521,1.8073129022683523,1.8074544232056677,1.7987494739417176,1.739680136654891,1.8136473611237942,1.6737727531910611
s06,550.0,1.5101051596299337,0,False,0.914497283465307,-6.009156916956908e-05,1.8017214412549014,1.8017411032746031,1.7930521165344326,1.801206487567135,1.8069223390796783,1.6737727531910611
s06,551.0,2.1537276894988544,0,False,0.8346195924216739,0.018305776193168095,1.5415372354133376,1.5415320974209328,1.5415921889901023,1.2828379655361628,1.5101051596299337,1.6737727531910611
s06,552.0,1.7395073827289393,0,False,0.909364486559973,0.007335981835972163,2.1021397779076065,2.10516719463547,2.086861418442302,2.597761700383754,2.1537276894988544,1.6737727531910611
s06,553.0,1.4693381026863,0,False,0.9169813142488532,-0.0008821239442101513,1.74261006154542,1.7432749620257102,1.735938980189738,1.4200675558487215,1.7395073827289393,1.6737727531910611
s06,554.0,1.820165176779732,0,False,0.9060653573378944,0.008537650147606508,1.5062459398230281,1.5061727070525104,1.5070548309967204,1.2625868079637204,1.4693381026863,1.6737727531910611
s06,555.0,2.274000821603697,0,False,0.8849922905305613,0.022373406633261563,1.8120069576327396,1.8128089387485289,1.8042712886009225,2.0879697259389984,1.820165176779732,1.6737727531910611
s06,556.0,2.084682317870915,0,False,0.9756810065909503,0.01858001309474456,2.2085556549048952,2.211128769154815,2.1887553625215532,2.6044623778635296,2.274000821603697,1.6737727531910611
s06,557.0,1.550685969499003,0,False,0.8667597875435367,0.0036921813675471014,2.04649517985626,2.046947027072251,2.0283670139775065,1.9268249210137867,2.084682317870915,1.6737727531910611
s06,558.0,1.4357543790667167,0,False,0.9535363227132369,-0.0006251055228562626,1.5791719950503222,1.579663942080162,1.575971760712615,1.1619370400868525,1.550685969499003,1.6737727531910611
s06,559.0,1.2933134952763696,0,False,0.9333004833530278,-0.006165040684535206,1.4780070453669518,1.4779780006656675,1.4786031061885239,1.3449007397134156,1.4357543790667167,1.6737727531910611
s06,560.0,1.6845885613030402,0,False,0.8928484543551776,0.003819700052070653,1.3521750753166126,1.3517638700828452,1.3579289107673804,1.1849980273427725,1.2933134952763696,1.6737727531910611
s06,561.0,2.2659049379579246,0,False,0.8544716509779327,0.020999884638929375,1.6928228316314886,1.6932321183959675,1.689412418343897,1.9810699824248634,1.6845885613030402,1.6737727531910611
s06,562.0,2.4912467159179053,0,False,0.9338882817491823,0.029650390745353243,2.199840433829286,2.2028965123704434,2.181896627731514,2.6744931427425405,2.2659049379579246,1.6737727531910611
s06,563.0,2.3103059204440073,0,False,0.986671934729717,0.026885952869979062,2.4004936113441633,2.4024538496231465,2.3728034588777933,2.6617018811931406,2.4912467159179053,1.6737727531910611
s06,564.0,2.673254694717736,0,False,0.907377381867518,0.03969163701950258,2.2460402186655806,2.2463985564002855,2.2195126035303065,2.157848036367998,2.3103059204440073,1.6737727531910611
s06,565.0,2.2448775425984717,0,False,0.9409533835232059,0.030037261615592448,2.563013712723432,2.5666900560621424,2.52699841904264,2.938713729787382,2.673254694717736,1.6737727531910611
s06,566.0,1.8557063631111328,0,False,0.9234009471427442,0.01988486048580594,2.192346135437387,2.194119734104016,2.1640824724884236,1.8986198792357512,2.2448775425984717,1.6737727531910611
s06,567.0,2.113776211051253,0,False,0.9293425449747371,0.027670160437860643,1.8527430511700185,1.8542662126494298,1.8343813521636239,1.5496265606884392,1.8557063631111328,1.6737727531910611
s06,568.0,1.9936078623972606,0,False,0.9853412746534922,0.025057841235795502,2.0787300660160852,2.0806851691327655,2.0530150086949046,2.3126685379063914,2.113776211051253,1.6737727531910611
s06,569.0,1.79641642265541,0,False,0.9587622791215487,0.01966230360171517,1.9759003611123023,1.9762676771247543,1.9512098358889587,1.8926735226325118,1.9936078623972606,1.6737727531910611
s06,570.0,1.756785341562592,0,False,0.9922846566671392,0.0182514458075871,1.8030031061124394,1.8038139347001942,1.784151631098479,1.6357415454336783,1.79641642265541,1.6737727531910611
s06,571.0,1.5564900551521823,0,False,0.9414188786005862,0.011881304344378514,1.768687287755075,1.7688281039258016,1.7505766581182145,1.7234215089018432,1.756785341562592,1.6737727531910611
s06,572.0,1.6690747672371564,0,False,0.9729160783914206,0.014170440873005384,1.592074196150746,1.5927702162829276,1.580888911938549,1.3981721198228698,1.5564900551521823,1.6737727531910611
s06,573.0,1.3632655002093834,0,False,0.8972273168955908,0.0043552130684676605,1.6900559692508772,1.6904397603606407,1.6762693194876352,1.7620667559943497,1.6690747672371564,1.6737727531910611
s06,574.0,1.200987454513174,0,False,0.917612661436477,-0.002261561808552039,1.4210990201479594,1.4215466170804971,1.4171914040120295,1.1363558270629313,1.3632655002093834,1.6737727531910611
s06,575.0,1.4463202809323519,0,False,0.9390178025946959,0.0028045513312858344,1.2776361669961598,1.2774498429377563,1.2797114047463083,1.081319923233586,1.200987454513174,1.6737727531910611
s06,576.0,1.4753494439205939,0,False,0.9958891476883291,0.0023542657919997795,1.490187934193878,1.4903589618967956,1.4875544105655099,1.6440031113745002,1.4463202809323519,1.6737727531910611
s06,577.0,1.7025825936461965,0,False,0.9408731728989597,0.007996688628233814,1.514492154399422,1.5145018324383954,1.5121475666463957,1.4999927728168259,1.4753494439205939,1.6737727531910611
s06,578.0,2.0748899112485097,0,False,0.9021997462053896,0.018863782953954935,1.7121806148985703,1.7126534337244728,1.7046567450962389,1.8838319531806405,1.7025825936461965,1.6737727531910611
s06,579.0,1.9371845703208381,0,False,0.9790865853658466,0.015811276412262834,2.0370899056168184,2.0389347883772415,2.0200710054232864,2.354095273962683,2.0748899112485097,1.6737727531910611
s06,580.0,1.3570139222977724,0,False,0.8327268013900513,-0.0010549053518347264,1.918889313321519,1.919219981101024,1.903408704688761,1.8222557079711572,1.9371845703208381,1.6737727531910611
s06,581.0,1.2991832584188414,0,False,0.9585181463115158,-0.004404614721288544,1.4110166947930673,1.4108402374006352,1.41189514275247,0.9568975633158088,1.3570139222977724,1.6737727531910611
s06,582.0,1.452815848773302,0,False,0.9681356220066798,-0.0015750519115077357,1.3586798000306979,1.3584970884472751,1.3629017031685637,1.254865316729816,1.2991832584188414,1.6737727531910611
s06,583.0,1.5501246157870971,0,False,0.9812847708346442,0.00018421680510909296,1.4915325132826702,1.491482325233203,1.4930573771447107,1.5801064644269531,1.452815848773302,1.6737727531910611
s06,584.0,1.0386708096238633,0,False,0.7951224674468178,-0.01592607106927522,1.5756769577769496,1.5756804054366733,1.5754961886315642,1.6314954008249243,1.5501246157870971,1.6737727531910611
s06,585.0,1.3557540838215907,0,False,0.9147146972967364,-0.009041627563868533,1.1295355277853076,1.126272633641368,1.1421987047106432,0.715356784765967,1.0386708096238633,1.6737727531910611
s06,586.0,1.5267507739965211,0,False,0.960619146019236,-0.005292690201655626,1.4025573131998057,1.401786195256091,1.4108278228199596,1.6061700667795196,1.3557540838215907,1.6737727531910611
s06,587.0,1.3439613933771355,0,False,0.9271322849039858,-0.01148589226412123,1.5506098927859857,1.5504014621259887,1.5556941523276444,1.6670519586909025,1.5267507739965211,1.6737727531910611
s06,588.0,1.1296603286632607,0,False,0.8930925067642715,-0.01927662157582328,1.3901882564451211,1.3893513057199955,1.4008371979841168,1.2045329213893066,1.3439613933771355,1.6737727531910611
s06,589.0,1.0946117329133247,0,False,0.9462609290308974,-0.022438488711503918,1.2020681193934044,1.2000073041026793,1.2192839256785026,0.9770978956802521,1.1296603286632607,1.6737727531910611
s06,590.0,1.0464482643570339,0,False,0.9361567137573537,-0.02605962148655909,1.1683585137295132,1.1671526901922062,1.1895911789037101,1.0716187539534137,1.0946117329133247,1.6737727531910611
s06,591.0,0.7872257553647037,0,False,0.8138267331607321,-0.036124690292240566,1.1243917807613608,1.1227280488874194,1.1487876703739786,1.0147834698943123,1.0464482643570339,1.6737727531910611
s06,592.0,1.4824824421995868,0,False,0.7711458491707479,-0.01844180111734347,0.899778254641614,0.8930528030363508,0.9291774933285913,0.634928741201255,0.7872257553647037,1.6737727531910611
s06,593.0,1.8896136167990507,0,False,0.8912015296816875,-0.0067458552775420955,1.5039692382068102,1.4997487554723385,1.518190556589682,1.9448693712371832,1.4824824421995868,1.6737727531910611
s06,594.0,2.165551623757914,0,False,0.9250394964498517,0.0025298540614411003,1.8570952511936596,1.8563613124584744,1.8631071677360165,2.1941199671536595,1.8896136167990507,1.6737727531910611
s06,595.0,2.486686477645206,0,False,0.9150675545633983,0.014148197389144699,2.099218727587399,2.099408366721753,2.0968785126603118,2.376651579962857,2.165551623757914,1.6737727531910611
s06,596.0,2.2198110288556983,0,False,0.9675440209810856,0.009249879929501232,2.3818866365077005,2.3830882775104802,2.3689400801213356,2.7256407013893975,2.486686477645206,1.6737727531910611
s06,597.0,1.7558610199500355,0,False,0.9008940896601677,-0.002637178618733353,2.1517960909822684,2.152096304891188,2.1428464249616868,1.9985575030550375,2.2198110288556983,1.6737727531910611
s06,598.0,1.393703666894402,0,False,0.8869396445408929,-0.013240760773879777,1.7474177653870209,1.7471564053992825,1.7497935840180159,1.401160719858273,1.7558610199500355,1.6737727531910611
s06,599.0,1.1536656830280185,0,False,0.8888414825258146,-0.021522914989754664,1.4312344953434917,1.4297374902238478,1.4429782509977276,1.1271479864795135,1.393703666894402,1.6737727531910611
s07,350.0,1.3009911745527025,0,False,0.9607548204649571,0.025207672898655553,1.4355218667486815,1.436798417710068,1.4075165275166917,1.5172006682871455,1.3697431716803306,1.5656116270532336
s07,351.0,1.9266095115707949,0,False,0.8242671114444307,0.04175549777602718,1.3740260693431727,1.3750153489917412,1.3498076760930855,1.2474629297312019,1.3009911745527025,1.5656116270532336
s07,352.0,2.0124133870620446,0,False,0.9646881548233746,0.044627113157490406,1.909355060109347,1.916692874346604,1.8749373765705768,2.350376159375634,1.9266095115707949,1.5656116270532336
s07,353.0,1.9349418493634178,0,False,0.9969089217220359,0.04292777972158253,1.9900104315165166,1.9915862972270137,1.9469591840695233,2.0795806629630165,2.0124133870620446,1.5656116270532336
s07,354.0,2.0971055666492395,0,False,0.9460023930489262,0.0480951728282972,1.924726436631332,1.9248591297587505,1.881931350037168,1.8699511618533315,1.9349418493634178,1.5656116270532336
s07,355.0,2.307838904274246,0,False,0.9331004548288984,0.055346048986878234,2.063546008082919,2.066143032321545,2.018047859493248,2.2216031833306955,2.0971055666492395,1.5656116270532336
s07,356.0,2.293366694664298,0,False,0.9780972660654874,0.05663869048821055,2.246576019115648,2.2502786446198875,2.1949325956330092,2.4653367513235,2.307838904274246,1.5656116270532336
s07,357.0,2.418084609903891,0,True,0.948922484764655,0.06199851943824132,2.238183102734703,2.2394236449028653,2.1827849544146547,2.2790630775647776,2.293366694664298,1.5656116270532336
s07,358.0,2.4217903701198704,0,True,0.9715128365056084,0.06416816549553193,2.346302104555674,2.3494688348768498,2.2874703154386085,2.510751449189722,2.418084609903891,1.5656116270532336
s07,359.0,2.583180517713862,0,True,0.9400362433246621,0.07102111069190267,2.3529210421465643,2.354749011168171,2.290580845672639,2.42107450299562,2.4217903701198704,1.5656116270532336
s07,360.0,2.6791496715462118,0,True,0.9504794757087657,0.07648352636402385,2.4928104565418314,2.497069149142173,2.4260480384502703,2.70110233495393,2.583180517713862,1.5656116270532336
s07,361.0,2.5986931111066194,0,True,0.9819823538331298,0.07695174347460146,2.5792983697621765,2.5830858740873657,2.5066023477233417,2.7471702552494044,2.6791496715462118,1.5656116270532336
s07,362.0,2.284878866066322,0,True,0.9674002613169772,0.07001748853286652,2.5146342081716377,2.516020697457487,2.4390689539828854,2.5295004585762864,2.5986931111066194,1.5656116270532336
s07,363.0,2.2238297773946765,0,True,0.9890656935142361,0.06936204323288017,2.2433954022314753,2.245677954060888,2.1756604655280216,2.0264969341850505,2.284878866066322,1.5656116270532336
s07,364.0,2.334281088965107,0,True,0.9529932400264157,0.07357709683470454,2.193020876398441,2.1937793022376284,2.124417259004748,2.1720598728522447,2.2238297773946765,1.5656116270532336
s07,365.0,2.0600551535395315,0,True,0.9633268031393537,0.0666576117440382,2.2872460356312807,2.2907046565617426,2.217127559727038,2.4171263710053132,2.334281088965107,1.5656116270532336
s07,366.0,1.4863868335513262,0,False,0.8561266296309779,0.049641030653949855,2.0511616555031873,2.053606203220937,1.9869485914768987,1.8356365325628818,2.0600551535395315,1.5656116270532336
s07,367.0,1.3890103327458572,0,False,0.9598610750022607,0.04465937335988496,1.547923553492578,1.5550655758813536,1.5054245452274038,1.0768802944924258,1.4863868335513262,1.5656116270532336
s07,368.0,1.3360043837634357,0,False,0.9682938830497553,0.04068905543765679,1.466555735266636,1.4683483145043745,1.4236889411444895,1.3119474700064107,1.3890103327458572,1.5656116270532336
s07,369.0,0.7492502543877599,0,False,0.7048454767218142,0.020569982551417627,1.4185959253120968,1.4198860172623982,1.3791969618247413,1.2942925412747415,1.3360043837634357,1.5656116270532336
s07,370.0,1.0374250653561725,0,False,0.921896844672079,0.024474965427237497,0.901187646101706,0.9072589694955102,0.8866889869440926,0.4426738996313363,0.7492502543877599,1.5656116270532336
s07,371.0,0.9946362869838213,0,False,0.9370895912785822,0.01972251542038054,1.1511397151859775,1.1530512872123866,1.128576321785149,1.2675394368514885,1.0374250653561725,1.5656116270532336
s07,372.0,1.5251391182834406,0,False,0.8351612349069909,0.03210520146363168,1.1111421653356257,1.1123829168417363,1.0926604014213557,0.9671465889535404,0.9946362869838213,1.5656116270532336
s07,373.0,1.8673933946963184,0,False,0.9034235064847683,0.04102527750169448,1.5647653449985646,1.5700575267608918,1.5379523252972602,1.89914178454279,1.5251391182834406,1.5656116270532336
s07,374.0,1.9314963418721691,0,False,0.9717577520406833,0.0429824276952805,1.8622959246393653,1.8662580020859683,1.8252327245842739,2.122857530680863,1.8673933946963184,1.5656116270532336
s07,375.0,1.8962051764261803,0,False,0.9954600662495825,0.04220793205785467,1.9208077772928445,1.9220216976737081,1.8790392699784275,1.9823017638378242,1.9314963418721691,1.5656116270532336
s07,376.0,2.190877765983918,0,False,0.9156082248094457,0.051185526851127656,1.8914329849928675,1.8916246062081523,1.8494166741502975,1.8665046485200116,1.8962051764261803,1.5656116270532336
s07,377.0,1.7252859394935864,0,False,0.9029564544497048,0.03850579636574238,2.1436239848647314,2.147943622339762,2.0967580954886342,2.4094026796239105,2.190877765983918,1.5656116270532336
s07,378.0,1.8872065283865282,0,False,0.9496373160756842,0.042788288864161854,1.7407200394356435,1.7444567784392129,1.7059509820734704,1.3705278011693944,1.7252859394935864,1.5656116270532336
s07,379.0,1.8920977607051592,0,False,0.9865676692599844,0.04301167056560779,1.8824967709225666,1.8846517039902946,1.8418634151261328,2.013990445650697,1.8872065283865282,1.5656116270532336
s07,380.0,1.7195455021448858,0,False,0.9646007587616362,0.03792861540839329,1.8884029270673177,1.8889806740520356,1.8459690034864278,1.8955285847211285,1.8920977607051592,1.5656116270532336
s07,381.0,1.7386257817945743,0,False,0.9891185486958902,0.03791555268604502,1.7377185616661712,1.73906120587285,1.7011325904644568,1.5791843851451026,1.7195455021448858,1.5656116270532336
s07,382.0,1.7552668106904081,0,False,0.989040886848777,0.03792164622278997,1.7546511165586882,1.7550636927989098,1.7171481401128648,1.7542333511072878,1.7386257817945743,1.5656116270532336
s07,383.0,1.7115504762902702,0,False,0.9943263209417954,0.03619702396811485,1.7686222971676047,1.769037884779441,1.731116238556651,1.768817162310161,1.7552668106904081,1.5656116270532336
s07,384.0,1.197949438477893,0,False,0.8286974232821,0.020216943936062763,1.7304134025827715,1.7306187728796287,1.6944217489115139,1.6749669965007616,1.7115504762902702,1.5656116270532336
s07,385.0,0.6768162697556213,0,False,0.6986092387523539,0.002015419611534029,1.280070532650303,1.2835337472399118,1.263316803303849,0.8518914789165966,1.197949438477893,1.5656116270532336
s07,386.0,0.9896717500103184,0,False,0.9100793850550827,0.0068684227368211856,0.8272975503164597,0.8279049791674133,0.8258895595558793,0.4161548682859024,0.6768162697556213,1.5656116270532336
s07,387.0,1.3552286555311501,0,False,0.8911092780750265,0.014664431236260506,1.0947440927536431,1.0953617055498397,1.0884932828130185,1.2375480779847687,0.9896717500103184,1.5656116270532336
s07,388.0,1.030552430362144,0,False,0.8499913784693308,0.0032810699552831956,1.408400985890785,1.4099978063947207,1.3953333751584602,1.6330237405783876,1.3552286555311501,1.5656116270532336
s07,389.0,1.2814086438759589,0,False,0.9341921711757477,0.007940669490635224,1.125596470583087,1.1260886593642248,1.1228075894089415,0.8127469313021759,1.030552430362144,1.5656116270532336
s07,390.0,1.4037516771754324,0,False,0.9743412656481881,0.009813883268036314,1.3407886597101397,1.3413112179287294,1.3333705484380942,1.4815344118614002,1.2814086438759589,1.5656116270532336
s07,391.0,1.3944138626401892,0,False,0.9853159832537709,0.008270008010247305,1.445624559409422,1.4458763712331562,1.4360624879651198,1.504637726016806,1.4037516771754324,1.5656116270532336
s07,392.0,1.4516206610926894,0,False,0.9918923724596475,0.008723791392095908,1.4363731114282887,1.4364945483644027,1.4282245403541554,1.3871874841409535,1.3944138626401892,1.5656116270532336
s07,393.0,1.0461655568887545,0,False,0.8298917777164977,-0.0044402341375951275,1.4848956786271084,1.4849664078784552,1.4762426164863593,1.4994490501920563,1.4516206610926894,1.5656116270532336
s07,394.0,1.4002962965164774,0,False,0.8959962541159496,0.0036244750774938155,1.1322279763491816,1.1314726560135129,1.135912890151108,0.7789954746065675,1.0461655568887545,1.5656116270532336
s07,395.0,1.620433037361107,0,False,0.9387892030178564,0.009133868328134806,1.4364096366881516,1.4367865956730743,1.4331621205955805,1.6700486623493664,1.4002962965164774,1.5656116270532336
s07,396.0,1.451548901387512,0,False,0.9458950344151408,0.003868123580351864,1.6265146349537147,1.62707372631361,1.6179398579854751,1.7937477726842073,1.620433037361107,1.5656116270532336
s07,397.0,1.7507234245398886,0,False,0.9150751620644333,0.011988311118127001,1.479841221920858,1.480050506614051,1.476182383033699,1.3187940034161005,1.451548901387512,1.5656116270532336
s07,398.0,1.6291771331651874,0,False,0.9708161975939418,0.008684897050495723,1.738272830040735,1.7392909354195631,1.7273026243014362,1.9785283123510509,1.7507234245398886,1.5656116270532336
s07,399.0,1.6735042747841207,0,False,0.9854068967549041,0.00987109483167357,1.6337108904254205,1.6339643487448592,1.6252794516943634,1.5300176355024322,1.6291771331651874,1.5656116270532336
s07,400.0,1.7662764556852844,0,False,0.9697811972617617,0.012688656489482884,1.6722136838522865,1.6723577337583073,1.6624866389266337,1.7100077121940658,1.6735042747841207,1.5656116270532336
s07,401.0,1.825293434995295,0,False,0.9762183976314576,0.014856075373939105,1.7526627028392854,1.7530461388467542,1.7403574823572714,1.8410108951170545,1.7662764556852844,1.5656116270532336
s07,402.0,2.059946019485232,0,False,0.9299603575088485,0.022511924212264223,1.8043977569304284,1.8047510582077284,1.7898949828337893,1.8728110224193821,1.825293434995295,1.5656116270532336
s07,403.0,1.8238363289335355,0,False,0.9572857541876928,0.016945946748349733,2.0077921839404036,2.0093689110640183,1.9868569868517543,2.237993745441765,2.059946019485232,1.5656116270532336
s07,404.0,1.4230148844846358,0,False,0.8863548871637135,0.0054678572388937256,1.8048940347982376,1.805617868133169,1.7886719213848192,1.6326145679214032,1.8238363289335355,1.5656116270532336
s07,405.0,1.680278664159611,0,False,0.9273355342085645,0.012145233959502278,1.4570780448864393,1.4576994401393262,1.4522315829004324,1.1281296812181525,1.4230148844846358,1.5656116270532336
s07,406.0,1.2750026013513256,0,False,0.8666777714829261,-1.42322041803266e-05,1.6794356132031663,1.6803181401407454,1.6681729061812431,1.8796490681054274,1.680278664159611,1.5656116270532336
s07,407.0,1.4307524747970326,0,False,0.9628303336272453,0.0030689651130950497,1.3279811283570315,1.3279792308878535,1.3279934630920338,0.9872414994887782,1.2750026013513256,1.5656116270532336
s07,408.0,1.3682792216779613,0,False,0.9680720747561197,0.0002634826413445389,1.4616812316602816,1.461795304069645,1.45872633895655,1.55766583247968,1.4307524747970326,1.5656116270532336
s07,409.0,1.6329263781845365,0,False,0.9255717306743123,0.00705473786501768,1.4065427916080226,1.4065512040620987,1.406287721420754,1.3187283929411608,1.3682792216779613,1.5656116270532336
s07,410.0,1.5551770711556792,0,False,0.9770338493387297,0.004645613401451642,1.6349561480113741,1.6354812199412136,1.628426482076196,1.8381968158547515,1.6329263781845365,1.5656116270532336
s07,411.0,1.5307129692552928,0,False,0.9895305175073089,0.0035326692321319825,1.5677044163753229,1.5678111082326147,1.563165494831163,1.491598340917696,1.5551770711556792,1.5656116270532336
s07,412.0,2.017399433737621,0,False,0.8668578723665329,0.01766974552376583,1.5461265721311483,1.5461635573498267,1.5426308881176947,1.5105181236901846,1.5307129692552928,1.5656116270532336
s07,413.0,2.2766233067196553,0,False,0.923120325059752,0.026904021636771372,1.9664615154390281,1.9688141029528041,1.9511443574290384,2.362701208751681,2.017399433737621,1.5656116270532336
s07,414.0,2.075680421727675,0,False,0.9781070937444645,0.02330538549559453,2.193566587328883,2.1956349597669034,2.168730938130132,2.4691871715993927,2.2766233067196553,1.5656116270532336
s07,415.0,1.840737448431754,0,False,0.958580406377009,0.01782642487413083,2.022859246527306,2.0233694691472106,2.000064083651616,1.9090507134817873,2.075680421727675,1.5656116270532336
s07,416.0,1.6888305015361573,0,False,0.9673976693904681,0.01387079715632826,1.8199463955222055,1.820684758796243,1.802858333922112,1.6501309431863753,1.840737448431754,1.5656116270532336
s07,417.0,1.6667908654626589,0,False,0.9974431647960719,0.013197865528409167,1.6887696994119203,1.6892219197266287,1.6753511225703004,1.5650408632744808,1.6888305015361573,1.5656116270532336
s07,418.0,2.2672684559350667,0,False,0.8446763455737502,0.031114436532635417,1.670015677693659,1.6700494224608586,1.6568515569324496,1.6483131869915355,1.6667908654626589,1.5656116270532336
s07,419.0,2.3666716162161676,0,False,0.9546051462431927,0.03635479120268944,2.1871603192267046,2.191993127214367,2.1608786906817317,2.676483406207723,2.2672684559350667,1.5656116270532336
s07,420.0,2.3542142009205045,0,False,0.9761316733675943,0.0385611107051658,2.2790198970746203,2.2806702175046256,2.2443154263019363,2.4407664120775507,2.3666716162161676,1.5656116270532336
s07,421.0,2.3815551988491657,0,False,0.9680398436541885,0.04183516463119852,2.2714996787957893,2.272420067981409,2.233858957276243,2.341134632045714,2.3542142009205045,1.5656116270532336
s07,422.0,2.4698306875762164,0,False,0.9549872301791973,0.046970779381184914,2.297306470840971,2.2986435292433365,2.256808364612138,2.3997842112127015,2.3815551988491657,1.5656116270532336
s07,423.0,2.2693478602052672,0,False,0.9866357814827537,0.04371494817665655,2.37576128214229,2.3778755670228793,2.3309047876416944,2.5343383858154978,2.4698306875762164,1.5656116270532336
s07,424.0,2.0828015365502908,0,False,0.981223845654989,0.040008822978126295,2.2057548270480627,2.2063390431679655,2.162624094991309,2.1018898277843925,2.2693478602052672,1.5656116270532336
s07,425.0,1.8487028269022323,0,False,0.9592449620165833,0.034088401566735975,2.04529899544651,2.0460502072819096,2.006041384303783,1.9277175865402671,2.0828015365502908,1.5656116270532336
s07,426.0,2.093493292039429,0,False,0.9273580563713966,0.04158421957671767,1.8422434176060598,1.843632691706706,1.80954429013997,1.6586180716215755,1.8487028269022323,1.5656116270532336
s07,427.0,2.353340098015227,0,False,0.9226546466226453,0.05048642196180871,2.053579259977861,2.056600018512192,2.0150157989354747,2.278338193445555,2.093493292039429,1.5656116270532336
s07,428.0,1.9754488685167202,0,False,0.9388584208117997,0.04124153769881305,2.2797067871358476,2.283611677283242,2.233125255321433,2.545281741932716,2.353340098015227,1.5656116270532336
s07,429.0,2.028585583091509,0,False,0.9714827441418405,0.04338389864110838,1.9546519789386096,1.9571735516816648,1.9159320139828517,1.6740103683868885,1.9754488685167202,1.5656116270532336
s07,430.0,2.1712801537886612,0,False,0.9490663001251527,0.04840477364717702,2.0026804638487006,2.0039176535863734,1.960533754945265,2.0699747534003157,2.028585583091509,1.5656116270532336
s07,431.0,1.5248329439649169,0,False,0.8461708358743517,0.0302883694941345,2.1262476481862116,2.128713082399667,2.08030830875249,2.2803206137674916,2.1712801537886612,1.5656116270532336
s07,432.0,1.9808526784138598,0,False,0.87426003651452,0.042674438874083016,1.5633244645202313,1.5679836990822429,1.5376953295881084,1.0676682758581975,1.5248329439649169,1.5656116270532336
s07,433.0,2.697894332062922,0,True,0.8318790548318385,0.0647170002231344,1.9577764047087525,1.963142287094543,1.92046784822046,2.3079026081865393,1.9808526784138598,1.5656116270532336
s07,434.0,3.1016329746969418,0,True,0.8971020133707382,0.08015439386655271,2.5761729033370373,2.587053186582999,2.5223361863598646,3.1690609949399713,2.697894332062922,1.5656116270532336
s07,435.0,2.5942998545164673,0,True,0.9511248675050339,0.06974200306083328,2.933131822292091,2.9413795480404477,2.861225154173895,3.3809134693302894,3.1016329746969418,1.5656116270532336
s07,436.0,2.3440799690435776,0,True,0.9809204815348725,0.06491070138907098,2.501714708462258,2.5051233581023205,2.4353813550414873,2.181502064771075,2.5942998545164673,1.5656116270532336
s07,437.0,1.801750309872501,0,False,0.8949646827789096,0.05025531418778584,2.2890247516562683,2.2902632165820056,2.2253525151929345,2.135793115675064,2.3440799690435776,1.5656116270532336
s07,438.0,2.4024939144066986,0,True,0.8486623630550716,0.06771846950646018,1.8151101542497947,1.8203887371175544,1.7701334229297685,1.39102440962072,1.801750309872501,1.5656116270532336
s07,439.0,2.169965089679783,0,True,0.9765361468325562,0.06255435282799923,2.331853959142513,2.342102312295148,2.274383842788688,2.811044391788166,2.4024939144066986,1.5656116270532336
s07,440.0,1.7959402702914584,0,False,0.9270124252080658,0.05217979612995653,2.1402910607431407,2.1417588268928816,2.0792044740648823,1.9772357872468522,2.169965089679783,1.5656116270532336
s07,441.0,1.8538806105082724,0,False,0.9755518957388833,0.05327312229726492,1.8136279281586631,1.8174364049313263,1.7652566088013697,1.5026671722867362,1.7959402702914584,1.5656116270532336
s07,442.0,1.352318456358029,0,False,0.8544880953451964,0.03782777022648918,1.865861098535648,1.8671635253838867,1.8138904030866219,1.9003477159597568,1.8538806105082724,1.5656116270532336
s07,443.0,1.8474450345493352,0,False,0.8599726486798944,0.05032956953699991,1.4252139999711437,1.4307183908656445,1.3928906206391554,0.9984828870142657,1.352318456358029,1.5656116270532336
s07,444.0,1.7700821786784464,0,False,0.9892851926525448,0.04766749196967262,1.8517705812740088,1.858818097589356,1.8084885280523562,2.1993928913518306,1.8474450345493352,1.5656116270532336
s07,445.0,1.8278408993523068,0,False,0.9764374279185106,0.04876613661945575,1.790708663033011,1.7912194110262023,1.7435519190565296,1.7055570863170804,1.7700821786784464,1.5656116270532336
s07,446.0,1.6020798532202787,0,False,0.9441307002706003,0.04160455013574185,1.8396503470681767,1.8407994026774084,1.7920332660579525,1.8743361811798351,1.8278408993523068,1.5656116270532336
s07,447.0,1.3514979010923955,0,False,0.9151868581322428,0.03282531219491272,1.641814748705059,1.6441391657866995,1.6025346156509577,1.4231937669697343,1.6020798532202787,1.5656116270532336
s07,448.0,1.6582759756890157,0,False,0.9129431293759976,0.03982277613934388,1.4222431596812701,1.4250271775413106,1.392201865346398,1.1624563632737068,1.3514979010923955,1.5656116270532336
s07,449.0,2.3137468229521563,0,False,0.8327053361978012,0.05854936693828197,1.6860602833839688,1.6895271296542205,1.6497043535148765,1.8926148844570005,1.6582759756890157,1.5656116270532336
s07,450.0,1.882263074897255,0,False,0.9223022665515445,0.047264031160057784,2.248645937513623,2.2584409341713947,2.1998915672331125,2.7528432749955005,2.3137468229521563,1.5656116270532336
s07,451.0,2.542298057577305,0,True,0.8393509702466874,0.06698363214723083,1.8813057165767635,1.8849780246715373,1.8377139935114795,1.5447645151087683,1.882263074897255,1.5656116270532336
s07,452.0,2.6840374960418205,0,True,0.9424779059722255,0.07374328092575407,2.4479550145772406,2.458715870091046,2.391732237943815,2.9831255557378196,2.542298057577305,1.5656116270532336
s07,453.0,2.2697804872915035,0,True,0.9496640558348218,0.0643032448476748,2.580206488621484,2.584448356560812,2.510705075635058,2.786196323191937,2.6840374960418205,1.5656116270532336
s07,454.0,1.9954132599066718,0,False,0.9597588863494992,0.05734692833173746,2.2240537125622906,2.227290477104583,2.162987232256908,1.9341898105402333,2.2697804872915035,1.5656116270532336
s07,455.0,1.9056025467418014,0,False,0.9929536586037001,0.05481390688085314,1.9877288908441075,1.990036595104612,1.9326896667728746,1.77185905768885,1.9954132599066718,1.5656116270532336
s07,456.0,1.4431610467899294,0,False,0.8747415751303486,0.04074518273255505,1.911732280898718,1.9121185183998655,1.8573046115190124,1.8304083565831206,1.9056025467418014,1.5656116270532336
s07,457.0,1.7125128202138693,0,False,0.9236483589561972,0.046823957556010494,1.5047833153552486,1.5098869927653547,1.4691418100327995,1.106873215891584,1.4431610467899294,1.5656116270532336
s07,458.0,1.7401591648131087,0,False,0.986943747687112,0.04676712822305291,1.7384783899121279,1.7420534759116948,1.6952295183556843,1.9200187525269414,1.7125128202138693,1.5656116270532336
s07,459.0,1.8134730171945135,0,False,0.9731361347982003,0.04821524809143657,1.7645917514890288,1.7652023549150582,1.7184352266920053,1.7627782603489528,1.7401591648131087,1.5656116270532336
s07,460.0,1.6038552107086035,0,False,0.9480428233400432,0.041485251122561226,1.8268931950790483,1.8281884430044482,1.7799731949130115,1.8724579030223834,1.8134730171945135,1.5656116270532336
s07,461.0,1.5663978839349795,0,False,0.9881537384697526,0.03911188580522652,1.643354604658112,1.6455100611794695,1.6040248100569083,1.437057419070804,1.6038552107086035,1.5656116270532336
s07,462.0,1.2827092665623774,0,False,0.8986856092241469,0.02924228758696261,1.611232544209651,1.6116958738378409,1.5725839880326142,1.535402800318105,1.5663978839349795,1.5656116270532336
s07,463.0,1.1473287681939055,0,False,0.9247746410567862,0.02275101416537553,1.3607418843617092,1.3637045489134747,1.334462261326512,1.0739560206633523,1.2827092665623774,1.5656116270532336
s07,464.0,0.6592295923589626,0,False,0.7022131598313202,0.005220562342729412,1.2418665332402534,1.2435779864471659,1.2208269722817904,1.0477706633403816,1.1473287681939055,1.5656116270532336
s07,465.0,0.5650875878941346,0,False,0.8219761518383066,-0.0023172580534287016,0.8147936530021266,0.8163482677660715,0.8111277054233421,0.41676663471474285,0.6592295923589626,1.5656116270532336
s07,466.0,0.9512666525802771,0,False,0.8702599747637257,0.004327047361387235,0.7302023326156011,0.729789805419746,0.7321070634731748,0.5298679544686721,0.5650875878941346,1.5656116270532336
s07,467.0,0.5988206400812333,0,False,0.7245894329663056,-0.009525852571352899,1.0600225799387057,1.0605839711725706,1.0562569238111834,1.2469827422967588,0.9512666525802771,1.5656116270532336
s07,468.0,1.0226849221839858,0,False,0.8533986404050554,-0.0013721837704405646,0.7535194826117305,0.7508959621535749,0.7604218147249278,0.42896831727882906,0.5988206400812333,1.5656116270532336
s07,469.0,1.4904537457319156,0,False,0.8567466956558066,0.009896480616456569,1.115032763508372,1.1148315995020115,1.116203783272452,1.340018762606417,1.0226849221839858,1.5656116270532336
s07,470.0,0.8839575542314143,0,False,0.7394857753920316,-0.009146833719513334,1.5173169952140582,1.5187346987637438,1.5088382181472872,1.8294756368337424,1.4904537457319156,1.5656116270532336
s07,471.0,0.7635355880927795,0,False,0.8664756162203187,-0.015959137322204393,0.992995255143205,0.990612374849148,0.9997592085686613,0.5376688462853445,0.8839575542314143,1.5656116270532336
s07,472.0,0.630091610272689,0,False,0.8249805334671957,-0.02353800795862126,0.884851565463187,0.8827206314865843,0.8986797688087887,0.6939977616911545,0.7635355880927795,1.5656116270532336
s07,473.0,1.0151595295475342,0,False,0.8736004302662668,-0.01597718035595814,0.7672515523882598,0.7631319427920971,0.7866699507507183,0.565089948438635,0.630091610272689,1.5656116270532336
s07,474.0,1.1727035455318047,0,False,0.9725505334614548,-0.013613372811860711,1.0959294694511086,1.0939099607285572,1.1098871410845152,1.3094957354327716,1.0151595295475342,1.5656116270532336
s07,475.0,0.6812410822042853,0,False,0.7092677301300024,-0.030031518534251123,1.228886286105441,1.228512606283965,1.242125979095826,1.3032181067511677,1.1727035455318047,1.5656116270532336
s07,476.0,0.11073497893614614,0,False,0.24024594042180758,-0.05069663298300023,0.8083032587788881,0.7995721272277824,0.8296036457620335,0.43178608807957,0.6812410822042853,1.5656116270532336
s07,477.0,-0.24668336570440375,0,True,0.009692912362095574,-0.06709825171826889,0.338554231520331,0.3000372588045509,0.3507338917875511,0.17802861288619473,0.11073497893614614,1.5656116270532336
s07,478.0,-0.392618090083666,0,True,0.013017617333314635,-0.07838560049945605,0.050074743533952776,-0.016373130710761102,0.050725121007507784,0.04493440788703478,-0.24668336570440375,1.5656116270532336
s07,479.0,-0.28781694806881736,0,True,0.40879034206166265,-0.08251546661927804,-0.07278953732703895,-0.150154744074751,-0.07176914357529496,-0.07754041584460279,-0.392618090083666,1.5656116270532336
s07,480.0,0.6138578827756507,0,True,0.06014189469935893,-0.062110222165100495,-0.01753299156899455,-0.06631693236360021,0.016198534255677827,-0.07211972164490041,-0.28781694806881736,1.5656116270532336
s07,481.0,0.9779383846127454,0,False,0.8833724889424213,-0.05410007591488469,0.7693083053294455,0.7109335096055522,0.7730437317706528,0.8089880973754284,0.6138578827756507,1.5656116270532336
s07,482.0,1.1822983539990295,0,False,0.9542728814156958,-0.0493674599580264,1.030854045972399,1.0245444887704198,1.0786445646853045,1.259642864137417,0.9779383846127454,1.5656116270532336
s07,483.0,1.3415410085573065,0,False,0.9648281140000488,-0.045145595148349385,1.2030696132637795,1.2008121815680728,1.2501796415260993,1.349093641724163,1.1822983539990295,1.5656116270532336
s07,484.0,1.313540997069456,0,False,0.9739928857580424,-0.0459003257171398,1.340286538421761,1.3386986826958032,1.3838442778441526,1.4719922932893386,1.3415410085573065,1.5656116270532336
s07,485.0,1.3350718580854688,0,False,0.9906451646395432,-0.045281411491760674,1.3156351189208335,1.3144413839061648,1.3603417096233046,1.2918668143032999,1.313540997069456,1.5656116270532336
s07,486.0,1.6777237655502928,0,False,0.9022498452923831,-0.03494368281448547,1.3335564097905144,1.33313280964112,1.3784142211328805,1.3533807648957643,1.3350718580854688,1.5656116270532336
s07,487.0,1.8130196325501784,0,False,0.9578204701782604,-0.029485634838025465,1.6345004504026817,1.6310847000015116,1.6660283828159972,1.936080372961141,1.6777237655502928,1.5656116270532336
s07,488.0,2.0703176285177842,0,False,0.9245997750977549,-0.019879315964210855,1.7513506896045943,1.7501069993906309,1.7795926342286563,1.92038386216114,1.8130196325501784,1.5656116270532336
s07,489.0,1.9649089290322428,0,False,0.9922714867708127,-0.02020254895076756,1.9771822668120704,1.9756833619174663,1.995562677881677,2.264366942216701,2.0703176285177842,1.5656116270532336
s07,490.0,1.3397581123791178,0,False,0.8255822643064391,-0.036616280017701515,1.8870386169437452,1.8868824812769158,1.9070850302276834,1.876668189281756,1.9649089290322428,1.5656116270532336
s07,491.0,1.4203390602635693,0,False,0.9864729065679205,-0.03437805247830217,1.3521180042671332,1.3457314756169245,1.382347755634626,0.9139727141952141,1.3397581123791178,1.5656116270532336
s07,492.0,0.9452834502323755,0,False,0.7898052308772753,-0.04848777411738703,1.416072539996424,1.415607504868537,1.4499855573468392,1.4874629500484602,1.4203390602635693,1.5656116270532336
s07,493.0,1.0252114912914179,0,False,0.9875025937801528,-0.04781383897981534,1.012938863191574,1.0027469867056948,1.0512347608230819,0.6526183965892955,0.9452834502323755,1.5656116270532336
s07,494.0,0.9860992234240533,0,False,0.9373420308754002,-0.050346182932782826,1.0711082374916308,1.0705106885229696,1.1183245275027849,1.0926264813416267,1.0252114912914179,1.5656116270532336
s07,495.0,0.9808367144506526,0,False,0.949493800024926,-0.051975533586349716,1.0383029924786258,1.035148402902882,1.0854945858356648,0.9615542507773892,0.9860992234240533,1.5656116270532336
s07,496.0,0.5831321406465813,0,True,0.7018393689605082,-0.06535462405005778,1.0317269094633061,1.029101822770183,1.0810773563565326,0.9817053563526573,0.9808367144506526,1.5656116270532336
s07,497.0,0.3848450253241771,0,True,0.6815241415227099,-0.07426623199954238,0.7013847995884441,0.6818986236403302,0.7472532476903879,0.3977756917196115,0.5831321406465813,1.5656116270532336
s07,498.0,0.5036609076676686,0,True,0.9292369186208723,-0.07435288537255663,0.5302013554267379,0.50654935343481,0.5808155854343524,0.3338256328054492,0.3848450253241771,1.5656116270532336
s07,499.0,0.831701846593962,0,True,0.900431253300255,-0.06758765087101974,0.6114554691544569,0.6061940298760657,0.6805469152486224,0.6088519402235228,0.5036609076676686,1.5656116270532336
s07,500.0,1.1757581137870647,0,False,0.8971411017085287,-0.058964186870699514,0.8950389314659983,0.888309313776391,0.9558969646474107,1.0920015889212087,0.831701846593962,1.5656116270532336
s07,501.0,1.2108481871238226,0,False,0.9862509441537138,-0.05821051306232833,1.1917907181449556,1.185725726844783,1.2446899137154825,1.4419363872775348,1.1757581137870647,1.5656116270532336
s07,502.0,1.915781728657023,0,False,0.7992228972905975,-0.03721505733375956,1.216733543966333,1.215933204371398,1.2741437174337262,1.2407672826309097,1.2108481871238226,1.5656116270532336
s07,503.0,1.7592199631460113,0,False,0.970633080899805,-0.03929747022840903,1.8361056576896302,1.8286337263009937,1.8658487836347533,2.378660573976413,1.915781728657023,1.5656116270532336
s07,504.0,1.8086501640379526,0,False,0.9790878663508908,-0.03589207392549956,1.6962909995700106,1.6951369539409706,1.7344344241693797,1.6309369636256799,1.7592199631460113,1.5656116270532336
s07,505.0,2.075745282519793,0,False,0.9222763691004631,-0.0258207033057888,1.7407835083763081,1.7400329285294345,1.775925002454934,1.848588732852508,1.8086501640379526,1.5656116270532336
s07,506.0,1.429700160502662,0,False,0.8339715348260646,-0.042158633180976096,1.9763047018222104,1.9742978230089048,2.0001185263146937,2.2766356855955956,2.075745282519793,1.5656116270532336
s07,507.0,1.573466234128551,0,False,0.9619304513987991,-0.03742517867501592,1.4226839504240805,1.4156844172632121,1.4578430504441882,0.9821303704149525,1.429700160502662,1.5656116270532336
s07,508.0,1.9466892792686343,0,False,0.895733026336403,-0.025257254914623092,1.5425165802473508,1.5410918205888737,1.5785169992638897,1.6897384605375552,1.573466234128551,1.5656116270532336
s07,509.0,1.6647530235211176,0,False,0.9362678695428285,-0.03131070276926316,1.8691681162087843,1.8665346186757865,1.8917918735904096,2.221575944172233,1.9466892792686343,1.5656116270532336
s07,510.0,1.479407521212499,0,False,0.9440409678966635,-0.03564338722249357,1.6258258341137755,1.6238303363201791,1.6551410390894423,1.4425718586316127,1.6647530235211176,1.5656116270532336
s07,511.0,1.0182301483988498,0,False,0.8092693905511171,-0.04901416926380514,1.4659174525590903,1.4639228831092352,1.4995662703317287,1.3336666300232936,1.479407521212499,1.5656116270532336
s07,512.0,1.1161456971792492,0,False,0.9983525536972033,-0.04743330971671796,1.0727988813183262,1.06345037894301,1.1124645482068152,0.7229339581599561,1.0182301483988498,1.5656116270532336
s07,513.0,1.269964916868552,0,False,0.9695149284276797,-0.043750941423502394,1.1472974509254221,1.1472193070946999,1.1946526168114178,1.1983277012885871,1.1161456971792492,1.5656116270532336
s07,514.0,0.546836879375975,0,True,0.5859583836474248,-0.06574625518372026,1.2813477552972217,1.2800140047165698,1.3237649461400722,1.3967813453396887,1.269964916868552,1.5656116270532336
s07,515.0,0.989022147652087,0,False,0.8409528012651962,-0.0556068382035107,0.6782632674104982,0.6510415816451018,0.7167878368288221,0.2615403226174131,0.546836879375975,1.5656116270532336
s07,516.0,1.4924958425422608,0,False,0.8435799447472555,-0.041802198425374304,1.0411852951178158,1.032341183271048,1.0879480214745587,1.3168842277618835,0.989022147652087,1.5656116270532336
s07,517.0,1.8066070385646933,0,False,0.9109075742140756,-0.03166649053856322,1.4752888111917075,1.4687501090043242,1.5105523074296985,1.8518207359736132,1.4924958425422608,1.5656116270532336
s07,518.0,1.7616589488141585,0,False,0.9964562094926661,-0.031093028850074686,1.7453648036560816,1.742543559197874,1.7742100497364373,2.0438885467092156,1.8066070385646933,1.5656116270532336
s07,519.0,1.737712629366257,0,False,0.9996462753568551,-0.030123308689598675,1.7054988111975398,1.7053886240170568,1.7364816528671314,1.7239750304171577,1.7616589488141585,1.5656116270532336
s07,520.0,1.7711285997902486,0,False,0.9843282754414715,-0.02757720126169202,1.6862690075499769,1.6862583521933603,1.716381660882959,1.7176122019553617,1.737712629366257,1.5656116270532336
s07,521.0,1.5090792527546448,0,False,0.9277921948823721,-0.03381041547019525,1.7172852420070204,1.7168530597047522,1.7444302609664442,1.7983192209267562,1.7711285997902486,1.5656116270532336
s07,522.0,1.6489843925167942,0,False,0.9608365990599593,-0.02906073249270119,1.4931030024915437,1.4906616266003259,1.5244720420705211,1.3061152135939167,1.5090792527546448,1.5656116270532336
s07,523.0,1.399748580773895,0,False,0.9205392824848008,-0.03545360943823235,1.6139825960764898,1.6128444789582668,1.641905211450968,1.7615412347947268,1.6489843925167942,1.5656116270532336
s07,524.0,1.218212578039287,0,False,0.9192664701409161,-0.040824695230355354,1.4000659403545193,1.3972487711100536,1.432702380548286,1.2097876894958761,1.399748580773895,1.5656116270532336
s07,525.0,1.1381571661122212,0,False,0.9413577914344,-0.04386499594403649,1.2427964449862936,1.2395005232349259,1.2803252184652811,1.0831519348316114,1.218212578039287,1.5656116270532336
s07,526.0,1.5376019718122893,0,False,0.8822912162619805,-0.03281484309924955,1.171835883893604,1.1692635436527248,1.2131285395967613,1.0792975358211545,1.1381571661122212,1.5656116270532336
s07,527.0,1.5679404869448796,0,False,0.9937457177135623,-0.031244583969464983,1.5194611112218275,1.5155985159520609,1.5484133590513105,1.834693418205448,1.5376019718122893,1.5656116270532336
s07,528.0,1.4872163645322936,0,False,0.9717430479497825,-0.03290711992425112,1.5428296421398986,1.5426342296918312,1.5738788136612962,1.5932838133847755,1.5679404869448796,1.5656116270532336
s07,529.0,1.7142731227106975,0,False,0.9354814889251332,-0.025675337681102584,1.474143569515557,1.4732137146057465,1.5061208345299977,1.4219072020705876,1.4872163645322936,1.5656116270532336
s07,530.0,1.54122754007009,0,False,0.9520684387784448,-0.02956946362696634,1.6726882728240777,1.6710317382655486,1.6967070759466512,1.8914296884171056,1.7142731227106975,1.5656116270532336
s07,531.0,1.602745286613726,0,False,0.9837696489939175,-0.02714371845952588,1.523304424921835,1.5218871143657107,1.551456577992677,1.4034294190086822,1.54122754007009,1.5656116270532336
s07,532.0,1.4197069645011524,0,False,0.9394494739250174,-0.031830992926637186,1.576389998816404,1.5759494467381958,1.6030931651977216,1.6535494400752022,1.602745286613726,1.5656116270532336
s07,533.0,1.1807520606333737,0,False,0.8980662441325055,-0.03893715103915285,1.419551381084426,1.4176239977172291,1.4494549906438663,1.2771729208743667,1.4197069645011524,1.5656116270532336
s07,534.0,1.0884544410448656,0,False,0.9315344812814472,-0.04258185482555232,1.213913577306382,1.2099445672581814,1.2488817182973342,1.0075686871554117,1.1807520606333737,1.5656116270532336
s07,535.0,1.033594561218327,0,False,0.9376644381008284,-0.045438838667075744,1.1317427447144037,1.1288273559357742,1.1714092107613265,1.0219656702625532,1.0884544410448656,1.5656116270532336
s07,536.0,1.4713734217496883,0,False,0.867050355754955,-0.03369530338539465,1.0827547012340102,1.0799222456936524,1.125361084360728,0.9961371884349288,1.033594561218327,1.5656116270532336
s07,537.0,1.34345463207812,0,False,0.9474449514520615,-0.037165484260104076,1.4636071064995844,1.4591273279017674,1.492822631287162,1.7928327515158635,1.4713734217496883,1.5656116270532336
s07,538.0,1.6187231317842241,0,False,0.9225013386597637,-0.029052341666485824,1.3502382791598802,1.3482850453302826,1.3854505295903867,1.2439325728312844,1.34345463207812,1.5656116270532336
s07,539.0,1.4541213294262616,0,False,0.947217721095418,-0.03305226960614205,1.5897037783360874,1.5874522607481356,1.6165046024146215,1.831698890211083,1.6187231317842241,1.5656116270532336
s07,540.0,0.8732488921524639,0,False,0.7433261223586236,-0.05021348335939729,1.4470339247070858,1.445289350594305,1.4783416202004471,1.3245293064163977,1.4541213294262616,1.5656116270532336
s07,541.0,1.5349576290507905,0,False,0.7850401856071854,-0.03238146807507493,0.9534456090571162,0.9405571195733788,0.9907706029327762,0.5409893717254677,0.8732488921524639,1.5656116270532336
s07,542.0,1.4606083705650097,0,False,0.9715913227963023,-0.0339775856652835,1.5207730046058139,1.5138122902386288,1.5461937583137038,1.973402442302412,1.5349576290507905,1.5656116270532336
s07,543.0,1.6679099472016454,0,False,0.9416878271914177,-0.027434560497106193,1.450774366525728,1.449809108262402,1.4837866939276856,1.4006326738328974,1.4606083705650097,1.5656116270532336
s07,544.0,1.72158165562206,0,False,0.9811560937460144,-0.024697800668780766,1.6319560968438473,1.6303563280112126,1.6577908885083188,1.8311775148192893,1.6679099472016454,1.5656116270532336
s07,545.0,2.1154655088991694,0,False,0.892100643947166,-0.011578152113216859,1.6786092934208552,1.678143890380373,1.7028416910491537,1.7654303909275337,1.72158165562206,1.5656116270532336
s07,546.0,1.63856934642585,0,False,0.8926311054599442,-0.023077490389936783,2.0231298974738117,2.0218806223165138,2.0334587744297306,2.4015607480416676,2.1154655088991694,1.5656116270532336
s07,547.0,1.7676392722835796,0,False,0.960525377473742,-0.018350879320209783,1.6125633745912729,1.6100855699593466,1.6331630603492833,1.2806724736957342,1.63856934642585,1.5656116270532336
s07,548.0,1.7627271178606243,0,False,0.9939529175372275,-0.017163581386502317,1.7238749141045657,1.7231505200703754,1.7415013993905852,1.8706692136200143,1.7676392722835796,1.5656116270532336
s07,549.0,1.5167637920892476,0,False,0.9323266341983686,-0.023267107667085903,1.720318457700701,1.7202146681087003,1.7373782494952026,1.7584756142953217,1.7627271178606243,1.5656116270532336
s07,550.0,1.9978765600121577,0,False,0.8678922125066653,-0.00856046568724356,1.5092297241723809,1.5076551606840802,1.530922268351166,1.3252375338223727,1.5167637920892476,1.5656116270532336
s07,551.0,2.161905351150282,0,False,0.944631934084982,-0.0014892103156878382,1.927327742946946,1.9261968387650916,1.9347573044523352,2.340023297781476,1.9978765600121577,1.5656116270532336
s07,552.0,2.201193029141252,0,False,0.9699136991063382,0.0024180774427681653,2.0710325585543057,2.0709501038593854,2.072439314175073,2.2870106128509806,2.161905351150282,1.5656116270532336
s07,553.0,1.894569310532001,0,False,0.9473649624455572,-0.0039798802970048355,2.107761817518907,2.107834568524434,2.105416491081666,2.2302964830381957,2.201193029141252,1.5656116270532336
s07,554.0,1.6221563219839876,0,False,0.9350160611554497,-0.010637101202365377,1.8442731666449006,1.8440636854960055,1.8480435657930103,1.6482943345098253,1.894569310532001,1.5656116270532336
s07,555.0,1.8835638624573985,0,False,0.9247099578988949,-0.0023926626012040365,1.6094404831527052,1.6087492424186873,1.6193863436210527,1.4081781426494795,1.6221563219839876,1.5656116270532336
s07,556.0,1.6666240730924813,0,False,0.9509632089596713,-0.0074863358741272335,1.8365933258578995,1.836413182189921,1.838805844791125,2.083093427112117,1.8835638624573985,1.5656116270532336
s07,557.0,1.6093989381311489,0,False,0.9855399675749867,-0.008681124311102625,1.6495923252515792,1.6492252193636618,1.6567115552377891,1.4929730250988853,1.6666240730924813,1.5656116270532336
s07,558.0,1.223241146556131,0,False,0.864175955203206,-0.0199837988208893,1.600122492888044,1.5999969635490199,1.6086780878601226,1.5620496127309567,1.6093989381311489,1.5656116270532336
s07,559.0,1.15552242344452,0,False,0.9472493472409242,-0.0232549946634551,1.2672765652496385,1.26456228486338,1.2845460836842693,0.9514607467622903,1.223241146556131,1.5656116270532336
s07,560.0,1.4096954593800846,0,False,0.9311487372313774,-0.01709761720613535,1.2056762602844993,1.2044495441360932,1.2277045387995482,1.105486960858811,1.15552242344452,1.5656116270532336
s07,561.0,1.1761623395230556,0,False,0.8990152369969369,-0.02453136538189997,1.425131137916853,1.423953945381876,1.4410515625880114,1.6105121784741536,1.4096954593800846,1.5656116270532336
s07,562.0,0.997782611970313,0,False,0.8900471009872207,-0.031212822407482653,1.2229751402756348,1.2204978461564022,1.2450292115383021,1.0068897638866265,1.1761623395230556,1.5656116270532336
s07,563.0,0.9795971932118317,0,False,0.9443929414197726,-0.0337475625750808,1.0675204724418437,1.06408853213177,1.0953013545392525,0.8752402353648155,0.997782611970313,1.5656116270532336
s07,564.0,1.066936912751645,0,False,0.9939149532434768,-0.033128136233984654,1.0481659707374928,1.0462893680484404,1.0800369306235211,0.9707667373730103,0.9795971932118317,1.5656116270532336
s07,565.0,0.7853441230981711,0,False,0.8107501620139602,-0.043174405167035114,1.120421340457793,1.1202197541998529,1.1533478904338375,1.140327586783223,1.066936912751645,1.5656116270532336
s07,566.0,0.5042986898069279,0,False,0.7108278511231372,-0.0542597729229397,0.8819816975200855,0.8738109483370805,0.9169853535041156,0.6186262395149764,0.7853441230981711,1.5656116270532336
s07,567.0,0.6738230333304638,0,False,0.9946652894798229,-0.052849756384319206,0.6425128971768111,0.6268224820431141,0.6810822549660538,0.3877330806230051,0.5042986898069279,1.5656116270532336
s07,568.0,0.6139068722714457,0,False,0.8548501975072024,-0.05754837068872904,0.770809287236479,0.7705273490851068,0.823377105469426,0.8161566096798637,0.6738230333304638,1.5656116270532336
s07,569.0,1.3163362057033776,0,False,0.7407247012190794,-0.03952437896990109,0.7238896163816979,0.7155364817424466,0.7730848524311756,0.5940191822100025,0.6139068722714457,1.5656116270532336
s07,570.0,1.5126126114939216,0,False,0.9479635650250307,-0.03384090756753239,1.33341125991485,1.3231635647482984,1.3626879437181996,1.7650876400576119,1.3163362057033776,1.5656116270532336
s07,571.0,1.4910500812860483,0,False,0.9879683377878601,-0.03391731377555598,1.4953579150729663,1.4935969548868346,1.527437862454367,1.6695609850042337,1.5126126114939216,1.5656116270532336
s07,572.0,1.453583881230188,0,False,0.9812195331576543,-0.034572440981902215,1.4758295364375533,1.4754214547750626,1.5093387685506185,1.4733887928739664,1.4910500812860483,1.5656116270532336
s07,573.0,1.6376959680360421,0,False,0.9488038264418621,-0.028741103666258393,1.4439673440961012,1.4433180575145816,1.4778904984964838,1.4231827139886732,1.453583881230188,1.5656116270532336
s07,574.0,1.0538023916422796,0,False,0.7850629889436294,-0.045237697803087125,1.6051602974014536,1.6036888628699035,1.632429966536162,1.7840540075216333,1.6376959680360421,1.5656116270532336
s07,575.0,1.3357825123647495,0,False,0.9221163042230933,-0.038076783727028295,1.106808632048989,1.0970853764961221,1.1423230742992092,0.6880639808678142,1.0538023916422796,1.5656116270532336
s07,576.0,1.7135285394473858,0,False,0.8920348399920105,-0.02689894587345476,1.3438995049682272,1.3409339443282682,1.3790107280552966,1.5574028301013692,1.3357825123647495,1.5656116270532336
s07,577.0,1.7885839453204389,0,False,0.9734990689891804,-0.023316921832006406,1.6720872929341009,1.6691831439388272,1.696082089812282,1.9944836321719017,1.7135285394473858,1.5656116270532336
s07,578.0,1.8200720480815444,0,False,0.9829874065475416,-0.02078770907876411,1.736382876443656,1.7357649563068014,1.7590818781388078,1.8491323483557702,1.7885839453204389,1.5656116270532336
s07,579.0,2.022215599256007,0,False,0.9379313864830463,-0.013062977936806164,1.7650782140341075,1.7647245611907425,1.7855122702695065,1.845464839246411,1.8200720480815444,1.5656116270532336
s07,580.0,1.7372588149184451,0,False,0.9410733240692645,-0.019208932244253588,1.9429347594289659,1.9421239585000258,1.955186936436832,2.177198417978293,2.022215599256007,1.5656116270532336
s07,581.0,1.3843900151510948,0,False,0.8932436250220752,-0.028580986005335485,1.6979237257124904,1.6967918071871577,1.7160007394314114,1.5109143977059325,1.7372588149184451,1.5656116270532336
s07,582.0,0.8199653925088038,0,False,0.7328824933485809,-0.045718917221830815,1.3942809688512057,1.3912297663919813,1.4198107523973167,1.1236015869449707,1.3843900151510948,1.5656116270532336
s07,583.0,0.6058705271899912,0,False,0.7816259586759553,-0.054552603507858954,0.9125390598993603,0.9003267367242622,0.9460456539460931,0.506429490967423,0.8199653925088038,1.5656116270532336
s07,584.0,1.2315188940902957,0,False,0.7678403641778196,-0.038960638433887154,0.7236995974506621,0.7117867249579027,0.7663393284657617,0.500449618897309,0.6058705271899912,1.5656116270532336
s07,585.0,1.4819999125843903,0,False,0.9314565430147806,-0.03207664896349262,1.2615786845347834,1.2525335969045726,1.2914942353384598,1.6486778824156818,1.2315188940902957,1.5656116270532336
s07,586.0,1.1057987786563648,0,False,0.8484942075922575,-0.04299265406278682,1.4718642597079636,1.4696656152995045,1.5017422642629972,1.6791900238151811,1.4819999125843903,1.5656116270532336
s07,587.0,1.0865964316692411,0,False,0.9563857451046575,-0.044684011003717036,1.1494886324884093,1.142974996366915,1.1859676504297016,0.8500118963585857,1.1057987786563648,1.5656116270532336
s07,588.0,1.104906684589354,0,False,0.9715237876692822,-0.04529177934356169,1.1271144890965048,1.1251656292508425,1.1698496402545595,1.0748124231583787,1.0865964316692411,1.5656116270532336
s07,589.0,1.2752421871002773,0,False,0.9634987501722219,-0.041232325763422714,1.141216806087735,1.1399270677623117,1.1852188471058733,1.1221252208355748,1.104906684589354,1.5656116270532336
s07,590.0,1.2763845180829794,0,False,0.9801526500409757,-0.04154965742446942,1.2884672715415406,1.2869622401178697,1.3281945658812924,1.4149319414522294,1.2752421871002773,1.5656116270532336
s07,591.0,1.6549901666198064,0,False,0.8910241677941034,-0.030528065073333478,1.2884284055068562,1.2876037549152752,1.3291534123397446,1.2783716566914785,1.2763845180829794,1.5656116270532336
s07,592.0,1.6633228632547368,0,False,0.9950615298860191,-0.029120926843088483,1.619745076876906,1.6164182555799036,1.646946320653237,1.937274743472361,1.6549901666198064,1.5656116270532336
s07,593.0,2.0666097672294317,0,False,0.8892578841131943,-0.01586722388062809,1.6249634813076583,1.6248196684807523,1.6539405953238409,1.6702362628591327,1.6633228632547368,1.5656116270532336
s07,594.0,2.298315366139604,0,False,0.9288125386191118,-0.006215257701689951,1.97834033012079,1.9765831601749997,1.9924503840556278,2.3594196987031375,2.0666097672294317,1.5656116270532336
s07,595.0,2.298736169279448,0,False,0.9751092379123841,-0.0026748775688733377,2.1811659466031723,2.180723498185561,2.186938755887251,2.471029986371358,2.298315366139604,1.5656116270532336
s07,596.0,2.2723202480484055,0,False,0.9809586723175565,-4.3782852448304675e-05,2.184683670575418,2.1846170908342377,2.187291968403111,2.296306658976552,2.298736169279448,1.5656116270532336
s07,597.0,1.9952024361047662,0,False,0.9592151402935707,-0.005139967761400255,2.1650761000868046,2.1650752664031643,2.1651190492556127,2.2485282775659066,2.2723202480484055,1.5656116270532336
s07,598.0,2.6511891509202616,0,False,0.8434102335717718,0.01657452461595692,1.927582371205734,1.9273727383416897,1.93251270610309,1.7695261181813924,1.9952024361047662,1.5656116270532336
s07,599.0,2.6317394655889315,0,False,0.9709793652797675,0.020535485028326583,2.4971120509050047,2.499707451843276,2.4831329272273193,3.0892719954131005,2.6511891509202616,1.5656116270532336
s08,350.0,2.293995416908033,0,False,0.9668747849237997,0.10352364621503038,2.5621473747062864,2.5629589821222836,2.4513664289508257,2.489776945466649,2.6766177457601676,1.6416719521061587
s08,351.0,1.8873622757987698,0,False,0.9339897698469839,0.0924030023824488,2.254621160505143,2.2580504035514886,2.154526757336458,2.0023686939143426,2.293995416908033,1.6416719521061587
s08,352.0,1.7864489871788791,0,False,0.9855105153647502,0.08805259938796399,1.9253628768742779,1.9314624203283728,1.839059417945924,1.5895305253232497,1.8873622757987698,1.6416719521061587
s08,353.0,1.5007776782386326,0,False,0.9204179421006197,0.0776112351342114,1.847547316577793,1.8488231533637185,1.7607705539757545,1.7089224212369625,1.7864489871788791,1.6416719521061587
s08,354.0,1.385926435490364,0,False,0.9477156675905271,0.07068631699106165,1.6105805784539295,1.6167570402620226,1.5391458051278113,1.2998436974810275,1.5007776782386326,1.6416719521061587
s08,355.0,1.7798739098208505,0,False,0.8980542203477182,0.07846062987228355,1.5170343602190919,1.520730147113454,1.4500438301223924,1.3048354329386394,1.385926435490364,1.6416719521061587
s08,356.0,1.4143021644442646,0,False,0.8924963151837148,0.0658657882947492,1.8261314869444036,1.8341302170287428,1.7556695871564592,2.051874882227284,1.7798739098208505,1.6416719521061587
s08,357.0,1.6735135331741378,0,False,0.9360661338492346,0.06993348619871212,1.5308427880970261,1.537923603042041,1.4720578147472918,1.1673886478528965,1.4143021644442646,1.6416719521061587
s08,358.0,1.468258237682069,0,False,0.9348882069465734,0.061688583116285924,1.7386172222835237,1.7430883404296087,1.6731548542308965,1.8617307297205343,1.6735135331741378,1.6416719521061587
s08,359.0,1.1486520916825245,0,False,0.8630940444746291,0.048879974914279964,1.5715890441584293,1.575605698416056,1.5139171152997701,1.3223616848450173,1.468258237682069,1.6416719521061587
s08,360.0,1.2802370174372766,0,False,0.9944069501912715,0.04784171797027737,1.3081536225656674,1.314845582237363,1.2659656073230832,0.9507075407841536,1.1486520916825245,1.6416719521061587
s08,361.0,1.4368491065724753,0,False,0.975519066883852,0.04847045075537736,1.4156237659575996,1.4158913470691425,1.368049629098865,1.3822412185054491,1.2802370174372766,1.6416719521061587
s08,362.0,1.298715559271176,0,False,0.9316911110412102,0.04129130979416706,1.5368336561151341,1.5380202579781859,1.4895498072228086,1.5566650092899614,1.4368491065724753,1.6416719521061587
s08,363.0,0.8858674078590926,0,False,0.781623946120993,0.025157032442094378,1.4208560894324886,1.4236766529281812,1.3823853431340143,1.204586770635244,1.298715559271176,1.6416719521061587
s08,364.0,1.0468057011363547,0,False,0.9927680827009087,0.02394360115873098,1.0817597171097904,1.0872534105818012,1.0620963781397068,0.6740060702502748,0.8858674078590926,1.6416719521061587
s08,365.0,1.0462283210919474,0,False,0.9371375871438089,0.019003557563205695,1.2107232827993677,1.2108964409427903,1.1869528397840592,1.1717727436922425,1.0468057011363547,1.6416719521061587
s08,366.0,1.2383612921644913,0,False,0.9786625271906739,0.019989142408319005,1.204313854512773,1.2055084639940477,1.186504906430842,1.0546266705317424,1.0462283210919474,1.6416719521061587
s08,367.0,1.01486897933298,0,False,0.8638742938341132,0.0097686684392672,1.3551249271854204,1.3555514449680397,1.3355623025597207,1.3863122040727884,1.2383612921644913,1.6416719521061587
s08,368.0,0.9489763630019278,0,False,0.8992716694489787,0.0030796125232306288,1.1706151266468843,1.17194489353648,1.1621762250972127,0.885137506957397,1.01486897933298,1.6416719521061587
s08,369.0,0.6986000325714594,0,False,0.7727621243550207,-0.009386470320157145,1.1138259231228425,1.1141361273510515,1.1110565148278209,0.9193319189151019,0.9489763630019278,1.6416719521061587
s08,370.0,0.9929313836808331,0,False,0.9602555173948996,-0.006821346520823715,0.9095602186117426,0.9074272570363855,0.9168137273565427,0.5980829799241179,0.6986000325714594,1.6416719521061587
s08,371.0,1.0818974040548928,0,False,0.9716640557153254,-0.00851449297271031,1.1386067300059195,1.1383356191177791,1.145156965638603,1.2182493650951716,0.9929313836808331,1.6416719521061587
s08,372.0,1.0854534045280442,0,False,0.9441560527084565,-0.012120769026175184,1.2059038725086935,1.2056626063102065,1.2141770992829168,1.1527100571117157,1.0818974040548928,1.6416719521061587
s08,373.0,1.7891704190584357,0,False,0.8099858507286422,0.005409890929080466,1.2054919588032118,1.2048150872165813,1.2169358562427564,1.0954006007129475,1.0854534045280442,1.6416719521061587
s08,374.0,2.3883575197000186,0,False,0.84952480768914,0.024011864296618557,1.7672637849595427,1.7682917407820828,1.7628818498530023,2.226383749031593,1.7891704190584357,1.6416719521061587
s08,375.0,2.3940354316526324,0,False,0.9640598460534574,0.028280575628829983,2.248131864014476,2.2517450539122517,2.227733189615633,2.7590902877566554,2.3883575197000186,1.6416719521061587
s08,376.0,1.9662399375291344,0,False,0.9367482599627195,0.019455212509694987,2.25940229992517,2.2604187081669673,2.2321381325381373,2.3924634463946717,2.3940354316526324,1.6416719521061587
s08,377.0,2.227249921838397,0,False,0.9208801748837888,0.02868146470460334,1.9184776059640858,1.919708182008119,1.900252969498424,1.6511732979965128,1.9662399375291344,1.6416719521061587
s08,378.0,2.2023996902567213,0,False,0.9768814368238107,0.030810650043768786,2.1291575731463683,2.1314268456178733,2.10274538091327,2.40387039157057,2.227249921838397,1.6416719521061587
s08,379.0,1.9789742789775329,0,False,0.9743128020064664,0.026751564246541095,2.1135648409255863,2.1142771388851225,2.0834664888413537,2.180816933738469,2.2023996902567213,1.6416719521061587
s08,380.0,2.010023656959555,0,False,0.9745537772157742,0.028945757613181425,1.9361967053441065,1.936883878071544,1.910132313825003,1.8083242160447361,1.9789742789775329,1.6416719521061587
s08,381.0,2.053727633555894,0,False,0.9700736831735062,0.03166259816448645,1.962429721648843,1.9631662818457265,1.934220524232545,2.03157000999548,2.010023656959555,1.6416719521061587
s08,382.0,2.2136730779609723,0,False,0.9413581563692661,0.03807912613203502,1.9988412674318,1.9997888123760204,1.9681262142115339,2.0840569159182536,2.053727633555894,1.6416719521061587
s08,383.0,2.468068711904208,0,False,0.9176784831888273,0.04821244109295242,2.1280585163800656,2.1302915465402954,2.09221242040826,2.323359963369687,2.2136730779609723,1.6416719521061587
s08,384.0,2.65100962290398,0,False,0.9269237258948438,0.057609154641064315,2.3338169166869758,2.337785837966917,2.2895733968739647,2.634488628350944,2.468068711904208,1.6416719521061587
s08,385.0,2.922771393468196,0,False,0.9083396990762138,0.07061903493643586,2.484898854580295,2.4891087169558115,2.4314995623147473,2.76652337561986,2.65100962290398,1.6416719521061587
s08,386.0,2.689105020707681,0,False,0.9912361013102378,0.06990361715470281,2.7064793181055617,2.712952280098783,2.642333245162347,3.088574952436891,2.922771393468196,1.6416719521061587
s08,387.0,2.8467169074273797,0,False,0.9274142299469091,0.07937639291488299,2.530345087202582,2.530957715421374,2.461054098266671,2.5074159707095856,2.689105020707681,1.6416719521061587
s08,388.0,3.0948146190989334,0,False,0.9100065171127356,0.09233964202023552,2.656944718983419,2.662706315587183,2.5833299226723,2.94099909984924,2.8467169074273797,1.6416719521061587
s08,389.0,2.601732121258623,0,False,0.9676622917313301,0.08434726789277235,2.8598346261800978,2.868144592174062,2.7758049501538262,3.2412593573054918,3.0948146190989334,1.6416719521061587
s08,390.0,2.592737727073209,0,False,0.9600380059160146,0.08780088427460819,2.4748895836696385,2.4776171810120142,2.393269913119242,2.224826200582354,2.601732121258623,1.6416719521061587
s08,391.0,3.1349337639185872,0,True,0.8645398380410767,0.10762610969546525,2.4705842181387356,2.4740929165566863,2.386292032282078,2.577788714634871,2.592737727073209,1.6416719521061587
s08,392.0,2.708366865568836,0,False,0.9821467977602353,0.10144044689910393,2.89997657519719,2.9145556254475466,2.8069295157520813,3.4541601171719,3.1349337639185872,1.6416719521061587
s08,393.0,3.1374068004629434,0,True,0.8822871032130195,0.11823951246437811,2.575626911473356,2.5774379482871383,2.475997501388034,2.3791945101317977,2.708366865568836,1.6416719521061587
s08,394.0,3.0065180411162036,0,True,0.9660407408542951,0.12062242515279707,2.9131693026420424,2.9270876181689047,2.8088481057045267,3.392401000223482,3.1374068004629434,1.6416719521061587
s08,395.0,2.8654495843743986,0,True,0.9716493019469395,0.12174811476534177,2.823830349095028,2.8279265972895753,2.7073041721367783,2.898261382986495,3.0065180411162036,1.6416719521061587
s08,396.0,2.7385921705166374,0,True,0.9736554853587093,0.12231755257075076,2.716159266296096,2.7196109103363377,2.597862795570996,2.7515246749777904,2.8654495843743986,1.6416719521061587
s08,397.0,2.221677744187855,0,True,0.941232317974245,0.11031496652318129,2.618541549218917,2.621763945773504,2.4994463932027533,2.6364683210696795,2.7385921705166374,1.6416719521061587
s08,398.0,2.100019191954432,0,True,0.9996201775524709,0.10705341927573,2.202254478660825,2.2087374335361414,2.09842246701296,1.8369776376400928,2.221677744187855,1.6416719521061587
s08,399.0,1.9481548889286315,0,False,0.9858792897230702,0.10216528260330096,2.1110521167178744,2.1110927780096,2.00403935873387,2.0056354772033664,2.100019191954432,1.6416719521061587
s08,400.0,1.8560580817460997,0,False,0.9919512343165692,0.09819539071302436,1.9869451650659848,1.9883878114219868,1.8862225288186858,1.831127187420547,1.9481548889286315,1.6416719521061587
s08,401.0,2.2758031985237013,0,True,0.8874441194675038,0.10908041933577287,1.9121785594077092,1.9129689110987513,1.814773520385727,1.7848518598795984,1.8560580817460997,1.6416719521061587
s08,402.0,2.8673808725290666,0,True,0.8549899931818757,0.12761703771208116,2.2372159506715987,2.2494935933187907,2.140413173983018,2.549551250746559,2.2758031985237013,1.6416719521061587
s08,403.0,2.524759357938591,0,True,0.9854564774211964,0.12155047445909282,2.7084723855294643,2.726978133038202,2.599361095326121,3.220911202949451,2.8673808725290666,1.6416719521061587
s08,404.0,2.531836250160676,0,True,0.9592918581448552,0.12385242208801947,2.453336890460028,2.4551046625297883,2.3335541880706954,2.2600374227352793,2.524759357938591,1.6416719521061587
s08,405.0,2.169679880102612,0,True,0.9624814395450891,0.11505591189268641,2.4578550846462517,2.462896886613714,2.3390444645256947,2.529254832304786,2.531836250160676,1.6416719521061587
s08,406.0,2.1010315098917878,0,True,0.9896869485644577,0.11289270928420794,2.168821531321696,2.1731382635077368,2.05808235161505,1.8950720825915657,2.169679880102612,1.6416719521061587
s08,407.0,1.9239320836754252,0,True,0.9794385390660265,0.10707914896553983,2.1165531593134834,2.117717427631029,2.0048247183468213,2.047330939745138,2.1010315098917878,1.6416719521061587
s08,408.0,1.7992304279105724,0,False,0.9814274848533056,0.10182077544869687,1.9723078414003725,1.9745095451386705,1.8674303961731307,1.7882010322493767,1.9239320836754252,1.6416719521061587
s08,409.0,1.9174883937638032,0,False,0.9602551030967114,0.1031702108556748,1.870616145636937,1.872507213531206,1.7706864380825091,1.7037531147635114,1.7992304279105724,1.6416719521061587
s08,410.0,1.532620498399482,0,False,0.9030105599336815,0.09018077867687467,1.9615010816322034,1.9656015710261525,1.8624313601704778,2.003398687258018,1.9174883937638032,1.6416719521061587
s08,411.0,1.4436757905526998,0,False,0.9601143219301412,0.08387014191488,1.6452837660572406,1.6540303492858552,1.5638495706089806,1.2660268796489436,1.532620498399482,1.6416719521061587
s08,412.0,2.2695069590575043,0,False,0.7945078170898927,0.10459386729033854,1.5753708957287966,1.578716113208887,1.494845971294007,1.379465403941489,1.4436757905526998,1.6416719521061587
s08,413.0,2.0181995740853407,0,False,0.9717902169957583,0.09793618257844112,2.2186291757067527,2.2401223978152545,2.135528530524916,2.7510027408975923,2.2695069590575043,1.6416719521061587
s08,414.0,2.2265140647471835,0,False,0.931467920439963,0.10357661620792741,2.0357368519721724,2.038499610430974,1.940563427852533,1.8265442958142324,2.0181995740853407,1.6416719521061587
s08,415.0,2.2115169391267813,0,False,0.9746841036562651,0.10374959087924555,2.198652795846989,2.20575111674951,2.1021745005415826,2.3685283456383255,2.2265140647471835,1.6416719521061587
s08,416.0,2.9043282929100105,0,True,0.837251986678626,0.12505076151765984,2.1916627577411307,2.194289271629535,2.090539680750289,2.1971140174942936,2.2115169391267813,1.6416719521061587
s08,417.0,2.590410839102875,0,True,0.99279954995069,0.12017081304762338,2.7327240251027667,2.753075788104091,2.628025026586431,3.3093711588535992,2.9043282929100105,1.6416719521061587
s08,418.0,2.231879986990521,0,True,0.9669810608803869,0.11198748351956934,2.5037923539889206,2.504657637925655,2.3844868248780315,2.3471434764725965,2.590410839102875,1.6416719521061587
s08,419.0,1.738296126630918,0,False,0.9044064489734209,0.09758662078852046,2.214627176432056,2.2183248843325476,2.1063374008129783,1.9587694788149121,2.231879986990521,1.6416719521061587
s08,420.0,2.4191496991988126,0,True,0.8322716011946134,0.1155311109886315,1.8116713742479196,1.8210000258617784,1.723413405073258,1.3905545032146076,1.738296126630918,1.6416719521061587
s08,421.0,2.5615974234263534,0,True,0.9356716954937757,0.121364444424155,2.34777512731724,2.3671529755755705,2.251621864586939,2.830663424108021,2.4191496991988126,1.6416719521061587
s08,422.0,2.979384792085308,0,True,0.8845600394788949,0.13624105641072295,2.475690556929231,2.4834977258663766,2.3621332814422216,2.6521686381431273,2.5615974234263534,1.6416719521061587
s08,423.0,3.271533435866246,0,True,0.901851761514229,0.14971220456769113,2.806767501793899,2.8224951639673064,2.6862541075565836,3.2322501281794396,2.979384792085308,1.6416719521061587
s08,424.0,3.102370545913146,0,True,0.9685308354618358,0.1509048349804129,3.047922209664279,3.0626161988224196,2.9129039942547283,3.440739187468662,3.271533435866246,1.6416719521061587
s08,425.0,2.939825387149829,0,True,0.9723833311579122,0.15112244564847474,2.927822849132831,2.932571698214434,2.781666863234021,2.9651710608038213,3.102370545913146,1.6416719521061587
s08,426.0,2.8109413256049,0,True,0.9716046474567434,0.1512500983466654,2.802512737129132,2.8066862356652122,2.6555637900167377,2.8093545023530093,2.939825387149829,1.6416719521061587
s08,427.0,2.5113753811787527,0,True,0.991286197113283,0.14538660360207353,2.7025304061337256,2.7068252059984816,2.555575107651816,2.70654064333965,2.8109413256049,1.6416719521061587
s08,428.0,2.0305868797415,0,True,0.9328810843658698,0.13224748625080285,2.4672905879110307,2.4685574581171883,2.323170854515115,2.2793562757461845,2.5113753811787527,1.6416719521061587
s08,429.0,1.899916157475528,0,True,0.986964823670838,0.12677234016772607,2.0735447190389276,2.0824210269114207,1.950173540660618,1.677227485005732,2.0305868797415,1.6416719521061587
s08,430.0,1.8426205027016278,0,True,0.9983287774756565,0.12278382221424694,1.9739186013431849,1.9755711011509318,1.8487987609832057,1.7991964916497756,1.899916157475528,1.6416719521061587
s08,431.0,1.6402353481390468,0,True,0.9524311375704029,0.11417690993199194,1.9269272251249039,1.9271324242142134,1.8043486019999664,1.79818066896279,1.8426205027016278,1.6416719521061587
s08,432.0,1.7671859129279002,0,True,0.9649561386978719,0.11434705418426352,1.756083172130989,1.7615144378521805,1.6473375279201885,1.4910309548550527,1.6402353481390468,1.6416719521061587
s08,433.0,1.761780389973798,0,True,0.9954585752048155,0.11139526834525888,1.8561660889668123,1.8601732512739526,1.7458261970896891,1.8614746319159066,1.7671859129279002,1.6416719521061587
s08,434.0,1.7624374855947476,0,True,0.9940718310505776,0.10867755762907691,1.852521949567084,1.8530278428008133,1.7416325744555545,1.7575143125725123,1.761780389973798,1.6416719521061587
s08,435.0,1.5164966034697607,0,False,0.9308698040904844,0.098647858461775,1.8501756501238553,1.850819909046491,1.7421423514174141,1.7628239275283963,1.7624374855947476,1.6416719521061587
s08,436.0,1.5482257928525613,0,False,0.9989968406108187,0.09559497850997425,1.6431689121310693,1.6499884579125859,1.551340599450811,1.341293786264928,1.5164966034697607,1.6416719521061587
s08,437.0,2.1172675599368964,0,True,0.8536463973006035,0.10896646965885586,1.6714552913072593,1.6715511883075103,1.575956209797536,1.5728445278467709,1.5482257928525613,1.6416719521061587
s08,438.0,2.3083514808032772,0,True,0.9328290973649979,0.11442539899872504,2.1104395340662965,2.1263871694743046,2.0174206998154487,2.4795091836798395,2.1172675599368964,1.6416719521061587
s08,439.0,2.3739708317251775,0,True,0.9541686257928002,0.11724183480105603,2.27240358097903,2.2800896383141445,2.1656642393154195,2.4370529371399896,2.3083514808032772,1.6416719521061587
s08,440.0,2.440093552173792,0,True,0.9520555536193304,0.12043022784101329,2.328440429771711,2.3338137841752173,2.216571949374161,2.415331564397361,2.3739708317251775,1.6416719521061587
s08,441.0,2.110253660910932,0,True,0.964043671205784,0.11208882557767928,2.38252644242073,2.3883004030220656,2.267870175181052,2.480675158480335,2.440093552173792,1.6416719521061587
s08,442.0,2.1673260313579563,0,True,0.9628777655017117,0.11338656294036048,2.1200378166019545,2.124068119268583,2.011979293690904,1.860030090631278,2.110253660910932,1.6416719521061587
s08,443.0,1.6647064154274298,0,False,0.8949252488628361,0.0982384716763863,2.1654336283148083,2.169642790893235,2.0562562279528747,2.205836147595707,2.1673260313579563,1.6416719521061587
s08,444.0,2.152345910994349,0,True,0.8729050390390436,0.10987202696364683,1.75423835178884,1.7645607347523316,1.6663222630759453,1.3159144496594148,1.6647064154274298,1.6416719521061587
s08,445.0,1.9646272853093745,0,False,0.9800713699536674,0.10417564668713274,2.140542446882198,2.1545066278598437,2.044634600896197,2.4688870922563093,2.152345910994349,1.6416719521061587
s08,446.0,1.7704268761802917,0,False,0.9650122656788492,0.09719312751517868,2.001101437322761,2.0031775152454263,1.8990018685582937,1.820588989164801,1.9646272853093745,1.6416719521061587
s08,447.0,2.0502633570001194,0,False,0.9206308900914059,0.10333501798585978,1.8421331073207405,1.8455336746440834,1.7483405471289046,1.624264102424568,1.7704268761802917,1.6416719521061587
s08,448.0,2.2353440725513254,0,True,0.9358317195487127,0.10833213111369437,2.060572026556913,2.0687736349568393,1.9654386169709797,2.2433980821616144,2.0502633570001194,1.6416719521061587
s08,449.0,1.8881110296035526,0,False,0.9448069539253976,0.09845475257202008,2.2104054944215066,2.2173569809926956,2.109024849879001,2.361610936490335,2.2353440725513254,1.6416719521061587
s08,450.0,1.8655009031098082,0,False,0.9930305616421017,0.09627692797923068,1.932661038507817,1.9380950562027879,1.8396403036307678,1.6309193900162984,1.8881110296035526,1.6416719521061587
s08,451.0,1.1079693000576492,0,False,0.7567261935903487,0.07196472036613527,1.9177052243793233,1.9183762204941623,1.8220992925149317,1.8477796581400048,1.8655009031098082,1.6416719521061587
s08,452.0,1.438637352180707,0,False,0.9237499465563039,0.07593278644064898,1.2888613515795744,1.3063684830302502,1.234403762664115,0.6940028917432111,1.1079693000576492,1.6416719521061587
s08,453.0,1.488063578016008,0,False,0.9990371511166118,0.07356859616502867,1.5610800415124566,1.5668699205366847,1.4909371340960358,1.6795979014969897,1.438637352180707,1.6416719521061587
s08,454.0,1.3419552387768923,0,False,0.9348805827625802,0.06574173052304516,1.6027799247356724,1.6028507601763424,1.5292821640113137,1.5264113747315489,1.488063578016008,1.6416719521061587
s08,455.0,1.8186910945915078,0,False,0.8756932804822052,0.07585228654838858,1.4773914972335542,1.4816725604133945,1.4159308298903492,1.2408025248600711,1.3419552387768923,1.6416719521061587
s08,456.0,2.0471054497592966,0,False,0.9319177733737698,0.0814163588097855,1.8522074254706453,1.8616363743793993,1.7857840878310107,2.1384785452750497,1.8186910945915078,1.6416719521061587
s08,457.0,2.7154133943955387,0,False,0.8393570421469733,0.10154660881552878,2.038862053879193,2.0444050608707633,1.9629887020609778,2.206518723804187,2.0471054497592966,1.6416719521061587
s08,458.0,2.320231687028519,0,False,0.9664596835297097,0.09366323450731241,2.5666980830356603,2.5830108306357307,2.481464221820202,3.1130171860164855,2.7154133943955387,1.6416719521061587
s08,459.0,2.062312918753827,0,False,0.9734673590395809,0.08747629675360871,2.265402682683611,2.268544177210617,2.1748809427033047,2.0190561981538417,2.320231687028519,1.6416719521061587
s08,460.0,1.8641032096549621,0,False,0.9712085646679589,0.08153150293246485,2.05994202651878,2.062263003693091,1.974786706939482,1.86520540995308,2.062312918753827,1.6416719521061587
s08,461.0,1.1496393086641983,0,False,0.7744097552229767,0.058944288385492136,1.9001990512357503,1.9025464602299544,1.8210149572974896,1.7135181967673612,1.8641032096549621,1.6416719521061587
s08,462.0,1.6864264964516427,0,False,0.8581434927919752,0.06976680982153542,1.312378525471776,1.3256757819168665,1.2667314935313745,0.7468116418106001,1.1496393086641983,1.6416719521061587
s08,463.0,1.6419050351380633,0,False,0.9876091763435221,0.06643577336208545,1.743042707826066,1.7529395837863955,1.68317277396486,2.043331309678197,1.6864264964516427,1.6416719521061587
s08,464.0,1.63765591646627,0,False,0.996665280416916,0.06411339135627468,1.7142454560410845,1.715068649993296,1.6486328766312104,1.607876479078918,1.6419050351380633,1.6416719521061587
s08,465.0,1.8223335418087903,0,False,0.9490377090376287,0.06749990398162187,1.709235987448857,1.7094497876305506,1.645336396274276,1.6343960411933605,1.63765591646627,1.6416719521061587
s08,466.0,1.7598250138167941,0,False,0.9919003972510494,0.06461135996282812,1.8526698646966089,1.8561098144432524,1.7886099104616306,1.9565868759659057,1.8223335418087903,1.6416719521061587
s08,467.0,1.5959124700567981,0,False,0.9568442574716437,0.05834692565119717,1.8042036207623944,1.8047269471111629,1.7401155871483347,1.711563836731491,1.7598250138167941,1.6416719521061587
s08,468.0,1.800376800480125,0,False,0.9451774404031563,0.06221927113258601,1.6687806128664397,1.671298617767164,1.6129516921159668,1.474971767617419,1.5959124700567981,1.6416719521061587
s08,469.0,1.8354868470367425,0,False,0.9823083255631854,0.06227002447800016,1.8303840491565324,1.8337950688562707,1.7715757977236848,1.9487257819146042,1.800376800480125,1.6416719521061587
s08,470.0,1.892892264037084,0,False,0.9745538293041783,0.06322426301643876,1.8599826517555604,1.8610843127557977,1.7988142882777975,1.8615946441134934,1.8354868470367425,1.6416719521061587
s08,471.0,2.117517972321803,0,False,0.9308754967448307,0.06955258626079025,1.9049650487879197,1.9065738641767536,1.8433496011603148,1.935033652689713,1.892892264037084,1.6416719521061587
s08,472.0,2.0754426083016435,0,False,0.9858904944326153,0.06920083780479279,2.0823597688595026,2.0871675568348924,2.017614970574102,2.2728315892707736,2.117517972321803,1.6416719521061587
s08,473.0,1.602213002109504,0,False,0.8934593195767359,0.05564201982495363,2.0531972118312014,2.0541736014374754,1.9849727636326828,2.041984481983759,2.0754426083016435,1.6416719521061587
s08,474.0,0.8001368399715655,0,False,0.6625812804119752,0.02944167445604442,1.6675535469495963,1.6734816856018717,1.617839665776918,1.2758593896850652,1.602213002109504,1.6416719521061587
s08,475.0,1.03249841892854,0,False,0.9818481305837102,0.0296657872122939,1.0150938216227379,1.025027993720224,0.9955863192641795,0.4537917339455787,0.8001368399715655,1.6416719521061587
s08,476.0,1.3631301567683234,0,False,0.9263968135404812,0.034394122214975405,1.2049805005166645,1.2055189900122734,1.1758532027999795,1.2120952788513515,1.03249841892854,1.6416719521061587
s08,477.0,1.5110883461677946,0,False,0.9733017202619126,0.03572419688884477,1.4642210067149821,1.4667525237054826,1.432358401490507,1.6058511748963482,1.3631301567683234,1.6416719521061587
s08,478.0,1.664024666076263,0,False,0.9636635526367844,0.03815886529945125,1.5819152777874235,1.5828690523893805,1.5471448555005356,1.6237728460910648,1.5110883461677946,1.6416719521061587
s08,479.0,1.63096890678676,0,False,0.9894541423480635,0.035969365754017796,1.7025656673674816,1.7039522249678754,1.665793359668424,1.7784261731593438,1.664024666076263,1.6416719521061587
s08,480.0,2.222584564996924,0,False,0.849428293934491,0.05236336397164177,1.6757386299317194,1.6761179577427918,1.640148591988774,1.6056913928300067,1.63096890678676,1.6416719521061587
s08,481.0,1.975512410365055,0,False,0.969703066252313,0.04708405591532636,2.143604904527029,2.1514893455755684,2.0991259816039265,2.5938635764823146,2.222584564996924,1.6416719521061587
s08,482.0,2.3260288560512365,0,False,0.9012522816734918,0.058229002379158366,1.9531041380675311,1.9545306405901701,1.9074465846748438,1.7875781256141114,1.975512410365055,1.6416719521061587
s08,483.0,2.3330199475255493,0,False,0.9659921716329963,0.06109137856386149,2.2318574269100746,2.2376074080354456,2.179378405656287,2.5566266328023337,2.3260288560512365,1.6416719521061587
s08,484.0,2.1767899324699163,0,False,0.9981652978916373,0.059018271652844415,2.243815911053582,2.2458934961704853,2.184802117606624,2.3332186442899543,2.3330199475255493,1.6416719521061587
s08,485.0,2.0505103497126327,0,False,0.9968229444955645,0.05685508338001766,2.122508344526091,2.1226166254735244,2.06359835382068,2.0556008686569354,2.1767899324699163,1.6416719521061587
s08,486.0,1.8037184639982093,0,False,0.9571069537482463,0.05029207775646991,2.02230468636086,2.022485318116467,1.9656302347364496,1.9525838119438956,2.0505103497126327,1.6416719521061587
s08,487.0,1.916665031238937,0,False,0.9614484315251494,0.053058218220054604,1.8223031687021423,1.8244603491194473,1.7741682713629774,1.6192013896957158,1.8037184639982093,1.6416719521061587
s08,488.0,1.978092987580748,0,False,0.9697553080126484,0.05495548351708036,1.912805333480359,1.914850811013223,1.8617925927931684,1.9987958790733258,1.916665031238937,1.6416719521061587
s08,489.0,2.1500933372070725,0,False,0.940800399839633,0.06052616097667763,1.9627419768818402,1.9644040885538303,1.9094486050367498,2.0222315302059717,1.978092987580748,1.6416719521061587
s08,490.0,2.202132490243994,0,False,0.9625344494849367,0.06348773945424267,2.0998300831294316,2.103413207658493,2.042887046681815,2.269285706926956,2.1500933372070725,1.6416719521061587
s08,491.0,1.845625190742871,0,False,0.9395996452518687,0.0544540871673406,2.1443683305299963,2.1467469336396063,2.0832591941853638,2.23653841953747,2.202132490243994,1.6416719521061587
s08,492.0,1.2885465000973517,0,False,0.832895660902526,0.037276470086836516,1.8578446899317609,1.861133736114154,1.8066796489468133,1.5833988236124656,1.845625190742871,1.6416719521061587
s08,493.0,1.313987504395096,0,False,0.9775387597497441,0.034342916516985345,1.4055435634923874,1.4117726233901349,1.3744961533032984,0.9429453018568192,1.2885465000973517,1.6416719521061587
s08,494.0,1.7551568121304488,0,False,0.8855962030098286,0.04414033232116363,1.4278049008257239,1.4285762853245063,1.394233368807521,1.3350838191996641,1.313987504395096,1.6416719521061587
s08,495.0,1.8907963708257813,0,False,0.957524289843783,0.047445194052335014,1.7755844915021195,1.7806343131200686,1.736493980798905,2.056126411782923,1.7551568121304488,1.6416719521061587
s08,496.0,1.7968929428532536,0,False,0.9876975628541659,0.04467691850867138,1.8871535259978356,1.889168794308708,1.841723600256373,1.9894718866880563,1.8907963708257813,1.6416719521061587
s08,497.0,1.7206906020284356,0,False,0.9862138794982078,0.0418911387315672,1.8130002929500857,1.813549927931908,1.7688730094232368,1.7245938783650256,1.7968929428532536,1.6416719521061587
s08,498.0,1.210737781684645,0,False,0.8294496518983635,0.025663888599116624,1.7510686031464864,1.751646119432997,1.7097549807014298,1.66223682178104,1.7206906020284356,1.6416719521061587
s08,499.0,1.4704568799178095,0,False,0.9439699214707787,0.02958372159303015,1.335418794986471,1.3397957801206921,1.3141318915215754,0.9002222495058068,1.210737781684645,1.6416719521061587
s08,500.0,1.8843168027138801,0,False,0.8917315946748989,0.03975702914952713,1.5435489725866036,1.5452065508306476,1.5156228292376175,1.663188916257931,1.4704568799178095,1.6416719521061587
s08,501.0,2.0632304864209754,0,False,0.9419941055587111,0.04536033097286176,1.872149328830005,1.8764537589764878,1.8366967298269608,2.1654727947419734,1.8843168027138801,1.6416719521061587
s08,502.0,2.421949651662629,0,False,0.8986001793390094,0.057393053824197196,2.0182277233812145,2.020858889951448,1.9754985589785863,2.18889202240022,2.0632304864209754,1.6416719521061587
s08,503.0,2.1989563537324748,0,False,0.9876995289302277,0.054026130511629925,2.30536748545309,2.3111871308180505,2.253794076993853,2.6549751089458304,2.421949651662629,1.6416719521061587
s08,504.0,2.172419222699662,0,False,0.9784851536587228,0.05515406916886982,2.134156720602962,2.134821267458332,2.080795136946702,2.0266319435138325,2.1989563537324748,1.6416719521061587
s08,505.0,2.230070131993316,0,False,0.9604576033109713,0.05859532477301341,2.114174980531932,2.1153616118551963,2.0602075426863267,2.1498603503131517,2.172419222699662,1.6416719521061587
s08,506.0,2.456438962458001,0,False,0.9230302500198364,0.06738263462443939,2.1612116345008383,2.163528634077135,2.104933309304122,2.2680791247221084,2.230070131993316,1.6416719521061587
s08,507.0,2.1123980628993135,0,False,0.9617693424173099,0.06031656751211023,2.342747208770237,2.347933633310285,2.2805509986858454,2.6050013495998567,2.456438962458001,1.6416719521061587
s08,508.0,2.2514267919037994,0,False,0.9443194328024459,0.0656405864079117,2.0716535533379647,2.0739594953770837,2.0136429278649732,1.8519185893880203,2.1123980628993135,1.6416719521061587
s08,509.0,2.3780824536227274,0,False,0.9430455621032178,0.07136878611772242,2.183487558213331,2.1871424632957037,2.121501876887792,2.34604580050651,2.2514267919037994,1.6416719521061587
s08,510.0,1.983219526713051,0,False,0.9437929900620283,0.06213145555725256,2.2870657762986686,2.2911305453953794,2.219761759277657,2.4617289334894217,2.3780824536227274,1.6416719521061587
s08,511.0,2.4411631391289497,0,False,0.8789598580651894,0.07609963233150134,1.9720650233140238,1.9755572466539908,1.9134257910967383,1.6901788901486412,1.983219526713051,1.6416719521061587
s08,512.0,2.3723023333830935,0,False,0.9777028146586287,0.07692471443441101,2.335588486320846,2.344799596619438,2.2686999642879364,2.7325599088100283,2.4411631391289497,1.6416719521061587
s08,513.0,2.112534592236232,0,False,0.9762895955401101,0.07153468508365175,2.2904870326464644,2.2922022372615407,2.2152775228271295,2.3165698506967667,2.3723023333830935,1.6416719521061587
s08,514.0,2.1138598474528028,0,False,0.9757778720507134,0.07239197452140647,2.083587416544735,2.085283532860979,2.013748847777327,1.9134419936261344,2.112534592236232,1.6416719521061587
s08,515.0,2.380581017439286,0,False,0.9168776123639203,0.08119433625386423,2.085415472021335,2.087168959690694,2.014776985169288,2.1124630834014932,2.1138598474528028,1.6416719521061587
s08,516.0,2.4425796572056884,0,False,0.9526995256685488,0.08538489128124296,2.2961454225344493,2.3028944896263974,2.221700153372533,2.5570976810733432,2.380581017439286,1.6416719521061587
s08,517.0,2.372549917776088,0,False,0.9778924490397183,0.08590587496480419,2.3511450491323713,2.3551837949907135,2.2697989037094706,2.4802307022412218,2.4425796572056884,1.6416719521061587
s08,518.0,1.8025880152005955,0,False,0.8973821739167817,0.07094225118326955,2.299476306076511,2.301375474585083,2.215469599620279,2.315949040407198,2.372549917776088,1.6416719521061587
s08,519.0,2.2131458565619098,0,False,0.8898123251102082,0.08200962138152237,1.8369535770262726,1.8442335166201493,1.7732912654368798,1.402778691640139,1.8025880152005955,1.6416719521061587
s08,520.0,2.4638539336100167,0,False,0.9184294269003975,0.09071084873942392,2.164776572181343,2.1738130216799654,2.091803400298443,2.4831914367378056,2.2131458565619098,1.6416719521061587
s08,521.0,2.6509477484338473,0,False,0.9262254341619317,0.09892884899338092,2.3696150707172547,2.377014406635281,2.286303557895857,2.6280057159831927,2.4638539336100167,1.6416719521061587
s08,522.0,2.3708748373171398,0,False,0.9874002104868442,0.09414368184622497,2.523081976005658,2.5303804088890045,2.4314515598956237,2.7691942835913,2.6509477484338473,1.6416719521061587
s08,523.0,2.4569352161475067,0,False,0.9480886770703777,0.09860232587590877,2.3071275579161243,2.3083137484913805,2.2141700666451554,2.154356598020557,2.3708748373171398,1.6416719521061587
s08,524.0,1.9938831595501982,0,False,0.9329354897081916,0.08703267106782073,2.3744197426396427,2.379538319819799,2.2809359939438902,2.511098883374367,2.4569352161475067,1.6416719521061587
s08,525.0,2.4022445134868806,0,False,0.889003376411277,0.09883806615592408,2.0028945404188843,2.008731343883436,1.9216986728156151,1.6538968961884115,1.9938831595501982,1.6416719521061587
s08,526.0,2.6524014601141794,0,True,0.9154685299209052,0.10828976501120371,2.3263741399795124,2.3373448316048586,2.2385067654489346,2.6657136403260853,2.4022445134868806,1.6416719521061587
s08,527.0,2.472706764437819,0,False,0.9918286036755781,0.10624489436685704,2.5317152262184583,2.540869119249375,2.4325793542381713,2.811486921905425,2.6524014601141794,1.6416719521061587
s08,528.0,1.5532539286164384,0,False,0.8079061853161918,0.08086001699202289,2.398548338638258,2.399416507777576,2.2931716134107187,2.3329711266381525,2.472706764437819,1.6416719521061587
s08,529.0,1.295609890842721,0,False,0.901333807525742,0.0699068015816049,1.6451843620705922,1.6607170711899872,1.5798570541979644,0.982072980027829,1.5532539286164384,1.6416719521061587
s08,530.0,1.5013187519875515,0,False,0.9579652388535691,0.07144988143574668,1.4429853189093815,1.4498827568494919,1.379975955267887,1.1237743772425137,1.295609890842721,1.6416719521061587
s08,531.0,1.5902532700913383,0,False,0.9838329601096261,0.07082701593731684,1.6080120746722404,1.6110154533723329,1.5395655719365862,1.6558077531792996,1.5013187519875515,1.6416719521061587
s08,532.0,1.5240953981671574,0,False,0.9730836434861203,0.06616822942375751,1.6782432187604936,1.6793882819524684,1.6085612660151516,1.6584294941318847,1.5902532700913383,1.6416719521061587
s08,533.0,1.5285003323713275,0,False,0.9907040148122912,0.06332111942487631,1.6216229913476388,1.6234039990007008,1.5572357695769432,1.4750434151412,1.5240953981671574,1.6416719521061587
s08,534.0,1.7802965343967205,0,False,0.9343638786979912,0.06801078790981284,1.6233856193772602,1.6239742515655031,1.5606531321406267,1.532184819133637,1.5285003323713275,1.6416719521061587
s08,535.0,1.3922928713471567,0,False,0.8846744432061296,0.05505932659181407,1.8195442842886886,1.8240082486137823,1.7559974607039694,1.9612243219663963,1.7802965343967205,1.6416719521061587
s08,536.0,1.6445737085433325,0,False,0.938939912083531,0.059095270085166296,1.5036925112690285,1.510042258764925,1.454982932173111,1.1332227770923586,1.3922928713471567,1.6416719521061587
s08,537.0,1.482020315087297,0,False,0.9462477194582724,0.052261924165955924,1.7061901500074617,1.7097985123943094,1.650703242309143,1.8287175892060472,1.6445737085433325,1.6416719521061587
s08,538.0,1.3619602800275197,0,False,0.943764045874864,0.04581506142410464,1.5740465071464766,1.5768557047558955,1.5245937805899397,1.3649779453947222,1.482020315087297,1.6416719521061587
s08,539.0,0.6363792226154753,0,False,0.6165114586879805,0.020588462042785895,1.4746894149669465,1.4772658686594327,1.431450807235328,1.2779631567497467,1.3619602800275197,1.6416719521061587
s08,540.0,1.268543623722865,0,False,0.8133031894417662,0.031970838393695945,0.8812356394158846,0.8891310786925304,0.8685426166497445,0.378371874254395,0.6363792226154753,1.6416719521061587
s08,541.0,1.284141672969609,0,False,0.9717444688647353,0.02876662776668106,1.3849798403111293,1.390948693870105,1.3589778554764091,1.6842999503088967,1.268543623722865,1.6416719521061587
s08,542.0,1.3585410969667187,0,False,0.9954158879938139,0.027527495628386325,1.399032685230025,1.3998455015765432,1.371078873809862,1.2983572273879271,1.284141672969609,1.6416719521061587
s08,543.0,1.3219116283514054,0,False,0.9612187479258157,0.023495073799745365,1.4561995001828936,1.456325689306104,1.4287981936777177,1.4163178914079317,1.3585410969667187,1.6416719521061587
s08,544.0,1.1940275202752755,0,False,0.9206283816290688,0.016599619280463038,1.4229648358718234,1.423876004251353,1.4003809304516075,1.2976395599585588,1.3219116283514054,1.6416719521061587
s08,545.0,1.432128370240466,0,False,0.9521820286015965,0.020030441350145315,1.3164500959377585,1.31776763458439,1.3011680153039271,1.111193209249651,1.1940275202752755,1.6416719521061587
s08,546.0,0.8017205515328285,0,False,0.7016330297831812,-0.0010954786740057787,1.5049600705996191,1.5059178856711977,1.4858874443210524,1.6105855407509109,1.432128370240466,1.6416719521061587
s08,547.0,0.9922212148541062,0,False,0.9976967509350692,-0.0012004269065265755,0.9960463439243663,0.995719489271466,0.9968149679454719,0.5167808780811254,0.8017205515328285,1.6416719521061587
s08,548.0,1.0155281826916371,0,False,0.9403952959964167,-0.005036749047812499,1.1434083522833178,1.1434055874011677,1.1446060143076944,1.140022841773841,0.9922212148541062,1.6416719521061587
s08,549.0,1.4200298013720722,0,False,0.9005689825988046,0.0028346183473147756,1.1579511021372986,1.1576508882011634,1.1626876372489758,1.041303451579818,1.0155281826916371,1.6416719521061587
s08,550.0,1.3552387867540847,0,False,0.9572593361837465,-0.0008882966345957581,1.4790541038315514,1.479335952817769,1.4765013344704543,1.7082557053945657,1.4200298013720722,1.6416719521061587
s08,551.0,1.7780052663251438,0,False,0.8904034323375791,0.009691422740297405,1.4253859202165338,1.4253479538287053,1.426236250463301,1.3101565445323793,1.3552387867540847,1.6416719521061587
s08,552.0,1.2760497776845523,0,False,0.8424843979571841,-0.00494442323144012,1.7628491634077006,1.7639113100758026,1.7542198873355053,2.067436226448902,1.7780052663251438,1.6416719521061587
s08,553.0,1.282689680596275,0,False,0.9690486563939767,-0.007259434754985267,1.360635555183168,1.3598567313811132,1.3648011546125534,0.9619502976621495,1.2760497776845523,1.6416719521061587
s08,554.0,1.5521974920127812,0,False,0.9377489034923954,-0.0015742993512938355,1.3629176678158874,1.3626929785564004,1.3699524133113856,1.2903823997413821,1.282689680596275,1.6416719521061587
s08,555.0,2.390110060525374,0,False,0.7959349078403621,0.02280510742968467,1.5775611696869405,1.577463167826091,1.579037467177385,1.7499375898965042,1.5521974920127812,1.6416719521061587
s08,556.0,2.3838183057372024,0,False,0.9664976071376663,0.026762718880913295,2.247244197680233,2.2518979240295818,2.229092816599897,2.874653806438172,2.390110060525374,1.6416719521061587
s08,557.0,2.254625986568001,0,False,0.9932175475407681,0.02687226734042953,2.2500777561287806,2.250974371250793,2.22421165236988,2.3737534673842906,2.3838183057372024,1.6416719521061587
s08,558.0,1.5156932534857694,0,False,0.8331213584975767,0.007817382243256548,2.1506738301824933,2.1508560900582014,2.123983822717772,2.1541918731401153,2.254625986568001,1.6416719521061587
s08,559.0,0.8356669598371875,0,False,0.7010427192527096,-0.013868651164997943,1.5572301859834767,1.5585347401123366,1.55071735786908,1.0439374924692497,1.5156932534857694,1.6416719521061587
s08,560.0,1.0668832078425554,0,False,0.9791299210748103,-0.012140616517306576,1.0134281871594304,1.00928205291951,1.0231507040845078,0.5218698286454976,0.8356669598371875,1.6416719521061587
s08,561.0,1.030211685547131,0,False,0.9230097486467657,-0.016945918537467124,1.190641795177399,1.1903884195524825,1.2025290360697891,1.24534883902281,1.0668832078425554,1.6416719521061587
s08,562.0,1.3189792679985408,0,False,0.9420048932412705,-0.012090537365162461,1.15843789944933,1.1571332289217189,1.174079147459186,1.0150285530657908,1.030211685547131,1.6416719521061587
s08,563.0,1.2847771561038193,0,False,0.9578438895043064,-0.015127686428050964,1.3867166502053656,1.3860154582001025,1.398105995565265,1.534602618144587,1.3189792679985408,1.6416719521061587
s08,564.0,1.194876386642653,0,False,0.9312971077888634,-0.019974720747914933,1.3570819217253902,1.3564441973047852,1.3715718837328361,1.2630205473500757,1.2847771561038193,1.6416719521061587
s08,565.0,1.0873173255512114,0,False,0.9104186278898776,-0.025810756418346202,1.2832241689854118,1.2818518478989203,1.301826568646835,1.137270563247432,1.194876386642653,1.6416719521061587
s08,566.0,1.1158860852519281,0,False,0.9561927247133738,-0.028111307938853563,1.1948832989106624,1.1925711359355067,1.218381892353853,1.023088681585039,1.0873173255512114,1.6416719521061587
s08,567.0,1.122929127323904,0,False,0.9503498451748499,-0.03079646380713926,1.2136658027389715,1.2124343229334271,1.2405456308722806,1.1425398858077949,1.1158860852519281,1.6416719521061587
s08,568.0,1.6153274215481568,0,False,0.8711727439911394,-0.01879303663453742,1.2167422316575207,1.2152131824614292,1.2460096462685684,1.1342328203313614,1.122929127323904,1.6416719521061587
s08,569.0,1.609458813352031,0,False,0.9942782554691426,-0.018785897411004053,1.6116418945759534,1.609220839234252,1.6280138758687894,1.9497534555638114,1.6153274215481568,1.6416719521061587
s08,570.0,1.2984811648813075,0,False,0.8889858298390029,-0.027971715247279594,1.6047825808629272,1.6046750927571587,1.6234609901681627,1.605012094978879,1.609458813352031,1.6416719521061587
s08,571.0,1.4683456017109708,0,False,0.9698379819881529,-0.02454830071420304,1.3573370406979088,1.3542317839417524,1.382203499189032,1.0933010395254628,1.2984811648813075,1.6416719521061587
s08,572.0,1.765633780571468,0,False,0.9233956969800319,-0.016262385053726434,1.4901770181772167,1.4894365918889145,1.5139848926031176,1.5975287754772114,1.4683456017109708,1.6416719521061587
s08,573.0,1.67745765415998,0,False,0.9804043188171987,-0.017789445307122162,1.7296054312789872,1.728359662606504,1.7446220476602305,1.9769935479600154,1.765633780571468,1.6416719521061587
s08,574.0,1.648183726204131,0,False,0.991581852333704,-0.018096691652932744,1.658773867363141,1.6584252710644838,1.676214716371606,1.6103664549132224,1.67745765415998,1.6416719521061587
s08,575.0,1.660197303286806,0,False,0.9979833889498783,-0.017352988984209467,1.6355595549519693,1.6354072143293634,1.6535039059822962,1.6257088848292836,1.648183726204131,1.6416719521061587
s08,576.0,1.2130019375695529,0,False,0.8438798600604182,-0.03032706355530687,1.6455060841688043,1.645471089939466,1.6628240789236755,1.669503978249218,1.660197303286806,1.6416719521061587
s08,577.0,1.3525758421584655,0,False,0.9862794101229295,-0.028316629318865,1.2902960330166142,1.2855613676104032,1.31588843116571,0.9362925854677153,1.2130019375695529,1.6416719521061587
s08,578.0,1.4253085076646186,0,False,0.9996013258601262,-0.02743298508580729,1.3962422207536134,1.3958536998960283,1.4241703292148933,1.4603543672877657,1.3525758421584655,1.6416719521061587
s08,579.0,1.845579262869358,0,False,0.8904484280785484,-0.01566051481669207,1.4531745240539173,1.4531635872321842,1.4805965723179915,1.4817342970054024,1.4253085076646186,1.6416719521061587
s08,580.0,1.411629400810096,0,False,0.8774655954718135,-0.027041137886395374,1.792699137148807,1.790983503133539,1.8066440179502312,2.131642281027575,1.845579262869358,1.6416719521061587
s08,581.0,1.5742706392000065,0,False,0.9658042205844144,-0.023101312849489755,1.4462566076984933,1.4429431379698194,1.4699842758562147,1.1233725396072756,1.411629400810096,1.6416719521061587
s08,582.0,1.7770015354447497,0,False,0.9464748763569301,-0.01698308403965573,1.5738505425153606,1.573060575116949,1.5961618879664388,1.6968820978332726,1.5742706392000065,1.6416719521061587
s08,583.0,1.5712132591123837,0,False,0.945278290638118,-0.021940429432789198,1.7373671272232292,1.736458105550166,1.7534411895898216,1.9246013725772868,1.7770015354447497,1.6416719521061587
s08,584.0,1.8130144717478662,0,False,0.9357533916498351,-0.014705481268027554,1.5730501507251744,1.5718495329224784,1.5937899623552676,1.4215338557270334,1.5712132591123837,1.6416719521061587
s08,585.0,1.9327892640158446,0,False,0.9592942439160493,-0.009722043259617067,1.7676194410311228,1.766674663735495,1.7813801450035227,1.986520223200418,1.8130144717478662,1.6416719521061587
s08,586.0,1.6026101509179311,0,False,0.921980192492042,-0.017581132215919795,1.8649755259162522,1.8645797827946886,1.8743018260543056,2.019547722399226,1.9327892640158446,1.6416719521061587
s08,587.0,1.7440798835491642,0,False,0.9626054339632328,-0.013275734997154096,1.601938319474899,1.600566642923641,1.6181477751395608,1.367653432198841,1.6026101509179311,1.6416719521061587
s08,588.0,1.8704001141872062,0,False,0.9604577434704468,-0.00860247340775668,1.7151211682229968,1.714624727873959,1.7279004628711132,1.8491233947366443,1.7440798835491642,1.6416719521061587
s08,589.0,1.9646925172138934,0,False,0.9634374179397364,-0.004180627190588269,1.817637804518558,1.8172976433082797,1.8259001167160365,1.9627650102644165,1.8704001141872062,1.6416719521061587
s08,590.0,1.5043136040788996,0,False,0.8841999268565545,-0.01589737452308809,1.8950247030202791,1.89487184849556,1.8990524756861482,2.032770267651461,1.9646925172138934,1.6416719521061587
s08,591.0,1.3444825812996353,0,False,0.9317358467656899,-0.021342645492032956,1.5278325307303597,1.5259916135977973,1.5418889881208855,1.1928609067183173,1.5043136040788996,1.6416719521061587
s08,592.0,1.1977695837928495,0,False,0.9160189672011103,-0.027306025131514155,1.398005842731183,1.3965489051088893,1.4178915506009222,1.2339609249843524,1.3444825812996353,1.6416719521061587
s08,593.0,1.111073567560058,0,False,0.9202678896778521,-0.032276770968487106,1.2790582836513333,1.2767650954591563,1.3040711205906705,1.1024352238968627,1.1977695837928495,1.6416719521061587
s08,594.0,1.5145436808135695,0,False,0.8992552881004279,-0.022976519325640495,1.2071087877823847,1.2045352927186828,1.2368120636871698,1.0592026128466987,1.111073567560058,1.6416719521061587
s08,595.0,1.3567494252051664,0,False,0.9336965171593886,-0.02807950645704603,1.529163759071934,1.5268489962520173,1.549825515577658,1.7995771409512562,1.5145436808135695,1.6416719521061587
s08,596.0,1.2419454714262212,0,False,0.9306625365518798,-0.03280100338404949,1.4011904714008838,1.3993287023263363,1.4274082087833824,1.2471337356558356,1.3567494252051664,1.6416719521061587
s08,597.0,1.6614194530670616,0,False,0.8924939043754933,-0.022124677312031812,1.3078162557063426,1.3055419173331393,1.3383429207171889,1.1657396991325182,1.2419454714262212,1.6416719521061587
s08,598.0,1.283078639516825,0,False,0.8710510401460825,-0.032881744610452554,1.6440260871389514,1.6416475494641827,1.6637722267762145,1.9521160625452478,1.6614194530670616,1.6416719521061587
s08,599.0,1.3037621445481746,0,False,0.975184419152873,-0.033890053003649334,1.3416124910871008,1.3373724243214007,1.3702541689318533,1.0386506237726185,1.283078639516825,1.6416719521061587
s09,350.0,1.4352657313571129,0,False,0.9770543919026836,-0.054366912144489826,1.4523780242128335,1.448842856034028,1.5028024544382104,1.3158801431198655,1.4239232850215866,1.7676224131410756
s09,351.0,1.1703387235093863,0,False,0.8729224042257703,-0.06298140564791882,1.4587359888165479,1.4574885069570191,1.511855419101509,1.4458683672004073,1.4352657313571129,1.7676224131410756
s09,352.0,1.3954318826200178,0,False,0.9648189713145344,-0.0582411310554367,1.2454262551454995,1.2374227295372806,1.3004041351851994,1.002286560185683,1.1703387235093863,1.7676224131410756
s09,353.0,1.6065062808656025,0,False,0.9591038941553539,-0.052700570615279864,1.4238699157627102,1.4218209328603748,1.4800620639158115,1.5717466374422104,1.3954318826200178,1.7676224131410756
s09,354.0,1.7996213156648726,0,False,0.956249105452459,-0.04658684191597129,1.5979856071352094,1.5958303590212537,1.6485309296365336,1.7698040705065026,1.6065062808656025,1.7676224131410756
s09,355.0,1.7359937573814712,0,False,0.9811870528965111,-0.0471893902415085,1.7581169175740134,1.7560787015660448,1.802665543482016,1.947145589964082,1.7996213156648726,1.7676224131410756
s09,356.0,1.5192561412417767,0,False,0.9289999781060567,-0.0527524620264731,1.7055796389097229,1.7046918674072633,1.751881257648772,1.6864637643334317,1.7359937573814712,1.7676224131410756
s09,357.0,1.4110836857429243,0,False,0.9439750458118443,-0.05620414656337019,1.5298852629316662,1.5261398369728272,1.5788922989993002,1.3627835709502827,1.5192561412417767,1.7676224131410756
s09,358.0,1.3729085795024827,0,False,0.9583221832713269,-0.058107400931156294,1.4394992264984168,1.4363503917620195,1.4925545383253898,1.3341473949390803,1.4110836857429243,1.7676224131410756
s09,359.0,1.4696672370807673,0,False,0.9974184310885121,-0.05613671500574422,1.4063994958402866,1.4039777062336984,1.4620851071648546,1.347425730686095,1.3729085795024827,1.7676224131410756
s09,360.0,1.1696615105731885,0,False,0.8638106407571182,-0.06554215685728794,1.4833211597562306,1.4831762389579788,1.539312953963723,1.546875510088762,1.4696672370807673,1.7676224131410756
s09,361.0,1.2753330561736629,0,False,0.9904937559163183,-0.06431180901266922,1.24324760569883,1.2343214613530393,1.2998636182103274,0.9805547680383562,1.1696615105731885,1.7676224131410756
s09,362.0,0.8596290338806091,0,False,0.7667623282283141,-0.07811974211407122,1.3205048343479457,1.3198934705940082,1.3842052796066775,1.3599079110802434,1.2753330561736629,1.7676224131410756
s09,363.0,1.1176747765958333,0,False,0.9699988047797281,-0.07381824974215967,0.9925121643022056,0.9742916975321151,1.0524114396461863,0.6501861361399979,0.8596290338806091,1.7676224131410756
s09,364.0,1.9777669187475948,0,False,0.7780605714540342,-0.050021808102986044,1.1867668331631416,1.1845521974418083,1.2583704471839678,1.321675806021062,1.1176747765958333,1.7676224131410756
s09,365.0,2.188380456030625,0,False,0.9411555208878578,-0.04121530969262909,1.9059323205239393,1.8948305090187267,1.9448523171217127,2.504586346888524,1.9777669187475948,1.7676224131410756
s09,366.0,1.857172331510844,0,False,0.9356590065392154,-0.047652280867303574,2.0741633307636347,2.0717380373333265,2.1129533470259556,2.3421511994516235,2.188380456030625,1.7676224131410756
s09,367.0,1.6537836409825153,0,False,0.9444597055155296,-0.05206719846358389,1.8040135559502002,1.8009475608585255,1.8485998417258291,1.6092760308573681,1.857172331510844,1.7676224131410756
s09,368.0,1.8039490343734488,0,False,0.9663326599907055,-0.04697467100655993,1.6370899466749658,1.634198119139317,1.6862653176029008,1.5022692660192163,1.6537836409825153,1.7676224131410756
s09,369.0,1.6545941417947838,0,False,0.9562821120846211,-0.05011119788595933,1.7607265499953664,1.7591450377747637,1.8061197087813237,1.9198413278458002,1.8039490343734488,1.7676224131410756
s09,370.0,2.1401353333720916,0,False,0.8817365966469637,-0.03501116849396923,1.638991776038239,1.6368010203057552,1.6869122181917147,1.5420110289590065,1.6545941417947838,1.7676224131410756
s09,371.0,2.3242146391389245,0,False,0.9432852164378271,-0.02646779046932052,2.043575911592098,2.0394353716506344,2.0744465401446037,2.474069947245484,2.1401353333720916,1.7676224131410756
s09,372.0,1.9950026991425385,0,False,0.9463795118041687,-0.032464754599058,2.1964026184749574,2.194901503467121,2.2213692939364416,2.456971849255564,2.3242146391389245,1.7676224131410756
s09,373.0,1.750317472024799,0,False,0.9439201790528726,-0.03773955905287096,1.9278850631426567,1.9261442871518974,1.9586090417509554,1.7443803342811293,1.9950026991425385,1.7676224131410756
s09,374.0,2.029437868644488,0,False,0.9299308796913496,-0.02862364780029213,1.7276905879395024,1.725574160225194,1.7633137192780648,1.5667031034869472,1.750317472024799,1.7676224131410756
s09,375.0,1.0779567496286018,0,False,0.7041246462906126,-0.055009039237369196,1.959475431352561,1.95746979753117,1.986093445331462,2.2335705096588923,2.029437868644488,1.7676224131410756
s09,376.0,1.302336265448734,0,False,0.9701426813175378,-0.05108876614838259,1.1879363147574173,1.1716604958158472,1.2266695350532164,0.5872281054079143,1.0779567496286018,1.7676224131410756
s09,377.0,1.6050496586405192,0,False,0.9339235561004352,-0.04357734950322124,1.3561944773737935,1.3546691038018075,1.40575786995019,1.4791653946626286,1.302336265448734,1.7676224131410756
s09,378.0,1.0229377746125339,0,False,0.7666184264891804,-0.06100294561218547,1.606670414534416,1.6037909782446746,1.6473683277478959,1.8334916237431846,1.6050496586405192,1.7676224131410756
s09,379.0,1.2031776237214893,0,False,0.9914597718143551,-0.058560214028642914,1.1359902010391711,1.1217532376034043,1.1827561832155897,0.7040562151191899,1.0229377746125339,1.7676224131410756
s09,380.0,1.0678074054743858,0,False,0.8921499494472394,-0.06456761977400155,1.268554381243412,1.268054263653007,1.32661447768165,1.3468615144257496,1.2031776237214893,1.7676224131410756
s09,381.0,1.6384785008047986,0,False,0.8532973952028915,-0.05003330147549495,1.16096484524461,1.1540012241879125,1.218568843961914,0.9876741275756152,1.0678074054743858,1.7676224131410756
s09,382.0,2.095901465426798,0,False,0.8882577348644283,-0.035876744426975395,1.6313562461292006,1.6240162304761465,1.6740495319516415,2.032357348356215,1.6384785008047986,1.7676224131410756
s09,383.0,2.1240480457092747,0,False,0.979631156000696,-0.03225324011506066,2.0072735173334104,2.0032645686454504,2.0391413130724256,2.4138545559492477,2.095901465426798,1.7676224131410756
s09,384.0,2.4662164297948443,0,False,0.910743105568681,-0.019147344540475925,2.0300102051917293,2.0293532439753537,2.0616064840904142,2.144783764735693,2.1240480457092747,1.7676224131410756
s09,385.0,2.1916332234751095,0,False,0.9684274243405167,-0.02286516485949136,2.31726959995258,2.3155605674422906,2.3347079119827665,2.7032036304775944,2.4662164297948443,1.7676224131410756
s09,386.0,2.1545166146975556,0,False,0.9908856152724935,-0.02101019769724049,2.0934062881033526,2.09268437595586,2.1155495408153513,1.9769920887355592,2.1916332234751095,1.7676224131410756
s09,387.0,2.4227028947187845,0,False,0.9253909077221001,-0.010276553382045066,2.065106245903951,2.0649147508789376,2.085924948576178,2.1245368615553146,2.1545166146975556,1.7676224131410756
s09,388.0,2.3245824742135017,0,False,0.9946855831070651,-0.009230111094966345,2.2904677889637908,2.289701064644211,2.299977618026256,2.6116288673079473,2.4227028947187845,1.7676224131410756
s09,389.0,2.3594317128592524,0,False,0.9699612234648031,-0.004820142812737472,2.212481822776617,2.21243277011829,2.2216628812132564,2.2461369769371324,2.3245824742135017,1.7676224131410756
s09,390.0,2.102087032915043,0,False,0.966170238139954,-0.009097260753606116,2.2448024221368175,2.2446576309439976,2.2494777737567353,2.383108198255402,2.3594317128592524,1.7676224131410756
s09,391.0,1.6808275271617887,0,False,0.9026183635711812,-0.0197218666837687,2.035288816332081,2.034981058167208,2.044078318920814,1.9016737717421721,2.102087032915043,1.7676224131410756
s09,392.0,1.0547889135529651,0,False,0.7640598024993037,-0.03872205450223646,1.6900490551529863,1.68812850750189,1.7078503741856585,1.3799735389621912,1.6808275271617887,1.7676224131410756
s09,393.0,0.831467773833822,0,False,0.8157821268437127,-0.04886170399694435,1.1785921795109753,1.169456090324085,1.2081781448263214,0.7092001341953988,1.0547889135529651,1.7676224131410756
s09,394.0,0.9787432446342369,0,False,0.9745816327966602,-0.048931592097583076,0.9900740471779702,0.9810728479888611,1.0299345519858054,0.7226209643334602,0.831467773833822,1.7676224131410756
s09,395.0,1.0284073480285103,0,False,0.9454075215966157,-0.05103589450512949,1.0997945227891712,1.098550761613391,1.147482353710974,1.0975922458072866,0.9787432446342369,1.7676224131410756
s09,396.0,1.839744487899181,0,False,0.7847648118003703,-0.029926134601671497,1.1388720004191504,1.1360858244505818,1.1871217189557113,1.0745473129493504,1.0284073480285103,1.7676224131410756
s09,397.0,1.5743296623214456,0,False,0.923744008035138,-0.03683915535369354,1.8112048446019249,1.8047636873888466,1.834689821990518,2.346845206437077,1.839744487899181,1.7676224131410756
s09,398.0,2.3472096257044837,0,False,0.8177861085608303,-0.014003167523994865,1.588819237715839,1.5860100313811953,1.6228491867348889,1.3823430493095112,1.5743296623214456,1.7676224131410756
s09,399.0,1.851275241126866,0,False,0.9051704314297023,-0.02523649699833453,2.2282711285852095,2.225719556938188,2.2397227244621827,2.832094629042542,2.3472096257044837,1.7676224131410756
s09,400.0,2.4250526638296828,0,False,0.8640313484517094,-0.007044614683065328,1.8210497527766207,1.8186565866540432,1.8438930836523777,1.492281907573967,1.851275241126866,1.7676224131410756
s09,401.0,1.8841171350952761,0,False,0.9003312241996929,-0.019365354721793387,2.295766316478678,2.2948084697195443,2.3018530844026097,2.803993180128836,2.4250526638296828,1.7676224131410756
s09,402.0,2.343784903442536,0,False,0.8877314872209631,-0.0045740214452559165,1.8526705820893474,1.8507404608912876,1.870105815613081,1.4940050969809884,1.8841171350952761,1.7676224131410756
s09,403.0,2.2345050538562106,0,False,0.9994450835262406,-0.004511327738307231,2.232928782209666,2.2324152636245875,2.2369892850698436,2.657489126174155,2.343784903442536,1.7676224131410756
s09,404.0,1.8980289931791299,0,False,0.9378893606477564,-0.011928147870942214,2.14525883434371,2.145256330933629,2.1497676586719363,2.1472848059991283,2.2345050538562106,1.7676224131410756
s09,405.0,1.9689960869937535,0,False,0.9772306966416363,-0.00893670745255685,1.8700222712714605,1.869281406380908,1.8812095542518503,1.6451065382224828,1.8980289931791299,1.7676224131410756
s09,406.0,1.4635179421235551,0,False,0.8607620022773467,-0.022898624503981654,1.9291186597740604,1.9289151771710482,1.937851884623605,2.023639579170729,1.9689960869937535,1.7676224131410756
s09,407.0,1.7758457873621285,0,False,0.927178627799515,-0.014968439118225804,1.5146946331301376,1.5115062745036003,1.534404899007582,1.1261162649131313,1.4635179421235551,1.7676224131410756
s09,408.0,1.5415830527154741,0,False,0.9273073462494413,-0.021782568088608376,1.7698107073378482,1.7687206850615595,1.7836891241797854,2.00754795573905,1.7758457873621285,1.7676224131410756
s09,409.0,1.7240610856837164,0,False,0.9617117118582915,-0.01730863365284281,1.5765133705047276,1.5749299378248645,1.5967125059134728,1.3722057672730248,1.5415830527154741,1.7676224131410756
s09,410.0,1.861374427478738,0,False,0.9670221354586936,-0.013218857971135391,1.7257112893744635,1.7250485714218242,1.742357205074667,1.86482982572823,1.7240610856837164,1.7676224131410756
s09,411.0,1.4966664579713593,0,False,0.8940671625563744,-0.023480910732850704,1.8391708130694324,1.8387348833618695,1.851953741333005,1.967046029898552,1.861374427478738,1.7676224131410756
s09,412.0,1.5149060939091197,0,False,0.9850841712392617,-0.024155171423030166,1.5398688497481263,1.537381450248435,1.5608623609812857,1.2432116676537768,1.4966664579713593,1.7676224131410756
s09,413.0,1.5129564784789014,0,False,0.979809007319278,-0.025304431289757085,1.5516254351037642,1.551265140703132,1.575420312126162,1.5301495208641271,1.5149060939091197,1.7676224131410756
s09,414.0,1.421451455751458,0,False,0.9492056874830774,-0.029117681521424167,1.5490707183939885,1.5485597968070273,1.5738642280967843,1.5126616012575052,1.5129564784789014,1.7676224131410756
s09,415.0,1.7309492720734565,0,False,0.9289106843139324,-0.021340559888817393,1.473190896934865,1.4717118843198975,1.5008295658413218,1.3561584954860746,1.421451455751458,1.7676224131410756
s09,416.0,1.6805179642557035,0,False,0.9803890477206356,-0.022720454333958997,1.7280315315592771,1.7265144457604236,1.747855005649241,1.9616156594394545,1.7309492720734565,1.7676224131410756
s09,417.0,1.9070983734039497,0,False,0.9448904571238281,-0.016053988405656944,1.6853284122062568,1.6848828424605482,1.7076032967945072,1.641586798906372,1.6805179642557035,1.7676224131410756
s09,418.0,2.063418493708063,0,False,0.9557836494623457,-0.0103232621315959,1.87327901253507,1.8723942845726949,1.8884482729783518,2.076949267109801,1.9070983734039497,1.7676224131410756
s09,419.0,1.850296738658231,0,False,0.9578890064413443,-0.01490111374663067,2.003348249469826,2.002891792492723,2.013215054624319,2.1804487307405944,2.063418493708063,1.7676224131410756
s09,420.0,1.7659551085098575,0,False,0.9786525318521818,-0.01676878985912766,1.828838479631425,1.8282109789264238,1.8431120926730544,1.6870544288612013,1.850296738658231,1.7676224131410756
s09,421.0,1.7860889779469162,0,False,0.9971142017165496,-0.015956903422848393,1.7593840679450026,1.7590260967376075,1.775794886596735,1.7002850086953436,1.7659551085098575,1.7676224131410756
s09,422.0,1.89795958598673,0,False,0.9712876559444575,-0.012295350302346473,1.7759538637078396,1.7759078153033327,1.7918647187261811,1.8021291034052143,1.7860889779469162,1.7676224131410756
s09,423.0,1.131663356433552,0,False,0.7516671137781459,-0.034411213808936685,1.8692118349813895,1.8688588066532252,1.8811541569555716,1.9842027918848084,1.89795958598673,1.7676224131410756
s09,424.0,1.3009319261659769,0,False,0.9878106809000815,-0.032436982246604976,1.243669643465157,1.2351242074215865,1.2695354212305232,0.7061678343988647,1.131663356433552,1.7676224131410756
s09,425.0,1.6820100216142881,0,False,0.910290971124867,-0.023142682060309387,1.3725954001316778,1.3722000154044354,1.4046369976510404,1.4356508005692137,1.3009319261659769,1.7676224131410756
s09,426.0,2.33252182257669,0,False,0.8458633075684672,-0.003736572357415636,1.6877276066800955,1.6856514991468992,1.7087941812072085,1.9612843405545544,1.6820100216142881,1.7676224131410756
s09,427.0,2.2727779092878673,0,False,0.990062637834635,-0.0022811278848783195,2.2248390364408266,2.2242630935366234,2.227999665894039,2.7555879916447075,2.33252182257669,1.7676224131410756
s09,428.0,2.0316337466565897,0,False,0.9647442289657409,-0.0066731348968218085,2.178056648781977,2.1780339803880393,2.1803151082729175,2.2246483740450125,2.2727779092878673,1.7676224131410756
s09,429.0,1.366919905480375,0,False,0.8152026140407919,-0.02510072619493945,1.9814082152669654,1.9811729487509624,1.9878460836477843,1.8444065980736635,2.0316337466565897,1.7676224131410756
s09,430.0,1.5042411973100482,0,False,0.9841797024384624,-0.02293962604025959,1.436843074073889,1.4322045254873863,1.4573052516823257,0.9511246081138951,1.366919905480375,1.7676224131410756
s09,431.0,1.6678780224036855,0,False,0.9688370102514353,-0.01922234058457915,1.544331418924245,1.5439685072143376,1.5669081332545973,1.613101538256157,1.5042411973100482,1.7676224131410756
s09,432.0,1.602412981524144,0,False,0.9712266208245677,-0.0214987230343313,1.6788914221184628,1.6782923965158822,1.6975147371004613,1.7953381026290827,1.6678780224036855,1.7676224131410756
s09,433.0,1.4721001939253244,0,False,0.9445456702562633,-0.026048671504688915,1.6243837338468992,1.6237651429372448,1.6452638659715761,1.5528985092687053,1.602412981524144,1.7676224131410756
s09,434.0,1.8984480644610793,0,False,0.8963146921802964,-0.014551413922653049,1.5166506566788913,1.5152061450598842,1.541254816564573,1.3776938198876103,1.4721001939253244,1.7676224131410756
s09,435.0,1.8189321403885157,0,False,0.9831041134761938,-0.015993228363342073,1.8685013895765987,1.8669926217448165,1.8815440356674695,2.201701591704707,1.8984480644610793,1.7676224131410756
s09,436.0,1.6948691182792108,0,False,0.9649796287130791,-0.019209711857598517,1.8023554545260019,1.8020852347544254,1.8180784631177676,1.7565244513164873,1.8189321403885157,1.7676224131410756
s09,437.0,1.7048748354685415,0,False,0.9958641063790076,-0.019058905212122595,1.7005206785275786,1.6998479472860109,1.7190576591436093,1.6001631513073171,1.6948691182792108,1.7676224131410756
s09,438.0,1.8668033100223118,0,False,0.9611683839928841,-0.014294350189649347,1.7080636348776936,1.7079848092732037,1.7270437144853263,1.7129195494602238,1.7048748354685415,1.7676224131410756
s09,439.0,2.3203992331612597,0,False,0.8890202949835057,5.785332032274583e-05,1.8425475222131595,1.8419924494955238,1.856286799685173,1.9906193042749565,1.8668033100223118,1.7676224131410756
s09,440.0,2.2037891593267456,0,False,0.9967170526757789,-0.0003799284187520041,2.218375463418147,2.2183818839625706,2.218324030642248,2.630929403156671,2.3203992331612597,1.7676224131410756
s09,441.0,2.2243206257610333,0,False,0.9772508884299399,0.002603534461668716,2.1248731103653284,2.124871863080343,2.1252517914990947,2.110764637400486,2.2037891593267456,1.7676224131410756
s09,442.0,2.34431109039422,0,False,0.9548737210246838,0.008605592178826622,2.144183271726345,2.14424249982229,2.141638965360621,2.2384540716588193,2.2243206257610333,1.7676224131410756
s09,443.0,2.6180855082812875,0,False,0.9216839049112887,0.019767711838698278,2.2456265145988232,2.2460148529522326,2.237409260773406,2.4309355469522185,2.34431109039422,1.7676224131410756
s09,444.0,2.8277149336094176,0,False,0.9297032987865236,0.030328465549226503,2.474141679925098,2.4756898099251434,2.4559220980864453,2.806785268396486,2.6180855082812875,1.7676224131410756
s09,445.0,2.3699105908822546,0,False,0.9493185701915067,0.02181879951508852,2.6514341342725434,2.6535661253535205,2.623237659804294,2.9688946854551967,2.8277149336094176,1.7676224131410756
s09,446.0,2.2251387803338263,0,False,0.9927137107885162,0.020183154478227605,2.278554473606394,2.2796602815625233,2.257841482047435,2.017353391187559,2.3699105908822546,1.7676224131410756
s09,447.0,2.424517061703041,0,False,0.9382720681571546,0.028044412451199836,2.1623280689699054,2.162475129270634,2.142291974792406,2.10982755442148,2.2251387803338263,1.7676224131410756
s09,448.0,2.104231372825451,0,False,0.9552941711591293,0.021287253442891604,2.327738882855365,2.329470006435725,2.301425593984525,2.5662295099659995,2.424517061703041,1.7676224131410756
s09,449.0,2.1824760313035143,0,False,0.9677134764840951,0.024749222114461802,2.0661254112755976,2.067077075584508,2.045789822141616,1.8574113320820884,2.104231372825451,1.7676224131410756
s09,450.0,2.600552938927952,0,False,0.8955652569912448,0.03877611156729828,2.1321908908249374,2.1329899571667363,2.1082407350522745,2.240513821707767,2.1824760313035143,1.7676224131410756
s09,451.0,2.2781997636281615,0,False,0.9653513501155779,0.03270096638165209,2.4766550299032914,2.480704603149701,2.4419284915824027,2.8828261969662496,2.600552938927952,1.7676224131410756
s09,452.0,1.9653972582374273,0,False,0.9472373373147585,0.02514257842522114,2.216210479116752,2.217343523451792,2.18464255707014,2.0265868084868073,2.2781997636281615,1.7676224131410756
s09,453.0,2.18517437775974,0,False,0.9393529484409988,0.031894147937184425,1.95879547130981,1.960122060694297,1.934979482269076,1.7273021491839988,1.9653972582374273,1.7676224131410756
s09,454.0,2.023375756380606,0,False,0.9789761338928297,0.028326763645569526,2.1403542800667257,2.1422885661011026,2.110394418163918,2.345415730927961,2.18517437775974,1.7676224131410756
s09,455.0,1.73476904971487,0,False,0.9337634133542057,0.020082382972435982,2.0089862007331876,2.0095817388193216,1.9812549751737518,1.8960657820845972,2.023375756380606,1.7676224131410756
s09,456.0,1.7257914217981198,0,False,0.9927878875969236,0.018726541391703506,1.7696559526560611,1.770986141155869,1.750903758183433,1.5207442190831773,1.73476904971487,1.7676224131410756
s09,457.0,1.6076025157513647,0,False,0.9594425162196206,0.014080672477799658,1.762329754960055,1.7624648128814928,1.7437382714897893,1.7188070480971909,1.7257914217981198,1.7676224131410756
s09,458.0,1.4613652782907063,0,False,0.9396540357316414,0.008017033992614242,1.6629154844845848,1.66348656113022,1.6494058886524203,1.5187914566192866,1.6076025157513647,1.7676224131410756
s09,459.0,1.5751587331379402,0,False,0.9863570887905115,0.009050682405336003,1.5402199904003584,1.5407037860472148,1.5326867520546006,1.3559936336467748,1.4613652782907063,1.7676224131410756
s09,460.0,1.6534210330882513,0,False,0.9908871820383002,0.009676465657082316,1.6324381137069328,1.6325615913633742,1.6235109089580382,1.6654034485745668,1.5751587331379402,1.7676224131410756
s09,461.0,1.8006037270550506,0,False,0.9671727646834692,0.012825006427142554,1.695564188182997,1.6956523680530426,1.6859759023959604,1.715613461009763,1.6534210330882513,1.7676224131410756
s09,462.0,1.3743090713576618,0,False,0.8651786102646883,-0.00043396125586213884,1.8158536512872314,1.816274660791151,1.8034496543640086,1.9143145644491928,1.8006037270550506,1.7676224131410756
s09,463.0,1.3070678679782255,0,False,0.943746117003265,-0.005104993638120356,1.4628274546464393,1.4627689473868326,1.4632029086426948,1.0919196554290855,1.3743090713576618,1.7676224131410756
s09,464.0,1.5705477877223166,0,False,0.9460655586315851,-0.00012144204145670551,1.4047165768816796,1.4044294011668617,1.409534394804982,1.2621825564497424,1.3070678679782255,1.7676224131410756
s09,465.0,2.272612574005201,0,False,0.8325219013403329,0.019465657845416325,1.6197157943514318,1.619709244442767,1.6198306864842238,1.7721599120017288,1.5705477877223166,1.7676224131410756
s09,466.0,2.5654304312160923,0,False,0.9189104210634925,0.030439106665141928,2.196388732526796,2.1996488038919058,2.1801831460464896,2.7236383642059847,2.272612574005201,1.7676224131410756
s09,467.0,2.294276171484935,0,False,0.9746216705321064,0.025937353923303607,2.441866301870199,2.444334596212879,2.413895489547737,2.767903234576504,2.5654304312160923,1.7676224131410756
s09,468.0,2.6563237955761223,0,False,0.9055683654995768,0.03892472929041857,2.2227530366255666,2.223411283338957,2.197473929415654,2.0808903498173743,2.294276171484935,1.7676224131410756
s09,469.0,2.4181033485483248,0,False,0.9860812309720359,0.03570682915347325,2.5216909606371214,2.525366686446502,2.4864419571560834,2.9019618804647185,2.6563237955761223,1.7676224131410756
s09,470.0,2.1914942742208128,0,False,0.9766724839588392,0.03149125768996207,2.3315163278968103,2.3320133230045186,2.2963064938510453,2.2289190745521905,2.4181033485483248,1.7676224131410756
s09,471.0,2.6616574486835387,0,False,0.8857848587618327,0.04693308426246508,2.1461952834478533,2.1469298962667724,2.1154386385768102,2.0130714276813118,2.1914942742208128,1.7676224131410756
s09,472.0,2.4205668637613185,0,False,0.9857354604350774,0.04342112740118068,2.532271623623018,2.537632092470798,2.490699008208333,2.9745313597717775,2.6616574486835387,1.7676224131410756
s09,473.0,2.2936551860852252,0,False,0.9989955710231154,0.0419799667640098,2.3410744916011534,2.341693873990921,2.2982727465897406,2.2291410048919635,2.4205668637613185,1.7676224131410756
s09,474.0,2.43532933953399,0,False,0.9486044263295172,0.04787109923495885,2.2389160912739556,2.238958257169022,2.196978290405012,2.1923653679120703,2.2936551860852252,1.7676224131410756
s09,475.0,2.056768636159303,0,False,0.9420674237247925,0.03883636319056108,2.3554661416984777,2.357926504305895,2.310055405070936,2.5361562652949687,2.43532933953399,1.7676224131410756
s09,476.0,1.692720399389827,0,False,0.9149499138230908,0.0282156599957111,2.0444939486453704,2.046743839218159,2.007907476027598,1.769294262175439,2.056768636159303,1.7676224131410756
s09,477.0,1.6570452422730555,0,False,0.9821587301708832,0.025560267638706443,1.7431585765257036,1.7455583208398773,1.7173426608441662,1.4289622722362856,1.692720399389827,1.7676224131410756
s09,478.0,1.4887404579660943,0,False,0.937123592447514,0.01878961648493977,1.7139728021264697,1.7144288297583163,1.68886856211961,1.6296469260632256,1.6570452422730555,1.7676224131410756
s09,479.0,1.6105372035061154,0,False,0.9823360009095988,0.019905957187117136,1.572144423183008,1.5733258467668698,1.55453623028193,1.3669914623678772,1.4887404579660943,1.7676224131410756
s09,480.0,1.4326666704330273,0,False,0.9290926335790216,0.012736332362900563,1.6713025457639328,1.6716541645735796,1.6517482073864624,1.7067599794705541,1.6105372035061154,1.7676224131410756
s09,481.0,2.0689307211544734,0,False,0.843986514230691,0.02912873460685924,1.5216142132368025,1.522517313022518,1.5097809806596174,1.3062339385230106,1.4326666704330273,1.7676224131410756
s09,482.0,1.5320453715582278,0,False,0.8634096782133229,0.01368779467603709,2.042198893830234,2.046743369252299,2.0176146346454398,2.489529475058689,2.0689307211544734,1.7676224131410756
s09,483.0,1.902162567251435,0,False,0.9104648973298692,0.022669037458368145,1.6009181875610503,1.6027878078404,1.5891000131643631,1.1698548119719532,1.5320453715582278,1.7676224131410756
s09,484.0,1.8359364028677672,0,False,0.9869629490677925,0.02053179552579899,1.9051481260238043,1.9071778006200724,1.8845087631617041,2.1695412293264167,1.902162567251435,1.7676224131410756
s09,485.0,2.0697030171993407,0,False,0.9390643818655302,0.027057420118889935,1.8519145233656433,1.8521821974296429,1.8316504019038438,1.7837112819449563,1.8359364028677672,1.7676224131410756
s09,486.0,1.8449523260620926,0,False,0.9552072561622736,0.021047336033314185,2.043639701627882,2.045288462247951,2.018231042129061,2.2417777741629994,2.0697030171993407,1.7676224131410756
s09,487.0,1.7244832318475298,0,False,0.9679529287974089,0.01698501928944151,1.8589510220452121,1.8598937899766188,1.8388464539433047,1.6733293670176543,1.8449523260620926,1.7676224131410756
s09,488.0,1.5520375146760934,0,False,0.9422253232516979,0.010755769929895903,1.7591348398717341,1.75967915999428,1.7426941407048386,1.6319959249305247,1.7244832318475298,1.7676224131410756
s09,489.0,1.6111177651189599,0,False,0.998118534890551,0.010614927989274964,1.6151910853421123,1.6158124964729912,1.6050567265430953,1.4254152254530827,1.5520375146760934,1.7676224131410756
s09,490.0,1.2598876128619896,0,False,0.865521393752058,-0.0014732389300415073,1.662806538555887,1.6628265101725381,1.6522115821832632,1.6582612171265203,1.6111177651189599,1.7676224131410756
s09,491.0,1.6630638180114392,0,False,0.9042217417264518,0.007306547444636318,1.3706023913068275,1.3704042721888452,1.3718775111188868,1.0323127223895983,1.2598876128619896,1.7676224131410756
s09,492.0,1.1783745762416922,0,False,0.820910441416759,-0.008371580200459307,1.7002790226899722,1.7009788310782126,1.6936722836335762,1.956969273218853,1.6630638180114392,1.7676224131410756
s09,493.0,1.1385221006069621,0,False,0.9313249657894699,-0.01316930811881602,1.2999456271549303,1.2984463645521858,1.3068179447526451,0.8838046763165297,1.1783745762416922,1.7676224131410756
s09,494.0,1.0580546730139995,0,False,0.9072181917370775,-0.019282880360527027,1.262744817089955,1.2618404144043662,1.2750097225231822,1.118271601231694,1.1385221006069621,1.7676224131410756
s09,495.0,1.3903224017730065,0,False,0.9311160395368531,-0.013318263142027685,1.193290928331396,1.1915018278230287,1.2107847081835557,1.0139591404796067,1.0580546730139995,1.7676224131410756
s09,496.0,1.6201157392142655,0,False,0.9535264285080645,-0.008594761144670246,1.4635830873473976,1.4626656726356844,1.475983935777712,1.6431543619803026,1.3903224017730065,1.7676224131410756
s09,497.0,1.3743243832424419,0,False,0.9061961428665277,-0.016888986057958685,1.6511979762652358,1.650798547018723,1.6593933081633931,1.7968267919286764,1.6201157392142655,1.7676224131410756
s09,498.0,1.0155517840905672,0,False,0.8197840618754791,-0.029812216847849266,1.4479103957888964,1.4463261437535864,1.463215129811545,1.204886769597071,1.3743243832424419,1.7676224131410756
s09,499.0,1.3098987894190888,0,False,0.946614749012498,-0.024926718479718626,1.1524214804415411,1.1470488438147344,1.1768610606625836,0.8098737847546735,1.0155517840905672,1.7676224131410756
s09,500.0,1.1255147168014268,0,False,0.8874060430574126,-0.03276729219738912,1.3881978931794445,1.38686717405711,1.4117938925368285,1.5377293687528604,1.3098987894190888,1.7676224131410756
s09,501.0,1.8221078291283428,0,False,0.8197029088925359,-0.01505987523726477,1.2355499962109964,1.2318605971241983,1.2646278893215874,1.010582018772497,1.1255147168014268,1.7676224131410756
s09,502.0,1.6313951865047163,0,False,0.9452697062809254,-0.020284617482986794,1.808268513059837,1.8055532613621168,1.8206131365993816,2.277581064908215,1.8221078291283428,1.7676224131410756
s09,503.0,2.0100810973543286,0,False,0.9072452741396642,-0.009425525743512823,1.6492215557780194,1.6481113727051966,1.6683959901881833,1.4895339940791201,1.6313951865047163,1.7676224131410756
s09,504.0,1.6499690108891267,0,False,0.911559555033676,-0.018763005248922084,1.962092589792531,1.961218327736102,1.9706438534796147,2.2806360522000046,2.0100810973543286,1.7676224131410756
s09,505.0,1.4969162499828441,0,False,0.9415131787710419,-0.02378924779937315,1.666117076864333,1.664457668331213,1.683220673580135,1.3909064567578557,1.6499690108891267,1.7676224131410756
s09,506.0,2.3930968939174813,0,False,0.7898598795585172,0.0018854844837414043,1.5386638419635434,1.5372724844803303,1.5610617322797034,1.3856536621995112,1.4969162499828441,1.7676224131410756
s09,507.0,2.310059980716224,0,False,0.992657943413454,0.002840291020805804,2.277836880210907,2.2782330961474107,2.2763476116636694,2.933538804223336,2.3930968939174813,1.7676224131410756
s09,508.0,2.384135747221087,0,False,0.9621557190426093,0.007977001774895328,2.212891201840706,2.2129120554181028,2.210071764397297,2.2435366153286016,2.310059980716224,1.7676224131410756
s09,509.0,2.5718256993574493,0,False,0.9375542417354444,0.016816604319077447,2.276870397321679,2.2771722812180455,2.2691952794431502,2.436671935996394,2.384135747221087,1.7676224131410756
s09,510.0,2.27780795437863,0,False,0.969972452968226,0.012076348786616706,2.4347663465191816,2.435816472127321,2.418999867808244,2.7027323016770737,2.5718256993574493,1.7676224131410756
s09,511.0,1.8199148226468382,0,False,0.9091124760661624,0.0007816079576927343,2.196043560479808,2.1964061836109705,2.1843298348243536,2.0473775682157536,2.27780795437863,1.7676224131410756
s09,512.0,1.7973837007841096,0,False,0.9940690372410812,0.00011378703669650777,1.8195733597386887,1.8196443981506505,1.8188627901929577,1.487568556156576,1.8199148226468382,1.7676224131410756
s09,513.0,1.7263887987295352,0,False,0.9789129655559892,-0.0021243504000176966,1.8009927050866648,1.800993379953342,1.8008795929166455,1.7795278951871767,1.7973837007841096,1.7676224131410756
s09,514.0,2.2519965523124914,0,False,0.8731016858679965,0.01317282465875928,1.7421355132699823,1.742090717019926,1.7442150674199437,1.6712950631756187,1.7263887987295352,1.7676224131410756
s09,515.0,1.562203227412244,0,False,0.8387851870515063,-0.005268117792785625,2.175229699888854,2.176901309130407,2.1637284844716476,2.6070733549838856,2.2519965523124914,1.7676224131410756
s09,516.0,1.8236550600158663,0,False,0.938849903370085,0.0012044630753163003,1.6087516630370235,1.607902364412469,1.6131704822052546,1.1086200069464773,1.562203227412244,1.7676224131410756
s09,517.0,1.2816941645193818,0,False,0.826250811399308,-0.015036287612992146,1.8229788677628869,1.8230525207963295,1.8218480577210132,2.0194614832593993,1.8236550600158663,1.7676224131410756
s09,518.0,1.073547498591436,0,False,0.8720737841046534,-0.02405724582445044,1.3768586484123695,1.3742461056400455,1.3892823932530376,0.9429798007146944,1.2816941645193818,1.7676224131410756
s09,519.0,1.16989257522502,0,False,0.9777936886795237,-0.024933260036656493,1.202170601388408,1.1990930489652218,1.2231502947896722,0.9478061704282451,1.073547498591436,1.7676224131410756
s09,520.0,0.6490587792039625,0,False,0.6669072739780745,-0.04371494012787689,1.2756684579792503,1.2751147822446418,1.3000480422812983,1.2479729802175175,1.16989257522502,1.7676224131410756
s09,521.0,0.7963533506918161,0,False,0.9478095068805646,-0.045043240074896455,0.8551911441675479,0.8406300155924682,0.8843449557203451,0.4501954808924435,0.6490587792039625,1.7676224131410756
s09,522.0,1.1787503968259734,0,False,0.919099702337109,-0.03838667104719755,0.9592155914805492,0.9568647625693433,1.0019080026442397,0.9185087228725203,0.7963533506918161,1.7676224131410756
s09,523.0,1.2209868870008007,0,False,0.9660014926514288,-0.039819001475490966,1.271836727724587,1.2687312346105812,1.3071179056577789,1.469653697510792,1.1787503968259734,1.7676224131410756
s09,524.0,1.0459876219689188,0,False,0.876743131154919,-0.04746967058894172,1.3023637123648877,1.3010099257506105,1.3408289272261014,1.2576262346398723,1.2209868870008007,1.7676224131410756
s09,525.0,1.3719525614987969,0,False,0.9337571200633084,-0.04092160565146699,1.1595346932115398,1.1536837302496394,1.2011534008385811,0.9426533116735956,1.0459876219689188,1.7676224131410756
s09,526.0,1.2238199204210842,0,False,0.9117228161091386,-0.04681902173359932,1.4231112215021484,1.4204004564921617,1.4613220621436287,1.620806994510942,1.3719525614987969,1.7676224131410756
s09,527.0,1.8016361901715272,0,False,0.8544297227537728,-0.03165806869542556,1.3004041402902364,1.2962710888990692,1.3430901106326685,1.1265539891494385,1.2238199204210842,1.7676224131410756
s09,528.0,2.50612248405316,0,False,0.8373719225554987,-0.00965286353273288,1.7772241191338112,1.772615645296738,1.8042737139921636,2.19606911360238,1.8016361901715272,1.7676224131410756
s09,529.0,2.8704696009640376,0,False,0.9038760304218155,0.00575404346370924,2.3584758610541297,2.3569060344159674,2.3665588979487002,2.9542673518778892,2.50612248405316,1.7676224131410756
s09,530.0,2.509033360138393,0,False,0.9713189392917134,0.0011315550414593093,2.662563206047867,2.6631163075467237,2.6573622640830146,3.112835070011584,2.8704696009640376,1.7676224131410756
s09,531.0,2.3820259380920965,0,False,0.9972364950142598,0.0014919201904576855,2.3699813122599784,2.3700137664588175,2.368882211417358,2.2248075377715657,2.509033360138393,1.7676224131410756
s09,532.0,2.199947379796665,0,False,0.9848942477785414,-0.0005797561295112416,2.268999134200078,2.2690032571289627,2.267511336938505,2.2806187408590466,2.3820259380920965,1.7676224131410756
s09,533.0,2.082361024841448,0,False,0.9905401013553796,-0.001757097045623083,2.1216144796976173,2.1216057220451763,2.1221854781746874,2.0556421254285335,2.199947379796665,1.7676224131410756
s09,534.0,1.6996229109022893,0,False,0.9119499114043718,-0.01156571743776543,2.026593545933661,2.0265769239737006,2.0283340210193237,1.9888863029781942,2.082361024841448,1.7676224131410756
s09,535.0,1.8568749714504158,0,False,0.9626155841706862,-0.007198053621246781,1.7123045400115282,1.711286177566461,1.7228518950042264,1.4230838272553643,1.6996229109022893,1.7676224131410756
s09,536.0,1.9701245004443018,0,False,0.968156464245503,-0.003329252120071895,1.8414335454348774,1.841164450405139,1.8483625040263858,1.977375206051987,1.8568749714504158,1.7676224131410756
s09,537.0,1.5944546044747665,0,False,0.9026988882194963,-0.013558312230300297,1.9355292899746341,1.935423274815713,1.9387525269357848,2.056637190867228,1.9701245004443018,1.7676224131410756
s09,538.0,1.4296114230157773,0,False,0.9319081231155906,-0.01943057697971222,1.6266728201833833,1.625353581329508,1.6389118935598082,1.3281145417379645,1.5944546044747665,1.7676224131410756
s09,539.0,1.6454951231909996,0,False,0.9562546209457388,-0.014703079094350794,1.4892349248011143,1.4879118603456187,1.507342437325331,1.3122936286534332,1.4296114230157773,1.7676224131410756
s09,540.0,1.7487892173173256,0,False,0.9798645317276224,-0.01218780551048785,1.6655899562901415,1.6649467645218943,1.679649843616245,1.8117589878713556,1.6454951231909996,1.7676224131410756
s09,541.0,2.2074051827524466,0,False,0.8879655556731669,0.0015371658180096514,1.7501515456403633,1.749906138469197,1.7620939439796848,1.8298411640152352,1.7487892173173256,1.7676224131410756
s09,542.0,1.8843972570158327,0,False,0.9393348984912265,-0.005821168979021389,2.129502868065275,2.1296750835835336,2.128137917765524,2.523558959349886,2.2074051827524466,1.7676224131410756
s09,543.0,1.790737599082541,0,False,0.9782912047462783,-0.008034287778314941,1.8648613675326713,1.8645082257256593,1.8703293947046806,1.6413752858811848,1.8843972570158327,1.7676224131410756
s09,544.0,1.6878623649877122,0,False,0.9691253568966685,-0.011024638556726736,1.7877151389764943,1.7875407242681054,1.7955750120464202,1.7177110584193176,1.790737599082541,1.7676224131410756
s09,545.0,1.4128319430726808,0,False,0.9039991467685909,-0.019712897842521015,1.702780967713272,1.7024405859324898,1.7134652244892166,1.6090781669661613,1.6878623649877122,1.7676224131410756
s09,546.0,1.1871961192650682,0,False,0.8858130705915555,-0.02832412458562885,1.4761294657145414,1.4742370107019958,1.4939499085445167,1.2221776786537266,1.4128319430726808,1.7676224131410756
s09,547.0,1.591568478132545,0,False,0.9045900573646821,-0.01914311207640861,1.288768972639819,1.2855347278252038,1.3138588524108328,1.0421323364136095,1.1871961192650682,1.7676224131410756
s09,548.0,1.4615389420226808,0,False,0.9435882185178842,-0.02382090047581073,1.6192916652278229,1.6174652220027514,1.63660833407916,1.887821700341488,1.591568478132545,1.7676224131410756
s09,549.0,1.5790981483926991,0,False,0.9851556338533337,-0.021718089858545148,1.5103482405828619,1.5090044611505131,1.5328253616263239,1.3676319458587416,1.4615389420226808,1.7676224131410756
s09,550.0,2.0146464329230636,0,False,0.8936011277812292,-0.009426808679886798,1.6052594515789853,1.6049370603011188,1.626655150159664,1.6722410467366526,1.5790981483926991,1.7676224131410756
s09,551.0,1.598360483775894,0,False,0.8949313551419923,-0.020421820080908593,1.9658638656221157,1.9648608638099536,1.9742876724898404,2.3209971203365,2.0146464329230636,1.7676224131410756
s09,552.0,2.139588449704929,0,False,0.8686100870390423,-0.004882393029322351,1.6237532409468232,1.6216075479853882,1.6420293680662967,1.3056003396358054,1.598360483775894,1.7676224131410756
s09,553.0,2.172419128581809,0,False,0.9768541845805272,-0.0017836487422019376,2.0697691495396255,2.069127652344462,2.074010045373784,2.5061948825829825,2.139588449704929,1.7676224131410756
s09,554.0,1.5944231871878003,0,False,0.8632964538774037,-0.016903858444840762,2.098471461280321,2.0984301772757608,2.1002138260179626,2.1963451507504548,2.172419128581809,1.7676224131410756
s09,555.0,1.310090908357664,0,False,0.8887040787037082,-0.02626061997706996,1.6242937768245345,1.6219829594319704,1.638886817876811,1.2022395529703451,1.5944231871878003,1.7676224131410756
s09,556.0,1.1604893661213418,0,False,0.9024490598802488,-0.033016537357635184,1.3886093120343421,1.3856866121401825,1.4119472321172524,1.1197449662664911,1.310090908357664,1.7676224131410756
s09,557.0,1.203707809177728,0,False,0.9644875975375332,-0.034691093310468483,1.262747135197574,1.259526340938838,1.2925428782964732,1.06561496352897,1.1604893661213418,1.7676224131410756
s09,558.0,1.6179747496735217,0,False,0.9013867487191958,-0.024922247364603547,1.2935785155455284,1.2923465514780241,1.3270376447884926,1.2413573223970733,1.203707809177728,1.7676224131410756
s09,559.0,1.6627451536159354,0,False,0.9984783135642349,-0.024022759706312857,1.6352198955147605,1.6327622316729125,1.657684479037516,1.919931330091608,1.6179747496735217,1.7676224131410756
s09,560.0,1.6814901497040848,0,False,0.9964712550828475,-0.02365991068087404,1.6694317372970524,1.6693951821894575,1.6934179418957704,1.698470915714328,1.6627451536159354,1.7676224131410756
s09,561.0,1.411343786282236,0,False,0.904948492131203,-0.03186117714745255,1.6848028249577414,1.684719335168186,1.70837924584906,1.6964935437934439,1.6814901497040848,1.7676224131410756
s09,562.0,1.7086999254692226,0,False,0.9326611420371711,-0.02442720818996897,1.4639294131501104,1.46090096021977,1.4927621373672226,1.2239603461227262,1.411343786282236,1.7676224131410756
s09,563.0,1.9961429788272147,0,False,0.9287028108474131,-0.01571300379170073,1.707314399187673,1.7056694988849401,1.7300967070749091,1.9314934911351012,1.7086999254692226,1.7676224131410756
s09,564.0,2.797774444835156,0,False,0.8239908032124977,0.009906045014446538,1.9449264443004066,1.9438061512969143,1.959519155088615,2.206597075480456,1.9961429788272147,1.7676224131410756
s09,565.0,2.5669195009811134,0,False,0.9937308360465251,0.008636228229608247,2.607503172116056,2.6092467271423896,2.5993406821279432,3.2900553316233205,2.797774444835156,1.7676224131410756
s09,566.0,1.9892344555726331,0,False,0.9034265041254231,-0.004398344632550254,2.4236660757138715,2.4237202176445827,2.4150839894149745,2.3828660619683193,2.5669195009811134,1.7676224131410756
s09,567.0,2.0898665055516976,0,False,0.9664468820896772,-0.00019055280686146748,1.9500315415459648,1.9496067780287383,1.9540051226612885,1.569281367018661,1.9892344555726331,1.7676224131410756
s09,568.0,2.280352286567584,0,False,0.9430484476814571,0.007195996937194946,2.0341403554065005,2.0341339617657037,2.0343245145725652,2.165627324463393,2.0898665055516976,1.7676224131410756
s09,569.0,2.426614542060843,0,False,0.9479772389536024,0.014187735543830092,2.193146765310286,2.1935565885063384,2.1863605915691435,2.4183767000355734,2.280352286567584,1.7676224131410756
s09,570.0,2.126790583808017,0,False,0.960247424101345,0.008472830103052746,2.3165493466579425,2.3172874318339285,2.3030996962900985,2.5308549729249155,2.426614542060843,1.7676224131410756
s09,571.0,1.9941096820595423,0,False,0.9828494402122857,0.006128072499939312,2.071931452008242,2.07226826882999,2.0637954387269373,1.8944950676204244,2.126790583808017,1.7676224131410756
s09,572.0,1.497728255056304,0,False,0.8670379008891733,-0.007860810449327493,1.9639192534914034,1.964024353365197,1.9578962808652578,1.889405673933939,1.9941096820595423,1.7676224131410756
s09,573.0,1.1779738320324111,0,False,0.8602031898463437,-0.01913706617967763,1.554894212902137,1.5538490230440822,1.5617098334934096,1.1627267143396995,1.497728255056304,1.7676224131410756
s09,574.0,1.1580446551548833,0,False,0.9398928784757947,-0.023016557271912666,1.2900363257036693,1.287361024896051,1.3064980910757287,0.9764071585600966,1.1779738320324111,1.7676224131410756
s09,575.0,1.2914036187944287,0,False,0.9996861612416794,-0.022301701014495304,1.2689585358855282,1.2675750768805165,1.2905916341524293,1.151061306945164,1.1580446551548833,1.7676224131410756
s09,576.0,1.3999762259188964,0,False,0.998949341447277,-0.021544322803942983,1.3747372847053072,1.3747302855671524,1.3970319865816476,1.3978437163913953,1.2914036187944287,1.7676224131410756
s09,577.0,0.978363567229746,0,False,0.7951928957517828,-0.03605775994180088,1.4621674408853589,1.4621448051583423,1.4836891279622852,1.4866302739092931,1.3999762259188964,1.7676224131410756
s09,578.0,0.8535952676839365,0,False,0.8536504106654504,-0.04378354854766303,1.1185064399453655,1.111121554546008,1.1471793144878089,0.7453480185515076,0.978363567229746,1.7676224131410756
s09,579.0,0.7270131784667028,0,False,0.8198854227500549,-0.05208751455362693,1.0102197496817258,1.003812045332166,1.047595593879829,0.7969774517608784,0.8535952676839365,1.7676224131410756
s09,580.0,0.5466862075653285,0,False,0.7331517537470524,-0.06252122884402393,0.9038584045757219,0.8944766839118949,0.9465641984655219,0.6837233492782973,0.7270131784667028,1.7676224131410756
s09,581.0,0.8340815163966581,0,False,0.9808493614980217,-0.05970223752107484,0.7567988192356286,0.7401151389650217,0.8026363678090456,0.509465117495721,0.5466862075653285,1.7676224131410756
s09,582.0,1.131518457291584,0,False,0.9541233626395964,-0.05492623793368023,0.9734618070136226,0.9723184710450973,1.0320207085661721,1.0628636624805423,0.8340815163966581,1.7676224131410756
s09,583.0,1.1703002803428533,0,False,0.9594601942919513,-0.0562520354881981,1.21701336325937,1.2144935321601151,1.2694197700937955,1.364352896682755,1.131518457291584,1.7676224131410756
s09,584.0,0.9215104634125525,0,False,0.8298893040834988,-0.06593036407523338,1.246401862903102,1.2441214163137282,1.3003734518019263,1.2052722469073682,1.1703002803428533,1.7676224131410756
s09,585.0,0.5827738357637424,0,False,0.6928550081452982,-0.0795232997055663,1.0470871502230392,1.035871690108173,1.1018020541834064,0.7873877124059543,0.9215104634125525,1.7676224131410756
s09,586.0,1.3234366494534973,0,False,0.7722392321900883,-0.062377691630929766,0.7763415635392715,0.7519163802989464,0.8314396800045126,0.47182837950371675,0.5827738357637424,1.7676224131410756
s09,587.0,1.4637902855942764,0,False,0.9857551907484552,-0.059270626061930065,1.374428624234357,1.3602214332942866,1.4225991249252163,1.8025384868523506,1.3234366494534973,1.7676224131410756
s09,588.0,1.3642958111079941,0,False,0.9413514706014298,-0.06260230103889838,1.4761959424360767,1.475351643673605,1.534622269735535,1.5752266701780144,1.4637902855942764,1.7676224131410756
s09,589.0,1.4164527761795855,0,False,0.9865280054201192,-0.06188697370674211,1.3962800646672742,1.3926085317743764,1.4552108328132747,1.2948737705019056,1.3642958111079941,1.7676224131410756
s09,590.0,1.3570849544819223,0,False,0.9511209115131182,-0.06422301207070918,1.4357866409218343,1.4349528999474919,1.4968398736542339,1.4586039653494405,1.4164527761795855,1.7676224131410756
s09,591.0,1.8930716656071094,0,False,0.8674901947267026,-0.048987836537639835,1.3883716434613633,1.385232481171465,1.4494554932421742,1.3165316671305631,1.3570849544819223,1.7676224131410756
s09,592.0,1.7752256535220543,0,False,0.9721065660628179,-0.050579017849781166,1.834756399273795,1.828265030593432,1.877252867131072,2.262085546879844,1.8930716656071094,1.7676224131410756
s09,593.0,1.7928199328647767,0,False,0.9973122033206162,-0.048772874273568426,1.7340259694840192,1.732615146991019,1.7831941648408,1.6840128405743804,1.7752256535220543,1.7676224131410756
s09,594.0,1.5396017359704044,0,False,0.9229123951417646,-0.055038746719986126,1.7485952424205107,1.7484641508509942,1.7972370251245626,1.8068369210412079,1.7928199328647767,1.7676224131410756
s09,595.0,1.3114413339317403,0,False,0.9025738423921739,-0.061898277885568245,1.5443351779435202,1.5400923727844773,1.5951311195044635,1.3573563177181582,1.5396017359704044,1.7676224131410756
s09,596.0,0.7706433316810242,0,False,0.7065329719712828,-0.07931278179553122,1.3571573067233889,1.3511267953464563,1.4130250732320246,1.15697409342024,1.3114413339317403,1.7676224131410756
s09,597.0,1.281299331530423,0,False,0.8677613592261855,-0.06793604552868632,0.9253504756604848,0.90207478930226,0.9813875710977913,0.5275236900996745,0.7706433316810242,1.7676224131410756
s09,598.0,1.4755412002498867,0,False,0.9698325521648864,-0.06330074588368895,1.3300149824035692,1.3210312120833076,1.388967257611994,1.6492190944929326,1.281299331530423,1.7676224131410756
s09,599.0,1.4580213913053148,0,False,0.9714095620646552,-0.06398111936008104,1.4826101291344211,1.4807005071850512,1.5440012530687401,1.627963480808224,1.4755412002498867,1.7676224131410756
s10,350.0,1.488687356636491,0,False,0.9523455680411376,-0.053553100828718836,1.590252823425792,1.5873478873902513,1.6379411722963573,1.8020963554599136,1.6009568459296102,1.746902094741402
s10,351.0,1.312154169310759,0,False,0.9178827347190652,-0.0590043488087767,1.496414477912316,1.4938624353126877,1.5474155361414066,1.4052743262845042,1.488687356636491,1.746902094741402
s10,352.0,1.3522806268573055,0,False,0.9808913900093956,-0.05881797477578776,1.3509134348548668,1.3460681590910075,1.4050725078997843,1.1891301611395244,1.312154169310759,1.746902094741402
s10,353.0,1.4100028616352749,0,False,0.9903867966817249,-0.05787617325569619,1.3797334073726502,1.3786094776322224,1.4374274524080102,1.3856443508310425,1.3522806268573055,1.746902094741402
s10,354.0,1.289885132575838,0,False,0.9301658414003977,-0.06196244315935413,1.426650504785227,1.426094129364436,1.4839703026201323,1.4568093500144157,1.4100028616352749,1.746902094741402
s10,355.0,1.8858841925665846,0,False,0.8478612835768738,-0.04514053724905293,1.3294810906393542,1.325153995556545,1.3871164387158992,1.206585043218309,1.289885132575838,1.746902094741402
s10,356.0,1.7591963606932637,0,False,0.9701318654607923,-0.047040982210067014,1.8294121494561209,1.8225445260603996,1.8676850633094526,2.290570931296049,1.8858841925665846,1.746902094741402
s10,357.0,1.5774623190665547,0,False,0.9438320032085002,-0.051271890114367974,1.7198976089287599,1.718492582543253,1.7655335647533201,1.6602852173028557,1.7591963606932637,1.746902094741402
s10,358.0,1.0732474314593725,0,False,0.7976921160819015,-0.06610621928028527,1.5706049096827202,1.5677250703232821,1.6189969604376502,1.4414892998751923,1.5774623190665547,1.746902094741402
s10,359.0,1.6628482642731008,0,False,0.843642670714294,-0.05061066956628174,1.1597037498094038,1.1463299404729834,1.2124361597532687,0.7770960631318853,1.0732474314593725,1.746902094741402
s10,360.0,1.205737854103714,0,False,0.8336961413870083,-0.06355558597297,1.6451484167867338,1.6372350676599887,1.6878457372262705,2.0678326080054275,1.6628482642731008,1.746902094741402
s10,361.0,1.6732303037246452,0,False,0.8819282515066286,-0.05103000215870595,1.266280382432892,1.2557108432491775,1.3192664292221474,0.9173349473306134,1.205737854103714,1.746902094741402
s10,362.0,1.2260689993467686,0,False,0.8394116879580229,-0.06360354300325587,1.651212229078931,1.6451870274984322,1.6962170296571382,2.0083877705936377,1.6732303037246452,1.746902094741402
s10,363.0,0.9788882804357857,0,False,0.8462139802809344,-0.07239858617251624,1.28227037168858,1.2720563860777978,1.3356599290810536,0.9410121773680866,1.2260689993467686,1.746902094741402
s10,364.0,0.502705044629408,0,False,0.6146710537078219,-0.0892360392753701,1.0750873717919625,1.0639534813912033,1.1363520675637195,0.8344469107122163,0.9788882804357857,1.746902094741402
s10,365.0,0.5038175409235407,0,False,0.8029651651913894,-0.09401624807700729,0.6975430632967128,0.663157834311447,0.7523938735868171,0.3629093903209594,0.502705044629408,1.746902094741402
s10,366.0,0.5809380189671276,0,False,0.8713403458266146,-0.09636634726274192,0.6777991344007939,0.6592746584916154,0.7532909065686226,0.5536927705489851,0.5038175409235407,1.746902094741402
s10,367.0,0.700998201387937,0,True,0.9247777251652128,-0.09690966185170942,0.7315071485996305,0.7191086876868538,0.8154750349495957,0.6652970102626934,0.5809380189671276,1.746902094741402
s10,368.0,0.7053985496681914,0,True,0.8725342617572669,-0.10020889043384508,0.8226626009573356,0.8153728357393799,0.9122824975910894,0.8064168718658219,0.700998201387937,1.746902094741402
s10,369.0,1.133892792392503,0,False,0.8938920584727861,-0.09066075813128543,0.8283949158381501,0.8156217156405149,0.91583060607436,0.7353172733040253,0.7053985496681914,1.746902094741402
s10,370.0,1.1031630103817793,0,False,0.9332567748569827,-0.09268612501905774,1.1802950663967964,1.170675239974189,1.2613359981054746,1.4562600547084759,1.133892792392503,1.746902094741402
s10,371.0,1.4174539557128458,0,False,0.9319782357913368,-0.08447865728690913,1.1500578688843404,1.1438716979745593,1.2365578229936172,1.0889418106011082,1.1031630103817793,1.746902094741402
s10,372.0,1.1845100128248336,0,False,0.8860134517081334,-0.09110834624606103,1.4112460321031977,1.405499644796563,1.4899783020834723,1.6585695607166144,1.4174539557128458,1.746902094741402
s10,373.0,1.6324489449233948,0,False,0.8876523603505833,-0.07846612455327047,1.2214266810728784,1.2110415551637097,1.3021499014097708,1.0315008880563459,1.1845100128248336,1.746902094741402
s10,374.0,1.877425694649503,0,False,0.9396267395859945,-0.06968939064449346,1.5936833815762668,1.5848678976902697,1.6633340222435402,1.9565247478399486,1.6324489449233948,1.746902094741402
s10,375.0,1.625698251515177,0,False,0.9326544274955173,-0.07465370446415746,1.7953827545667838,1.7911753788373104,1.860864769481804,2.0620310295971316,1.877425694649503,1.746902094741402
s10,376.0,1.5947121435507656,0,False,0.9806080198705813,-0.07430945221301541,1.588264664979416,1.5832370685126969,1.6578907729768544,1.4385616787965756,1.625698251515177,1.746902094741402
s10,377.0,1.4989381418091916,0,False,0.9572972745499563,-0.0760992018716568,1.5600374711846468,1.558596463763904,1.6329059159769195,1.5709524452772654,1.5947121435507656,1.746902094741402
s10,378.0,1.5019663089873936,0,False,0.9824634974840026,-0.07542766639695918,1.4828314364886326,1.4795817931641397,1.5556809950357966,1.4274340099475067,1.4989381418091916,1.746902094741402
s10,379.0,1.6125527356008262,0,False,0.9828623415364652,-0.07153193474671066,1.4840177513874218,1.4826950139258757,1.5581226803228347,1.5053499620014656,1.5019663089873936,1.746902094741402
s10,380.0,1.4783984871870495,0,False,0.9460589964827738,-0.07445275874446951,1.5769851769792695,1.5757592871123445,1.6472912218590552,1.700788473439541,1.6125527356008262,1.746902094741402
s10,381.0,1.9211062949237607,0,False,0.8897775478852402,-0.06075956820330834,1.4686826667396915,1.464666610218389,1.5391193689628584,1.3793368778858293,1.4783984871870495,1.746902094741402
s10,382.0,1.478909364382721,0,False,0.8765885851770241,-0.07145206541268356,1.842023006625364,1.8353259380285614,1.8960855062318698,2.235968896537582,1.9211062949237607,1.746902094741402
s10,383.0,1.5017384086965726,0,False,0.9875952382583792,-0.0704422902417722,1.4768972368174635,1.4680792363328605,1.539531301745544,1.1738394577923892,1.478909364382721,1.746902094741402
s10,384.0,1.6876896528837726,0,False,0.9600890127434504,-0.06443649951027267,1.4883704483274385,1.4874966285004552,1.5579389187422275,1.520614837527055,1.5017384086965726,1.746902094741402
s10,385.0,1.7378211583624041,0,False,0.9913229260993464,-0.06160504847407928,1.646011181466769,1.6434394571559579,1.7078759566662305,1.8324482109109246,1.6876896528837726,1.746902094741402
s10,386.0,2.222323654510223,0,False,0.8807781954095125,-0.045536133868126105,1.6872277192033809,1.6866931676451178,1.7482982161191971,1.777983581087283,1.7378211583624041,1.746902094741402
s10,387.0,2.6087249730199,0,False,0.9011667907510003,-0.030077233659277336,2.09885719944544,2.093428299391608,2.138964433259734,2.556475703463985,2.222323654510223,1.746902094741402
s10,388.0,2.3660871521662514,0,False,0.9824881209235529,-0.031708180202328386,2.4234246664624983,2.42045203693462,2.450529270593897,2.8738618686310233,2.6087249730199,1.746902094741402
s10,389.0,2.4177301247084295,0,False,0.9651889583622283,-0.025871564822992944,2.223731548548019,2.2231762787305818,2.25488445893291,2.1719210806721283,2.3660871521662514,1.746902094741402
s10,390.0,2.4898202248655092,0,False,0.9596606699458483,-0.01929657467016252,2.271554502558116,2.2706538864378287,2.2965254512608215,2.453702289784499,2.4177301247084295,1.746902094741402
s10,391.0,2.7712478226884403,0,False,0.9188127098322093,-0.006219846635559688,2.3361352990962136,2.3353568882016797,2.354653462871842,2.5401508548063476,2.4898202248655092,1.746902094741402
s10,392.0,2.324753146028505,0,False,0.9477121719751771,-0.013737919479234636,2.5758605466446034,2.5753555741510032,2.581575420786563,2.964347613430466,2.7712478226884403,1.746902094741402
s10,393.0,2.1564614866509224,0,False,0.9851497750187594,-0.015278612448832152,2.2085362449419885,2.20781791897084,2.221555838450074,1.9781622426275096,2.324753146028505,1.746902094741402
s10,394.0,1.8803273120256387,0,False,0.9482493388292422,-0.02098617938984209,2.070806434224903,2.0705795433926366,2.0858581558414686,2.0217304698115424,2.1564614866509224,1.746902094741402
s10,395.0,1.6170106827975945,0,False,0.9293681200589695,-0.02774240596123189,1.8433042838361269,1.8422182351772545,1.8632044145670965,1.6683099278097195,1.8803273120256387,1.746902094741402
s10,396.0,2.0647756267751656,0,False,0.8887702547260314,-0.014493438191880082,1.6251028660839015,1.6231433677967724,1.6508857737580043,1.42208116809308,1.6170106827975945,1.746902094741402
s10,397.0,2.370216102794538,0,False,0.9183396318125037,-0.003310040073671215,1.999048266959136,1.9974361655209094,2.0119296037127894,2.379782593807372,2.0647756267751656,1.746902094741402
s10,398.0,2.362232730460704,0,False,0.9775133964422787,-9.016894311039952e-05,2.255173991866475,2.2549036927753434,2.258213732849015,2.5872424244991388,2.370216102794538,1.746902094741402
s10,399.0,2.250648359898026,0,False,0.9997497260957524,-0.0001213094100025181,2.2516884030543736,2.2516863754610967,2.251776544404207,2.3534565080541308,2.362232730460704,1.746902094741402
s10,400.0,1.9437956343832912,0,False,0.9469693214814341,-0.006657901183543421,2.161682057195234,2.1616820268346544,2.161803336244657,2.160675434093617,2.250648359898026,1.746902094741402
s10,401.0,1.2676627961492861,0,False,0.797102932000784,-0.02585969453714771,1.9080756476200347,1.9077225746027617,1.9143804757863052,1.707933870276921,1.9437956343832912,1.746902094741402
s10,402.0,1.199440155658776,0,False,0.9340493215143244,-0.030176639785268564,1.3485851867970802,1.3433383305961377,1.3691980251332854,0.8536974665178737,1.2676627961492861,1.746902094741402
s10,403.0,0.9345738850715388,0,False,0.8315920376783908,-0.04065977726590269,1.2860019709609323,1.284011801092676,1.3141884408779445,1.1556262180735617,1.199440155658776,1.746902094741402
s10,404.0,1.0056199135975286,0,False,0.9550105510380201,-0.04228999512975887,1.066807939297202,1.0599605090594009,1.1006202863253036,0.7849358443298775,0.9345738850715388,1.746902094741402
s10,405.0,1.4457619496657705,0,False,0.8896700641342109,-0.03238562990892799,1.1175190458822342,1.1156164423047414,1.1579064374345003,1.0671800791269306,1.0056199135975286,1.746902094741402
s10,406.0,1.9981478533145132,0,False,0.861974077689753,-0.016853737319111793,1.4839912047914656,1.4804181003206405,1.5128037302295685,1.768900162257749,1.4457619496657705,1.746902094741402
s10,407.0,1.984633970508397,0,False,0.9933063484046212,-0.015555286077260743,1.9436785150845404,1.9413522624466955,1.9582059997658072,2.3765600526240944,1.9981478533145132,1.746902094741402
s10,408.0,1.3566958107607339,0,False,0.8215334299471431,-0.0328070359344273,1.9318582609984194,1.9317541393329518,1.9473094254102126,1.9735604965242786,1.984633970508397,1.746902094741402
s10,409.0,1.3506884284904446,0,False,0.9677163130325789,-0.034531797698198176,1.4140354464596252,1.4081804872828072,1.4409875232172344,0.955778694600768,1.3566958107607339,1.746902094741402
s10,410.0,1.1124574548659205,0,False,0.8732618286551322,-0.04320642883851226,1.4027266399570337,1.4016118262097228,1.436143623907921,1.3487597168887324,1.3506884284904446,1.746902094741402
s10,411.0,0.7983524934175306,0,False,0.7823497175675267,-0.055281226000581704,1.2063216359345135,1.2008457321531782,1.2440521609916906,0.961389385103699,1.1124574548659205,1.746902094741402
s10,412.0,1.4395210245341636,0,False,0.8157640011288675,-0.040160607842248494,0.9475323937086304,0.9355004192563904,0.9907816452569721,0.6420886362103875,0.7983524934175306,1.746902094741402
s10,413.0,1.4097536838715976,0,False,0.9664655470905551,-0.04189632467874304,1.4750099414558375,1.4676109117547491,1.5077715195969976,1.8738369511002437,1.4395210245341636,1.746902094741402
s10,414.0,1.299668259956991,0,False,0.9339858232584091,-0.04616246867444775,1.4432780301408328,1.4418730598138148,1.4837693844925577,1.3890385232635767,1.4097536838715976,1.746902094741402
s10,415.0,1.520742113380396,0,False,0.9569558091028488,-0.041005475623520846,1.351889722382069,1.3488423450161657,1.3950048136906135,1.2230569733284633,1.299668259956991,1.746902094741402
s10,416.0,1.4954695780070197,0,False,0.9746942707530525,-0.04210908613858245,1.5340216426963071,1.5322565951757399,1.5732620707992606,1.6935871101583038,1.520742113380396,1.746902094741402
s10,417.0,1.5021560886421195,0,False,0.983424429285208,-0.04236765711042668,1.5118407221695864,1.5107751210369271,1.5528842071755096,1.4770603101433142,1.4954695780070197,1.746902094741402
s10,418.0,1.5124209890323108,0,False,0.9850930894041644,-0.04247226885519997,1.5166103152878745,1.5159080471914204,1.5582757043018471,1.5083884332844355,1.5021560886421195,1.746902094741402
s10,419.0,1.1962031375982654,0,False,0.8662095315068863,-0.05230858300083989,1.5247134061008891,1.5240802757862624,1.5665525446414623,1.5213813815128465,1.5124209890323108,1.746902094741402
s10,420.0,1.533551411171537,0,False,0.9221284895033007,-0.04408013379610272,1.2662681608395248,1.2592697710136316,1.3115783540144714,0.9907781676457306,1.1962031375982654,1.746902094741402
s10,421.0,1.7688126741243078,0,False,0.9448378716492899,-0.03720106518902879,1.5429429738234428,1.5395103872218436,1.5835905210179464,1.788278200924621,1.533551411171537,1.746902094741402
s10,422.0,1.7120744562982342,0,False,0.9824641640192394,-0.037921422551167844,1.7381384583022763,1.7360863683695358,1.7732874335585647,1.948292338481878,1.7688126741243078,1.746902094741402
s10,423.0,1.4538280270975046,0,False,0.9141097286129329,-0.04499507967043924,1.6902815815858987,1.6896165977398843,1.7275380202910522,1.667398463759853,1.7120744562982342,1.746902094741402
s10,424.0,1.659266194808948,0,False,0.9560424401999967,-0.039446469610609276,1.478177165751926,1.4743125261479493,1.5193076058183885,1.269106638221587,1.4538280270975046,1.746902094741402
s10,425.0,0.838143447863618,0,False,0.6650890671722287,-0.0636674948955888,1.6472449279097425,1.645510957362935,1.6849574269735443,1.818763777919027,1.659266194808948,1.746902094741402
s10,426.0,1.4287250748348082,0,False,0.8348128944175749,-0.049581699765869576,0.9805215106171232,0.9591985705108342,1.022866065406423,0.4596593459717989,0.838143447863618,1.746902094741402
s10,427.0,1.5000894037556016,0,False,0.9996595399323913,-0.04806356109640631,1.4576750389143405,1.4494847814401597,1.4990664812060293,1.8378828155923892,1.4287250748348082,1.746902094741402
s10,428.0,1.6983303147788942,0,False,0.9565314772027178,-0.04237002339149309,1.5085620883383806,1.5085457246151202,1.5566092857115266,1.5576318599968186,1.5000894037556016,1.746902094741402
s10,429.0,2.1416515514169454,0,False,0.8899449229761434,-0.028343049628274795,1.675927521637384,1.6740857593096694,1.7164557827011624,1.852016407985661,1.6983303147788942,1.746902094741402
s10,430.0,2.605009393221625,0,False,0.8866227987358836,-0.01155997262384707,2.0486927895839653,2.0455734930740346,2.0739165427023094,2.452317358341859,2.1416515514169454,1.746902094741402
s10,431.0,2.2671837166955124,0,False,0.9617910801636292,-0.01662366117502996,2.437283972411057,2.4359733350682755,2.4475333076921224,2.918412337208176,2.605009393221625,1.746902094741402
s10,432.0,1.8958173870327428,0,False,0.9314778349902471,-0.02450451569900626,2.1591477099691763,2.1585125378319527,2.1751361990069826,2.0016775710752843,2.2671837166955124,1.746902094741402
s10,433.0,1.8392041792522515,0,False,0.9901915094441683,-0.024864088081865084,1.8528690278157571,1.8511899253475457,1.875694441046552,1.6155151587967391,1.8958173870327428,1.746902094741402
s10,434.0,2.009796165500956,0,False,0.953253516717397,-0.018725655267504186,1.8054256175287233,1.805181738355593,1.8300458264374582,1.793913479031347,1.8392041792522515,1.746902094741402
s10,435.0,2.2928356491712765,0,False,0.923757161615553,-0.008406765700895949,1.949748022148587,1.948872663617669,1.9675983188851731,2.1389459617285973,2.009796165500956,1.746902094741402
s10,436.0,2.673027306304098,0,False,0.9020956847831677,0.006161657065336853,2.1880541697750076,2.1874132140963383,2.195819979797234,2.496260292873745,2.2928356491712765,1.746902094741402
s10,437.0,3.286008157986692,0,False,0.8647458117119471,0.029485717636100816,2.507936219478978,2.5085394722945606,2.5023778152292238,2.9328644852179777,2.673027306304098,1.746902094741402
s10,438.0,3.1892700009839174,0,False,0.9688867866058954,0.03438006791763003,3.022136924794649,3.0261249915996107,2.9966392739635097,3.6742803307934278,3.286008157986692,1.746902094741402
s10,439.0,3.0358736338112378,0,False,0.9803290322810113,0.03686576696308982,2.951947324572953,2.953016998962578,2.918636931044948,3.1052742971493084,3.1892700009839174,1.746902094741402
s10,440.0,2.959125400300571,0,False,0.9714945470827377,0.04068506535352572,2.8310902686408412,2.8318154539527076,2.794949686989618,2.9098802303603115,3.0358736338112378,1.746902094741402
s10,441.0,2.297056994628319,0,False,0.9134129732040195,0.026384251977268118,2.7725910276220342,2.773750773836905,2.7330657084833794,2.8925615187283893,2.959125400300571,1.746902094741402
s10,442.0,2.081150354151316,0,False,0.9724497593985012,0.02205052242475688,2.223323471968743,2.2256080059016905,2.1992237539244224,1.8009677382592109,2.297056994628319,1.746902094741402
s10,443.0,1.2166343182447483,0,False,0.7510122017211507,-0.002865952111918816,2.04657597226908,2.047183469467271,2.025132947042514,1.9103124978417934,2.081150354151316,1.746902094741402
s10,444.0,0.6246526770186326,0,False,0.6407705401575855,-0.023881968684005214,1.3259001498611647,1.3251865627548454,1.3280525148667641,0.7208601795648228,1.2166343182447483,1.746902094741402
s10,445.0,1.397908423567935,0,False,0.7572388001841228,-0.006749953916009788,0.8354203713450834,0.8268412646347548,0.85072323331876,0.4000053392740547,0.6246526770186326,1.746902094741402
s10,446.0,1.370960784371775,0,False,0.9637763393874841,-0.009645179606000562,1.4691069342828198,1.4674683073714674,1.4742182612874772,1.8885681182302836,1.397908423567935,1.746902094741402
s10,447.0,0.8939838514163804,0,False,0.7625246615827002,-0.026111000289310612,1.4431939245726426,1.442844540860048,1.4524897204660487,1.3529726073498456,1.370960784371775,1.746902094741402
s10,448.0,1.2213157688603014,0,False,0.9331362987181644,-0.020724943686568867,1.0479812673990283,1.04178054876891,1.0678915490582206,0.6420170502691704,0.8939838514163804,1.746902094741402
s10,449.0,1.3265737354949025,0,False,0.9980277812804698,-0.020260801802349255,1.3124880857979906,1.311102339354249,1.3318272830408178,1.4749929916406535,1.2213157688603014,1.746902094741402
s10,450.0,0.8682650256924669,0,False,0.7605444401621799,-0.036106007685187666,1.396478513853001,1.3964385551204135,1.4166993569227628,1.4114561705216615,1.3265737354949025,1.746902094741402
s10,451.0,1.009434384516648,0,False,0.9817070165777247,-0.03615441083729114,1.0196936072038623,1.0110478229200972,1.0471538306052848,0.6300451491940198,0.8682650256924669,1.746902094741402
s10,452.0,0.3243996957480779,0,False,0.4388200563774046,-0.06016725179972857,1.1254890998674136,1.124827727829325,1.1609821386666161,1.1239526937799762,1.009434384516648,1.746902094741402
s10,453.0,0.3076202233001183,0,False,0.6733980917891167,-0.06739228479041727,0.5822193112959726,0.5484546563230744,0.608621908122803,0.24151275335694322,0.3243996957480779,1.746902094741402
s10,454.0,0.4030818477475191,0,False,0.8086685508491376,-0.07113082708243824,0.5497103729594598,0.5276999241482182,0.5950922089386355,0.3923982487537304,0.3076202233001183,1.746902094741402
s10,455.0,0.5049064291581092,0,False,0.8586210584650821,-0.07401166696795439,0.6145439895669629,0.6009344253419806,0.6720652524244188,0.5167925118919793,0.4030818477475191,1.746902094741402
s10,456.0,0.5506033918939175,0,False,0.8446238667322136,-0.07789828231592948,0.6906209279635844,0.6801572368264203,0.7541689037943746,0.6106428180296783,0.5049064291581092,1.746902094741402
s10,457.0,1.1479103695605808,0,False,0.8164404367557262,-0.06485448724760175,0.7252207345107752,0.7131172006163237,0.7910154829322531,0.6190791931375665,0.5506033918939175,1.746902094741402
s10,458.0,0.9446618139162752,0,False,0.8524404489023574,-0.07274815961916113,1.219688887655189,1.2077842263015879,1.2726387135491897,1.5640221306639068,1.1479103695605808,1.746902094741402
s10,459.0,1.031773306273876,0,False,0.9641264500283546,-0.07287514854770377,1.0467409563352137,1.0360062705586308,1.1087544301777918,0.8291736546251068,0.9446618139162752,1.746902094741402
s10,460.0,1.6623211123139774,0,False,0.8302145440175263,-0.05618909745747,1.1087336995893025,1.1061194093061855,1.1789945578538892,1.104775020145214,1.031773306273876,1.746902094741402
s10,461.0,1.340506363637183,0,False,0.8856314362861296,-0.06491085407573881,1.6407716757792032,1.6312315842461431,1.687420681703613,2.0886854167262574,1.6623211123139774,1.746902094741402
s10,462.0,1.4640288943800377,0,False,0.9875418974852744,-0.06188066889872049,1.3704464829628433,1.3630227218127604,1.4279335758884992,1.1206953501111037,1.340506363637183,1.746902094741402
s10,463.0,1.6564497348665386,0,False,0.9595790228907611,-0.05615674122666004,1.4664230615146772,1.465652145797857,1.5275328146965776,1.5631784540100468,1.4640288943800377,1.746902094741402
s10,464.0,1.8000099423701577,0,False,0.9663643582770023,-0.05095233411107479,1.628799615535635,1.6265297051839827,1.6826864464106428,1.8063924187014202,1.6564497348665386,1.746902094741402
s10,465.0,1.834880959681968,0,False,0.9899858665668358,-0.04833061192508224,1.7492040346039939,1.7474902201488833,1.798442554259958,1.9118197991436892,1.8000099423701577,1.746902094741402
s10,466.0,1.7245278254354899,0,False,0.9713107907991803,-0.04994165606587027,1.7787132859918149,1.7782292967950908,1.826559908720173,1.8626334150881951,1.834880959681968,1.746902094741402
s10,467.0,1.7559096372791492,0,False,0.9947611099408877,-0.04789350156134396,1.6890706070803148,1.6876378204616056,1.737579476527476,1.6384746130253427,1.7245278254354899,1.746902094741402
s10,468.0,1.607575867475313,0,False,0.9539943161453234,-0.05111592246765659,1.7152408064749594,1.7149898976857336,1.7628833992470776,1.781117530301807,1.7559096372791492,1.746902094741402
s10,469.0,1.8967513137431655,0,False,0.9285065757974393,-0.04197825292089094,1.5945139518199647,1.5921623288509776,1.6432782513186341,1.4951157487538114,1.607575867475313,1.746902094741402
s10,470.0,1.962536478089271,0,False,0.9776064083714235,-0.038136235660702664,1.8374704051263506,1.834469236082995,1.876447489003886,2.111798894252578,1.8967513137431655,1.746902094741402
s10,471.0,2.1868767778338896,0,False,0.9375543024823196,-0.029270595554026564,1.8922094482323233,1.8913554409446864,1.9294916766053891,2.013652824025479,1.962536478089271,1.746902094741402
s10,472.0,2.151574470720382,0,False,0.9903471944393452,-0.027156726044918696,2.082939976506249,2.08111215375012,2.1103827493041463,2.3516952583557744,2.1868767778338896,1.746902094741402
s10,473.0,1.6219245013080963,0,False,0.8759864402642443,-0.04014181828405726,2.055023047875557,2.0547609092793815,2.0819176353243,2.122711741062996,2.151574470720382,1.746902094741402
s10,474.0,1.4947848726062583,0,False,0.9492669812415553,-0.043739454732883314,1.6196842173467982,1.6147060875671266,1.6548479058511838,1.251900157838336,1.6219245013080963,1.746902094741402
s10,475.0,1.4875342989261016,0,False,0.9787216119532487,-0.04437120549685204,1.5108116923025068,1.5085926577250592,1.5523321124579426,1.4003895600811653,1.4947848726062583,1.746902094741402
s10,476.0,1.6702591617145999,0,False,0.961586349139324,-0.03932686840542575,1.5030587397290545,1.5021145920003902,1.5464857974972424,1.4830667769863128,1.4875342989261016,1.746902094741402
s10,477.0,1.468883628117852,0,False,0.9289987152697594,-0.044895193264480625,1.656005145345384,1.6544944567530142,1.69382132515844,1.8128401025769005,1.6702591617145999,1.746902094741402
s10,478.0,1.5062890474092554,0,False,0.9917327166961978,-0.04430308520302527,1.4897397284274008,1.4865521120274103,1.5314473052918909,1.322480473725446,1.468883628117852,1.746902094741402
s10,479.0,2.302040916980232,0,False,0.8086254267911169,-0.02076101143987878,1.5176713910319557,1.5173051248753497,1.561608210078375,1.5366579426410854,1.5062890474092554,1.746902094741402
s10,480.0,2.235776104370573,0,False,0.9926798342859523,-0.019162170339370864,2.186454530724001,2.1824814010203095,2.203242412460188,2.8019751260888044,2.302040916980232,1.746902094741402
s10,481.0,1.9609578233045886,0,False,0.954118789818158,-0.024252914711893753,2.1307895726510098,2.1306493023886848,2.1498114727280555,2.1821070126223665,2.235776104370573,1.746902094741402
s10,482.0,1.8046798858769018,0,False,0.9669529527977683,-0.027231493753039477,1.9050786069925112,1.9039658539150925,1.9282187686269863,1.7480299531863253,1.9609578233045886,1.746902094741402
s10,483.0,1.6781016484770321,0,False,0.9643953967722769,-0.030137740805256247,1.775876470677035,1.774976550217591,1.8022080439706305,1.6827517565100991,1.8046798858769018,1.746902094741402
s10,484.0,1.4822702502426732,0,False,0.9316533709708208,-0.03576984849741624,1.6710802156182238,1.6700071733146726,1.700144914119929,1.5804572775959032,1.6781016484770321,1.746902094741402
s10,485.0,1.4318112430377203,0,False,0.9629358160768557,-0.038009653738754895,1.5089161663146915,1.5064714177490086,1.5422412662464249,1.339257601196045,1.4822702502426732,1.746902094741402
s10,486.0,2.2071459781241667,0,False,0.8100224136976499,-0.015701632807019913,1.4649540771966962,1.463545280399668,1.501554934138423,1.3952179096205628,1.4318112430377203,1.746902094741402
s10,487.0,2.2367101862139784,0,False,0.9748252121338045,-0.011931067279349903,2.1140076269266617,2.111024668624978,2.126726301431998,2.698270861964775,2.2071459781241667,1.746902094741402
s10,488.0,1.8759533527293575,0,False,0.9318902210726234,-0.01981147405227596,2.138933940581334,2.1386335784935593,2.150564645772909,2.257779709586803,2.2367101862139784,1.746902094741402
s10,489.0,1.6605115471332341,0,False,0.9435080261722398,-0.025192110941728827,1.8412154652329222,1.8398661101149962,1.8596775841672721,1.603770005583878,1.8759533527293575,1.746902094741402
s10,490.0,1.7210704624275563,0,False,0.989711401914159,-0.02338308129134323,1.662192626153356,1.6607694740813699,1.6859615850230987,1.4980468305405663,1.6605115471332341,1.746902094741402
s10,491.0,1.5720086764514196,0,False,0.9508531226008119,-0.027565080163309455,1.711649217975709,1.7114086388502938,1.734791720141637,1.7695393764172351,1.7210704624275563,1.746902094741402
s10,492.0,2.1368830129366767,0,False,0.8609786115158214,-0.011069624019134899,1.5883892124128103,1.5870344747975254,1.6145995549608347,1.4598167895615273,1.5720086764514196,1.746902094741402
s10,493.0,1.8815351569534058,0,False,0.9523534745177186,-0.016393627193522445,2.0605408439341284,2.0590019294329904,2.0700715534521255,2.5197464399178475,2.1368830129366767,1.746902094741402
s10,494.0,1.5473216146633717,0,False,0.90726708322531,-0.02540751982236955,1.8485658016674313,1.847784702291608,1.8641783294851306,1.6846250372065248,1.8815351569534058,1.746902094741402
s10,495.0,1.895943265715939,0,False,0.9138305160945205,-0.015607809446638069,1.5716423666126957,1.5692862531915566,1.5946937730139261,1.307220105557235,1.5473216146633717,1.746902094741402
s10,496.0,1.8979308261698558,0,False,0.9941428171200952,-0.014475528581405208,1.8615330475470055,1.8601881306620938,1.8757959401087319,2.151086919497825,1.895943265715939,1.746902094741402
s10,497.0,1.57559804878374,0,False,0.9127333307776542,-0.023095278022443273,1.8630078159698598,1.8629230301516753,1.8773985587330804,1.8994037967185184,1.8979308261698558,1.746902094741402
s10,498.0,1.6125512604773855,0,False,0.9984723793922782,-0.0225506944782938,1.5964139236601858,1.594398475672403,1.6174937536948464,1.3420303690183903,1.57559804878374,1.746902094741402
s10,499.0,1.9998894790401778,0,False,0.9034649549594492,-0.011296190245667618,1.6247737868582421,1.6247393379526387,1.6472900324309325,1.6423550894679642,1.6125512604773855,1.746902094741402
s10,500.0,1.9040166807354997,0,False,0.9856310116674579,-0.012625113572274377,1.949404603189877,1.948314124955725,1.9596103152013926,2.278171558350941,1.9998894790401778,1.746902094741402
s10,501.0,2.152483830742348,0,False,0.9331269453911732,-0.004141017208060142,1.8698620287114907,1.8696806186018737,1.882305732174148,1.8275109219932593,1.9040166807354997,1.746902094741402
s10,502.0,2.140643030527093,0,False,0.9862859526526438,-0.0022770220127950333,2.0787867798214803,2.0785098573515897,2.0826508745596497,2.3347613383881893,2.152483830742348,1.746902094741402
s10,503.0,2.228840273758233,0,False,0.9638436426094553,0.002463396431346439,2.0708575528078783,2.070826325620184,2.073103347632979,2.1303001964277097,2.140643030527093,1.746902094741402
s10,504.0,2.32401829768308,0,False,0.9598089030996103,0.007783475184782432,2.1465932717934475,2.146682339235214,2.1442189428038674,2.294324988969232,2.228840273758233,1.746902094741402
s10,505.0,2.225497977502979,0,False,0.9989813942668838,0.007686010886847526,2.228433961028769,2.2287467874341425,2.22096331224936,2.393536333833995,2.32401829768308,1.746902094741402
s10,506.0,1.9302315854623924,0,False,0.9481761950780603,0.0011166590974310666,2.1492021494281865,2.149209978442941,2.1415239675560933,2.146054013773687,2.225497977502979,1.746902094741402
s10,507.0,2.336418012832647,0,False,0.8980093013139797,0.014072396171539688,1.9045022408391306,1.90456011036236,1.903443451264929,1.703101044362344,1.9302315854623924,1.746902094741402
s10,508.0,2.1089164350073366,0,False,0.9719130066070572,0.009988872157731421,2.243598648616557,2.2450339021342787,2.230961505962739,2.619776689482892,2.336418012832647,1.746902094741402
s10,509.0,1.8947704301572281,0,False,0.961306001680398,0.005106676375734503,2.057229732170828,2.057510289557125,2.047521417399394,1.928904225545557,2.1089164350073366,1.746902094741402
s10,510.0,1.9768266311678828,0,False,0.9735610516444335,0.008012767396452318,1.8797593327501876,1.8799569304772892,1.8748502541015546,1.7280098133030548,1.8947704301572281,1.746902094741402
s10,511.0,1.9060165510008846,0,False,0.9909153826164352,0.0067224556043358665,1.948815094928053,1.949026944071433,1.9410141766749807,2.0402944055745644,1.9768266311678828,1.746902094741402
s10,512.0,2.172464970714905,0,False,0.9289601383319086,0.015177182762632795,1.8905796611679644,1.8906407321050078,1.883918276500672,1.8492385908651583,1.9060165510008846,1.746902094741402
s10,513.0,1.994614401180811,0,False,0.9745903669037653,0.011597434617020664,2.112861154403913,2.1139393393678816,2.098762156605249,2.366810533577718,2.172464970714905,1.746902094741402
s10,514.0,1.846550332757241,0,False,0.9714214571599298,0.00798531483554245,1.9666596389147053,1.9669543254731814,1.9553568908561607,1.853855491684854,1.994614401180811,1.746902094741402
s10,515.0,2.3137653318284412,0,False,0.885009962335995,0.02207963905284422,1.8437263159229302,1.8439545245850493,1.8359692097495068,1.7302721845324978,1.846550332757241,1.746902094741402
s10,516.0,2.153261107240106,0,False,0.9864034590466948,0.01963420024792906,2.2322367955443174,2.2347757340706114,2.212696095017767,2.6355504230231293,2.3137653318284412,1.746902094741402
s10,517.0,1.8365335343001827,0,False,0.9371382369626808,0.011642851920965813,2.1026448546578678,2.1029118118656243,2.083277611617695,2.0246507340854123,2.153261107240106,1.746902094741402
s10,518.0,1.3256295604990258,0,False,0.8410005219814574,-0.0037743194237616854,1.8388033817914076,1.8395352719899418,1.8278924200689761,1.5966591104706593,1.8365335343001827,1.746902094741402
s10,519.0,0.9785705514438718,0,False,0.8177546517753299,-0.016782114663396252,1.4127638409166103,1.412163726098357,1.4159380455221187,0.993534718451891,1.3256295604990258,1.746902094741402
s10,520.0,1.1950239764015684,0,False,0.9747792642709159,-0.014510808178553812,1.122372222570931,1.119313760240154,1.1360958749035501,0.7784365720857447,0.9785705514438718,1.746902094741402
s10,521.0,1.5204572375968368,0,False,0.9260240805862404,-0.007780593830010516,1.2964827325703472,1.2961167593120604,1.3106275674906143,1.3680694589137343,1.1950239764015684,1.746902094741402
s10,522.0,1.8542597522223565,0,False,0.9180731975233681,0.0008896454970159368,1.5658273512369685,1.5652517746548082,1.5730323684848189,1.7673396958246477,1.5204572375968368,1.746902094741402
s10,523.0,1.5820699455134921,0,False,0.9241563734556661,-0.0069405106012907,1.8430022629794716,1.8430751487903798,1.8421855032933638,2.1003728267124164,1.8542597522223565,1.746902094741402
s10,524.0,1.6086255439114254,0,False,0.9956478493391978,-0.007154895037257219,1.6162980852710473,1.615771691776976,1.6227122023782667,1.3823247518210227,1.5820699455134921,1.746902094741402
s10,525.0,1.3949749271395406,0,False,0.9181632966310779,-0.014414739305309749,1.6370008752557892,1.6369697360746247,1.644124631111882,1.6300992799049956,1.6086255439114254,1.746902094741402
s10,526.0,1.9864324559474942,0,False,0.8514347267978908,0.001455089212003817,1.4586178267817114,1.4574381720370424,1.4718529113423522,1.24309279778845,1.3949749271395406,1.746902094741402
s10,527.0,1.7927158023740084,0,False,0.9583533371295571,-0.003269877039854413,1.9499985017096344,1.9502146774359492,1.9487595882239455,2.3868904822006076,1.9864324559474942,1.746902094741402
s10,528.0,2.0215520943694396,0,False,0.9400466729082104,0.003697948781042802,1.7894274131395727,1.789291233672866,1.7925611107127204,1.6430160278051034,1.7927158023740084,1.746902094741402
s10,529.0,2.2561853010073514,0,False,0.9341515000579714,0.011960246988781138,1.9805536564165684,1.9807753607494072,1.9770774119683643,2.1923396242808417,2.0215520943694396,1.746902094741402
s10,530.0,1.7299876717539666,0,False,0.8881800044569192,-0.0014869674883262723,2.1774405900010656,2.1782281543242132,2.166267907335432,2.4269969605592157,2.2561853010073514,1.746902094741402
s10,531.0,2.069258139645859,0,False,0.9142495867391056,0.008375929199636766,1.7406611894116752,1.740494916713758,1.7419818842020842,1.3544865026188724,1.7299876717539666,1.746902094741402
s10,532.0,2.319742096108772,0,False,0.9299189276610986,0.01725059530144038,2.0232016533250055,2.0239198927153184,2.0155439635156815,2.3147561448046745,2.069258139645859,1.746902094741402
s10,533.0,2.3193158461942858,0,False,0.9775878610097276,0.019787093639446685,2.233556961376866,2.2347659015940757,2.2175153062926354,2.5003949075501106,2.319742096108772,1.746902094741402
s10,534.0,2.453937331378742,0,False,0.9493709891339795,0.02629645245490428,2.2365152331039617,2.2369587041968226,2.2171716105573758,2.3166905826094655,2.3193158461942858,1.746902094741402
s10,535.0,2.0536155696264586,0,False,0.937942387634036,0.017344419733236263,2.3506852969716485,2.3520166603487254,2.3257202078938213,2.5504987144630213,2.453937331378742,1.746902094741402
s10,536.0,2.3017805635882174,0,False,0.9306627296620731,0.02578957475158586,2.01919904303338,2.0202753963098976,2.0029309765766614,1.7477125024738756,2.0536155696264586,1.746902094741402
s10,537.0,2.316488020026028,0,False,0.9749263702615139,0.02841955361531773,2.2270338791851816,2.2288220579016325,2.2030324831500465,2.4811606555566046,2.3017805635882174,1.746902094741402
s10,538.0,1.897010875700286,0,False,0.9227934828689329,0.018030549324012626,2.2425984373791055,2.243311018743789,2.2148914651284715,2.3255022598810435,2.316488020026028,1.746902094741402
s10,539.0,2.2204695942794985,0,False,0.9161943308522568,0.02780401726785598,1.8932952535694534,1.8946873294847204,1.8766567801607077,1.583318643905843,1.897010875700286,1.746902094741402
s10,540.0,1.803847126163356,0,False,0.91546783299045,0.016961226760768677,2.162943342127471,2.1652734763995993,2.137469459131743,2.45246881030174,2.2204695942794985,1.746902094741402
s10,541.0,1.5932473870445498,0,False,0.9387413270966894,0.01020371448613708,1.8170640269457081,1.8184977961989361,1.8015365694381675,1.4961160552383799,1.803847126163356,1.746902094741402
s10,542.0,1.6620104005142469,0,False,0.9908200824737432,0.010806169657963351,1.641303495445266,1.6419285614533712,1.631724846967234,1.436195183467165,1.5932473870445498,1.746902094741402
s10,543.0,1.8133664814266166,0,False,0.9640046946843607,0.014267874595707157,1.6978771170889218,1.6979763168351565,1.6871701471771932,1.7171776818404074,1.6620104005142469,1.746902094741402
s10,544.0,1.9378317023824825,0,False,0.9657235854392114,0.01769842167429788,1.8229665565938473,1.8234801330961252,1.809212258500418,1.930866117168819,1.8133664814266166,1.746902094741402
s10,545.0,1.7519289430206033,0,False,0.9570089859162506,0.012438188969915418,1.9266633947283054,1.9272700331666852,1.9095716114923873,2.0337824419953723,1.9378317023824825,1.746902094741402
s10,546.0,1.2927586467498764,0,False,0.8473039402800837,-0.0019424073387658489,1.7715771266820695,1.7721118570392516,1.7596736680693361,1.6088082177780225,1.7519289430206033,1.746902094741402
s10,547.0,1.352442567724218,0,False,0.9865353164548626,-0.002993860791928216,1.387787614109964,1.3874910161629634,1.3894334235017294,0.9938144861617919,1.2927586467498764,1.746902094741402
s10,548.0,1.61143678326763,0,False,0.9430721214024411,0.0023123176511205216,1.4346044798874804,1.4345641684993389,1.437558029291267,1.4010652436808637,1.352442567724218,1.746902094741402
s10,549.0,1.6923226462365308,0,False,0.9862649430051188,0.003620885443031056,1.648572084500991,1.6487037198395131,1.6463914021883925,1.8103716075676943,1.61143678326763,1.746902094741402
s10,550.0,1.972620422947645,0,False,0.9292583696230201,0.011342521991259333,1.7151828049387707,1.7152325380067026,1.7116116525636715,1.7569120283569628,1.6923226462365308,1.746902094741402
s10,551.0,2.0209033426284075,0,False,0.978990204266118,0.013500668368207904,1.9481627415652067,1.9489651300634552,1.9376226080721959,2.180167192496516,1.972620422947645,1.746902094741402
s10,552.0,1.8541121493905712,0,False,0.968081111238239,0.00942238357188895,1.9897713296498494,1.9900549759345363,1.9765543075663283,2.0580853309009464,2.0209033426284075,1.746902094741402
s10,553.0,2.2657017996789284,0,False,0.8970044671975796,0.02184877142954083,1.851188119077431,1.8514888710905328,1.8420664875186439,1.7235325469694487,1.8541121493905712,1.746902094741402
s10,554.0,2.396744193996462,0,False,0.9513111909909171,0.02787739531481102,2.193539738632992,2.195790064487456,2.173941293057915,2.5539440605283312,2.2657017996789284,1.746902094741402
s10,555.0,2.2407390509174028,0,False,0.991412426342455,0.02587512552716498,2.306124059996117,2.3074813771722704,2.2796039818574596,2.49155887490554,2.396744193996462,1.746902094741402
s10,556.0,2.5614069667880135,0,False,0.9136562671862047,0.037326684226221665,2.1794661389397616,2.1796883434861245,2.1538132179589593,2.1152820424760455,2.2407390509174028,1.746902094741402
s10,557.0,2.5301492065285736,0,False,0.9761972506940073,0.039740091762617905,2.446479363399045,2.449702288648699,2.4123756044224773,2.7847761875060626,2.5614069667880135,1.746902094741402
s10,558.0,2.8479819280563157,0,False,0.91206797744891,0.05237219562551546,2.4259658758514413,2.426911799293064,2.387171707530446,2.502141974110747,2.5301492065285736,1.746902094741402
s10,559.0,3.133428960631087,0,False,0.9152612139159391,0.06550045835291489,2.6912150099643135,2.6958202030511065,2.643448007425591,3.063738253248407,2.8479819280563157,1.746902094741402
s10,560.0,3.123509041960014,0,False,0.95836762242675,0.07103238784335762,2.933560962949814,2.9391113922785896,2.873610933925675,3.322071495952226,3.133428960631087,1.746902094741402
s10,561.0,2.6299564480950473,0,False,0.9571608336328492,0.06183174182729902,2.93368740143971,2.936644648630334,2.8656122607869765,3.105106516432789,3.123509041960014,1.746902094741402
s10,562.0,2.2554999709716372,0,False,0.9551342443455811,0.05361232684887578,2.526831649977501,2.5294804702524116,2.4676487284251127,2.2420882142984793,2.6299564480950473,1.746902094741402
s10,563.0,1.83140860820582,0,False,0.9164754903821453,0.04197475602080149,2.2169222782518294,2.219327635808296,2.1657153089594203,1.963084765820241,2.2554999709716372,1.746902094741402
s10,564.0,2.0025085920390393,0,False,0.9533493785197003,0.046077969098378094,1.8622289018735194,1.8657348227864858,1.8237600667656844,1.5173761692544914,1.83140860820582,1.746902094741402
s10,565.0,1.9813201495701196,0,False,0.9950364965585954,0.045283569409675754,2.0056505732985417,2.007800139193531,1.9617221700951528,2.1321319655758186,2.0025085920390393,1.746902094741402
s10,566.0,1.8330771925556633,0,False,0.9705108125029763,0.0405782557888384,1.9896962147643042,1.9899209799169084,1.9446374105072326,1.9641381153436308,1.9813201495701196,1.746902094741402
s10,567.0,1.1884383889611585,0,False,0.7891075341376489,0.02026089516942352,1.8644871231483946,1.8656837429416537,1.8251054871528154,1.7168350893856288,1.8330771925556633,1.746902094741402
s10,568.0,1.4013050539390777,0,False,0.9646062979397287,0.022532696516348774,1.3213054722320443,1.3255783423749026,1.3053174472054792,0.8029186432848884,1.1884383889611585,1.746902094741402
s10,569.0,1.7727148677426372,0,False,0.9091386724442154,0.030729450229268304,1.498692228431539,1.4994897439786532,1.4769570474623044,1.5695472974416955,1.4013050539390777,1.746902094741402
s10,570.0,2.399662395078648,0,False,0.8509547016748302,0.04850442254226783,1.8043711993357736,1.8071633179786644,1.776433867749396,2.0453187398440527,1.7727148677426372,1.746902094741402
s10,571.0,2.4116481453634457,0,False,0.9724001460017005,0.05094002426318217,2.3232320652050653,2.3304614213329677,2.2819569987907,2.8122962443394077,2.399662395078648,1.746902094741402
s10,572.0,2.2416412546364906,0,False,0.9889878506804569,0.04791241909923176,2.3411554895358373,2.342561426768171,2.2916214025049886,2.4177330923674543,2.4116481453634457,1.746902094741402
s10,573.0,2.2694496360802394,0,False,0.9740574644459441,0.04992231500189592,2.2019254872780527,2.202453105991434,2.154540686892202,2.105110927875045,2.2416412546364906,1.746902094741402
s10,574.0,2.074077274437241,0,False,0.9758280161334332,0.045338065827517725,2.2255904688179697,2.2268855802498475,2.1769632652479514,2.288891184936199,2.2694496360802394,1.746902094741402
s10,575.0,1.8812714285244472,0,False,0.9646298894924442,0.03983317421414138,2.063671904641268,2.064767815636992,2.019429749809474,1.919030717508736,2.074077274437241,1.746902094741402
s10,576.0,1.4184177459179055,0,False,0.8644827355541825,0.02527174100125059,1.9023899492404435,1.9037988530142644,1.863965678800123,1.730694032606486,1.8812714285244472,1.746902094741402
s10,577.0,1.219521786033008,0,False,0.900122073027589,0.016376579460986924,1.5126024135001908,1.5160271707084634,1.4907554297072128,1.105586933868682,1.4184177459179055,1.746902094741402
s10,578.0,0.7958486551410213,0,False,0.7492347689166499,-0.00015068079240653995,1.3451216714466738,1.3467573302541362,1.3303807507931493,1.086237361174298,1.219521786033008,1.746902094741402
s10,579.0,1.076068333260569,0,False,0.9578275685730906,0.0024730074534133517,0.9886498439036336,0.988612058399906,0.9887627391923125,0.5882727080278578,0.7958486551410213,1.746902094741402
s10,580.0,1.3910077668951852,0,False,0.9324815089596671,0.007687728579798795,1.2170794366117565,1.217183729349004,1.2147107218955906,1.2983344267848178,1.076068333260569,1.746902094741402
s10,581.0,1.3152021299945535,0,False,0.9449841231239198,0.0028535378330996055,1.4758227577179575,1.476341821551193,1.4686540929713943,1.6330478275177467,1.3910077668951852,1.746902094741402
s10,582.0,1.3389918815721429,0,False,0.9750941666074313,0.0007117835500306149,1.4102267011216887,1.4103836910077758,1.4075301531746762,1.2625204844993623,1.3152021299945535,1.746902094741402
s10,583.0,1.4182323992102708,0,False,0.9970248900540551,0.0004360296615153881,1.427406467931603,1.4274241954941116,1.426712411944081,1.359881143115095,1.3389918815721429,1.746902094741402
s10,584.0,1.3065443800168215,0,False,0.9343229328943614,-0.005098899231482508,1.4910407125472351,1.4910420097834178,1.4906059801219025,1.4821511963583183,1.4182323992102708,1.746902094741402
s10,585.0,1.1667855637089204,0,False,0.9091371669511684,-0.011958841269331031,1.395785179050862,1.395450298303871,1.4005491975353535,1.228576223491945,1.3065443800168215,1.746902094741402
s10,586.0,1.2944903148821474,0,False,0.9974371017191176,-0.011401113917301146,1.2769860173455305,1.275899403147818,1.287858244417149,1.0753350366239753,1.1667855637089204,1.746902094741402
s10,587.0,0.9328823276014115,0,False,0.8033789580464894,-0.024797501968323542,1.3794578158640831,1.3794285959688244,1.3908297098861255,1.3974447830291306,1.2944903148821474,1.746902094741402
s10,588.0,1.0274880099128794,0,False,0.9663394285305201,-0.026206626876363326,1.0793345508557282,1.0744588401808721,1.0992563421491957,0.7313510513291848,0.9328823276014115,1.746902094741402
s10,589.0,1.2833761676079145,0,False,0.9562401491560544,-0.02218531959827897,1.1502147217087153,1.1493325916717696,1.1755392185481328,1.1061866493883024,1.0274880099128794,1.746902094741402
s10,590.0,1.4321221621887106,0,False,0.9821753944640319,-0.02001213817482166,1.3606536076833462,1.3596827814068002,1.3818681010050793,1.4849861212585387,1.2833761676079145,1.746902094741402
s10,591.0,0.936430684796932,0,False,0.768631325094416,-0.03637302256138617,1.4821502061513128,1.4817934976824152,1.501805635857237,1.5511639382236895,1.4321221621887106,1.746902094741402
s10,592.0,1.4370387970429992,0,False,0.8683759856467368,-0.02523419205450081,1.0741600248458263,1.0657444468134876,1.1021174693748736,0.667552571566201,0.936430684796932,1.746902094741402
s10,593.0,1.4732939350797625,0,False,0.9891181854716177,-0.025451449405592522,1.483857272439994,1.4805358467828196,1.5057700388373203,1.7966076768652426,1.4370387970429992,1.746902094741402
s10,594.0,1.8232809940836874,0,False,0.9142964334565491,-0.016039579412029423,1.5098289522501611,1.509551994298251,1.5350034437038436,1.50288073888398,1.4732939350797625,1.746902094741402
s10,595.0,2.0779053451682263,0,False,0.9331624935871963,-0.0077374288537544085,1.8025416423871938,1.8011669932257262,1.8172065726377555,2.0807777087956376,1.8232809940836874,1.746902094741402
s10,596.0,2.0282076687602726,0,False,0.998596865431295,-0.007334568432413063,2.015296138499526,2.0147789880488944,2.022516416902649,2.265790733552304,2.0779053451682263,1.746902094741402
s10,597.0,1.9203357979822278,0,False,0.9841080557508176,-0.008977776373294485,1.9751196873981225,1.9751093960116084,1.9824439644440215,1.9881272307094247,2.0282076687602726,1.746902094741402
s10,598.0,2.0920860661845833,0,False,0.9507574396861574,-0.0028097881674347402,1.886629133644198,1.8864864593225918,1.8954642356958864,1.8343430887529224,1.9203357979822278,1.746902094741402
s10,599.0,2.299113678348897,0,False,0.9388805466402546,0.005229395451367292,2.0312792522188,2.031140891055496,2.0339506792229307,2.2208903473647696,2.0920860661845833,1.746902094741402
s11,350.0,1.578961362371649,0,False,0.9482395034163464,-0.017535628298384436,1.401324048917895,1.4004202937183508,1.423312154076334,1.5216894058067392,1.3459392014607265,1.6547013399451036
s11,351.0,1.6479085204736927,0,False,0.9861598952512459,-0.01565782823068693,1.5862228377124068,1.5853151848837759,1.6028508131821604,1.7504435411632573,1.578961362371649,1.6547013399451036
s11,352.0,1.6800477879672733,0,False,0.9927938602089117,-0.014465854064104467,1.6405320217307087,1.6403153157478578,1.6559731439785448,1.7004072478814236,1.6479085204736927,1.6547013399451036
s11,353.0,1.7292247358967656,0,False,0.9858003136438013,-0.012577209512281499,1.6663741604692501,1.6662699175026667,1.6807357715667712,1.7046369303054962,1.6800477879672733,1.6547013399451036
s11,354.0,1.3912571363430675,0,False,0.89489612955773,-0.02202094631165096,1.7062269554190264,1.7060483629887158,1.7186255725009973,1.7664260087457688,1.7292247358967656,1.6547013399451036
s11,355.0,1.5450974697504412,0,False,0.9711222495471384,-0.01875425383583242,1.4385222072446457,1.4362077205564898,1.4582286668681408,1.1652679204110425,1.3912571363430675,1.6547013399451036
s11,356.0,1.4054001262697566,0,False,0.9426314589920852,-0.023332404382147422,1.5585467251424574,1.5580051444802565,1.576759398316089,1.6611196255866154,1.5450974697504412,1.6547013399451036
s11,357.0,1.3957778636449112,0,False,0.9744409497498481,-0.024832862608646037,1.4471316838591421,1.4457931378615316,1.469125542243679,1.307596901622823,1.4054001262697566,1.6547013399451036
s11,358.0,1.6037435203558932,0,False,0.953739903313731,-0.01982692487623471,1.4375136336587853,1.4368789292755157,1.4617117918841618,1.3902388102884318,1.3957778636449112,1.6547013399451036
s11,359.0,2.1154948923037287,0,False,0.8681148402917076,-0.004425618653844944,1.6030352136858363,1.6021180182240704,1.621944943100305,1.7574062700804163,1.6037435203558932,1.6547013399451036
s11,360.0,1.9917013497965739,0,False,0.9938852150868049,-0.005028966976036988,2.012396633959279,2.0118129605363086,2.0162385791901536,2.444696614518864,2.1154948923037287,1.6547013399451036
s11,361.0,1.8362768132030336,0,False,0.9775166873708971,-0.00741554155841977,1.9158600503338536,1.9158292992824595,1.9208582662584965,1.8964710767450244,1.9917013497965739,1.6547013399451036
s11,362.0,2.1044741726134193,0,False,0.9224206435688111,0.0019079416764484231,1.7938581240569853,1.793691398117813,1.801106939676233,1.7184271578724397,1.8362768132030336,1.6547013399451036
s11,363.0,1.9734134267663124,0,False,0.9913863538109983,0.0008206858142306575,2.0095072719528706,2.009655288840238,2.0077473471637894,2.2875795454073984,2.1044741726134193,1.6547013399451036
s11,364.0,1.6292828925617762,0,False,0.921633942994545,-0.007528482204409546,1.90758142408588,1.907588493183116,1.9067678073688854,1.8727296272139935,1.9734134267663124,1.6547013399451036
s11,365.0,1.482753508346145,0,False,0.9492302692721473,-0.0120686972059499,1.6346839858630853,1.63409400839749,1.6416224906018995,1.385882974446718,1.6292828925617762,1.6547013399451036
s11,366.0,0.8830695087627322,0,False,0.7328277224529338,-0.03107629176508344,1.517268718574565,1.516655994067183,1.528724691273133,1.377921444467511,1.482753508346145,1.6547013399451036
s11,367.0,1.035318088603739,0,False,0.9851137786992871,-0.031084884972981168,1.043907252515591,1.0356045288669964,1.06668082063208,0.5935268037430497,0.8830695087627322,1.6547013399451036
s11,368.0,1.004964617375101,0,False,0.9183963370724061,-0.035522954088650284,1.1533629910408865,1.1529002545640714,1.1839851395370526,1.1530892800782806,1.035318088603739,1.6547013399451036
s11,369.0,1.076225154808465,0,False,0.9623611564515555,-0.03698846373066171,1.1279742793804883,1.1250754762088457,1.160598430297496,0.9961866384831702,1.004964617375101,1.6547013399451036
s11,370.0,1.0322986654520356,0,True,0.9186709321523092,-0.04137494498713709,1.179906910334004,1.1785147073345483,1.21550317106521,1.1343056080919802,1.076225154808465,1.6547013399451036
s11,371.0,0.6989077142429667,0,True,0.7439526101264258,-0.05461622734114223,1.1436487784178577,1.1402837927098044,1.1816587376969414,1.0133540837507835,1.0322986654520356,1.6547013399451036
s11,372.0,1.1133737507338026,0,True,0.907691434567857,-0.04732016929080943,0.8841561581781507,0.8701718157227095,0.9247880430638518,0.565644159124064,0.6989077142429667,1.6547013399451036
s11,373.0,1.2033367578077325,0,True,0.9833671485564244,-0.0471242228938264,1.2011732681848724,1.1968052112416316,1.244125380532441,1.4153030120663732,1.1133737507338026,1.6547013399451036
s11,374.0,1.4543346136742483,0,True,0.9491833065280116,-0.0414836571850139,1.2670995669126188,1.266315756713832,1.3134399796076583,1.273329787985318,1.2033367578077325,1.6547013399451036
s11,375.0,1.1561408941373665,0,True,0.8685480097023026,-0.050759776619093956,1.467452937564636,1.465344875273368,1.5068285324583819,1.640563367093762,1.4543346136742483,1.6547013399451036
s11,376.0,0.9572421936531608,0,True,0.8571625642654556,-0.05883201437998004,1.2329892593463432,1.2263167856826969,1.2770765623017908,0.972487512010872,1.1561408941373665,1.6547013399451036
s11,377.0,0.7027482941668329,0,True,0.7700780262285207,-0.06969948441098445,1.073400709273447,1.0649972952003128,1.123829309580293,0.8496792620092102,0.9572421936531608,1.6547013399451036
s11,378.0,0.9180329423367559,0,True,0.9947508213992887,-0.0678999254747617,0.8740730874892921,0.8580476444626641,0.9277471288736486,0.60348189164175,0.7027482941668329,1.6547013399451036
s11,379.0,0.8941357268011345,0,True,0.8998870328369841,-0.0718474381646705,1.0260759019672192,1.0257194831314274,1.093619408606189,1.083956213569389,0.9180329423367559,1.6547013399451036
s11,380.0,0.5073320128938135,0,True,0.6422540718611266,-0.08672826787819024,1.0105525302288643,1.0033596700111378,1.0752071081758083,0.8956943296568608,0.8941357268011345,1.6547013399451036
s11,381.0,1.066377968826846,0,True,0.8435423813946415,-0.0754505709776986,0.721481423498418,0.690454738810458,0.7771830066886483,0.41246291443526184,0.5073320128938135,1.6547013399451036
s11,382.0,1.405164527325662,0,True,0.9246542843223654,-0.06726960168872739,1.1442703676842076,1.1324655510266222,1.2079161220043209,1.4518643290537094,1.066377968826846,1.6547013399451036
s11,383.0,1.3039491389789268,0,True,0.9406006907658462,-0.07020136001552249,1.40674289282135,1.4016744165387633,1.4689440182274907,1.6513306012836233,1.405164527325662,1.6547013399451036
s11,384.0,1.72701782819461,0,True,0.892385921384,-0.05801357527213158,1.324928249040467,1.320758336748247,1.3909596967637694,1.2357653993697428,1.3039491389789268,1.6547013399451036
s11,385.0,1.0260222525158211,0,True,0.7485594167761103,-0.07700025633870687,1.665154698851794,1.6589116214016637,1.7169251966737953,2.016818741929291,1.72701782819461,1.6547013399451036
s11,386.0,1.1948326117819545,0,True,0.992421703232478,-0.07414995711322364,1.1191836269613737,1.0998226375991802,1.176822893937887,0.6596409890100965,1.0260222525158211,1.6547013399451036
s11,387.0,1.351284115335703,0,True,0.9833284422040426,-0.07059356637474805,1.2332996877668196,1.2327377573865166,1.3068877144997402,1.324760949357286,1.1948326117819545,1.6547013399451036
s11,388.0,1.1915544461695604,0,True,0.9101019660052406,-0.07555203492221191,1.358013635806862,1.3568367310850225,1.4274302974597706,1.471086541133264,1.351284115335703,1.6547013399451036
s11,389.0,1.0249094583423377,0,True,0.8802740912326461,-0.0816690488358397,1.235601901533741,1.2288099221299307,1.3043619570521425,1.0896908810597625,1.1915544461695604,1.6547013399451036
s11,390.0,1.0863696711462134,0,True,0.9604811282089598,-0.08190685252146562,1.1040743617571143,1.0942964606670778,1.1759655095029176,0.929970715158452,1.0249094583423377,1.6547013399451036
s11,391.0,1.5132899396294808,0,True,0.8942268892213487,-0.07075052796372613,1.1446493207751016,1.141412454371498,1.2233193068929638,1.1372641949852889,1.0863696711462134,1.6547013399451036
s11,392.0,1.267986010888388,0,True,0.8993772020759301,-0.07715600281941502,1.4889853428433064,1.481501839411351,1.5522523673750772,1.8115519042525992,1.5132899396294808,1.6547013399451036
s11,393.0,1.2018214400399385,0,True,0.9371846237217477,-0.07968420549126687,1.293858515315327,1.2860948624350002,1.363250865254415,1.1075881849130975,1.267986010888388,1.6547013399451036
s11,394.0,1.0544375983602796,0,True,0.8912796002240579,-0.0850287251527699,1.237593647095081,1.2325882537437134,1.3122724592349804,1.1609832841077332,1.2018214400399385,1.6547013399451036
s11,395.0,1.4479992493789051,0,True,0.9059858270087197,-0.07499937547049854,1.1229319502942416,1.1136875933031938,1.1987163184559637,0.9689133667317349,1.0544375983602796,1.6547013399451036
s11,396.0,1.0709780134415978,0,True,0.8328122385913183,-0.08567847184075866,1.43399889670999,1.4269478924502685,1.501947267920767,1.7277940702521457,1.4479992493789051,1.6547013399451036
s11,397.0,1.1934179753558296,0,True,0.9925126296954451,-0.08364938920496039,1.1401062794038603,1.1257818874958871,1.2114603593366458,0.8525438897498173,1.0709780134415978,1.6547013399451036
s11,398.0,1.6961834733549552,0,True,0.8701662384659585,-0.06942833633746771,1.222774691724594,1.2221483777718667,1.305797766976827,1.2878904730060523,1.1934179753558296,1.6547013399451036
s11,399.0,1.6098702093883406,0,True,0.9748182984697024,-0.0698444192683961,1.6327537824830307,1.6237396404192868,1.6931679767567545,2.0328684384266866,1.6961834733549552,1.6547013399451036
s11,400.0,1.1167275351549837,0,True,0.8144481845831966,-0.08304722346819796,1.558579809801286,1.5568210084817122,1.6266654277501083,1.545465239897706,1.6098702093883406,1.6547013399451036
s11,401.0,1.2268220804330374,0,True,0.9919756199172094,-0.08115242637146913,1.1790717402885926,1.1636621772087434,1.2467094006769415,0.8313914098026611,1.1167275351549837,1.6547013399451036
s11,402.0,1.4828407467834435,0,True,0.9463303494759221,-0.07417867893402189,1.2510336967823807,1.2503824988685355,1.3315349252400046,1.3118071884125657,1.2268220804330374,1.6547013399451036
s11,403.0,1.8547960845458278,0,True,0.9037886972742796,-0.0621731932290866,1.458594371489379,1.4546132277146522,1.5287919066486741,1.671977197627618,1.4828407467834435,1.6547013399451036
s11,404.0,2.223675419343822,0,True,0.8990327131675396,-0.04805900427870192,1.759184218246188,1.7532024543309999,1.8153756475600864,2.1100145388077274,1.8547960845458278,1.6547013399451036
s11,405.0,2.380714445357204,0,False,0.9373207093494226,-0.03818348258200462,2.056382776070518,2.0515303888006273,2.0995893930793295,2.4666642446917484,2.223675419343822,1.6547013399451036
s11,406.0,2.337605477489727,0,False,0.9743545270034001,-0.03352735327085361,2.1847944807208353,2.1824011671180266,2.220584649700031,2.484088983117022,2.380714445357204,1.6547013399451036
s11,407.0,1.7800939700530596,0,True,0.8974708194012759,-0.04473981655290899,2.154702570954527,2.1538427461215717,2.1873700993924254,2.3013898727030004,2.337605477489727,1.6547013399451036
s11,408.0,1.7707075782860573,0,True,0.9963523832849981,-0.0430109720359063,1.7176665644506077,1.7130794277193009,1.7578192442722098,1.392300802751429,1.7800939700530596,1.6547013399451036
s11,409.0,1.9662716293147577,0,False,0.9420466436741457,-0.03525011081836701,1.7077331429373082,1.7075762553967817,1.750587227432688,1.763428549743958,1.7707075782860573,1.6547013399451036
s11,410.0,2.480855331816482,0,False,0.8678831617426552,-0.01680490363223344,1.8680579545114795,1.8660150922786969,1.9012652030970638,2.1044499699829333,1.9662716293147577,1.6547013399451036
s11,411.0,2.288109657112914,0,False,0.9979019600698099,-0.0165896995136994,2.2831563972302225,2.2809361864951123,2.297741090127346,2.800757603555187,2.480855331816482,1.6547013399451036
s11,412.0,2.3280151900558597,0,False,0.9601121453898149,-0.010728591245548431,2.1326797203028374,2.1326449144508275,2.149234613964527,2.1396233880811444,2.288109657112914,1.6547013399451036
s11,413.0,2.575115165782905,0,False,0.9169873421028008,0.0014472919080151126,2.1696803344852285,2.169252393997454,2.1799809852430023,2.3516303877080786,2.3280151900558597,1.6547013399451036
s11,414.0,2.1327658444939663,0,False,0.9472931640304505,-0.005724140624704999,2.371693452036599,2.3718135955846367,2.3703663036766214,2.732699345663875,2.575115165782905,1.6547013399451036
s11,415.0,1.901258753497918,0,False,0.9674038035614403,-0.009401018306077917,2.0241230442179883,2.023821342877015,2.02954548350172,1.804468192747495,2.1327658444939663,1.6547013399451036
s11,416.0,1.843254631654096,0,False,0.9978591601513263,-0.009356573421366468,1.8420795729364752,1.8417731354970477,1.8511741538031257,1.7270690832509878,1.901258753497918,1.6547013399451036
s11,417.0,2.241141439981384,0,False,0.8927420044995624,0.003963870933090917,1.7971466590913658,1.7971266281661382,1.8064832015875047,1.7985806338670742,1.843254631654096,1.6547013399451036
s11,418.0,2.304376407215279,0,False,0.9567347723575702,0.009584849216125704,2.116585307596747,2.1170104644474526,2.113046593514362,2.5010842605303623,2.241141439981384,1.6547013399451036
s11,419.0,1.8856527630368498,0,False,0.9318613235815928,0.001013852578181127,2.1709379602850816,2.1713526509683354,2.1617678017522097,2.344819687508573,2.304376407215279,1.6547013399451036
s11,420.0,2.1096555907189813,0,False,0.9315805760023146,0.00909860270101828,1.8400948373849824,1.840163919957743,1.839150067379562,1.581849141941484,1.8856527630368498,1.6547013399451036
s11,421.0,1.8034525056627095,0,False,0.9454749280411341,0.0025770341746881855,2.020215602051058,2.020838123207046,2.0117395205060276,2.2637372117503713,2.1096555907189813,1.6547013399451036
s11,422.0,1.8674283192516032,0,False,0.9748876318131655,0.005248077631484197,1.7782530243845875,1.778393537358403,1.7758165031837148,1.578886352812826,1.8034525056627095,1.6547013399451036
s11,423.0,2.0637060485982257,0,False,0.9387212975392999,0.01224856122321448,1.8302248038827948,1.8303565955405499,1.8251085179090656,1.9144197443215927,1.8674283192516032,1.6547013399451036
s11,424.0,1.8329126479238245,0,False,0.9623962449998297,0.0075783927943872155,1.9878343529459641,1.988584928884733,1.9763363676615187,2.20031295125972,2.0637060485982257,1.6547013399451036
s11,425.0,2.2675439202182166,0,False,0.8847846416823437,0.021421910978113558,1.8058083380680703,1.8060933140940056,1.7985149212996183,1.6604844719801535,1.8329126479238245,1.6547013399451036
s11,426.0,2.072803547742854,0,False,0.9856126186200845,0.018961685654690013,2.1523429253744464,2.154811058523639,2.1333891475455253,2.548378802292346,2.2675439202182166,1.6547013399451036
s11,427.0,2.0044902601301273,0,False,0.9947041758059224,0.019027168924052217,2.0020346754816005,2.0023074844847204,1.9833457988300305,1.9236318671578512,2.072803547742854,1.6547013399451036
s11,428.0,1.8840290977761536,0,False,0.9877780132965992,0.01705587123341258,1.949638256255942,1.9497390207974747,1.9307118518734225,1.9517443358237956,2.0044902601301273,1.6547013399451036
s11,429.0,1.6550730824322535,0,False,0.9477311923577202,0.011059415542898195,1.854746482151303,1.8549549387827329,1.8378990675493203,1.7917868694519063,1.8840290977761536,1.6547013399451036
s11,430.0,1.241804606608687,0,False,0.8556842775584252,-0.0018630273598112725,1.671974640902021,1.6725527033656689,1.6614932878227706,1.488223398953798,1.6550730824322535,1.6547013399451036
s11,431.0,1.3300235264549838,0,False,0.9951249266951873,-0.002198790112898347,1.3414844823639125,1.341215618224553,1.3430786455843642,0.9839576396002427,1.241804606608687,1.6547013399451036
s11,432.0,1.2576537158907093,0,False,0.9426243494608302,-0.006734698800117848,1.4088613913943415,1.4088506721313592,1.4110494622442575,1.398057987777636,1.3300235264549838,1.6547013399451036
s11,433.0,1.5244388968534073,0,False,0.9413606003136482,-0.001458192428429976,1.3489417588553205,1.3485553511304784,1.3552900499305962,1.2106954843140243,1.2576537158907093,1.6547013399451036
s11,434.0,1.9225763594595935,0,False,0.8962992876474173,0.00943757201673759,1.5594697188159719,1.5593842112873415,1.5608424037157715,1.7200724637973903,1.5244388968534073,1.6547013399451036
s11,435.0,1.9341185700381616,0,False,0.9825249420239354,0.011150034373080112,1.8760578085523965,1.877036491493411,1.8675989194766733,2.191820806327743,1.9225763594595935,1.6547013399451036
s11,436.0,1.8253659279015146,0,False,0.9862070902209477,0.009281752702003807,1.8874471361069534,1.887641983604058,1.876491949230978,1.9418491650423566,1.9341185700381616,1.6547013399451036
s11,437.0,1.7845080378136315,0,False,0.9977129521146426,0.00875753127347223,1.8018540630537405,1.8019820854313506,1.792700332729347,1.7422794879994428,1.8253659279015146,1.6547013399451036
s11,438.0,1.3546584885521917,0,False,0.8697213836666026,-0.0037020457190198724,1.7699576927418814,1.7699777216352615,1.7612201903617892,1.7530466316168372,1.7845080378136315,1.6547013399451036
s11,439.0,1.4841513077552662,0,False,0.9814590953566015,-0.0019673505398926155,1.4268104325115678,1.426328135117691,1.4300301808367109,1.076434774993019,1.3546584885521917,1.6547013399451036
s11,440.0,1.1931191701789001,0,False,0.8765714216587616,-0.012008804905218077,1.5278707921485088,1.5278343156897485,1.5298016662296412,1.5829193384948064,1.4841513077552662,1.6547013399451036
s11,441.0,1.003230513697551,0,False,0.8693234481762058,-0.02071865166388448,1.2950409687034592,1.293558738986431,1.305567543891649,1.0104412896808306,1.1931191701789001,1.6547013399451036
s11,442.0,1.756496900400586,0,False,0.7955089315729696,-0.0021800553018572408,1.1412511302908868,1.138543688333012,1.1592623399968964,0.8964336703972096,1.003230513697551,1.6547013399451036
s11,443.0,1.2138970144524448,0,False,0.8222866278126952,-0.017886889206614135,1.7379039464489143,1.7374581446110076,1.7396381999128647,2.214743626958056,1.756496900400586,1.6547013399451036
s11,444.0,1.628864248793219,0,False,0.8960204418455872,-0.008131648103761073,1.306868284763632,1.3036895453647839,1.321576434571398,0.8892664880769006,1.2138970144524448,1.6547013399451036
s11,445.0,1.524300395881228,0,False,0.9630966462100293,-0.011397684816511638,1.634013811483143,1.6331682863062469,1.6412999344100079,1.9166360974828085,1.628864248793219,1.6547013399451036
s11,446.0,1.2374873151743826,0,False,0.8846799210604093,-0.02075320556594126,1.5497586196172066,1.5493380068220364,1.560735691638548,1.448053828473359,1.524300395881228,1.6547013399451036
s11,447.0,1.469640119595318,0,False,0.9538459278269887,-0.016233973719480387,1.3213923193507362,1.3189990580466224,1.3397522636125636,1.0537809154393403,1.2374873151743826,1.6547013399451036
s11,448.0,1.4646519389843318,0,False,0.981938658323434,-0.017366029394854546,1.503136392158174,1.5023871281634704,1.5186211018829507,1.6425141043862794,1.469640119595318,1.6547013399451036
s11,449.0,1.3263043901906097,0,False,0.933774001832806,-0.022499251225901976,1.497725438349323,1.4974117845588573,1.5147778139537118,1.461783406546203,1.4646519389843318,1.6547013399451036
s11,450.0,1.6456387843152056,0,False,0.9223662169196737,-0.014700628546031833,1.3871747303566508,1.3856846949862012,1.408183946212103,1.232192363065701,1.3263043901906097,1.6547013399451036
s11,451.0,1.5424679522672318,0,False,0.9650927365103953,-0.017612301926169305,1.6406649970128344,1.6395237316051474,1.6542243601511792,1.8732446808616114,1.6456387843152056,1.6547013399451036
s11,452.0,1.7213143236569464,0,False,0.9555933623893038,-0.012686505475716862,1.5577359059058604,1.557121108641865,1.5747334105680344,1.4668781130607436,1.5424679522672318,1.6547013399451036
s11,453.0,1.5104580704489137,0,False,0.9373965325394306,-0.018368091200467427,1.7004076263251386,1.6998442612739324,1.7125307667496492,1.852602514350377,1.7213143236569464,1.6547013399451036
s11,454.0,1.6997096059851051,0,False,0.9540224181639623,-0.013327874442291894,1.5328522869123686,1.5317023807125876,1.550070471913055,1.3606482270798521,1.5104580704489137,1.6547013399451036
s11,455.0,1.44219913606567,0,False,0.9192833147989476,-0.020538607753864367,1.6831696965559566,1.6825569131180855,1.6958847875603775,1.838643876099756,1.6997096059851051,1.6547013399451036
s11,456.0,1.5844126482095768,0,False,0.971836060447479,-0.01731442216415469,1.4785976035557908,1.4769397952192544,1.4974784029731187,1.2642694163501336,1.44219913606567,1.6547013399451036
s11,457.0,1.8819010894524573,0,False,0.9213316345938983,-0.008549484233226608,1.5902241340940728,1.5897364917548547,1.6070509139190094,1.6915367483275838,1.5844126482095768,1.6547013399451036
s11,458.0,2.084338578643029,0,False,0.9368020385044988,-0.0008506268078013208,1.8283825717452127,1.8277099977955196,1.8362594820287461,2.0894876435213976,1.8819010894524573,1.6547013399451036
s11,459.0,2.1651116442486305,0,False,0.9584644278031215,0.004361242420083736,1.991436427866042,1.9913826699857955,1.9922332967935967,2.2246343002122115,2.084338578643029,1.6547013399451036
s11,460.0,2.1253989150848582,0,False,0.983049745907373,0.00635835540482485,2.058647335560747,2.0588284822601546,2.0544672398400707,2.220164986213109,2.1651116442486305,1.6547013399451036
s11,461.0,1.9703827925354525,0,False,0.986625276783903,0.004563005924562874,2.0301199994711285,2.0302277752108515,2.0238694198060267,2.0935987851321993,2.1253989150848582,1.6547013399451036
s11,462.0,2.0522276886104884,0,False,0.9626920988598865,0.008859963376276798,1.9089347446120832,1.9089957735533578,1.9044327676287949,1.851661509193727,1.9703827925354525,1.6547013399451036
s11,463.0,1.953385157009068,0,False,0.9964064125567706,0.00817094318204715,1.9760219501789758,1.9763524968167228,1.967492533440446,2.1097735361211436,2.0522276886104884,1.6547013399451036
s11,464.0,1.4342849010314926,0,False,0.8627659133880375,-0.005785731523693235,1.89947802822402,1.8995073912228384,1.8913364480407913,1.8772797677002138,1.953385157009068,1.6547013399451036
s11,465.0,1.9424435984842865,0,False,0.8688257614672674,0.00791972882136525,1.4863889198967069,1.4855949203156706,1.491380651839364,1.0970521564184708,1.4342849010314926,1.6547013399451036
s11,466.0,1.6856250774361405,0,False,0.9447911712934588,0.0017637030391344328,1.889787072446306,1.8908259368438343,1.882906208022469,2.274801316110913,1.9424435984842865,1.6547013399451036
s11,467.0,2.004789520362619,0,False,0.9134542409228833,0.01130348889554704,1.6866992865032222,1.686796658482199,1.6850329554430645,1.4986434850023094,1.6856250774361405,1.6547013399451036
s11,468.0,2.1714415316486764,0,False,0.9414447197732779,0.01817935741106158,1.9412676454381737,1.9422459144648585,1.9309424255693115,2.223025415858012,2.004789520362619,1.6547013399451036
s11,469.0,1.781537633420595,0,False,0.927761983891379,0.009299777154985563,2.0764591445889153,2.077523641956462,2.0593442845454004,2.285760898074012,2.1714415316486764,1.6547013399451036
s11,470.0,1.4854728166053959,0,False,0.9158390413648404,0.0008170216452641956,1.7675595361441794,1.768231333596108,1.7589315564411223,1.5011931066553528,1.781537633420595,1.6547013399451036
s11,471.0,1.0754177858888867,0,False,0.8255878391761295,-0.012869551255023707,1.5315681212402585,1.5316368825651496,1.5308198609198855,1.2803756707758964,1.4854728166053959,1.6547013399451036
s11,472.0,1.2646128039507796,0,False,0.9799818055094283,-0.010991513909201708,1.2042561653332686,1.2020115590900464,1.21488111034507,0.8389066952639022,1.0754177858888867,1.6547013399451036
s11,473.0,1.190509182644891,0,False,0.9334337851605076,-0.015766049426701373,1.3498803968247266,1.3496603665615465,1.3606518804707481,1.4093880353615131,1.2646128039507796,1.6547013399451036
s11,474.0,1.5426223272911868,0,False,0.9161469958240611,-0.008121096231888095,1.2888400403640523,1.2877905541307444,1.3035566035574457,1.1447396611084355,1.190509182644891,1.6547013399451036
s11,475.0,1.8905869444295644,0,False,0.9090172839540454,0.0015945743899374084,1.5674122353516269,1.5667312570353813,1.5748523532672694,1.7938716978704412,1.5426223272911868,1.6547013399451036
s11,476.0,1.6054157836655236,0,False,0.9312127629864823,-0.005579341833304002,1.8444012457313033,1.8445463244402371,1.8429517500502997,2.12995995055899,1.8905869444295644,1.6547013399451036
s11,477.0,2.0029863672702106,0,False,0.8954151191728751,0.005980627838740917,1.6180378323777806,1.6176540448687136,1.6232333867020177,1.4020368631361861,1.6054157836655236,1.6547013399451036
s11,478.0,2.1951565951503254,0,False,0.9356820778036891,0.01376931283355119,1.934908278740197,1.935533761989983,1.9295531341512422,2.269589694502965,2.0029863672702106,1.6547013399451036
s11,479.0,1.431252904401251,0,False,0.8160448068913018,-0.006034666639707316,2.090499939918342,2.091385553509867,2.077616240676316,2.326136638935789,2.1951565951503254,1.6547013399451036
s11,480.0,1.3014481231366883,0,False,0.9328891822567535,-0.011481519818394187,1.4841200040266378,1.4830098957595839,1.4890445623992912,0.9615831184670881,1.431252904401251,1.6547013399451036
s11,481.0,1.192347497845892,0,False,0.9239485005952213,-0.017037630793041304,1.3783217311847433,1.3775511970007956,1.3890327168191898,1.2140260280012216,1.3014481231366883,1.6547013399451036
s11,482.0,0.8745776651103886,0,False,0.8029669506928019,-0.029438361515090408,1.2892310932134743,1.2879353558453583,1.3049729866383997,1.1232459734787783,1.192347497845892,1.6547013399451036
s11,483.0,1.203513677894117,0,False,0.9367966699060427,-0.02425394136011498,1.0365000028641955,1.0306996727282696,1.06013803424336,0.7145448153235648,0.8745776651103886,1.6547013399451036
s11,484.0,1.4040356228261917,0,False,0.9667727323218117,-0.020812543218582197,1.2908552813036285,1.2893223514417655,1.3135762928018806,1.4478901183195452,1.203513677894117,1.6547013399451036
s11,485.0,1.4611276786219518,0,False,0.9976324249193778,-0.020396563197152606,1.4479532218522198,1.4472616779076322,1.4680742211262143,1.555527834777818,1.4040356228261917,1.6547013399451036
s11,486.0,1.4562030905366474,0,False,0.981211723255063,-0.02146044695592583,1.4917141728905108,1.491665882495755,1.5120624456929075,1.5051323496495745,1.4611276786219518,1.6547013399451036
s11,487.0,1.1500349272660066,0,False,0.865484329910297,-0.03156363036316229,1.4872109123236994,1.4868077075072215,1.5082681544631473,1.4534583003303567,1.4562030905366474,1.6547013399451036
s11,488.0,1.3512755432901509,0,False,0.9699813007418996,-0.0282496164627613,1.2450542161655491,1.2408084132767847,1.272372043639947,0.9623267990476265,1.1500349272660066,1.6547013399451036
s11,489.0,1.943392331673607,0,False,0.8471496934919303,-0.011923068805055536,1.4000220931575011,1.3991740764167488,1.42742369287951,1.5039586121033028,1.3512755432901509,1.6547013399451036
s11,490.0,1.8085542530259247,0,False,0.9796909699865087,-0.013817864758032133,1.873536562846514,1.8717141181251444,1.8836371869302,2.320739861136068,1.943392331673607,1.6547013399451036
s11,491.0,1.4855941459737134,0,False,0.9100496450398887,-0.022227923193071437,1.7662100545717832,1.76592942714169,1.7797472918997221,1.7061892195536097,1.8085542530259247,1.6547013399451036
s11,492.0,2.219176181461887,0,False,0.8167037393583503,-0.0009132003325803342,1.5106848290267603,1.5086854194455173,1.5309133426385888,1.263219376601258,1.4855941459737134,1.6547013399451036
s11,493.0,1.7423027425037376,0,False,0.9079374216334134,-0.011500406803730911,2.095377011081602,2.095209624875423,2.0961228252080035,2.6582296593363846,2.219176181461887,1.6547013399451036
s11,494.0,1.3774660864035329,0,False,0.8870986946853161,-0.02169246902838602,1.7182602509946523,1.7172014938920361,1.7287019006957671,1.4074554070831349,1.7423027425037376,1.6547013399451036
s11,495.0,1.8335492578584993,0,False,0.8825476843159088,-0.009463305836622981,1.4283595928685349,1.4259104847997317,1.4476029538281177,1.1360221214427426,1.3774660864035329,1.6547013399451036
s11,496.0,1.640007973630928,0,False,0.9538314054371618,-0.013949329927323988,1.7906535971721664,1.7895421099876283,1.7990054158242512,2.1396214327165484,1.8335492578584993,1.6547013399451036
s11,497.0,1.4731620966932713,0,False,0.9435004177955346,-0.01883256530793129,1.636580630338019,1.6359366093801813,1.6498859393075052,1.498229185559334,1.640007973630928,1.6547013399451036
s11,498.0,1.4364980313205604,0,False,0.9713647260845304,-0.020812688737177003,1.5035661777004874,1.5025021456287508,1.5213347109366822,1.3545956915957202,1.4731620966932713,1.6547013399451036
s11,499.0,1.436727063674364,0,False,0.980795365286723,-0.021879070825986047,1.4728691103442386,1.4722731333013324,1.4930858220385093,1.4106784639812742,1.4364980313205604,1.6547013399451036
s11,500.0,1.4738668275759985,0,False,0.9934738488491062,-0.02180456247298877,1.4718033953725016,1.4713832158094227,1.4932622866354086,1.4379858776385408,1.436727063674364,1.6547013399451036
s11,501.0,1.638504642432347,0,False,0.9631535225504628,-0.01765161706226964,1.5002154286121874,1.5000731287417095,1.5218776912146983,1.5026088098527508,1.4738668275759985,1.6547013399451036
s11,502.0,1.9334417356252742,0,False,0.9206261296443494,-0.008580646111649362,1.631726437181298,1.6310760372712654,1.648727654333535,1.7610573132231344,1.638504642432347,1.6547013399451036
s11,503.0,2.365577974093509,0,False,0.8847000011029079,0.006364998616671462,1.868070895574849,1.8673898164828153,1.8759704625944646,2.138085685309325,1.9334417356252742,1.6547013399451036
s11,504.0,2.311959089473716,0,False,0.9772330257038494,0.009265151804993245,2.2145534321961744,2.2152873165296567,2.208922317912985,2.6420780838761817,2.365577974093509,1.6547013399451036
s11,505.0,2.0266080744385144,0,False,0.9664204852588231,0.004757136529996346,2.17666431079875,2.176875250271744,2.167610098466751,2.2683010344978003,2.311959089473716,1.6547013399451036
s11,506.0,1.826506161885099,0,False,0.9679163507373787,0.0009770124547461173,1.9523505553905385,1.9525102977267732,1.9477531611967769,1.8114859167129322,2.0266080744385144,1.6547013399451036
s11,507.0,0.8116096858202974,0,False,0.6237693766116672,-0.028511373113061098,1.794524525288947,1.7945558714138703,1.7935788589591242,1.6762219058475074,1.826506161885099,1.6547013399451036
s11,508.0,0.3478450259254512,0,True,0.5134659915618407,-0.047569357179419416,0.9938380131507121,0.9831111614707277,1.0116225345837888,0.3991002356031085,0.8116096858202974,1.6547013399451036
s11,509.0,0.8395605783907838,0,True,0.8763863327085357,-0.04058450854615564,0.6298764006426542,0.6067322906153246,0.6543016477947441,0.31347447113504245,0.3478450259254512,1.6547013399451036
s11,510.0,1.3264507643518015,0,False,0.8759567982539546,-0.030568193588790628,0.9975903990429134,0.9925735991063014,1.033158107652457,1.1955165024390253,0.8395605783907838,1.6547013399451036
s11,511.0,1.3850565255616258,0,False,0.9916945421941007,-0.03034835374673913,1.3815203074309226,1.3777285308265759,1.4082967244153666,1.6652084209291207,1.3264507643518015,1.6547013399451036
s11,512.0,1.341938242191572,0,False,0.9601770655365369,-0.03278329268069591,1.4233549302949864,1.4231028733234645,1.4534512270702036,1.4304040487074432,1.3850565255616258,1.6547013399451036
s11,513.0,1.3520483152668537,0,False,0.9754488586342287,-0.033845229423200916,1.3887517335996071,1.3874462066836872,1.4202294993643831,1.3131572887743985,1.341938242191572,1.6547013399451036
s11,514.0,0.6425353912495547,0,True,0.6215238960056424,-0.05639438372456909,1.3950048069739527,1.3941738679618265,1.4280190973850275,1.3615118391767622,1.3520483152668537,1.6547013399451036
s11,515.0,0.7991817789650546,0,True,0.9512435061794653,-0.05716772956701316,0.846303900352428,0.8249599737131903,0.8813543574377594,0.39315746415148917,0.6425353912495547,1.6547013399451036
s11,516.0,1.1438150369227065,0,True,0.9340826642784696,-0.051199659408314835,0.9476666630194639,0.9448793649660958,1.002047094533109,0.923880962874926,0.7991817789650546,1.6547013399451036
s11,517.0,0.9031384190442784,0,True,0.8324830422819355,-0.06059690953512674,1.219755035076054,1.2163800899380082,1.267579749346323,1.4000027266828747,1.1438150369227065,1.6547013399451036
s11,518.0,0.887051700991911,0,True,0.9011706022756435,-0.06463175599811928,1.0316975930241037,1.0215465830916626,1.0821434926267892,0.7787522652436674,0.9031384190442784,1.6547013399451036
s11,519.0,0.7663598192278436,0,True,0.8351987187606852,-0.07179447921340967,1.0115047772566848,1.005117259737523,1.0697490157356424,0.8939380283690048,0.887051700991911,1.6547013399451036
s11,520.0,0.6638344176388141,0,True,0.8098215867207686,-0.07902836631704376,0.9167958099202294,0.9049639877599501,0.9767584669733598,0.7233681987642124,0.7663598192278436,1.6547013399451036
s11,521.0,1.1252207866459911,0,True,0.8878320597212157,-0.06983383596643425,0.8337659309358997,0.8187364416256744,0.8977648079427182,0.6443521577875284,0.6638344176388141,1.6547013399451036
s11,522.0,1.2658727659003928,0,True,0.9950001147556615,-0.06736023606369901,1.1912525533513394,1.1834194358092178,1.2532532717756522,1.455195981843684,1.1252207866459911,1.6547013399451036
s11,523.0,1.880487155279003,0,True,0.840198951368173,-0.04977349396059439,1.2945992119591998,1.2942624185088496,1.3616226545725487,1.374179052674824,1.2658727659003928,1.6547013399451036
s11,524.0,1.8853405274336066,0,True,0.9865326563192486,-0.04677517558606939,1.7933504381450793,1.7853965816161064,1.8351700755767009,2.2711194849724343,1.880487155279003,1.6547013399451036
s11,525.0,2.047636849808607,0,False,0.946361570700358,-0.039110099717256284,1.7927642582135153,1.7921343208481701,1.8389094964342396,1.8884042855733698,1.8853405274336066,1.6547013399451036
s11,526.0,2.2190972078451656,0,False,0.9390761872149022,-0.030282542160165526,1.92694309359406,1.924845289275474,1.9639553889927301,2.161486934980225,2.047636849808607,1.6547013399451036
s11,527.0,2.318359266274652,0,False,0.9496979826814634,-0.02270514723819182,2.067624363471418,2.0657794355421957,2.096061977702361,2.3356595841493815,2.2190972078451656,1.6547013399451036
s11,528.0,2.645449169801612,0,False,0.9019437271160881,-0.007836756717176579,2.1509782671440334,2.149836152434438,2.1725412996726297,2.383656586185294,2.318359266274652,1.6547013399451036
s11,529.0,2.5079920689987634,0,False,0.9831013817484949,-0.005098607045537945,2.41748885643266,2.4167204132774756,2.424557169994652,2.8510934569613173,2.645449169801612,1.6547013399451036
s11,530.0,2.795587962551264,0,False,0.9068309731102957,0.00936250883301716,2.3136369260135043,2.3135507665994273,2.3186493736449654,2.400674338141953,2.5079920689987634,1.6547013399451036
s11,531.0,2.645865595936384,0,False,0.9796511207761396,0.012250523172493031,2.54872615544997,2.5495984512871885,2.540235942454171,2.972738627145921,2.795587962551264,1.6547013399451036
s11,532.0,2.0587614770275517,0,False,0.9184317766567528,0.000899511261749919,2.436879256302522,2.4371285407189887,2.4248780175464955,2.5283582259675406,2.645865595936384,1.6547013399451036
s11,533.0,1.7844703873529935,0,False,0.9500093297382514,-0.004769162842848467,1.9733528193041079,1.9734261908396062,1.9725266795778562,1.6362736148056187,2.0587614770275517,1.6547013399451036
s11,534.0,2.0373236574123674,0,False,0.9273974788700318,0.0036578863205235686,1.7566604322804011,1.7564220186332997,1.7611911814761483,1.5825359493465456,1.7844703873529935,1.6547013399451036
s11,535.0,2.060975592735646,0,False,0.9739007673726913,0.006697138758367388,1.9594016063719752,1.9596671781408521,1.9560092918203285,2.2120938538377177,2.0373236574123674,1.6547013399451036
s11,536.0,1.4649790510679601,0,False,0.8521349325878648,-0.008781382142992025,1.980754957597548,1.9809297477799401,1.9742326090215727,2.076459370031273,2.060975592735646,1.6547013399451036
s11,537.0,1.5094470666937954,0,False,0.9981570771595023,-0.00868542408528842,1.5075469244328872,1.5062484647703418,1.5150298469133339,1.081077100636402,1.4649790510679601,1.6547013399451036
s11,538.0,1.8972609605309638,0,False,0.8991797124529043,0.0020142220077577315,1.5406220973291853,1.540606090762759,1.5492915148480475,1.543719023261689,1.5094470666937954,1.6547013399451036
s11,539.0,2.2417555720941094,0,False,0.9038602255277749,0.01376364435054159,1.8499050862259752,1.850108160667981,1.8480939386602233,2.1609810047717843,1.8972609605309638,1.6547013399451036
s11,540.0,2.368705507692706,0,False,0.9431284702492345,0.021006307170265165,2.1259601800381436,2.1272834137019205,2.1135197693513788,2.469334862128563,2.2417555720941094,1.6547013399451036
s11,541.0,2.336999044595795,0,False,0.972400052051058,0.024146128795865862,2.2311436629192514,2.2323383237424386,2.2113320165721735,2.4520049516034508,2.368705507692706,1.6547013399451036
s11,542.0,1.715503172531784,0,False,0.8793521575214222,0.009279754438711455,2.210382552538996,2.2110489844369305,2.1869028556410646,2.309101480232336,2.336999044595795,1.6547013399451036
s11,543.0,1.3372648110492884,0,False,0.8784359073393435,-0.002122295784994243,1.7162135694877165,1.717333151839478,1.7080533974007666,1.293527069003706,1.715503172531784,1.6547013399451036
s11,544.0,1.2779272335982181,0,False,0.9486174073106105,-0.0062196714813209765,1.414764418437236,1.4145064234757758,1.41662871926077,1.0909147109780368,1.3372648110492884,1.6547013399451036
s11,545.0,1.603163248997666,0,False,0.9220341254648412,0.0009345051041313689,1.365010278995641,1.3646906961492546,1.3709103676305756,1.239335723911236,1.2779272335982181,1.6547013399451036
s11,546.0,1.1446881797890456,0,False,0.8279297025896879,-0.01339782034313011,1.6223595018567265,1.6224323613644278,1.6214978562602964,1.835642938618291,1.603163248997666,1.6547013399451036
s11,547.0,1.7583430432576943,0,False,0.8383300413631989,0.0017068309397487297,1.2571600340928257,1.2548546671617333,1.2682524875048635,0.8734875938721356,1.1446881797890456,1.6547013399451036
s11,548.0,1.7448581138626358,0,False,0.998912124778044,0.0017695510063038596,1.7424915016900355,1.7427674449774648,1.741060614037716,2.1519182499136997,1.7583430432576943,1.6547013399451036
s11,549.0,1.9198851889958513,0,False,0.9482368225441542,0.007392897333413102,1.7324383863748496,1.7324403114255433,1.7306707604192395,1.7344641290381944,1.7448581138626358,1.6547013399451036
s11,550.0,1.9283680411883015,0,False,0.9834569163984419,0.009056388766826951,1.8725356468845908,1.8729183267411733,1.8655254294077601,2.044945517940754,1.9198851889958513,1.6547013399451036
s11,551.0,1.5490966200268175,0,False,0.9057309572283951,-0.0009042429373628709,1.8809678562366468,1.8811176768331446,1.8720612880663177,1.9338642892664333,1.9283680411883015,1.6547013399451036
s11,552.0,1.4754310461677282,0,False,0.9658803534236429,-0.004009404041328147,1.5790216584160421,1.578936416299904,1.579840659237267,1.2873215613028997,1.5490966200268175,1.6547013399451036
s11,553.0,1.6450482378330256,0,False,0.961561041295666,-0.00023016144431548717,1.5192102840481423,1.5190734845992704,1.5230828886405985,1.4222356946681667,1.4754310461677282,1.6547013399451036
s11,554.0,1.671596048132939,0,False,0.9946469544291981,0.00031154414665422064,1.653548042266869,1.6535391951006155,1.653769356544931,1.7710464847163907,1.6450482378330256,1.6547013399451036
s11,555.0,1.258040020264756,0,False,0.8583008319540613,-0.012183318099516446,1.67453376076043,1.6745354284704443,1.6742238843237902,1.6919551488193512,1.671596048132939,1.6547013399451036
s11,556.0,1.2549767819882214,0,False,0.9615312791570213,-0.014836145775921952,1.3451307372404786,1.3434043712017383,1.3555876893012546,0.9983767325335295,1.258040020264756,1.6547013399451036
s11,557.0,1.4361616448725616,0,False,0.9703194024286036,-0.011903037921421219,1.3389621106061103,1.3383913830558707,1.3532275288317925,1.2564869944259431,1.2549767819882214,1.6547013399451036
s11,558.0,1.442056619506879,0,False,0.9827296042223996,-0.01306904749987601,1.4812768947337946,1.480923605455372,1.4928266433767932,1.5732992252944167,1.4361616448725616,1.6547013399451036
s11,559.0,1.2126234667328966,0,False,0.8951146526106875,-0.021219329982026573,1.4845252570940075,1.4842995494712483,1.4973685969711243,1.4474753915070817,1.442056619506879,1.6547013399451036
s11,560.0,0.8394191416487683,0,False,0.7777318744446151,-0.035018031620716844,1.301601459734977,1.2993758629384438,1.3205951929204702,1.065715654584694,1.2126234667328966,1.6547013399451036
s11,561.0,0.9249017355676311,0,False,0.9449009513166353,-0.037211912613861656,1.0058144942547673,0.9980311020057914,1.0330491336265082,0.6588231813331092,0.8394191416487683,1.6547013399451036
s11,562.0,1.2729539593117511,0,False,0.9267713391619503,-0.03087428652265291,1.0637500972561722,1.0616997562714598,1.0989116688853215,0.9967230895770698,0.9249017355676311,1.6547013399451036
s11,563.0,1.502801985421932,0,False,0.9527871120967173,-0.02587635530561273,1.3384651608436435,1.3362042781872594,1.3670785647099124,1.5283759712792278,1.2729539593117511,1.6547013399451036
s11,564.0,1.529871117410967,0,False,0.9953552808439098,-0.02552907972153135,1.5195169620706437,1.5182952646082544,1.544171619913867,1.6734871459779601,1.502801985421932,1.6547013399451036
s11,565.0,2.117004162428887,0,False,0.8502856240057358,-0.008203916908707833,1.53961731074039,1.5394987353347702,1.5650278150563015,1.5507937343713183,1.529871117410967,1.6547013399451036
s11,566.0,1.961053473437385,0,False,0.9858538975605358,-0.009648238397777927,2.010425767373751,2.0091975230730545,2.0174014399817626,2.4867389929438684,2.117004162428887,1.6547013399451036
s11,567.0,2.1780540726661624,0,False,0.9311763639400142,-0.0009345107881598806,1.8877329706476298,1.8875964856788945,1.8972447240766723,1.841693861639287,1.961053473437385,1.6547013399451036
s11,568.0,1.8089742784624667,0,False,0.9341287389950619,-0.008570420347642826,2.0635689135422766,2.063504597111898,2.064439107900058,2.325922136079983,2.1780540726661624,1.6547013399451036
s11,569.0,1.414743317886427,0,False,0.8858224581232317,-0.019273135579750182,1.772065036685647,1.7715004922900053,1.7800709126376482,1.5414338736575226,1.8089742784624667,1.6547013399451036
s11,570.0,1.6427248059379707,0,False,0.9467327353897007,-0.013702925562580397,1.4592516979437316,1.457051138698978,1.4763242742787281,1.1527088862759536,1.414743317886427,1.6547013399451036
s11,571.0,1.6601828903154146,0,False,0.9975267691223418,-0.013045727124799983,1.6390061930846114,1.638276275722734,1.6519792012853145,1.8095160317933696,1.6427248059379707,1.6547013399451036
s11,572.0,1.5615762382103249,0,False,0.9678653220840112,-0.015769976774726746,1.6524168249696969,1.6523845598745504,1.6654302869993503,1.6736136864124302,1.6601828903154146,1.6547013399451036
s11,573.0,1.6395525131123818,0,False,0.9845086385852562,-0.013793980331377392,1.574192728125135,1.5736859650007367,1.5894559417754635,1.4889392093945448,1.5615762382103249,1.6547013399451036
s11,574.0,1.5453972771703612,0,False,0.9674545461232221,-0.016504293103918422,1.6359547237897234,1.6357410362550622,1.6495350165864395,1.6988555238311382,1.6395525131123818,1.6547013399451036
s11,575.0,1.4302238522307216,0,False,0.9512734559779645,-0.02041216055212966,1.5610232402144117,1.5604861005044295,1.5769903936083478,1.4762418641872674,1.5453972771703612,1.6547013399451036
s11,576.0,1.8000644951716727,0,False,0.905314641487964,-0.010445411862744437,1.4688341528985605,1.4678395388588321,1.4882516994109618,1.3486365843727344,1.4302238522307216,1.6547013399451036
s11,577.0,1.664867419343804,0,False,0.9685327602910918,-0.013382210303780867,1.7637497282787147,1.762760700711685,1.7732061125744294,2.055494801979897,1.8000644951716727,1.6547013399451036
s11,578.0,1.6543411434047686,0,False,0.9955836717436004,-0.013421698226226934,1.6560785087057683,1.6556574074863042,1.669039617790085,1.5641100441890976,1.664867419343804,1.6547013399451036
s11,579.0,1.8522617682070601,0,False,0.945613633640833,-0.007279074560524512,1.6475669206421049,1.6475076460169795,1.6609293442432065,1.646295783145644,1.6543411434047686,1.6547013399451036
s11,580.0,2.2121650510196935,0,False,0.9010668461836654,0.004901558898318712,1.8065398181407242,1.8061439357249198,1.8134230102854443,1.9943495589432123,1.8522617682070601,1.6547013399451036
s11,581.0,1.7714364962140594,0,False,0.917433311932325,-0.004824019895518701,2.095137529328212,2.0956224560086394,2.090720897110321,2.4500141301955694,2.2121650510196935,1.6547013399451036
s11,582.0,1.8402276248648752,0,False,0.9752297971139889,-0.002006935852271908,1.7467231267692611,1.7463248234233155,1.7511488433188342,1.458226697956249,1.7714364962140594,1.6547013399451036
s11,583.0,2.4022869325651603,0,False,0.8579677450990656,0.01599735149881092,1.80219373307064,1.8021440208624,1.8041509567146718,1.8910232387689787,1.8402276248648752,1.6547013399451036
s11,584.0,2.276090479231321,0,False,0.9913936276427954,0.016683971450881633,2.2509310075898115,2.2532031474956304,2.2372057959968195,2.7503871704598923,2.4022869325651603,1.6547013399451036
s11,585.0,1.7455867012384794,0,False,0.8986252697182285,0.00435183061554675,2.156514473945605,2.1566580624163083,2.139974090965427,2.17852411813702,2.276090479231321,1.6547013399451036
s11,586.0,2.440785964433064,0,False,0.8301222101593542,0.025507890981414663,1.7351427865825846,1.7355839522374676,1.7312321216219209,1.3768256471550746,1.7455867012384794,1.6547013399451036
s11,587.0,2.1675856092460632,0,False,0.9776353888461585,0.021764167893291126,2.288043154706762,2.292376378850181,2.2668684878687664,2.8558848920902156,2.440785964433064,1.6547013399451036
s11,588.0,2.2248072167626782,0,False,0.9607014944840018,0.02616425802899084,2.0776507984206676,2.078137545572688,2.056373377679397,1.9593109220313245,2.1675856092460632,1.6547013399451036
s11,589.0,1.6917094217023938,0,False,0.8923487411291242,0.013116770365774022,2.12559746090448,2.126625677142954,2.1004614191139632,2.2622760600429497,2.2248072167626782,1.6547013399451036
s11,590.0,1.0791412610877333,0,False,0.7798676351699111,-0.005594119342882049,1.701425547867406,1.7028375847096018,1.6897208143438278,1.3249714840195987,1.6917094217023938,1.6547013399451036
s11,591.0,1.5497369270637011,0,False,0.880249306118624,0.004533312966274427,1.2133872968119093,1.2121558500918188,1.217749969434701,0.7415787371537698,1.0791412610877333,1.6547013399451036
s11,592.0,1.6379345174438713,0,False,0.9821288421644303,0.006125329031567621,1.5843244478941387,1.5848673152674315,1.5803340023011572,1.8725652913945177,1.5497369270637011,1.6547013399451036
s11,593.0,2.553024255547955,0,False,0.7849013231329015,0.03308364527533816,1.65430424736702,1.654413714088938,1.6482883850573702,1.7048595123025587,1.6379345174438713,1.6547013399451036
s11,594.0,2.6799668204569933,0,True,0.9351703434565414,0.04188976882955951,2.3793131203249493,2.386429368649615,2.353345723374277,3.0634741052081345,2.553024255547955,1.6547013399451036
s11,595.0,2.40660165687046,0,False,0.9908380752527064,0.03929655672175869,2.4903263611379156,2.4930420604638206,2.451152291634261,2.7565986551732573,2.6799668204569933,1.6547013399451036
s11,596.0,2.567140987403506,0,True,0.9321328502350578,0.047915983640714754,2.2794667246761247,2.2798267567716373,2.2405302000498786,2.1963877348492273,2.40660165687046,1.6547013399451036
s11,597.0,2.042796747107529,0,False,0.9271449317692462,0.03683573552092071,2.4088864298627843,2.4121383511006633,2.3642223674599485,2.6686670115934015,2.567140987403506,1.6547013399451036
s11,598.0,2.2820455110398226,0,True,0.9242261458751847,0.04538524302741184,1.9943782574654119,1.9970619274901187,1.960226191969198,1.662218057118666,2.042796747107529,1.6547013399451036
s11,599.0,2.566299831004494,0,True,0.9105672218514671,0.056675811146359605,2.1865085455883237,2.1899475603729024,2.1445623173454904,2.44199614627831,2.2820455110398226,1.6547013399451036
