series,time,y,event,diagnostic_alert,coherence,memory,cpe,ewma,ar1,instant,persistence,mean
s00,350.0,2.037976533223206,0,False,0.9969456006352124,-0.029605010038767542,2.0221648692494933,2.020346523624864,2.0504804339515816,2.278427214773491,2.128730995247735,1.6987135603055492
s00,351.0,1.578871580656292,0,False,0.8881506767139569,-0.04066691814756308,1.9476922764733333,1.9476018509494764,1.9772068609882438,1.9647411521663103,2.037976533223206,1.6987135603055492
s00,352.0,1.9371333585518205,0,False,0.9068455893186095,-0.029528915251047828,1.5704151626095795,1.5658665953346456,1.6065335134822087,1.2527517646963422,1.578871580656292,1.6987135603055492
s00,353.0,2.2865742087117815,0,False,0.9066809968215362,-0.016919456643312267,1.8690096704855352,1.8662589217872632,1.895787837038311,2.195590848369104,1.9371333585518205,1.6987135603055492
s00,354.0,2.8007926673629324,0,False,0.8750253751221769,0.00227429816453251,2.162579747263049,2.161000840434774,2.177920297078086,2.5322388740912594,2.2865742087117815,1.6987135603055492
s00,355.0,2.811015199948679,0,False,0.9597137384840407,0.008743785315388011,2.595081398693523,2.595365628253496,2.5930913300889635,3.138120459550701,2.8007926673629324,1.6987135603055492
s00,356.0,2.4370651565928205,0,False,0.9674286599362133,0.003553081704762649,2.609736355858477,2.6100886102803327,2.6013448249649445,2.810489356812922,2.811015199948679,1.6987135603055492
s00,357.0,2.2476118515104155,0,False,0.9886184869596458,0.0018921227305325652,2.302861422018938,2.3029771506514183,2.2994240689466556,2.1404952095186465,2.4370651565928205,1.6987135603055492
s00,358.0,2.5685377680698953,0,False,0.9105826025121724,0.014497609049098746,2.1483333555648247,2.1483548907843564,2.1464627680538237,2.095240252045984,2.2476118515104155,1.6987135603055492
s00,359.0,2.3724242492073695,0,False,0.9930699114248118,0.013068225242752522,2.4187740376146105,2.420070376085577,2.405572767036478,2.789906919006438,2.5685377680698953,1.6987135603055492
s00,360.0,2.296816941415872,0,False,0.9891010700884906,0.014163662963981553,2.260211786749785,2.260302350708238,2.2472341254654853,2.2143153298010687,2.3724242492073695,1.6987135603055492
s00,361.0,1.907497319103045,0,False,0.9320089899998348,0.00537796961281305,2.2001993953720604,2.200353764141995,2.1861901011780134,2.2352325174925416,2.296816941415872,1.6987135603055492
s00,362.0,1.438374159369275,0,False,0.8692551742590614,-0.007787951133491655,1.8768725306603726,1.8772381842460981,1.871860214633285,1.6121160362913498,1.907497319103045,1.6987135603055492
s00,363.0,1.2842565557244994,0,False,0.9249481294828971,-0.013819566158891527,1.4863286242183222,1.4853103899044948,1.4930983410379866,1.1162883445305964,1.438374159369275,1.6987135603055492
s00,364.0,1.183225601369241,0,False,0.9274819891598765,-0.018968205245991646,1.3558840885625378,1.3548469042725781,1.3686664704314697,1.175498651747891,1.2842565557244994,1.6987135603055492
s00,365.0,1.198663857184107,0,False,0.9644999398240787,-0.021052118466087018,1.2695031677009325,1.268127631187286,1.2870958364332776,1.1151027703239056,1.183225601369241,1.6987135603055492
s00,366.0,1.0803176649196657,0,False,0.908080324359675,-0.026997837428296208,1.279255648465682,1.2785082969933053,1.2995604154593923,1.2142677767950432,1.198663857184107,1.6987135603055492
s00,367.0,1.188774059712356,0,False,0.9936466601914731,-0.0266449733069651,1.1794935547940517,1.1770119223346525,1.2040097597629487,1.0049197317393266,1.0803176649196657,1.6987135603055492
s00,368.0,1.6054077841841115,0,False,0.891866304230607,-0.016430657535918394,1.2650998763854966,1.2649305918158882,1.2915755651228533,1.2764366626519028,1.188774059712356,1.6987135603055492
s00,369.0,1.1359318307111141,0,False,0.8223197156416533,-0.030698534358122573,1.6133044325078665,1.6115277247845865,1.6279583823205048,1.9078547636831593,1.6054077841841115,1.6987135603055492
s00,370.0,1.3986541967357236,0,False,0.9435539560357714,-0.025285302501334008,1.2236676591569073,1.2182131348427716,1.2489116692008941,0.8443085351933167,1.1359318307111141,1.6987135603055492
s00,371.0,1.5611224237704688,0,False,0.9669378608357649,-0.021523944750420437,1.437171087369989,1.43574383207335,1.461029134574684,1.6023192888169677,1.3986541967357236,1.6987135603055492
s00,372.0,1.3758390450673754,0,False,0.9272314746983591,-0.027369149650537355,1.5713908360613076,1.5706792084046057,1.5922031531550263,1.688987144094014,1.5611224237704688,1.6987135603055492
s00,373.0,1.5778043938389221,0,False,0.9553173711750392,-0.022492200693022647,1.4172310412472615,1.415239428588432,1.4426085782389693,1.2419889672250617,1.3758390450673754,1.6987135603055492
s00,374.0,1.5087517513928448,0,False,0.9689328810922749,-0.024725038693087256,1.5841846953833545,1.5831796847283317,1.6056718854213543,1.7348267965741666,1.5778043938389221,1.6987135603055492
s00,375.0,1.2859066296338675,1,False,0.9070736867886177,-0.031903688158569976,1.5259630808670344,1.525194945149958,1.5499199838430453,1.4560108791429522,1.5087517513928448,1.6987135603055492
s00,376.0,1.3706161018150351,1,False,0.999775158563003,-0.030928055800901348,1.3410597153445023,1.3380950232260809,1.3699987113846508,1.1305191448207026,1.2859066296338675,1.6987135603055492
s00,377.0,1.5395498106701868,1,False,0.9660909446600283,-0.026965469749801452,1.4074705628753668,1.407463608966857,1.4383916647677584,1.4390089163831912,1.3706161018150351,1.6987135603055492
s00,378.0,1.754805293014943,1,False,0.9460190188999085,-0.02075592089180409,1.548734704687712,1.5478203310816978,1.5747858008314992,1.6725137695664334,1.5395498106701868,1.6987135603055492
s00,379.0,1.5414314228206978,1,False,0.9371381573044893,-0.02634768049640028,1.728943834613946,1.7278234096405707,1.7485793305323747,1.9188811939106158,1.754805293014943,1.6987135603055492
s00,380.0,1.7890907316931448,1,False,0.9368714436170037,-0.019173677582626416,1.5516135649807725,1.5499573012340162,1.5763049817304164,1.382178773208015,1.5414314228206978,1.6987135603055492
s00,381.0,1.9751528006901196,1,False,0.9470566024227695,-0.012631707142873165,1.7582975259513556,1.7570871193650115,1.7762607969476378,1.9756136896963459,1.7890907316931448,1.6987135603055492
s00,382.0,2.063451270842128,1,False,0.9657171733571939,-0.00814373998891507,1.914521131203536,1.9138523657101916,1.9264840728530648,2.114846058166476,1.9751528006901196,1.6987135603055492
s00,383.0,1.948477250104677,1,False,0.9875244591157201,-0.009378351907935548,1.989910171164957,1.989630980738693,1.997774720727608,2.130046296012261,2.063451270842128,1.6987135603055492
s00,384.0,2.0780422752868946,1,False,0.956598796027375,-0.0039041340208683453,1.8956853457306426,1.895568345717988,1.9049466976259235,1.8562642396132405,1.948477250104677,1.6987135603055492
s00,385.0,1.8791501160232953,1,False,0.9665111214016893,-0.00769916383188715,2.005820553840898,2.005651109723922,2.0095552437447903,2.1751382649329383,2.0780422752868946,1.6987135603055492
s00,386.0,1.9759892106889014,1,False,0.966838623748355,-0.003657707884635901,1.8415318488100678,1.8412740124471934,1.8489731762790804,1.7229351700484477,1.8791501160232953,1.6987135603055492
s00,387.0,2.201944132208089,1,False,0.9335366674843018,0.0046955660463208464,1.9236229624702454,1.9235016678428645,1.9271593757275003,2.0499633836302653,1.9759892106889014,1.6987135603055492
s00,388.0,2.6107044090345752,1,False,0.8939572199706034,0.019588087944478257,2.113974929461843,2.1142870124293287,2.109591446383008,2.366113092223382,2.201944132208089,1.6987135603055492
s00,389.0,2.483983634297784,1,False,0.9909987124038473,0.020331432965156392,2.4571282916407533,2.459205466941846,2.439617378997368,2.887590929980596,2.6107044090345752,1.6987135603055492
s00,390.0,2.8504353531116413,1,False,0.9011884633137164,0.03511539363412044,2.3574536550708123,2.3576366641461735,2.337305231181017,2.3812721330579096,2.483983634297784,1.6987135603055492
s00,391.0,3.052188092402946,1,False,0.926367459062999,0.046632415482779604,2.664817558107976,2.6682873641143074,2.633171970480187,3.095598916542826,2.8504353531116413,1.6987135603055492
s00,392.0,2.643477882911547,1,False,0.9719759774608735,0.040655870891575234,2.8392623727096655,2.8426960359516924,2.796063620468913,3.184226520640931,3.052188092402946,1.6987135603055492
s00,393.0,2.48079381894067,1,False,0.997028420275458,0.03987766599256522,2.505594641198791,2.506733982241004,2.466078111349429,2.3177684399405196,2.643477882911547,1.6987135603055492
s00,394.0,2.9459749448565535,1,True,0.8843649005843455,0.05701868946497333,2.374488996112558,2.3746074957762837,2.3347298297837185,2.3494018084766495,2.48079381894067,1.6987135603055492
s00,395.0,2.4484833978883893,1,False,0.9492986017455796,0.047453361500986876,2.7607343015297716,2.767327663354604,2.7103089738896307,3.2508726993136854,2.9459749448565535,1.6987135603055492
s00,396.0,2.3549207343614427,1,False,0.9900879529364716,0.04741809394012855,2.3536903679434142,2.356096319723387,2.3086429582224,2.0600923050231907,2.4484833978883893,1.6987135603055492
s00,397.0,2.6461485475899886,1,True,0.9154378023546804,0.05838694478225452,2.2800501758069927,2.28052018618579,2.2331020922456615,2.2789211608896185,2.3549207343614427,1.6987135603055492
s00,398.0,2.4856228224852166,1,True,0.9964936499634339,0.05715699032758974,2.5216839759427927,2.526621304307376,2.4682343595251215,2.846352698875923,2.6461485475899886,1.6987135603055492
s00,399.0,3.134980201407948,1,True,0.8546508495400249,0.07933282616424697,2.3955852611042494,2.3957856735193745,2.338628683191785,2.355956176114144,2.4856228224852166,1.6987135603055492
s00,400.0,2.9670138054345965,1,True,0.9821590904005248,0.08007599969643925,2.9307103954749585,2.9422413543615207,2.8629085281972735,3.543511029773206,3.134980201407948,1.6987135603055492
s00,401.0,2.978169891674017,1,True,0.9560697256526405,0.08519995494425008,2.8059427547419844,2.807371383413656,2.727295383717217,2.8295433281145206,2.9670138054345965,1.6987135603055492
s00,402.0,2.6532344476469487,1,True,0.9846022210622237,0.08015191131841982,2.817759711112873,2.821502568507957,2.7363026135637067,2.976156135559206,2.978169891674017,1.6987135603055492
s00,403.0,2.785834012092168,1,True,0.9407645504017847,0.0871037125848215,2.552873141800191,2.5541073032121124,2.4739553918936927,2.3921662912324875,2.6532344476469487,1.6987135603055492
s00,404.0,2.2775027018059397,1,True,0.9375978415711117,0.07538526309562862,2.6629580572023994,2.668117684779035,2.5810139721942136,2.874418322105161,2.785834012092168,1.6987135603055492
s00,405.0,1.9742218037418302,1,True,0.9526819784772664,0.06723247570597662,2.241277180266,2.245981383396897,2.1705961203012683,1.8860246082927166,2.2775027018059397,1.6987135603055492
s00,406.0,2.3779035105998854,1,True,0.8950614601324254,0.07878063468913447,1.9897835700954751,1.9929648778279572,1.9257324021219806,1.738650129700014,1.9742218037418302,1.6987135603055492
s00,407.0,2.929743573348504,1,True,0.8692640229271148,0.09675978327666782,2.3221714956566077,2.3304386204307264,2.2516579857415917,2.6563789183255224,2.3779035105998854,1.6987135603055492
s00,408.0,3.2006084101582486,1,True,0.9147218922312684,0.10895912067138008,2.7813138455264705,2.7939638303345067,2.6972040470578387,3.28663945282992,2.929743573348504,1.6987135603055492
s00,409.0,2.6009188812913515,1,True,0.9429606194757189,0.09624104544151656,3.015562894651802,3.0248547222868023,2.9158956016154223,3.376370593188106,3.2006084101582486,1.6987135603055492
s00,410.0,2.579299332628749,1,True,0.9705793511509442,0.09778129263039197,2.522468230053242,2.5279577596662355,2.431716714224719,2.134706070907503,2.6009188812913515,1.6987135603055492
s00,411.0,2.789203291761807,1,True,0.928016824792821,0.10609610859598032,2.509165970501043,2.5120427595755284,2.4142614669451365,2.5575021089568777,2.579299332628749,1.6987135603055492
s00,412.0,2.889752433523664,1,True,0.9441446760468094,0.11209377024520037,2.682193243775798,2.6898303785496624,2.5837342699536823,2.931686591702075,2.789203291761807,1.6987135603055492
s00,413.0,2.758599849452398,1,True,0.982743135723058,0.11154147571590403,2.7707486332454287,2.777009667095609,2.6649158968504087,2.953841316758629,2.889752433523664,1.6987135603055492
s00,414.0,2.639481930986092,1,True,0.984538880153896,0.11060892187448082,2.6686422029258527,2.670567059033532,2.559025583317628,2.651092844664637,2.758599849452398,1.6987135603055492
s00,415.0,2.905795192753647,1,True,0.9175754480494825,0.12057895452130107,2.5717506333958227,2.5734607711929725,2.4628518493184917,2.5420642517532737,2.639481930986092,1.6987135603055492
s00,416.0,3.505029409159724,1,True,0.8663320326709771,0.1417764119180973,2.788508829632103,2.798447495933183,2.6778685414118817,3.0843024782249304,2.905795192753647,1.6987135603055492
s00,417.0,3.08321716212393,1,True,0.9874463261136863,0.1351692399008652,3.2845052645687054,3.3034562293649996,3.1616798174469025,3.87827577334878,3.505029409159724,1.6987135603055492
s00,418.0,2.6746145036919375,1,True,0.9733682550465361,0.12671911927653975,2.954588320612276,2.9562851911694525,2.8211159512685873,2.7436382905327936,3.08321716212393,1.6987135603055492
s00,419.0,2.1386792811944693,1,True,0.9239428828016923,0.11234140582400472,2.61456164501367,2.6179363962789703,2.4912172770024306,2.3486174186129554,2.6746145036919375,1.6987135603055492
s00,420.0,2.1454218142252266,1,True,0.9793525947768114,0.11157844287009828,2.1623095492197955,2.1708539126887745,2.0585125068647696,1.7327875347208308,2.1386792811944693,1.6987135603055492
s00,421.0,2.475653344324184,1,True,0.9094153503247216,0.12058200059352957,2.1732309482190297,2.175534753543141,2.063956310673043,2.149071166346762,2.1454218142252266,1.6987135603055492
s00,422.0,2.84735802023389,1,True,0.9002976930437351,0.13246789618113106,2.4402386223662655,2.4511615006471743,2.330579500053645,2.7049831021391464,2.475653344324184,1.6987135603055492
s00,423.0,2.645761447101025,1,True,0.9971459973593051,0.12894608114436232,2.7499479268130806,2.7631552816599827,2.6306873854788515,3.0959418950116815,2.84735802023389,1.6987135603055492
s00,424.0,3.0328740836191272,1,True,0.8973947140185005,0.14202626657875878,2.5964998900164855,2.596867902472579,2.4679218213282166,2.482952861538714,2.645761447101025,1.6987135603055492
s00,425.0,3.4729086544682186,1,True,0.8893630193599119,0.15853864343672797,2.907923446836715,2.922496092535913,2.7804698259571543,3.287454999809811,3.0328740836191272,1.6987135603055492
s00,426.0,3.431088440344852,1,True,0.9550612727079522,0.16264275496785366,3.276744485816048,3.294284722640663,3.135746079203935,3.7515755664505757,3.4729086544682186,1.6987135603055492
s00,427.0,2.806500119072106,1,True,0.9500349870079338,0.14889904090363706,3.257314962801131,3.2646239212126584,3.101981166244805,3.3840512175606206,3.431088440344852,1.6987135603055492
s00,428.0,3.7280790042611174,1,True,0.8214548182652133,0.17834345698671594,2.739158725645232,2.7465984681584885,2.5976994272548515,2.316982094443046,2.806500119072106,1.6987135603055492
s00,429.0,3.9393717021855306,1,True,0.9179836075579919,0.19092131899899356,3.4882672701707067,3.52010963510961,3.341766178122894,4.270321928123285,3.7280790042611174,1.6987135603055492
s00,430.0,3.9955722328228656,1,True,0.9356850141766514,0.19969003967393537,3.687622865833572,3.7032815436581394,3.5123602246591457,4.060952299534749,3.9393717021855306,1.6987135603055492
s00,431.0,3.6627841949745643,1,True,0.9854620005517146,0.196850797686933,3.744582532470616,3.7574255945413086,3.5577355548673735,4.0098697895763715,3.9955722328228656,1.6987135603055492
s00,432.0,3.7300322012800016,1,True,0.9372207537541357,0.20417479122586668,3.4830372665273783,3.4858990833155454,3.2890482856286125,3.392569728663882,3.6627841949745643,1.6987135603055492
s00,433.0,3.552937257850975,1,True,0.969630901108283,0.2043373705626641,3.5347000071288277,3.5475179466243945,3.3433431553985278,3.7566424332187727,3.7300322012800016,1.6987135603055492
s00,434.0,3.440891908531464,1,True,0.9638108685084982,0.20542321328389107,3.3984916093433406,3.4046971511572313,3.2003597805945674,3.4035886990225155,3.552937257850975,1.6987135603055492
s00,435.0,3.395910864444032,1,True,0.9560726742832993,0.2078409533441201,3.307885441426127,3.3153195291030646,3.1098963158191735,3.341723794950231,3.440891908531464,1.6987135603055492
s00,436.0,3.8509657143518186,1,True,0.8878201759171852,0.22492731406141395,3.272290459853874,3.281420357108691,3.0735794037645707,3.34703009815227,3.395910864444032,1.6987135603055492
s00,437.0,3.963199990938888,1,True,0.9295202098495668,0.23384601130134264,3.640677776418436,3.665910082941265,3.4409827688798513,4.1311620199010335,3.8509657143518186,1.6987135603055492
s00,438.0,4.314291364782176,1,True,0.9003087686163393,0.2503114087984897,3.7489633637399065,3.765444781543941,3.5315987702425984,4.017010232077972,3.963199990938888,1.6987135603055492
s00,439.0,3.7692745854036547,1,True,0.9939668557763367,0.24142838906538802,4.040421390601209,4.06537524317371,3.81506383437522,4.5197288403702744,4.314291364782176,1.6987135603055492
s00,440.0,3.7716035306876377,1,True,0.9445495168209003,0.24608284011548492,3.6149985900601562,3.616455162351074,3.3750267732856862,3.3295137774570596,3.7692745854036547,1.6987135603055492
s00,441.0,4.140920295784532,1,True,0.8984444381450097,0.2616207500904482,3.6093445508992685,3.6229899632857574,3.3769071231702723,3.7514935077566847,3.7716035306876377,1.6987135603055492
s00,442.0,4.148910001157719,1,True,0.9394806081032221,0.26798681609338815,3.9101387587913616,3.936707801059721,3.675087050969273,4.361510436574078,4.140920295784532,1.6987135603055492
s00,443.0,4.2074461507981695,1,True,0.9333809328189512,0.2757244621339766,3.933306216965562,3.949524616111887,3.681537800018499,4.126685273394803,4.148910001157719,1.6987135603055492
s00,444.0,4.212558474456236,1,True,0.9391239687895246,0.281965516452965,3.9861548240235933,4.004523330489955,3.7287988683559785,4.219671695383983,4.2074461507981695,1.6987135603055492
s00,445.0,3.7988455151085376,1,True,0.9912539988572726,0.27548412232786557,3.9977270443653175,4.014891985945186,3.732926469492221,4.187236710713152,4.212558474456236,1.6987135603055492
s00,446.0,4.020672097374476,1,True,0.9162582234404898,0.28587270676276,3.671976565095979,3.6743859495446616,3.398901827216796,3.4642443447848246,3.7988455151085376,1.6987135603055492
s00,447.0,4.039635669065421,1,True,0.9394411493921561,0.29114557317332257,3.839933967045815,3.863873455380004,3.578000748617244,4.147702871740034,4.020672097374476,1.6987135603055492
s00,448.0,4.569999616970796,1,True,0.8804336938109336,0.3117118462976487,3.8668257382223206,3.8844571794932587,3.5933116063199364,4.026990446585328,4.039635669065421,1.6987135603055492
s00,449.0,4.597302674483672,1,True,0.9332354056600108,0.3196340243534573,4.295959838566202,4.333230072623386,4.021518226325737,4.881427259243926,4.569999616970796,1.6987135603055492
s00,450.0,4.636203411866668,1,True,0.9317630155029839,0.3278242387871432,4.341856028103921,4.363196264077138,4.043562239723681,4.580904672773076,4.597302674483672,1.6987135603055492
s00,451.0,4.794811985576719,1,True,0.9188915920166005,0.3395847706514561,4.380424519266426,4.402794256766291,4.0749700179791475,4.62717114364632,4.636203411866668,1.6987135603055492
s00,452.0,4.404019224616403,1,True,0.9766623519542619,0.3354269696810128,4.515069410174898,4.542612590297845,4.2030278196463895,4.864484551252485,4.794811985576719,1.6987135603055492
s00,453.0,4.22657925453153,1,True,0.9582392607305179,0.33553628182855294,4.215107439716729,4.222935516280193,3.8875085465991805,4.083809284899785,4.404019224616403,1.6987135603055492
s00,454.0,3.993447367709581,1,True,0.9678158756973969,0.33294621630661875,4.065770641926496,4.079782885107389,3.744246603278836,4.069157467783304,4.22657925453153,1.6987135603055492
s00,455.0,4.253962085498099,1,True,0.9106949575137593,0.34389609310955166,3.878250609655308,3.8889661920670013,3.5560199757603828,3.797200431812385,3.993447367709581,1.6987135603055492
s00,456.0,4.425517284408904,1,True,0.9195864105109709,0.35335407811728964,4.079539462278304,4.110251117484305,3.766355024374753,4.401967384349406,4.253962085498099,1.6987135603055492
s00,457.0,4.187065534323521,1,True,0.9651485062708863,0.3512194506270861,4.229805314214975,4.258219783996973,3.9048657058796827,4.511022362528787,4.425517284408904,1.6987135603055492
s00,458.0,4.146453196076933,1,True,0.9447984295266455,0.35370614558977986,4.051322841506067,4.06356336398714,3.712343913360054,3.9847086562525247,4.187065534323521,1.6987135603055492
s00,459.0,4.260756900199387,1,True,0.9268521576880094,0.3605310416772829,4.013735229226653,4.033260363949286,3.679554218359506,4.0896999869133515,4.146453196076933,1.6987135603055492
s00,460.0,4.1925888181173265,1,True,0.9472066229791688,0.36233754378567035,4.106000013385891,4.132372081171079,3.771841039493796,4.310529999211147,4.260756900199387,1.6987135603055492
s00,461.0,4.3482833047363965,1,True,0.9217532246493253,0.370411817117491,4.060011837784497,4.079140860342376,3.716803316556706,4.115338399072687,4.1925888181173265,1.6987135603055492
s00,462.0,4.082536886001305,1,True,0.9697328152001833,0.36650031913312375,4.183936621905653,4.21292015214688,3.8425083350293896,4.424577050435538,4.3482833047363965,1.6987135603055492
s00,463.0,3.858189826212348,1,True,0.9692660910839025,0.3624125252814828,3.983356688378651,3.9944496212670453,3.6279493021339215,3.860712864596338,4.082536886001305,1.6987135603055492
s00,464.0,4.769020479737041,1,True,0.8391695883041723,0.3912063021835624,3.7980895627923346,3.8092279163343883,3.4468153910529056,3.669979723835511,3.858189826212348,1.6987135603055492
s00,465.0,5.199300130492748,1,True,0.8916459427764173,0.40998299083006,4.510492638304643,4.573410508942827,4.182204206759265,5.291758506684013,4.769020479737041,1.6987135603055492
s00,466.0,5.137594058670715,1,True,0.9371423065496602,0.4159231876457661,4.895164177698085,4.939587498147181,4.529604507317121,5.436493961128513,5.199300130492748,1.6987135603055492
s00,467.0,4.81171980981642,1,True,0.9642956323046188,0.4134035633413055,4.869563314403846,4.8957072866317715,4.479784098986006,5.049556829499607,5.137594058670715,1.6987135603055492
s00,468.0,4.620436790906625,1,True,0.9543383937034623,0.41311419308908437,4.615322153148544,4.630082465980664,4.216678902639358,4.536763058799056,4.81171980981642,1.6987135603055492
s00,469.0,5.246929430339328,1,True,0.8728116609225138,0.4362614405270811,4.4564910580990915,4.475354515739437,4.062240322650353,4.447561977184439,4.620436790906625,1.6987135603055492
s00,470.0,5.87328565051393,1,True,0.8750576068220985,0.4623303795774057,4.94883364747892,5.004321015503111,4.568059574976029,5.602070042734855,5.246929430339328,1.6987135603055492
s00,471.0,5.874942883792143,1,True,0.9268600529433716,0.47249569416083087,5.47833440028139,5.536099064344638,5.0737686847672325,6.215916690789228,5.87328565051393,1.6987135603055492
s00,472.0,4.892399907598272,1,True,0.981679459641603,0.452839619381848,5.513044090175626,5.547602400231034,5.075106706070203,5.817683066595295,5.874942883792143,1.6987135603055492
s00,473.0,4.932318264116892,1,True,0.9294424124282552,0.4587694204458628,4.726361962126968,4.734658228649734,4.281818609267886,4.1024590980711135,4.892399907598272,1.6987135603055492
s00,474.0,4.044057098758295,1,True,0.9677175011979048,0.43690661093021343,4.740447752388258,4.772817415946605,4.314047995500743,4.918649963987351,4.932318264116892,1.6987135603055492
s00,475.0,4.100914491504534,1,True,0.9345672748793421,0.4389204055966109,4.019683565480638,4.03378800262462,3.5968813916944065,3.335606475752624,4.044057098758295,1.6987135603055492
s00,476.0,4.0108321829120746,1,True,0.9519454143154086,0.4367941470879948,4.052987708283359,4.08170746653261,3.6427870609359987,4.113839901474537,4.100914491504534,1.6987135603055492
s00,477.0,4.551549985153216,1,True,0.8792287643141138,0.4531351370413258,3.9858603582744148,4.006850320042183,3.570056172954188,3.920415039080469,4.0108321829120746,1.6987135603055492
s00,478.0,4.656021803832343,1,True,0.9250801404607967,0.459023067603122,4.405031761339297,4.459757451772471,4.006622314731145,4.869579906412846,4.551549985153216,1.6987135603055492
s00,479.0,4.516472054287705,1,True,0.9505962147136456,0.4580174059228807,4.515604166545668,4.549994110295748,4.090971042692626,4.691717613285531,4.656021803832343,1.6987135603055492
s00,480.0,4.782464321878544,1,True,0.9082638186068526,0.4684017832840108,4.413690616261247,4.436318409840875,3.978301003917994,4.382780654897103,4.516472054287705,1.6987135603055492
s00,481.0,4.812179724117706,1,True,0.9312890413070153,0.4729233655820114,4.618490923228134,4.6614603141843505,4.193058530900339,4.923450976854745,4.782464321878544,1.6987135603055492
s00,482.0,4.930241647966246,1,True,0.9220774659643601,0.4801314071703105,4.65747857718549,4.689973595022943,4.2170502294409316,4.793631011925188,4.812179724117706,1.6987135603055492
s00,483.0,4.9652072817894215,1,True,0.9296729496349494,0.485312542255893,4.755089723019864,4.792502778936673,4.312371371766362,4.969989107707711,4.930241647966246,1.6987135603055492
s00,484.0,4.618003949652366,1,True,0.9690533765870467,0.4790752240007219,4.79178395855605,4.825914558158071,4.340602015902178,4.9475259020009315,4.9652072817894215,1.6987135603055492
s00,485.0,4.996213799335816,1,True,0.8967157681112765,0.4927810985917413,4.524525552424877,4.5393513129685035,4.060276088967782,4.329093369540178,4.618003949652366,1.6987135603055492
s00,486.0,5.458515058507658,1,True,0.8888156244253497,0.5107840332351598,4.807520719803045,4.858417237060374,4.365636138468633,5.204906241325615,4.996213799335816,1.6987135603055492
s00,487.0,5.552292714915901,1,True,0.921001728794377,0.5198625898368081,5.192882957738871,5.249674161527624,4.738890128292464,5.710257988028252,5.458515058507658,1.6987135603055492
s00,488.0,4.945549238789291,1,True,0.9865910009090512,0.5081950520320009,5.293398919754611,5.334467165616196,4.814604575779389,5.563749764265392,5.552292714915901,1.6987135603055492
s00,489.0,5.236479098800423,1,True,0.9046934767689144,0.5203016598104804,4.82611111919372,4.832925506184441,4.324730454152441,4.453919280295079,4.945549238789291,1.6987135603055492
s00,490.0,5.110993796110462,1,True,0.943015947306543,0.5212337591237695,5.030335676772925,5.079923819000825,4.5596221591903445,5.384475210456273,5.236479098800423,1.6987135603055492
s00,491.0,5.474281797604812,1,True,0.8977673698564284,0.5360759749782027,4.949839257128188,4.979541269123706,4.458307509999936,4.97825975650812,5.110993796110462,1.6987135603055492
s00,492.0,5.5618379367372315,1,True,0.9214808821090834,0.5443002362608803,5.232891437102508,5.28769589398131,4.751619919003107,5.663728483027895,5.474281797604812,1.6987135603055492
s00,493.0,5.814026338151885,1,True,0.9068078400434259,0.5577226826656062,5.323873483575332,5.366611457994353,4.822311221733473,5.5689116354157875,5.5618379367372315,1.6987135603055492
s00,494.0,5.499966090789798,1,True,0.9549867249518544,0.5552122724862599,5.531671048646957,5.583646430101339,5.0259237474357334,5.9252187900935285,5.814026338151885,1.6987135603055492
s00,495.0,5.317705886511106,1,True,0.9459801370412592,0.5549163717992359,5.30257732001371,5.32756924274524,4.77235697025898,5.22506111522718,5.499966090789798,1.6987135603055492
s00,496.0,5.734190200444186,1,True,0.8930031715872195,0.5715384890460331,5.150143119192788,5.180119625550945,4.6252032537517085,5.141092496283197,5.317705886511106,1.6987135603055492
s00,497.0,5.323680717980458,1,True,0.9648007427432306,0.5652587927296335,5.471851122883352,5.533003928527111,4.961465439481078,5.951794300126287,5.734190200444186,1.6987135603055492
s00,498.0,4.890313191721695,1,True,0.9726751630911176,0.556109607838937,5.175389331749634,5.195286021411576,4.630027228681942,4.97949279841109,5.323680717980458,1.6987135603055492
s00,499.0,5.384967873434117,1,True,0.8857507042919157,0.5725713408710749,4.8210478346918615,4.836243439029523,4.280133831190586,4.533307522740607,4.890313191721695,1.6987135603055492
s00,500.0,5.543818615048737,1,True,0.9155007806063206,0.5813234767595377,5.186664879662825,5.252080752099978,4.679509411228904,5.658116942271795,5.384967873434117,1.6987135603055492
s00,501.0,4.7638471780210185,1,True,0.9954144228732582,0.5625663057459687,5.33996483180525,5.38908621180665,4.807762735047112,5.599038485829397,5.543818615048737,1.6987135603055492
s00,502.0,5.213299292145178,1,True,0.8898248906631768,0.5767474741479325,4.73801398756248,4.740593678746384,4.178027373000416,4.134313194148128,4.7638471780210185,1.6987135603055492
s00,503.0,5.2901068393852055,1,True,0.9238331203003578,0.5819210395020885,5.054111444889354,5.117654660913339,4.5409071867654065,5.462117909025053,5.213299292145178,1.6987135603055492
s00,504.0,5.462413059932207,1,True,0.9146533621512756,0.5902481922102256,5.140518193183855,5.184841302994301,4.602920263492213,5.295055716299906,5.2901068393852055,1.6987135603055492
s00,505.0,4.84932150768375,1,True,0.9888206456358484,0.5757592724706143,5.281909800302696,5.332285499004126,4.7420373067939,5.528175282802543,5.462413059932207,1.6987135603055492
s00,506.0,4.89997702579972,1,True,0.9286584036753311,0.5780746693004575,4.816360514536222,4.822797131471617,4.2470378590010025,4.353122691791429,4.84932150768375,1.6987135603055492
s00,507.0,5.013294488646626,1,True,0.9220590356447105,0.5824931766023578,4.824770142213866,4.866010911916615,4.287936242616158,4.8942936869525555,4.89997702579972,1.6987135603055492
s00,508.0,5.085644276140742,1,True,0.9254285665764626,0.5862049058971758,4.916519886398714,4.961919966313477,4.379426789711119,5.048249914542912,5.013294488646626,1.6987135603055492
s00,509.0,5.509333210709224,1,True,0.8923388434460675,0.6007635325772074,4.980331514595509,5.02404565470817,4.437840748810995,5.091394584968793,5.085644276140742,1.6987135603055492
s00,510.0,5.9569963857310135,1,True,0.890424938289836,0.6180529235766961,5.316004455682035,5.380683352414723,4.779919819837516,5.736054164048961,5.509333210709224,1.6987135603055492
s00,511.0,5.403768479945462,1,True,0.9751276570436765,0.6073837320084714,5.6916850116452204,5.759408198886284,5.141355275309588,6.189453603857718,5.9569963857310135,1.6987135603055492
s00,512.0,5.636499550033056,1,True,0.908884636522178,0.617416545738744,5.28696536920203,5.302072425690636,4.694688693682165,4.950575067096068,5.403768479945462,1.6987135603055492
s00,513.0,5.972968028299388,1,True,0.8996047661545022,0.6316053389531855,5.443752121502467,5.5000082544846745,4.88259170874593,5.738589126593051,5.636499550033056,1.6987135603055492
s00,514.0,6.17890732152528,1,True,0.9096297885935958,0.6433968833848582,5.722445674767253,5.785855840469523,5.154250501516338,6.135158235488634,5.972968028299388,1.6987135603055492
s00,515.0,6.320537773337751,1,True,0.9141347704499064,0.6540954410150286,5.905775273295695,5.9639191856654055,5.320522302280548,6.252580668846267,6.17890732152528,1.6987135603055492
s00,516.0,6.554283924862279,1,True,0.9066724060118984,0.6680549276149624,6.032803649674057,6.088967704864483,5.434872263849454,6.349021176930686,6.320537773337751,1.6987135603055492
s00,517.0,6.19758210625988,1,True,0.951465821079527,0.6652328978344042,6.22930180656562,6.29164976561182,5.623594837996857,6.638534502005132,6.554283924862279,1.6987135603055492
s00,518.0,6.236584817820738,1,True,0.9221776953262018,0.6723054554813546,5.968546363768447,6.0008328962557265,5.335599998421323,5.881729265908394,6.19758210625988,1.6987135603055492
s00,519.0,6.04492304167754,1,True,0.9406310184646949,0.6724712798016492,5.987075204344058,6.039395564334384,5.36709010885303,6.1979582131306765,6.236584817820738,1.6987135603055492
s00,520.0,5.580221603331829,1,True,0.9659306210047608,0.6633334177015615,5.844893071674519,5.884817006668086,5.212345726866436,5.849936408818067,6.04492304167754,1.6987135603055492
s00,521.0,5.22869466812766,1,True,0.9611224422671931,0.6551796389896878,5.477887934248902,5.500487291856784,4.837153874155223,5.19249644796211,5.580221603331829,1.6987135603055492
s00,522.0,5.609988753917289,1,True,0.896086852757064,0.6672237980766792,5.183045000110728,5.208516784350909,4.553337145361222,4.929655789511246,5.22869466812766,1.6987135603055492
s00,523.0,5.798945500692632,1,True,0.9120748200098677,0.6753398285528612,5.459077826713029,5.528411151486562,4.861187353409883,5.808038967781578,5.609988753917289,1.6987135603055492
s00,524.0,6.083582586049927,1,True,0.9036411231928108,0.6871746790247121,5.629708194341551,5.689087570321566,5.013747741768705,5.869053335164406,5.798945500692632,1.6987135603055492
s00,525.0,6.675692348403919,1,True,0.8799001961607067,0.7095234460035877,5.864518068866901,5.930733449108063,5.243558770083351,6.21030553040044,6.083582586049927,1.6987135603055492
s00,526.0,6.636457136867217,1,True,0.9260039515538019,0.7156829201517404,6.345927705244386,6.431141331928797,5.721617885925209,6.9817525024178115,6.675692348403919,1.6987135603055492
s00,527.0,6.729828405619181,1,True,0.9163070842268319,0.7254090829439663,6.352665271179984,6.40562297921165,5.689940059059909,6.537084820468729,6.636457136867217,1.6987135603055492
s00,528.0,6.000291395741744,1,True,0.9800384772236869,0.7106957604410972,6.430023877890796,6.490735479170716,5.76532639622675,6.718183454983938,6.729828405619181,1.6987135603055492
s00,529.0,6.060260903934322,1,True,0.9213697011628549,0.7158933873619591,5.872820103629851,5.8870066732389255,5.176310912797828,5.406585653123368,6.000291395741744,1.6987135603055492
s00,530.0,6.523902390780061,1,True,0.8894688484140564,0.733391779968066,5.88433172625936,5.940622637243166,5.224729249881207,6.039173989057546,6.060260903934322,1.6987135603055492
s00,531.0,6.21571708422986,1,True,0.9478300651575683,0.729889579609893,6.251394458165426,6.3324570961689615,5.599065316200895,6.754639353726672,6.523902390780061,1.6987135603055492
s00,532.0,6.068481860197361,1,True,0.9371288599999519,0.7295400921082299,6.042053151775714,6.080131443586131,5.350241863976239,5.9347229494466625,6.21571708422986,1.6987135603055492
s00,533.0,6.430240942556447,1,True,0.8972412778263007,0.7436201164154642,5.915039781715385,5.960906798981969,5.2313667068737395,5.904450135738809,6.068481860197361,1.6987135603055492
s00,534.0,6.672613554679253,1,True,0.9058161449340174,0.7557865787679924,6.190651356649471,6.267064809594981,5.523444693179517,6.599124144356499,6.430240942556447,1.6987135603055492
s00,535.0,6.117884529120333,1,True,0.9663281122664774,0.7450755536347176,6.403735806633995,6.474918700229495,5.719132121461502,6.760067829463407,6.672613554679253,1.6987135603055492
s00,536.0,6.217543406043765,1,True,0.917671507522062,0.7511119823512609,5.991241015097341,6.016329115492321,5.271253561857604,5.656579223212275,6.117884529120333,1.6987135603055492
s00,537.0,6.85380777443704,1,True,0.8769866730767276,0.7736413639812413,6.040990469581931,6.1028283867710265,5.351716404419766,6.220099632286898,6.217543406043765,1.6987135603055492
s00,538.0,6.920385753273519,1,True,0.9175237856221192,0.7820809402413749,6.543898346573609,6.6390665446024,5.865425180621159,7.182739293869872,6.85380777443704,1.6987135603055492
s00,539.0,6.679018308951676,1,True,0.9397119271934099,0.7814136888464291,6.6367569468283305,6.701260022116533,5.919179081875158,6.887130500177229,6.920385753273519,1.6987135603055492
s00,540.0,7.101189724653679,1,True,0.8926887129570392,0.7992778736632561,6.458606972060874,6.505716897426114,5.724303208579685,6.438333193012911,6.679018308951676,1.6987135603055492
s00,541.0,7.1727095710064335,1,True,0.9163678596630268,0.8085261127449295,6.7786633976228865,6.864434934950652,6.065157061287396,7.294288113209391,7.101189724653679,1.6987135603055492
s00,542.0,6.882632103986315,1,True,0.941607700282904,0.8070622642714994,6.863808283773458,6.931427053100649,6.12290094035572,7.137826463151368,7.1727095710064335,1.6987135603055492
s00,543.0,6.792893456509931,1,True,0.9287297725911785,0.809976276761193,6.648633485227778,6.695759706853478,5.888697442581979,6.604066156401438,6.882632103986315,1.6987135603055492
s00,544.0,7.079522425442657,1,True,0.902079367734458,0.8235753406035317,6.568493103924182,6.6262202973647035,5.81624402060351,6.655997778996667,6.792893456509931,1.6987135603055492
s00,545.0,7.38665617297948,1,True,0.9003695651501066,0.8390378677434251,6.790593583579492,6.871238601649699,6.047663261046167,7.187240645756059,7.079522425442657,1.6987135603055492
s00,546.0,7.284745105962693,1,True,0.9271947507704944,0.8435399538051963,7.051081862951514,7.134675570570319,6.295637702826894,7.501226168683366,7.38665617297948,1.6987135603055492
s00,547.0,6.81309255403667,1,True,0.9539787717617185,0.8362258373765888,6.995482298418418,7.056896434990251,6.213356481185055,7.1304516733208025,7.284745105962693,1.6987135603055492
s00,548.0,6.696860632733259,1,True,0.9310467066355763,0.8370683086264764,6.6302941176163515,6.668778257737007,5.832552420360418,6.404687902520599,6.81309255403667,1.6987135603055492
s00,549.0,6.902953502049382,1,True,0.9079425768083236,0.8468836007220585,6.518058482212531,6.575777098863314,5.738708790236838,6.543420104884653,6.696860632733259,1.6987135603055492
s00,550.0,6.8717298875124895,1,True,0.9243767160889809,0.8504758517558769,6.674026264359448,6.751988186385209,5.9051045856631506,6.962171929341696,6.902953502049382,1.6987135603055492
s00,551.0,6.94012819914703,1,True,0.9173327000088882,0.8567685666946505,6.666055257724441,6.730371034521242,5.879895182765365,6.773421104977377,6.8717298875124895,1.6987135603055492
s00,552.0,6.659155171752166,1,True,0.9425347505074989,0.8527866011753037,6.721060611604493,6.791887355730394,5.9351187890357435,6.9077052045917045,6.94012819914703,1.6987135603055492
s00,553.0,7.063611986887976,1,True,0.8939242855708924,0.8678633810263865,6.512047063718149,6.561052658518549,5.708266057343246,6.390695508685221,6.659155171752166,1.6987135603055492
s00,554.0,7.368362773978506,1,True,0.9005444677977692,0.8818338393181074,6.810621602751906,6.902680830921141,6.034817449894755,7.2463940916644445,7.063611986887976,1.6987135603055492
s00,555.0,7.811550776837942,1,True,0.8914231945458557,0.9012993095170314,7.074998516403824,7.162701770207143,6.280867930889035,7.48178479505024,7.368362773978506,1.6987135603055492
s00,556.0,7.984623570681868,1,True,0.9079929631418314,0.9146383310444098,7.442129319983869,7.539989519769255,6.638690210252223,8.00317640262454,7.811550776837942,1.6987135603055492
s00,557.0,7.961484429710877,1,True,0.919766487221781,0.9226909288596785,7.608911339898959,7.693064502535256,6.778426171490846,8.000524191618801,7.984623570681868,1.6987135603055492
s00,558.0,8.165782849957019,1,True,0.9058296687597184,0.9371913655376524,7.608404226260215,7.682434960691225,6.759744031831547,7.847881370173304,7.961484429710877,1.6987135603055492
s00,559.0,7.630640297404824,1,True,0.9515165008776986,0.9302541028842776,7.7736267645224375,7.86188238585065,6.924691020312998,8.1983226971989,8.165782849957019,1.6987135603055492
s00,560.0,7.795709759548893,1,True,0.9088345645680724,0.9414389854414587,7.37777836699548,7.422880340976188,6.49262623809191,7.164348624027466,7.630640297404824,1.6987135603055492
s00,561.0,7.456305796586342,1,True,0.9410536794164288,0.9381079763171352,7.4815127390234295,7.5673394340637925,6.625900448622334,7.8101877934415205,7.795709759548893,1.6987135603055492
s00,562.0,7.516410272286401,1,True,0.9160605707953747,0.9449008972981127,7.234681559406487,7.2899795729204815,6.351871596603346,7.1333276047119565,7.456305796586342,1.6987135603055492
s00,563.0,7.477069661958154,1,True,0.9224454057486849,0.9488539931148234,7.2659853594269865,7.345299801401128,6.400398904103016,7.467186868062525,7.516410272286401,1.6987135603055492
s00,564.0,7.460777372771701,1,True,0.9210577681611585,0.9531526151018899,7.24390198676306,7.31748997320282,6.368635980087997,7.361805974175424,7.477069661958154,1.6987135603055492
s00,565.0,7.98764940308702,1,True,0.8862474905178215,0.9735230626599539,7.233390489765715,7.3086344844848865,6.355481869382997,7.361407183044669,7.460777372771701,1.6987135603055492
s00,566.0,7.892064595476741,1,True,0.9242962660854805,0.9776532333672469,7.643651547150631,7.754392238566977,6.780869175907023,8.227373556756875,7.98764940308702,1.6987135603055492
s00,567.0,7.666262459819566,1,True,0.9330399304782907,0.9772006401809691,7.607336899122655,7.681348899362158,6.703695665994911,7.73076944319449,7.892064595476741,1.6987135603055492
s00,568.0,7.35119307689193,1,True,0.9402064686092222,0.9727788047227479,7.43315416936279,7.498587592165967,6.521386951984997,7.419500206375864,7.666262459819566,1.6987135603055492
s00,569.0,7.6705506533337875,1,True,0.8993357265182659,0.9857017976915491,7.181618341043943,7.2397842210404155,6.267005416317668,7.047194502646717,7.35119307689193,1.6987135603055492
s00,570.0,7.287599593193569,1,True,0.9447991369774821,0.9790132566129716,7.4113260071452265,7.510550962479486,6.524849164787937,7.787107540221081,7.6705506533337875,1.6987135603055492
s00,571.0,7.668464424091585,1,True,0.8954020380873695,0.9932269573026311,7.140632024427412,7.194674401102934,6.215661144489962,6.9363070909768085,7.287599593193569,1.6987135603055492
s00,572.0,7.723437484340948,1,True,0.9157814475481623,0.9994383297254579,7.412502221462852,7.51639173691339,6.5231647796107595,7.824007797106067,7.668464424091585,1.6987135603055492
s00,573.0,7.893160964308217,1,True,0.908363541289024,1.0092235366151467,7.482816151924228,7.566987401318589,6.567549071593131,7.666736546583492,7.723437484340948,1.6987135603055492
s00,574.0,7.532531376610604,1,True,0.9418671639799749,1.00378534616183,7.62132272077798,7.713804391721158,6.704580855106012,7.908718368347533,7.893160964308217,1.6987135603055492
s00,575.0,7.994394294235527,1,True,0.8903094453299031,1.0211011705101445,7.358847260363985,7.417200149291714,6.413414803129885,7.193234212735156,7.532531376610604,1.6987135603055492
s00,576.0,7.912038635586464,1,True,0.9234390654158087,1.0242398479538783,7.695410900361124,7.807416054128667,6.786314883618522,8.19387585742274,7.994394294235527,1.6987135603055492
s00,577.0,8.198502065668784,1,True,0.9009167029622099,1.0378730437360053,7.665645446266837,7.744062206264556,6.719822358310678,7.759359647744332,7.912038635586464,1.6987135603055492
s00,578.0,8.043541778753987,1,True,0.9271707256684033,1.039509867419538,7.886145106222886,7.988980989302895,6.95110794556689,8.28327519225708,8.198502065668784,1.6987135603055492
s00,579.0,7.867059469783908,1,True,0.9291713034666819,1.0395564842757912,7.78979882527077,7.86550557457547,6.825995707155932,7.838868377016728,8.043541778753987,1.6987135603055492
s00,580.0,8.316782892347987,1,True,0.8911553383202259,1.0573680676354393,7.6494330162723685,7.723063447026382,6.683506962750591,7.650833536063556,7.867059469783908,1.6987135603055492
s00,581.0,8.576245345781121,1,True,0.9021226708001545,1.0715362111929827,7.988885024270232,8.103973893863008,7.046605826227569,8.502108389838218,8.316782892347987,1.6987135603055492
s00,582.0,8.386141309180312,1,True,0.9277808425438592,1.0732916252850881,8.222748403617643,8.327627506110133,7.256091294917151,8.636013783658267,8.576245345781121,1.6987135603055492
s00,583.0,8.187962142133273,1,True,0.9290423266637623,1.0736536026488432,8.098384013125282,8.175896230008103,7.102604604723014,8.15104335907279,8.386141309180312,1.6987135603055492
s00,584.0,8.38473263038801,1,True,0.9059433084532671,1.0847080276381407,7.940067835798399,8.016251797411432,6.942598194762588,7.9509412865802656,8.187962142133273,1.6987135603055492
s00,585.0,8.434776243421355,1,True,0.914209879503943,1.0921660562520685,8.084151241249936,8.186175289623762,7.10146726198562,8.4079593038305,8.38473263038801,1.6987135603055492
s00,586.0,8.720404707013472,1,True,0.9005181834222165,1.1067570676522733,8.140340602772405,8.234037660339974,7.141871604087905,8.360795847347793,8.434776243421355,1.6987135603055492
s00,587.0,8.971206778033196,1,True,0.9022125577160587,1.1215160673456996,8.369137917985308,8.479240121585658,7.372483053933384,8.79398081625175,8.720404707013472,1.6987135603055492
s00,588.0,9.026340094800984,1,True,0.9126031621542199,1.1314114997511995,8.58682216024491,8.69649234795099,7.5749762806052905,9.017364900806724,8.971206778033196,1.6987135603055492
s00,589.0,9.133923240171768,1,True,0.9096329609856892,1.1429021531364802,8.652019673281801,8.750901460662408,7.619489960911208,8.944009167182408,9.026340094800984,1.6987135603055492
s00,590.0,9.415322328112198,1,True,0.9002174042479156,1.1598842367891216,8.745972189562131,8.849252873024154,7.706350719887674,9.083929147916725,9.133923240171768,1.6987135603055492
s00,591.0,9.181492501206003,1,True,0.9271073657823936,1.162526061358169,8.977695422319016,9.09343168223776,7.933547445448638,9.471993430537905,9.415322328112198,1.6987135603055492
s00,592.0,9.163930310724425,1,True,0.9160946019544192,1.1702254694415206,8.822543787653686,8.907283374612703,7.744757313254533,8.901736366538907,9.181492501206003,1.6987135603055492
s00,593.0,8.962600884884866,1,True,0.9262193499568966,1.1720793947143873,8.802615141972748,8.900803375789314,7.7305779063477935,9.030674628569434,9.163930310724425,1.6987135603055492
s00,594.0,8.671116095250477,1,True,0.9320943477641871,1.170009654762316,8.653630647342032,8.740107426986187,7.568028032271799,8.709151554584366,8.962600884884866,1.6987135603055492
s00,595.0,8.82485619042726,1,True,0.9076790004566497,1.179674402230808,8.423247672748685,8.502697941477518,7.332688286715202,8.360870435303774,8.671116095250477,1.6987135603055492
s00,596.0,8.921179591210121,1,True,0.9106183328697152,1.18821509699352,8.527581045836744,8.636489765786395,7.456815363555587,8.811224834910442,8.82485619042726,1.6987135603055492
s00,597.0,9.50897891080514,1,True,0.884191916039047,1.2118004553856905,8.61659565145413,8.722800297732784,7.534585200739263,8.868062112440082,8.921179591210121,1.6987135603055492
s00,598.0,9.454403316297238,1,True,0.9172676179300651,1.2188036170092797,9.080628306629706,9.220964595510932,8.009164140125241,9.754907097643832,9.50897891080514,1.6987135603055492
s00,599.0,9.434502657126615,1,True,0.9155752982091061,1.2263215655608732,9.083069845562873,9.183904372073505,7.965100755064224,9.290771851530721,9.454403316297238,1.6987135603055492
s01,350.0,1.746610375897292,0,False,0.9663878083009021,-0.028123809350017917,1.601265350829381,1.6003159489055796,1.6328285910653488,1.7223685891443352,1.622551829483843,1.6506738929561502
s01,351.0,1.9498359143337287,0,False,0.9427663962093746,-0.02093755433653572,1.7112393834221709,1.710294080550989,1.738417889901007,1.8483752195693133,1.746610375897292,1.6506738929561502
s01,352.0,2.0742180608572323,0,False,0.9592038133116235,-0.01542453112271877,1.8916489520859094,1.8904506203966673,1.911388174733203,2.1107059837213455,1.9498359143337287,1.6506738929561502
s01,353.0,2.2897373070344913,0,False,0.9368179285009955,-0.006787262906914948,2.0024576285589606,2.0018283665076977,2.0172528976304163,2.1734399453216824,2.0742180608572323,1.6506738929561502
s01,354.0,2.662797272044518,0,False,0.90509476437488,0.00727967330131019,2.194328231767281,2.1938993984370136,2.2006866613439287,2.4559549413106714,2.2897373070344913,1.6506738929561502
s01,355.0,2.640377325196026,0,False,0.9763432468454502,0.010726385976235077,2.5247960235885953,2.52548690269853,2.5182072293972197,2.9364611237044014,2.662797272044518,1.6506738929561502
s01,356.0,1.8132172264335449,0,False,0.8411528838759315,-0.01017264054479484,2.509597692335928,2.509851443801208,2.499125057824973,2.6184050058245996,2.640377325196026,1.6506738929561502
s01,357.0,2.410358426684683,0,False,0.8539002457281517,0.008590032612234089,1.78655188273096,1.7849359881170528,1.7951086286618476,1.2181552782138616,1.8132172264335449,1.6506738929561502
s01,358.0,1.8465130339900349,0,False,0.8900659863210375,-0.005372785782371128,2.310685312156374,2.3119403138102084,2.3033502811979742,2.828712234913869,2.410358426684683,1.6506738929561502
s01,359.0,1.738411383252966,0,False,0.9761640260017264,-0.007762686143892545,1.8186653805427064,1.8180747286370131,1.8234475144193842,1.416832219395062,1.8465130339900349,1.6506738929561502
s01,360.0,1.2772993399163002,0,False,0.8493448035032108,-0.021154011093101013,1.7238618694083312,1.7236768382232486,1.7314395243671412,1.6484303122121196,1.738411383252966,1.6506738929561502
s01,361.0,1.1832827268634425,0,False,0.9384114817920928,-0.0251901785591573,1.3210086040965783,1.317821642398652,1.338975653491753,0.9532540477664415,1.2772993399163002,1.6506738929561502
s01,362.0,0.7292566650584957,0,False,0.7343412208002646,-0.04032544687755775,1.235317034776028,1.233765609005177,1.2589557875643342,1.1128517575825139,1.1832827268634425,1.6506738929561502
s01,363.0,0.6169013402626435,0,True,0.8290293205466681,-0.04678433239101251,0.8429103330326444,0.8321975240444686,0.8725229709220264,0.48354307064425994,0.7292566650584957,1.6506738929561502
s01,364.0,0.47106934466503714,0,True,0.7560539552753147,-0.054555559287807816,0.7381089903215424,0.7301102412248804,0.776894573615893,0.5649767468333136,0.6169013402626435,1.6506738929561502
s01,365.0,0.6942649920268291,0,True,0.9693275641278937,-0.05167414334942348,0.6115264069866885,0.5982177940806847,0.6527733533684925,0.42155297939721925,0.47106934466503714,1.6506738929561502
s01,366.0,0.3739383980900428,0,True,0.6164822623830601,-0.06418798786900744,0.7926515205909723,0.7910665487428411,0.8427406920922645,0.8829596811246248,0.6942649920268291,1.6506738929561502
s01,367.0,0.24587923443804666,0,True,0.6054125891939763,-0.07198905523316552,0.5305320451330211,0.5059148132433158,0.5701028011123233,0.2810945022954651,0.3739383980900428,1.6506738929561502
s01,368.0,0.2835862062649076,0,True,0.7634266783431716,-0.07515505172656384,0.4175253976223446,0.389119422711518,0.4611084779446835,0.2648194489667039,0.24587923443804666,1.6506738929561502
s01,369.0,0.7344951460788104,0,True,0.8043661194019291,-0.06566160023557713,0.4358264432721644,0.4180467630459204,0.49320181477248426,0.35767657657205887,0.2835862062649076,1.6506738929561502
s01,370.0,0.30585680603558585,0,True,0.5194711478580929,-0.08082549519997677,0.8241656051759385,0.8113199715155733,0.8769815717511504,1.071069752291584,0.7344951460788104,1.6506738929561502
s01,371.0,0.7079628654855615,0,True,0.8402646630714418,-0.07252655057994134,0.47017036058329387,0.4313313781510478,0.5121568733510246,0.21547403573457585,0.30585680603558585,1.6506738929561502
s01,372.0,0.6030825260219601,0,True,0.8282390099939246,-0.07789025701680198,0.7934577935771346,0.7818727405839816,0.8543992911639229,1.018928147172219,0.7079628654855615,1.6506738929561502
s01,373.0,1.3755542275994233,0,True,0.7156046766537606,-0.05724091364387178,0.7006212894921174,0.6872427818350839,0.7651330388518859,0.556982690095831,0.6030825260219601,1.6506738929561502
s01,374.0,1.3544463616311018,0,True,0.9755074687845923,-0.05756837998077375,1.3816409543388837,1.3653619061945006,1.4226028198383724,1.859423077234658,1.3755542275994233,1.6506738929561502
s01,375.0,1.7428297220952937,1,True,0.8927450364119366,-0.045695558701661115,1.3484790081352394,1.3470690127915397,1.4046373927723135,1.338150258745216,1.3544463616311018,1.6506738929561502
s01,376.0,2.067112959549702,1,False,0.9128381977363498,-0.03436730561091445,1.6944055986761632,1.6895045231914803,1.7352000818931415,2.037119605248823,1.7428297220952937,1.6506738929561502
s01,377.0,2.190740577742917,1,False,0.9573312017730687,-0.027950236212789522,1.9798337807680793,1.9768382644720863,2.0112055700830007,2.3141883231285014,2.067112959549702,1.6506738929561502
s01,378.0,1.993361226319325,1,False,0.9700966283092567,-0.030803735194222952,2.0896704620231312,2.0884778590337727,2.116428095246562,2.288302559889967,2.190740577742917,1.6506738929561502
s01,379.0,1.3085555993066933,1,True,0.803879897113439,-0.049075964504760705,1.9185510452009271,1.917629909657951,1.948433644852174,1.829046890249284,1.993361226319325,1.6506738929561502
s01,380.0,1.1935164048802123,1,True,0.9329137293121992,-0.052765552303230503,1.3261274480371363,1.3165026648292055,1.3655786293339662,0.8511935319157168,1.3085555993066933,1.6506738929561502
s01,381.0,1.4559789150033955,1,True,0.9310042078926615,-0.045533196009117004,1.2184402159910848,1.214900371866279,1.2676659241695094,1.1071467126806052,1.1935164048802123,1.6506738929561502
s01,382.0,1.5596259322708983,1,True,0.9775643833807877,-0.042110050005623664,1.4486626644136147,1.445521065487787,1.491054261496904,1.666374448364104,1.4559789150033955,1.6506738929561502
s01,383.0,1.8259142180802255,1,False,0.9276892221883875,-0.03344744604608063,1.5381055176998668,1.5371607527621247,1.5792708027677484,1.6463040258253185,1.5596259322708983,1.6506738929561502
s01,384.0,1.8201206405918864,1,False,0.99608856309836,-0.03201786402059768,1.7748865172485258,1.7724679064091218,1.8059153524552023,2.0347237905643216,1.8259142180802255,1.6506738929561502
s01,385.0,1.6138782748706137,1,False,0.9452995614283958,-0.03667050871242903,1.7690916671198336,1.7689664312649918,1.8009842952855895,1.8151340203340574,1.8201206405918864,1.6506738929561502
s01,386.0,1.368456782006883,1,True,0.9143253560306345,-0.04328007941373336,1.5907816982929075,1.5887758053836938,1.6254463140961228,1.448575075057234,1.6138782748706137,1.6506738929561502
s01,387.0,1.363750926561726,1,True,0.9810441766148229,-0.043566009482252616,1.3769899342404386,1.3732819288457012,1.4165620082594346,1.1815899628357942,1.368456782006883,1.6506738929561502
s01,388.0,1.5603427608750267,1,False,0.9503839802696221,-0.03782544851866854,1.3698165583369002,1.3689907287555578,1.4125567382378104,1.3607467340775437,1.363750926561726,1.6506738929561502
s01,389.0,1.3605080614212055,1,True,0.9255374846831402,-0.04327187062041848,1.5439322130128825,1.5420554648128697,1.5798809133315384,1.7203343817537124,1.5603427608750267,1.6506738929561502
s01,390.0,1.1786609636207903,1,True,0.9109012878938089,-0.04890778525722157,1.369746917176422,1.36652478484756,1.4097966554679784,1.2067588579031219,1.3605080614212055,1.6506738929561502
s01,391.0,1.0213402489126928,1,True,0.8976003810586594,-0.054451006947040984,1.2104719259183911,1.2061143052400065,1.255022090497228,1.0444802911153979,1.1786609636207903,1.6506738929561502
s01,392.0,0.9385208327020668,1,True,0.9115875282883217,-0.058295527870934706,1.0722472925275401,1.0666715301651908,1.1211225371122318,0.9113696270594637,1.0213402489126928,1.6506738929561502
s01,393.0,0.6874713508221711,1,True,0.7917412485619375,-0.06744150798531588,0.9974914063436832,0.9923373546348768,1.0506328825058115,0.8841754461213145,0.9385208327020668,1.6506738929561502
s01,394.0,0.5687727571567163,1,True,0.8099896241339496,-0.07346383370943106,0.7835622322086772,0.7695169479605551,0.836958455945871,0.5494284914209999,0.6874713508221711,1.6506738929561502
s01,395.0,0.6652194292810766,1,True,0.9497374139230823,-0.07338127018569786,0.6764262024789929,0.6624673118233029,0.735931145532734,0.5187035121724058,0.5687727571567163,1.6506738929561502
s01,396.0,1.0005300039745268,1,True,0.8999527253543012,-0.06570451080701348,0.7483263570941898,0.7446380246850477,0.8180192948707455,0.7508617323438337,0.6652194292810766,1.6506738929561502
s01,397.0,0.9374242768391589,1,True,0.9188938648268367,-0.06871295985772655,1.0442794691010981,1.0377059118629275,1.103410422669941,1.267661432734235,1.0005300039745268,1.6506738929561502
s01,398.0,0.9968943447194939,1,True,0.9742700837838706,-0.06823572802066745,0.9865596594278929,0.9809866168175241,1.0496995766752506,0.8971759256250922,0.9374242768391589,1.6506738929561502
s01,399.0,1.3422457630643496,1,True,0.901182873021625,-0.05893076398138897,1.0338359946533189,1.0320802950884007,1.100316023109068,1.0488694653473063,0.9968943447194939,1.6506738929561502
s01,400.0,1.1546244578345761,1,True,0.9061961811252486,-0.06435170216930454,1.3411457662190431,1.3353223974317616,1.3942531614131506,1.612276099535426,1.3422457630643496,1.6506738929561502
s01,401.0,1.402855285299732,1,True,0.9363284310647675,-0.0573724133135131,1.1762487588545891,1.1702123234400177,1.2345640256093222,1.017413409538424,1.1546244578345761,1.6506738929561502
s01,402.0,1.4798574584181208,1,True,0.9883952642202218,-0.05463069993093704,1.3921200039015242,1.3884670123322522,1.4458394256457654,1.6034153167936003,1.402855285299732,1.6506738929561502
s01,403.0,1.2243481914383707,1,True,0.8952989558361532,-0.06160266961090162,1.4573811556086858,1.456747180770523,1.51137788070146,1.5450011431917443,1.4798574584181208,1.6506738929561502
s01,404.0,1.2871325696957308,1,True,0.9973808490347158,-0.059957841052105616,1.2387548149007392,1.2323049510691975,1.293907620680099,1.0369302395888798,1.2243481914383707,1.6506738929561502
s01,405.0,1.10095048771508,1,True,0.8995943800502063,-0.06555093994986622,1.287544156277701,1.287387117640433,1.3473449586925386,1.340587652589496,1.2871325696957308,1.6506738929561502
s01,406.0,1.055040727402472,1,True,0.9405054014934094,-0.06759961337163835,1.1299115242255013,1.1233298414615434,1.1888807814114095,0.9672257000446441,1.10095048771508,1.6506738929561502
s01,407.0,0.6996139263094104,1,True,0.7573240026693452,-0.0790773826306622,1.086228046800285,1.0822062349435386,1.149805848315177,1.0239285545836017,1.055040727402472,1.6506738929561502
s01,408.0,0.6801405665926237,1,True,0.8909728353434789,-0.08171964322674984,0.7874061024917387,0.7682159197955449,0.8472933024262072,0.5063521540833944,0.6996139263094104,1.6506738929561502
s01,409.0,0.420131540719749,1,True,0.6732411606257162,-0.09158567903071652,0.7579090618497265,0.7489994008519715,0.8307190440787213,0.6817904970976539,0.6801405665926237,1.6506738929561502
s01,410.0,0.10035817214923953,1,True,0.2884970911079069,-0.10410993133265645,0.5477596790639526,0.5178332488805699,0.6094189279112865,0.33299452061147683,0.420131540719749,1.6506738929561502
s01,411.0,0.08359318305258735,1,True,0.40531148844124765,-0.10859639492302414,0.30721648838591853,0.23314196939817738,0.33725190073083383,0.19038935349629063,0.10035817214923953,1.6506738929561502
s01,412.0,0.4666469358050913,1,True,0.8193642733122756,-0.1010285791103851,0.27896743717454275,0.21438640871712306,0.3229828036401472,0.2201720112218789,0.08359318305258735,1.6506738929561502
s01,413.0,-0.3790361129820926,1,True,0.005509492133730198,-0.12883908507902975,0.5662301234432274,0.5479807526393947,0.6490093317497798,0.766722589002148,0.4666469358050913,1.6506738929561502
s01,414.0,0.16435633091694976,1,True,0.023649566823286894,-0.11792004944256551,-0.07148227647858774,-0.19961152363185758,-0.07077243855282783,-0.07643644684369524,-0.3790361129820926,1.6506738929561502
s01,415.0,-0.045318906374747614,1,True,0.012864052447067453,-0.12749368467169525,0.388933559283045,0.27380226792957674,0.39172231737214225,0.397283010917795,0.16435633091694976,1.6506738929561502
s01,416.0,-0.24269640866329817,1,True,0.012336907967672062,-0.13734764241859554,0.21162244879211992,0.08576884956671124,0.2132625342384065,0.20764041301459596,-0.045318906374747614,1.6506738929561502
s01,417.0,-0.48316046701525645,1,True,0.010663012449403264,-0.1490801168871537,0.04357521246451624,-0.09207798472998435,0.04526965768861119,0.039644534172995814,-0.24269640866329817,1.6506738929561502
s01,418.0,-0.34388793925848316,1,True,0.6375236722288532,-0.15014249396957702,-0.16098489609954506,-0.3084753698443725,-0.15939525295721885,-0.1650299099555759,-0.48316046701525645,1.6506738929561502
s01,419.0,-0.4134835617996456,1,True,0.19000539282670492,-0.15681701726113859,-0.13657635222443215,-0.190999452080926,-0.040856958111348984,-0.15847541298149687,-0.34388793925848316,1.6506738929561502
s01,420.0,-0.5009834727717011,1,True,0.33930202433492207,-0.1641392654858619,-0.12988759365306674,-0.25690853194759056,-0.10009151468645194,-0.17089257889792764,-0.4134835617996456,1.6506738929561502
s01,421.0,-0.5097037236466389,1,True,0.5142661261778005,-0.1692692536044154,-0.23025763926119436,-0.33870411969485614,-0.1745648542089942,-0.31058830712691,-0.5009834727717011,1.6506738929561502
s01,422.0,-0.26177245428738394,1,True,0.8224836100618329,-0.1665847433592409,-0.26903631885426793,-0.3512561291265329,-0.1819868755221175,-0.35433744363942266,-0.5097037236466389,1.6506738929561502
s01,423.0,-0.22231255502828032,1,True,0.022157460430614506,-0.16912758460523572,-0.10797965790187741,-0.1375511801617859,0.02903356319745498,-0.03658876765627407,-0.26177245428738394,1.6506738929561502
s01,424.0,-0.5576082019498088,1,True,0.009099189509663375,-0.1826605689238092,0.05887142217759308,-0.10650872466402672,0.062618859941209,0.05704966827223371,-0.22231255502828032,1.6506738929561502
s01,425.0,-0.7460686277008031,1,True,0.4630103596129459,-0.1928800238132621,-0.2244216255944781,-0.40542013138570665,-0.22275956246189743,-0.22840312603706553,-0.5576082019498088,1.6506738929561502
s01,426.0,-0.9058376961065224,1,True,0.5962953383298619,-0.20277386714686735,-0.47246834369435087,-0.5760429183196809,-0.3831628945064188,-0.6254604129913991,-0.7460686277008031,1.6506738929561502
s01,427.0,-0.7856555704412693,1,True,0.7966350054142337,-0.20468592917636877,-0.6400594140258169,-0.7219201694578885,-0.5191463023110212,-0.8308148499676484,-0.9058376961065224,1.6506738929561502
s01,428.0,-0.5702761320455639,1,True,0.8454718887366245,-0.20314794562941432,-0.5799162973986437,-0.6215422502773784,-0.4168563211010097,-0.6291669333608934,-0.7856555704412693,1.6506738929561502
s01,429.0,-1.1804834683880667,1,True,0.33300816645074083,-0.22546176477467106,-0.40529742853436124,-0.43668949687950953,-0.23354155125009524,-0.36325368857900336,-0.5702761320455639,1.6506738929561502
s01,430.0,-0.8760084827412732,1,True,0.9246887521051079,-0.22239104284712755,-0.8279847244437475,-0.9783658803260571,-0.752904115551386,-1.0682435071128513,-1.1804834683880667,1.6506738929561502
s01,431.0,-0.8847540753921594,1,True,0.717530653620625,-0.22744919620383333,-0.6994004165445025,-0.716148963501966,-0.4937579206548385,-0.6075911443303442,-0.8760084827412732,1.6506738929561502
s01,432.0,-1.223328138150817,1,True,0.5826400542712575,-0.2422895191328253,-0.6644032813982076,-0.7286507071844186,-0.5012015109805853,-0.7817532374524062,-0.8847540753921594,1.6506738929561502
s01,433.0,-1.2426942355697852,1,True,0.7775380887342965,-0.24862055239899947,-0.9305378528080597,-1.0316597933639788,-0.7893702742311535,-1.2101101714763374,-1.223328138150817,1.6506738929561502
s01,434.0,-0.6467714346312643,1,True,0.8909143413370394,-0.23638948169648857,-0.99916518811501,-1.0544737913816264,-0.805853238982627,-1.158329885459327,-1.2426942355697852,1.6506738929561502
s01,435.0,-0.7977501535395841,1,True,0.5471334610771672,-0.24427084396421314,-0.5092513756369078,-0.5350380779487651,-0.2986485962522766,-0.15692033530987454,-0.6467714346312643,1.6506738929561502
s01,436.0,-1.1374670544610028,1,True,0.5476590703465676,-0.25825222067697184,-0.5607990723698814,-0.671421164035714,-0.4271503200715008,-0.7002254825391094,-0.7977501535395841,1.6506738929561502
s01,437.0,-1.3524801095734937,1,True,0.6933244813048391,-0.26959030390896704,-0.8577259522542351,-0.9745440018403199,-0.716291781163348,-1.1053031835707126,-1.1374670544610028,1.6506738929561502
s01,438.0,-1.3563457030358037,1,True,0.7978845117724318,-0.2752141244887129,-1.0862082707578067,-1.1688850170442753,-0.8992947131353082,-1.3403796559424652,-1.3524801095734937,1.6506738929561502
s01,439.0,-1.2485187009948242,1,True,0.8396077237126618,-0.27733571732219614,-1.1221739027405566,-1.1777989398787156,-0.9025848153900027,-1.2672587213218662,-1.3563457030358037,1.6506738929561502
s01,440.0,-0.9308058078058451,1,True,0.9313258094459455,-0.2726155024675198,-1.0436637959646327,-1.0881463029617215,-0.8108105856395253,-1.1012593478872659,-1.2485187009948242,1.6506738929561502
s01,441.0,-0.6442442324875246,1,True,0.9127583522911474,-0.2675524459667603,-0.7942911335483976,-0.8130127825128415,-0.5403972800453216,-0.6521519274590154,-0.9308058078058451,1.6506738929561502
s01,442.0,-0.4883825266256072,1,True,0.7572845558775587,-0.26528241942745645,-0.5407083617010628,-0.5640500779357368,-0.2964976319689765,-0.39128480517057884,-0.6442442324875246,1.6506738929561502
s01,443.0,-0.5524026070018826,1,True,0.46177815925956367,-0.2689808287411506,-0.3647341562962,-0.42912229654541084,-0.1638398771179544,-0.30915134434761316,-0.4883825266256072,1.6506738929561502
s01,444.0,-0.5474121209166648,1,True,0.5734150687273152,-0.27078389895293237,-0.3425384237549905,-0.48730978052394064,-0.21832895178279005,-0.39775873394546146,-0.5524026070018826,1.6506738929561502
s01,445.0,-0.3999914646250997,1,True,0.7000329867003604,-0.2682376831557013,-0.36935299360821644,-0.48486532453280273,-0.21408142557987037,-0.4027826736257738,-0.5474121209166648,1.6506738929561502
s01,446.0,-0.5729226186336492,1,True,0.274137224339849,-0.2747199895129661,-0.2763832833875255,-0.3568457400581562,-0.08860805690245493,-0.21875121679286746,-0.3999914646250997,1.6506738929561502
s01,447.0,-0.27706447063049083,1,True,0.9204124600599115,-0.26771650270221725,-0.3111050168715769,-0.510514030988786,-0.2357940414758199,-0.36856269113617995,-0.5729226186336492,1.6506738929561502
s01,448.0,0.06338550846963315,1,True,0.44338554285740417,-0.2582639868570974,-0.2303914551829285,-0.25169835303436205,0.016018149667855225,-0.021967667558123752,-0.27706447063049083,1.6506738929561502
s01,449.0,0.17810824954141563,1,True,0.7392184573891257,-0.2543463263172979,0.1912730337253791,0.04751956488143333,0.3057835517385307,0.32678555383457847,0.06338550846963315,1.6506738929561502
s01,450.0,0.07786721173999286,1,True,0.3314851874759688,-0.25648272764423236,0.21540941663890714,0.14908058930447338,0.4034269156217713,0.30904697568492945,0.17810824954141563,1.6506738929561502
s01,451.0,-0.44000089602682924,1,True,0.0074565926180863995,-0.2715315513285016,0.23308906270221338,0.061626560115477236,0.3181092877597096,0.21019106828383738,0.07786721173999286,1.6506738929561502
s01,452.0,-0.7732661575487212,1,True,0.2784064307071189,-0.28290375729355854,-0.12468577421286849,-0.3941926253801564,-0.12266107405165483,-0.12831399285177367,-0.44000089602682924,1.6506738929561502
s01,453.0,-0.783028310277327,1,True,0.6847649658060164,-0.2857181523271701,-0.485073610498449,-0.6892151424902748,-0.4063113851967163,-0.5874440242930417,-0.7732661575487212,1.6506738929561502
s01,454.0,-1.4133784256012678,1,True,0.4553299369838114,-0.3071093546765734,-0.6102699757691278,-0.7003383472878251,-0.41462019496065494,-0.6725827472820269,-0.783028310277327,1.6506738929561502
s01,455.0,-1.0759179915778179,1,True,0.9386093621799896,-0.3016398104762751,-1.0909628600232124,-1.2582361315877626,-0.9511267769111893,-1.4058912991308425,-1.4133784256012678,1.6506738929561502
s01,456.0,-1.209661817794776,1,True,0.7095904346184149,-0.30896329517677157,-0.9470278007545152,-0.9655456611115608,-0.6639058506352857,-0.7810360530391961,-1.0759179915778179,1.6506738929561502
s01,457.0,-1.190259510434014,1,True,0.7909903464470287,-0.31207002571090836,-0.9969759296916394,-1.086701825962788,-0.7777385307860165,-1.1650017447183125,-1.209661817794776,1.6506738929561502
s01,458.0,-1.3752814074466408,1,True,0.7133525260086044,-0.3211296247572697,-1.008069124609827,-1.0732947725679307,-0.7612247468570223,-1.0875248594654594,-1.190259510434014,1.6506738929561502
s01,459.0,-1.6737372487323505,1,True,0.709393065048163,-0.3341468096164728,-1.1477800909984386,-1.2398310867589146,-0.9187014620016449,-1.3567403319456575,-1.3752814074466408,1.6506738929561502
s01,460.0,-2.156828891985278,1,True,0.7049382791712988,-0.35364553366209933,-1.4097660436311483,-1.5068714237977265,-1.1727246141812537,-1.7083417651512,-1.6737372487323505,1.6506738929561502
s01,461.0,-1.8989044171178362,1,True,0.9097007477123633,-0.35248642417203335,-1.8331941403943106,-1.9375414001200342,-1.5838958664579348,-2.2776286425782173,-2.156828891985278,1.6506738929561502
s01,462.0,-1.9741490550959164,1,True,0.8176614839972001,-0.3602052042026688,-1.6850271268637895,-1.716856387408067,-1.3643699632360335,-1.6509334773071338,-1.8989044171178362,1.6506738929561502
s01,463.0,-2.13151782654559,1,True,0.8028101267018515,-0.3704922067737139,-1.7229384584532854,-1.7886177408440855,-1.4284125366414167,-1.9270054138020334,-1.9741490550959164,1.6506738929561502
s01,464.0,-1.7512308940905403,1,True,0.943096712802403,-0.36504377762396695,-1.8597878877704457,-1.9328451990821058,-1.5623529923083919,-2.126813039181103,-2.13151782654559,1.6506738929561502
s01,465.0,-2.1061409590689943,1,True,0.7410968518073175,-0.3801162518646477,-1.58295296012847,-1.6037251510463024,-1.2386813734223354,-1.4168115017140948,-1.7512308940905403,1.6506738929561502
s01,466.0,-2.0912641825860074,1,True,0.848665915380963,-0.385228066413782,-1.822457069994572,-1.9208703642815317,-1.540754112416884,-2.183625680409703,-2.1061409590689943,1.6506738929561502
s01,467.0,-1.813258613376786,1,True,0.9148005485042899,-0.3822262192284363,-1.8550220494213503,-1.9133201862216416,-1.5280921198078596,-1.9952912524343769,-2.0912641825860074,1.6506738929561502
s01,468.0,-1.574795017792695,1,True,0.9013496657615495,-0.37925904217756434,-1.6411354552628858,-1.6737009194884276,-1.2914747002599913,-1.5523451649918902,-1.813258613376786,1.6506738929561502
s01,469.0,-1.598516947190376,1,True,0.8105990926246156,-0.38318140633855363,-1.430357443883628,-1.4677714751573991,-1.0885124329798348,-1.3438831064913934,-1.574795017792695,1.6506738929561502
s01,470.0,-2.3809543516299327,1,True,0.6360162243557919,-0.4098535120737288,-1.4193092544075312,-1.491884160457429,-1.1087027541188754,-1.522111950572398,-1.598516947190376,1.6506738929561502
s01,471.0,-2.179202250906267,1,True,0.8978299474151513,-0.40969433649595455,-2.0353280747131075,-2.1845081034987426,-1.7746545914250138,-2.583827248904621,-2.3809543516299327,1.6506738929561502
s01,472.0,-1.9826095730143753,1,True,0.8942786242661677,-0.40879364201474094,-1.9707742304846556,-2.012632722388162,-1.6029383858922075,-1.9661533897311836,-2.179202250906267,1.6506738929561502
s01,473.0,-2.152833720515331,1,True,0.8004474759440999,-0.4180464395855227,-1.801188908597564,-1.8444071348226063,-1.4356134928078654,-1.7751453197009806,-1.9826095730143753,1.6506738929561502
s01,474.0,-2.224732644031994,1,True,0.8309498562495443,-0.4248321614042857,-1.9151196945480207,-1.9985419167398941,-1.5804954771543713,-2.1545925981188647,-2.152833720515331,1.6506738929561502
s01,475.0,-1.8528137850252098,1,True,0.9396824813347434,-0.41842089720728026,-1.994704653636847,-2.0665225915920584,-1.6416904301877726,-2.177019211395347,-2.224732644031994,1.6506738929561502
s01,476.0,-1.8656875801764816,1,True,0.8308955335397006,-0.4220846651255984,-1.7183238726219763,-1.74356198289921,-1.3251410856919297,-1.5235300036332882,-1.8528137850252098,1.6506738929561502
s01,477.0,-1.4499657382110729,1,True,0.9592130159159803,-0.4128381485784647,-1.6868065543517246,-1.758182956448863,-1.3360982913232646,-1.7852359592610212,-1.8656875801764816,1.6506738929561502
s01,478.0,-0.8947764894311537,1,True,0.9535301209095047,-0.39782828448188556,-1.3782668696551112,-1.3951052926504572,-0.9822671440719926,-1.0914902812158997,-1.4499657382110729,1.6506738929561502
s01,479.0,-0.6523439800243365,1,True,0.877876638744304,-0.3901718002805705,-0.8890730877895188,-0.9075601200681712,-0.5097318355862857,-0.42630686108815485,-0.8947764894311537,1.6506738929561502
s01,480.0,-1.086948748858984,1,True,0.4387269309234507,-0.4019733629118461,-0.6459142360990144,-0.6935633278164638,-0.30339152753589327,-0.42858739753928654,-0.6523439800243365,1.6506738929561502
s01,481.0,-1.4785346122227176,1,True,0.6267758496857443,-0.414071368357359,-0.8496509409504,-1.0752677640389534,-0.6732944011271073,-1.017062056041094,-1.086948748858984,1.6506738929561502
s01,482.0,-1.3258852049240069,1,True,0.8634388068765987,-0.4112282988628888,-1.266112753448379,-1.4206541880730152,-1.0065828197156563,-1.5112879372262356,-1.4785346122227176,1.6506738929561502
s01,483.0,-1.4543601386612164,1,True,0.7527721216662576,-0.4162224801069155,-1.2317296033881724,-1.2878874305269952,-0.8766591316641064,-1.1523572021812567,-1.3258852049240069,1.6506738929561502
s01,484.0,-1.5624196364410299,1,True,0.774320791916324,-0.4210281749857383,-1.299328006475294,-1.4022298071469348,-0.9860073270400194,-1.4208845397659675,-1.4543601386612164,1.6506738929561502
s01,485.0,-1.6969773520544698,1,True,0.7773911037387892,-0.4269672671077838,-1.4039903095412565,-1.4990076146529532,-1.0779794396672149,-1.5243074755529225,-1.5624196364410299,1.6506738929561502
s01,486.0,-1.778511352060013,1,True,0.8031362814183307,-0.4317384444196308,-1.5244253962612522,-1.6194721083317813,-1.1925048412239976,-1.673708311546732,-1.6969773520544698,1.6506738929561502
s01,487.0,-2.0410384353121565,1,True,0.7645137160000867,-0.44216043075773515,-1.6086452550855648,-1.6936388907086786,-1.2619004462890477,-1.732543536288816,-1.778511352060013,1.6506738929561502
s01,488.0,-1.7888723630787222,1,True,0.9074582895669134,-0.43800147642523146,-1.823381457391238,-1.927504174162178,-1.4853437434044428,-2.0810054226693344,-2.0410384353121565,1.6506738929561502
s01,489.0,-2.041870882935162,1,True,0.7676052929343828,-0.44799598984563377,-1.6681870297878105,-1.7087204355884187,-1.2707189591631871,-1.546158521207415,-1.7888723630787222,1.6506738929561502
s01,490.0,-2.3795312267965034,1,True,0.7692031507645642,-0.4613604791488698,-1.829936353195222,-1.9340482500219693,-1.4860522601763355,-2.0779925585202355,-2.041870882935162,1.6506738929561502
s01,491.0,-2.1197565550267417,1,True,0.9111765780330814,-0.4579090613853374,-2.128323268861846,-2.234803813811156,-1.7734433346622862,-2.4607101709283863,-2.3795312267965034,1.6506738929561502
s01,492.0,-2.226901309481876,1,True,0.8217782218500025,-0.4644085483360917,-1.9695786946748268,-2.010251744456732,-1.552342683071395,-1.8678951781306958,-2.1197565550267417,1.6506738929561502
s01,493.0,-2.2186664868205037,1,True,0.8513067729238806,-0.4677301994400692,-2.025177066082068,-2.107944783354585,-1.6435362350184934,-2.1978738235636786,-2.226901309481876,1.6506738929561502
s01,494.0,-2.6874141627370505,1,True,0.7572806201393395,-0.48522489712886485,-2.0347092603548296,-2.1042575731105306,-1.6365273736704613,-2.1261396523429297,-2.2186664868205037,1.6506738929561502
s01,495.0,-2.665102548714156,1,True,0.8662188925064632,-0.48955652306478903,-2.402941531392614,-2.520715017516685,-2.03549012038782,-2.831306319708406,-2.6874141627370505,1.6506738929561502
s01,496.0,-2.953926708028185,1,True,0.8116150472925533,-0.5029926240067628,-2.4405632627927663,-2.506056676629059,-2.01650015356427,-2.5618823339374135,-2.665102548714156,1.6506738929561502
s01,497.0,-2.7023846313517352,1,True,0.911464148536105,-0.5011046179410173,-2.6705619251908748,-2.7653181668765834,-2.2623255428698203,-3.023155040204346,-2.953926708028185,1.6506738929561502
s01,498.0,-2.402184306567116,1,True,0.920569212442701,-0.4966900528991405,-2.5049707506077805,-2.549336474629678,-2.048231856688661,-2.449329939077404,-2.7023846313517352,1.6506738929561502
s01,499.0,-2.4384718057921306,1,True,0.8475892215711922,-0.5011617875429187,-2.2499615022591994,-2.289413984332855,-1.7927239314337142,-2.118561659460488,-2.402184306567116,1.6506738929561502
s01,500.0,-2.2584587141851418,1,True,0.8936216285890227,-0.4991724217420814,-2.2483884493881967,-2.3247709075463856,-1.823609120003467,-2.370938058162169,-2.4384718057921306,1.6506738929561502
s01,501.0,-2.079329042217397,1,True,0.8911084447746831,-0.4964652546636796,-2.1164667955525935,-2.16956794483079,-1.6703955230887084,-2.058986525632612,-2.2584587141851418,1.6506738929561502
s01,502.0,-2.4190977960086393,1,True,0.7714363770680189,-0.5086062161093216,-1.9603382074582474,-2.0143990811539085,-1.517933826490229,-1.8823379387372328,-2.079329042217397,1.6506738929561502
s01,503.0,-1.6976834624562973,1,True,0.9688260896429011,-0.4900649508744484,-2.1994767575523957,-2.3157256369520685,-1.807119420842747,-2.5023100886322642,-2.4190977960086393,1.6506738929561502
s01,504.0,-1.6632673668422995,1,True,0.8357266697378765,-0.4894678484756667,-1.6678935392873062,-1.6831707801350224,-1.193105829260574,-1.0870814176307069,-1.6976834624562973,1.6506738929561502
s01,505.0,-1.6671211763606517,1,True,0.8225684218952467,-0.48988304515378517,-1.5728747735647024,-1.6532812870900366,-1.16381343861437,-1.5567399746563848,-1.6632673668422995,1.6506738929561502
s01,506.0,-2.2349528977703823,1,True,0.6866372364958038,-0.5072223353944004,-1.5700558346281406,-1.6569765564165388,-1.1670935112627536,-1.5810985628283794,-1.6671211763606517,1.6506738929561502
s01,507.0,-2.3743008367403506,1,True,0.8203864816478323,-0.5137230162030564,-1.9986668837215757,-2.1576114764518173,-1.650389141057417,-2.3836211591751195,-2.2349528977703823,1.6506738929561502
s01,508.0,-2.6029906030998426,1,True,0.809488259053564,-0.5233312952023705,-2.190443038057319,-2.282714636456038,-1.7689916202529816,-2.3628789892980198,-2.3743008367403506,1.6506738929561502
s01,509.0,-2.807932768400278,1,True,0.8232675118262291,-0.5329602852098725,-2.387265678676124,-2.486966434816881,-1.9636351396145102,-2.638747524291659,-2.6029906030998426,1.6506738929561502
s01,510.0,-3.129413665280909,1,True,0.8120018630801207,-0.5467118919704819,-2.5768353759576534,-2.6710267732605963,-2.138066488050724,-2.8331492961419684,-2.807932768400278,1.6506738929561502
s01,511.0,-2.6242826004673567,1,True,0.9578322294062324,-0.536688408180463,-2.8556179096789243,-2.9583987268013168,-2.411686834830835,-3.216662589700964,-3.129413665280909,1.6506738929561502
s01,512.0,-2.7177835623291102,1,True,0.843572938715068,-0.542668544240793,-2.495814739974958,-2.518445693651446,-1.9817572854709828,-2.185388361632937,-2.6242826004673567,1.6506738929561502
s01,513.0,-2.771479261516749,1,True,0.8532315598043452,-0.547692717721795,-2.5191187665226558,-2.604006812150015,-2.061338267909222,-2.6822301172499428,-2.7177835623291102,1.6506738929561502
s01,514.0,-2.640193678897132,1,True,0.8878262931024181,-0.5472565463694127,-2.574348718089992,-2.654732723976539,-2.107040006254744,-2.7129547139115013,-2.771479261516749,1.6506738929561502
s01,515.0,-2.4492027682994966,1,True,0.8980038201905514,-0.544455945085455,-2.481168349001195,-2.5425561444314204,-1.9952995980620076,-2.4686474468980393,-2.640193678897132,1.6506738929561502
s01,516.0,-3.191980987661732,1,True,0.7297961637595725,-0.5688994211304079,-2.3216660263567084,-2.3771984528299677,-1.8327425077445127,-2.24034928861438,-2.4492027682994966,1.6506738929561502
s01,517.0,-2.9186315410407033,1,True,0.9158156083624119,-0.5654432017912537,-2.880120046321449,-3.033838852345844,-2.464939431215436,-3.4569064594934154,-3.191980987661732,1.6506738929561502
s01,518.0,-3.6235374409039425,1,True,0.7626463758825539,-0.5902174803799166,-2.750126662666775,-2.7977281546151818,-2.232284952823928,-2.6477832683927813,-2.9186315410407033,1.6506738929561502
s01,519.0,-3.1497571178715953,1,True,0.9469730792604923,-0.5820362352655201,-3.2823750303658383,-3.4224652883514795,-2.8322478079715627,-3.893281475943372,-3.6235374409039425,1.6506738929561502
s01,520.0,-2.836500877579447,1,True,0.9226932410106111,-0.576800125012293,-2.9801742967054023,-3.011037886020348,-2.429001650754828,-2.729674419644736,-3.1497571178715953,1.6506738929561502
s01,521.0,-2.6188262452660274,1,True,0.9046471761145187,-0.5731894632381088,-2.6945910894894594,-2.739181637738834,-2.162381512726541,-2.5383782950346667,-2.836500877579447,1.6506738929561502
s01,522.0,-2.3161828568935623,1,True,0.9211281038552434,-0.5661658676517275,-2.495647475831781,-2.550302709772938,-1.9771132465348291,-2.390034684879022,-2.6188262452660274,1.6506738929561502
s01,523.0,-2.4994166540978457,1,True,0.815394672215897,-0.5725776121630025,-2.2410372615412117,-2.285691837055345,-1.7195259694036173,-2.0318525166682933,-2.3161828568935623,1.6506738929561502
s01,524.0,-2.342421489100969,1,True,0.8894447962081621,-0.5694085048145634,-2.3423575229404157,-2.4480584007156057,-1.8754807885526033,-2.511399497763085,-2.4994166540978457,1.6506738929561502
s01,525.0,-2.3876370018034847,1,True,0.843833397557691,-0.5716996101667422,-2.2483157501069435,-2.3112668233975233,-1.7418583185829597,-2.1571762948234974,-2.342421489100969,1.6506738929561502
s01,526.0,-2.052672221256004,1,True,0.9290569323742197,-0.5627185176886734,-2.262761584787631,-2.3520419705249638,-1.7803423603582216,-2.325271980690529,-2.3876370018034847,1.6506738929561502
s01,527.0,-2.7347238473552933,1,True,0.7073710114064126,-0.5830213111832591,-2.0180430863477747,-2.057964064202441,-1.4952455465137675,-1.7482554916733593,-2.052672221256004,1.6506738929561502
s01,528.0,-2.6886906339298045,1,True,0.8715061322897607,-0.583918693954552,-2.4881689382666434,-2.6587778748867077,-2.0757565637034485,-2.9525275829860202,-2.7347238473552933,1.6506738929561502
s01,529.0,-3.079704085097871,1,True,0.7963427547009501,-0.5976949589906163,-2.545465279147862,-2.620495250562394,-2.0365765566078418,-2.5707523574994338,-2.6886906339298045,1.6506738929561502
s01,530.0,-3.0893582765819163,1,True,0.8682423774782266,-0.6013635250880072,-2.845347831125065,-2.9670727400022225,-2.369377781011606,-3.2000648305537496,-3.079704085097871,1.6506738929561502
s01,531.0,-3.4245741862215997,1,True,0.8197307247087069,-0.614732003853355,-2.8997239990397623,-2.978958227376671,-2.377594702288664,-3.0027122795005816,-3.0893582765819163,1.6506738929561502
s01,532.0,-3.3800529083631816,1,True,0.8814368117329133,-0.61780447323911,-3.1668199693383396,-3.2776372621713485,-2.6629052583179935,-3.5211465094374867,-3.4245741862215997,1.6506738929561502
s01,533.0,-3.5947484150288154,1,True,0.8442304734364696,-0.6283624285828537,-3.169567702164462,-3.242816570237359,-2.625012096998249,-3.2571324351958304,-3.3800529083631816,1.6506738929561502
s01,534.0,-3.6538550465876574,1,True,0.8691709182577573,-0.6348948644541291,-3.3382274662011495,-3.436107184211811,-2.807744755628957,-3.6264257065084413,-3.5947484150288154,1.6506738929561502
s01,535.0,-3.8035378932068595,1,True,0.8581902529814838,-0.644212599144235,-3.4098840247505975,-3.492946736869997,-2.8580518724158677,-3.5934663309557795,-3.6538550465876574,1.6506738929561502
s01,536.0,-3.4866987346915574,1,True,0.9226211640893968,-0.6399236637927992,-3.5383076206953006,-3.6296632464060856,-2.9854506472618505,-3.7968575346349285,-3.8035378932068595,1.6506738929561502
s01,537.0,-3.3100946393776445,1,True,0.9014661954536001,-0.6385553630942425,-3.30618811448693,-3.3557046626628653,-2.715780998870066,-3.1782430927920458,-3.4866987346915574,1.6506738929561502
s01,538.0,-3.5397172810211117,1,True,0.840571546049423,-0.6486261541402426,-3.1411049568152603,-3.2040242461544435,-2.565468883060201,-3.1012225394747466,-3.3100946393776445,1.6506738929561502
s01,539.0,-3.267375763581524,1,True,0.9160637632406422,-0.6443614505536487,-3.3061230848548364,-3.4095325498013236,-2.760906395661081,-3.579831877771257,-3.5397172810211117,1.6506738929561502
s01,540.0,-3.6392822197909225,1,True,0.8201884169148128,-0.658335779908616,-3.119385966019735,-3.173471241292009,-2.5291097907383606,-2.993068025881671,-3.267375763581524,1.6506738929561502
s01,541.0,-3.651550193669994,1,True,0.8760703165406489,-0.6627627549542645,-3.385607960028052,-3.5039843588150417,-2.8456485789064256,-3.7561991459935187,-3.6392822197909225,1.6506738929561502
s01,542.0,-3.976427750527118,1,True,0.8361651578368585,-0.6764900001696145,-3.436716931585325,-3.518852910015454,-2.8560901550611897,-3.5621166378077294,-3.651550193669994,1.6506738929561502
s01,543.0,-3.9803634182572685,1,True,0.8809099042930727,-0.6816281582161878,-3.698258850968755,-3.8090914833714873,-3.132601483201873,-4.069388745545208,-3.976427750527118,1.6506738929561502
s01,544.0,-4.168514981572431,1,True,0.8587495309619337,-0.692156226094875,-3.7364042230176873,-3.81757938561619,-3.135951227400002,-3.8827531124729604,-3.9803634182572685,1.6506738929561502
s01,545.0,-4.232550308604202,1,True,0.875707897978777,-0.6994852982006888,-3.8904805134935576,-3.9882479050770767,-3.2960916789822017,-4.182805318566069,-4.168514981572431,1.6506738929561502
s01,546.0,-3.7826124389167433,1,True,0.9394838680637602,-0.6914613005085857,-3.9631385306072096,-4.050079028653515,-3.350593730452826,-4.170657948543194,-4.232550308604202,1.6506738929561502
s01,547.0,-4.112429817238571,1,True,0.8384381598646244,-0.7050611417518118,-3.6172572125073206,-3.6591017757977022,-2.9676404752891163,-3.373515082592707,-3.7826124389167433,1.6506738929561502
s01,548.0,-4.332539113456172,1,True,0.8570922107910741,-0.7164347946713293,-3.8395063740028808,-3.9534173494722524,-3.2483562077204406,-4.208191277017176,-4.112429817238571,1.6506738929561502
s01,549.0,-4.58675673942576,1,True,0.8566219820958583,-0.7294735527156685,-4.04974735866229,-4.152131471281121,-3.435696676609791,-4.3649414001887195,-4.332539113456172,1.6506738929561502
s01,550.0,-4.276300889050156,1,True,0.9213223751831661,-0.726316345135579,-4.276950669617942,-4.381541141719807,-3.652067589004138,-4.638090941524936,-4.58675673942576,1.6506738929561502
s01,551.0,-4.217698769692045,1,True,0.890967902292151,-0.7294228899082842,-4.057002432367625,-4.114147277268536,-3.3878309321329567,-3.96295103879978,-4.276300889050156,1.6506738929561502
s01,552.0,-4.50066630133905,1,True,0.8517763377636695,-0.7424215957062611,-3.987845600270333,-4.067376108073154,-3.3379532181648703,-4.077338824574614,-4.217698769692045,1.6506738929561502
s01,553.0,-5.007980704903486,1,True,0.8336698502611531,-0.7630245523801735,-4.211171034600813,-4.321215482439736,-3.5787938867334748,-4.569165378589482,-4.50066630133905,1.6506738929561502
s01,554.0,-5.143669115809658,1,True,0.8762997776064666,-0.7741264373910488,-4.646692294062001,-4.773606282113812,-4.010581729733639,-5.202051690432646,-5.007980704903486,1.6506738929561502
s01,555.0,-4.870678247499942,1,True,0.9172881469134888,-0.7732409068732797,-4.80443631895959,-4.900195931425577,-4.126069494034528,-5.1189937184616365,-5.143669115809658,1.6506738929561502
s01,556.0,-5.239395203023364,1,True,0.8527516301760657,-0.7904139294422649,-4.603004929100743,-4.666961117390526,-3.893720210517247,-4.576740994159099,-4.870678247499942,1.6506738929561502
s01,557.0,-5.157581489242396,1,True,0.8986175136595357,-0.7952026261645695,-4.881571102569074,-4.997958265165577,-4.207544335723313,-5.35507087927007,-5.239395203023364,1.6506738929561502
s01,558.0,-5.237268214235727,1,True,0.8828086248297988,-0.8043272740264402,-4.8524936661216715,-4.933113285506702,-4.137910659342133,-4.991630684121635,-5.157581489242396,1.6506738929561502
s01,559.0,-4.876989995073237,1,True,0.9261416134414915,-0.8003351355699091,-4.915801057627552,-5.01006127695761,-4.20573400293117,-5.176256334163034,-5.237268214235727,1.6506738929561502
s01,560.0,-4.877668079288251,1,True,0.8885760645072401,-0.8056823550293915,-4.64031596881956,-4.699427430638838,-3.8990922950689293,-4.520770402663652,-4.876989995073237,1.6506738929561502
s01,561.0,-4.7250803361505875,1,True,0.9043605639980956,-0.8062742115832964,-4.615579485599307,-4.7053517843537565,-3.899669429324365,-4.769208448488056,-4.877668079288251,1.6506738929561502
s01,562.0,-4.4778898183732405,1,True,0.9142059012321473,-0.8033287330320075,-4.498960825890829,-4.576072436749535,-3.7697982251662387,-4.516267298393781,-4.7250803361505875,1.6506738929561502
s01,563.0,-4.857528251479694,1,True,0.8458771546804494,-0.8181724708319726,-4.293816126816054,-4.362736991480856,-3.5594082584488484,-4.2067497715715625,-4.4778898183732405,1.6506738929561502
s01,564.0,-4.758082143949193,1,True,0.8987366077831435,-0.8198939233207476,-4.574601325156613,-4.700700394323364,-3.882527923491391,-4.9805779696301276,-4.857528251479694,1.6506738929561502
s01,565.0,-4.595328682285493,1,True,0.9050541425424241,-0.8192203596760566,-4.534755563841752,-4.617780803775198,-3.7978868804544503,-4.58477951047891,-4.758082143949193,1.6506738929561502
s01,566.0,-4.465205719175155,1,True,0.900883625780706,-0.8188190190101658,-4.400802161875363,-4.47858374137151,-3.6593633816954543,-4.381091387879135,-4.595328682285493,1.6506738929561502
s01,567.0,-4.356149591253691,1,True,0.8979152489033387,-0.8184805609453456,-4.286273154441612,-4.367431526747699,-3.548612507737533,-4.274582674533845,-4.465205719175155,1.6506738929561502
s01,568.0,-4.288109153496934,1,True,0.8925986668161451,-0.8188956545658755,-4.190718315137709,-4.274272699479271,-3.455792138533925,-4.180891999878012,-4.356149591253691,1.6506738929561502
s01,569.0,-4.64842134763968,1,True,0.8446919492969391,-0.8318449882116753,-4.128826407740848,-4.216776892779689,-3.397881238213813,-4.140806296138188,-4.288109153496934,1.6506738929561502
s01,570.0,-4.848899425044838,1,True,0.8663012090494497,-0.8412200654259951,-4.4072046276279115,-4.536396851234177,-3.704551863022502,-4.760873025727445,-4.64842134763968,1.6506738929561502
s01,571.0,-4.714291297044284,1,True,0.9023745263640689,-0.8411566909010948,-4.6039336755368305,-4.716403781207628,-3.8751837157816333,-4.866533392334373,-4.848899425044838,1.6506738929561502
s01,572.0,-5.40143499666191,1,True,0.8210225690002249,-0.8651465778640796,-4.519653777544503,-4.601772097895755,-3.7606154069946602,-4.517804713205043,-4.714291297044284,1.6506738929561502
s01,573.0,-5.572267718588909,1,True,0.8763725742221576,-0.8759963996668596,-5.0557652798852155,-5.210606991829575,-4.345460413965496,-5.692610328739996,-5.40143499666191,1.6506738929561502
s01,574.0,-5.689747248672588,1,True,0.8823040236663064,-0.8856831140050533,-5.258559590851326,-5.366856770732798,-4.4908603710659385,-5.566000646693306,-5.572267718588909,1.6506738929561502
s01,575.0,-6.065354931059061,1,True,0.8617033768767954,-0.9033477653277521,-5.372291881477343,-5.476533220302435,-4.590850106297381,-5.6486328223304625,-5.689747248672588,1.6506738929561502
s01,576.0,-6.009487669592996,1,True,0.8994163905852051,-0.9092157894660233,-5.688956919533235,-5.813886864983956,-4.910539099656203,-6.18112488637447,-6.065354931059061,1.6506738929561502
s01,577.0,-5.567546140411209,1,True,0.9324893177180629,-0.9030760272668539,-5.68075267454211,-5.772204880383525,-4.862989090917502,-5.851401447128825,-6.009487669592996,1.6506738929561502
s01,578.0,-5.624111863068842,1,True,0.8875843031119914,-0.9101018507697864,-5.328950467551176,-5.389917746304423,-4.486841719037569,-5.143833641413408,-5.567546140411209,1.6506738929561502
s01,579.0,-5.40473427162431,1,True,0.9125478433342203,-0.9088912372340009,-5.342778322357141,-5.445088056150492,-4.534986205380706,-5.544409333620778,-5.624111863068842,1.6506738929561502
s01,580.0,-5.483279575010332,1,True,0.8846210252007225,-0.915674832111371,-5.177675246893919,-5.257159745764661,-4.34826850853066,-5.14195523062537,-5.40473427162431,1.6506738929561502
s01,581.0,-5.505781185878738,1,True,0.8901274189616031,-0.9209244119260775,-5.225145568676678,-5.330795192055188,-4.415120359943817,-5.41917501318723,-5.483279575010332,1.6506738929561502
s01,582.0,-5.338922144799415,1,True,0.9074894853265608,-0.920436182778749,-5.254012107630783,-5.355196449710369,-4.434272037784291,-5.4050991437362725,-5.505781185878738,1.6506738929561502
s01,583.0,-5.899727127477627,1,True,0.8423687083788994,-0.9410472857561057,-5.1275403365728165,-5.212690361565734,-4.292254178786985,-5.113214638802758,-5.338922144799415,1.6506738929561502
s01,584.0,-5.670488666666594,1,True,0.9137525586349978,-0.9398434518625647,-5.562277963987696,-5.710616463117962,-4.769569177361856,-6.123654088904413,-5.899727127477627,1.6506738929561502
s01,585.0,-5.952677760827059,1,True,0.869150183290285,-0.9529947216142648,-5.433243009430258,-5.514302102437057,-4.574458650574492,-5.397676139050832,-5.670488666666594,1.6506738929561502
s01,586.0,-5.612669996862707,1,True,0.9235087644737882,-0.9483458767196712,-5.642932308700609,-5.767631493349161,-4.814636771734897,-6.012516164025088,-5.952677760827059,1.6506738929561502
s01,587.0,-5.722699196764038,1,True,0.8832169674063657,-0.955819043823719,-5.401053478812637,-5.473593626629112,-4.5252477499094415,-5.262238427656259,-5.612669996862707,1.6506738929561502
s01,588.0,-5.961787517385172,1,True,0.8731491510396509,-0.9674312082879127,-5.463091922030229,-5.574715368578711,-4.618896324754992,-5.676505760262274,-5.722699196764038,1.6506738929561502
s01,589.0,-6.056514513598799,1,True,0.8866174063687619,-0.9754319981180262,-5.667102049179628,-5.789821519261686,-4.822390310973773,-5.9949346157574395,-5.961787517385172,1.6506738929561502
s01,590.0,-5.99881459076444,1,True,0.8995372633714304,-0.9790430318497594,-5.7678497898491425,-5.878446799706666,-4.90301480158864,-5.997210801256957,-6.056514513598799,1.6506738929561502
s01,591.0,-6.086440712537055,1,True,0.8873989476772408,-0.9866478131881414,-5.7345906590008955,-5.832948001257654,-4.853904969407894,-5.839617712966085,-5.99881459076444,1.6506738929561502
s01,592.0,-6.594599694832666,1,True,0.8554822064923072,-1.0070317977354961,-5.804035961217243,-5.915133543254178,-4.928485730066036,-6.022236651493439,-6.086440712537055,1.6506738929561502
s01,593.0,-7.118175447981637,1,True,0.8592549235112269,-1.0295363347951465,-6.222490199259134,-6.368024212659953,-5.360992414924457,-6.786323265770659,-6.594599694832666,1.6506738929561502
s01,594.0,-7.014481403785956,1,True,0.9058330257286462,-1.03488606601597,-6.691254859569791,-6.836157029758505,-5.8066206949633585,-7.316488867628131,-7.118175447981637,1.6506738929561502
s01,595.0,-6.708463486549329,1,True,0.9203621534804772,-1.0335424647946647,-6.655798104373862,-6.753250193926171,-5.718364127910201,-6.812484248441722,-7.014481403785956,1.6506738929561502
s01,596.0,-6.858820739507356,1,True,0.8863116223002359,-1.044563671863372,-6.409138074367721,-6.491447170550448,-5.457904705755784,-6.369154683632531,-6.708463486549329,1.6506738929561502
s01,597.0,-6.952825597426972,1,True,0.891031194816834,-1.054235205094507,-6.511686407130882,-6.6304411563891374,-5.585877484525765,-6.827525647106533,-6.858820739507356,1.6506738929561502
s01,598.0,-6.3915306569882535,1,True,0.9398461004054499,-1.0443774482902677,-6.605243799781714,-6.720122550462893,-5.665887345368386,-6.883880755659364,-6.952825597426972,1.6506738929561502
s01,599.0,-6.726865433420128,1,True,0.8709213370926131,-1.0592074278955954,-6.169709403745937,-6.232532779909203,-5.188155331618935,-5.870148368330164,-6.3915306569882535,1.6506738929561502
s02,350.0,1.0888224420978432,0,False,0.8261952705612782,-0.06248013353361025,1.4992845809259945,1.4979242582884302,1.5481313373363228,1.62467394181023,1.4883405169095723,1.8057072268110403
s02,351.0,0.8351053942293887,0,True,0.8143790637620527,-0.07206553476103246,1.1654781111808996,1.1546187684767952,1.2170989020104055,0.8376200650376481,1.0888224420978432,1.8057072268110403
s02,352.0,1.0514320248838027,0,True,0.9784121574530795,-0.06856683367023444,0.9481855272233668,0.9348086551905356,1.006874189951568,0.6957866747216812,0.8351053942293887,1.8057072268110403
s02,353.0,1.1623781342105757,0,True,0.9899160246677094,-0.0672220238422749,1.1190313499544715,1.1175511399452576,1.186117973615492,1.229713901022978,1.0514320248838027,1.8057072268110403
s02,354.0,1.1702108353694876,0,True,0.9560570875003298,-0.06844040700043993,1.2115014725385342,1.210823607308322,1.278045631150597,1.2545451837006323,1.1623781342105757,1.8057072268110403
s02,355.0,1.7059176261550235,0,False,0.8593598601405976,-0.05374573537839325,1.21910270956973,1.216095238753468,1.2845356457539079,1.1814394249682276,1.1702108353694876,1.8057072268110403
s02,356.0,1.5232138285441756,0,False,0.9370046710747628,-0.05828928571367424,1.6822243141273387,1.6746655063868752,1.7284112417652684,2.0905300015085393,1.7059176261550235,1.8057072268110403
s02,357.0,1.071950004273343,0,True,0.8097421130997813,-0.0716929063332314,1.5224093109849313,1.5187373582585812,1.5770266439722556,1.3847557092916334,1.5232138285441756,1.8057072268110403
s02,358.0,1.527762600167099,0,False,0.8813696188717854,-0.05980280358069039,1.145065982613762,1.131425841749066,1.2031187480822974,0.794136922575163,1.071950004273343,1.8057072268110403
s02,359.0,1.5228116087760761,0,False,0.9813515653693848,-0.059748241079126095,1.528087288105246,1.520992858723933,1.5807956623046233,1.8669268904856733,1.527762600167099,1.8057072268110403
s02,360.0,1.4435581672993008,0,False,0.9560024668579448,-0.061949850016861395,1.5180593430585356,1.5169451318904772,1.5766933729696033,1.5197906312729013,1.5228116087760761,1.8057072268110403
s02,361.0,1.0459553946291065,0,True,0.8185232959471637,-0.07404346086475594,1.4518013968048533,1.4490757562255911,1.5110256062424525,1.3837480211960034,1.4435581672993008,1.8057072268110403
s02,362.0,0.9448317235719841,0,True,0.8889615480509035,-0.07892460985448913,1.1209738531308244,1.1075366898964234,1.1815801507611794,0.8009093483045785,1.0459553946291065,1.8057072268110403
s02,363.0,1.5203331353122627,0,False,0.8389606211945018,-0.06388061238810742,1.0276302195984686,1.0188665530995398,1.097791162954029,0.8873309146213052,0.9448317235719841,1.8057072268110403
s02,364.0,1.7004711328613424,0,False,0.9616464720459265,-0.05818925286016507,1.521046442733293,1.5107591485965974,1.574639760984705,1.9291358365951188,1.5203331353122627,1.8057072268110403
s02,365.0,1.4688227517276535,0,False,0.9202499695426288,-0.06409584441578568,1.6679409000512062,1.6657091369150072,1.7238983897751723,1.8449036846130398,1.7004711328613424,1.8057072268110403
s02,366.0,2.002772399864926,0,False,0.8670188576080744,-0.048048576679235,1.4729751208575868,1.467863475313237,1.5319593197290227,1.297225971584727,1.4688227517276535,1.8057072268110403
s02,367.0,2.4616579828174667,0,False,0.8902958455285794,-0.031988749402012,1.9327199615271446,1.926330406910034,1.9743789835892689,2.3825828024756386,2.002772399864926,1.8057072268110403
s02,368.0,2.3705092722112644,0,False,0.9966375536679616,-0.030551872098534386,2.32612266080109,2.322613362095344,2.354602111497356,2.7884245801235443,2.4616579828174667,1.8057072268110403
s02,369.0,2.063026487763581,0,False,0.9503080765966057,-0.03611686640720857,2.2486290270829947,2.2485262980527203,2.2790781701512546,2.2949318438909674,2.3705092722112644,1.8057072268110403
s02,370.0,1.6355467247799695,0,False,0.8939434703280484,-0.04669608700769224,1.989982128021836,1.9881874114627585,2.024304277869967,1.818988619134676,2.063026487763581,1.8057072268110403
s02,371.0,1.4031176852216651,0,False,0.9132864749081736,-0.05330477477679631,1.6283597024624292,1.6234072775251338,1.670103364532826,1.3225760884073132,1.6355467247799695,1.8057072268110403
s02,372.0,1.2479877004051803,0,False,0.9159608266109617,-0.05859152423193285,1.4288349271681866,1.4242126822430647,1.477517457019861,1.233683047110807,1.4031176852216651,1.8057072268110403
s02,373.0,0.9824675776207177,0,True,0.8431808393837505,-0.06782914972739988,1.2953124107336738,1.2903884274696185,1.3489799517015513,1.1387396861009553,1.2479877004051803,1.8057072268110403
s02,374.0,1.0478516023300202,0,True,0.9628306211892014,-0.06822799082309246,1.0717832158453373,1.0611463055197725,1.1289754552471725,0.819939244025164,0.9824675776207177,1.8057072268110403
s02,375.0,1.1510848837170429,1,True,0.9862961324444902,-0.06714314386727484,1.1174593105595252,1.114923318523122,1.1831513093462145,1.1050427796487314,1.0478516023300202,1.8057072268110403
s02,376.0,1.7602588071156318,1,False,0.8380149116996409,-0.05038173364042563,1.202465253638143,1.2015451328873252,1.2686882767546002,1.2370612851752294,1.1510848837170429,1.8057072268110403
s02,377.0,1.803720309400098,1,False,0.9915478269429254,-0.04796178904915696,1.7312165792636123,1.7230554896911427,1.7734372233315683,2.185380657926214,1.7602588071156318,1.8057072268110403
s02,378.0,1.913638882846544,1,False,0.9720579818174536,-0.04339722471963763,1.7618921198704036,1.7614867385292332,1.8094485275783903,1.8394756557627665,1.803720309400098,1.8057072268110403
s02,379.0,1.6062073773653702,1,False,0.9162073827046853,-0.05092483035947516,1.8583401714021424,1.8571275653599542,1.9005247900795919,2.001803856546397,1.913638882846544,1.8057072268110403
s02,380.0,1.2762642258540922,1,False,0.8737850233956301,-0.06048296026783252,1.599135680953811,1.5948685561326708,1.645793386492146,1.3761376001048342,1.6062073773653702,1.8057072268110403
s02,381.0,0.5729916027312838,1,True,0.5902773549597251,-0.08265100229943598,1.3195601925332328,1.3119263371180652,1.3724092973858977,1.0495202511124084,1.2762642258540922,1.8057072268110403
s02,382.0,0.9531907549424425,1,True,0.9064974594491704,-0.07526651286218529,0.7409050943114412,0.7070411070340865,0.7896921093335225,0.3178139470247959,0.5729916027312838,1.8057072268110403
s02,383.0,1.157229714881246,1,True,0.9768429527946803,-0.07143314454727889,1.036488381222049,1.029450771051033,1.1047172839132182,1.2529283907810844,0.9531907549424425,1.8057072268110403
s02,384.0,1.1653391160965507,1,True,0.9556450446367766,-0.07254336944092021,1.2040007932515673,1.2023466125512614,1.2737797570985403,1.3250761552237753,1.157229714881246,1.8057072268110403
s02,385.0,1.3730053012807613,1,True,0.965213042976542,-0.0675918805090898,1.2111733281331976,1.2079556702197478,1.280499039660668,1.176868278449881,1.1653391160965507,1.8057072268110403
s02,386.0,1.44487736633506,1,True,0.9973513055645098,-0.06579481180956763,1.3873263921933923,1.3849750763509878,1.4525669568600776,1.541855207132792,1.3730053012807613,1.8057072268110403
s02,387.0,1.74593829637235,1,False,0.9283591502275474,-0.0568063785846212,1.446498125892727,1.4463238555408027,1.5121186673503704,1.5044494442009875,1.44487736633506,1.8057072268110403
s02,388.0,2.4110834387271938,1,False,0.8445538824033635,-0.03561683037148177,1.708834822190178,1.7047651649558802,1.7615715435405013,1.9786401356458667,1.74593829637235,1.8057072268110403
s02,389.0,2.48972952647083,1,False,0.9631807184840913,-0.02923735229246357,2.2826167551725685,2.2770802571702236,2.3126970875417054,2.861244880288793,2.4110834387271938,1.8057072268110403
s02,390.0,2.783108059196686,1,False,0.9215655265824049,-0.016202838352620465,2.3497007595067525,2.3486242612019166,2.37786161349438,2.5483758452171252,2.48972952647083,1.8057072268110403
s02,391.0,2.6895925990402274,1,False,0.9870879928371886,-0.013657445643295293,2.606017036490113,2.604746175396055,2.6209490137486755,2.994410167877969,2.783108059196686,1.8057072268110403
s02,392.0,2.8596177857132243,1,False,0.941548263978735,-0.003763109679032234,2.529982931940428,2.529806586904456,2.5434640325477513,2.6112212913743376,2.6895925990402274,1.8057072268110403
s02,393.0,3.4168168674130976,1,False,0.8800576313500658,0.018323987787975806,2.680800245473075,2.680580285179497,2.684343394858529,2.982017412301842,2.8596177857132243,1.8057072268110403
s02,394.0,2.9133541510648193,1,False,0.9616374124431438,0.010794080893254735,3.162153225057119,3.1643510475555217,3.1460270597675457,3.790645929050677,3.4168168674130976,1.8057072268110403
s02,395.0,3.328619295267311,1,False,0.9010835061528402,0.028462790163847056,2.7392482307075374,2.739662319580901,2.728868238687646,2.505121264817136,2.9133541510648193,1.8057072268110403
s02,396.0,3.3666190021378584,1,False,0.9544363665284729,0.036419025396902845,3.0985957216278837,3.101411161035999,3.072948370872152,3.6133741557538266,3.328619295267311,1.8057072268110403
s02,397.0,2.974666499701067,1,False,0.9786735403475122,0.031433425302796504,3.1391937863800363,3.140853169504611,3.1044341441077083,3.384724074369072,3.3666190021378584,1.8057072268110403
s02,398.0,2.9096643326820053,1,False,0.9771742339092004,0.034390240944617664,2.810433447611507,2.8111038112879667,2.7796703859851704,2.6526702260111654,2.974666499701067,1.8057072268110403
s02,399.0,2.9647190035454867,1,False,0.9580586967167997,0.04052577588391055,2.7594161886401163,2.7602011722357243,2.7258109312911065,2.8528376665674196,2.9096643326820053,1.8057072268110403
s02,400.0,2.872064007772935,1,False,0.9821858444298976,0.042329079964400516,2.8102541678994686,2.811953871756603,2.7714280958726922,3.0003160522118466,2.9647190035454867,1.8057072268110403
s02,401.0,2.4599480441948685,1,False,0.9545167884718343,0.03401796656000931,2.7362311008589497,2.736985157674575,2.6946560777101745,2.7934992458198873,2.872064007772935,1.8057072268110403
s02,402.0,2.3194940327142555,1,False,0.9927985472687042,0.03198668979579193,2.385656011819361,2.387203258188168,2.353185291628159,2.129152533248589,2.4599480441948685,1.8057072268110403
s02,403.0,2.1740875433731133,1,False,0.985798972956798,0.029145475550937404,2.268564334233669,2.268794684868264,2.236807995072472,2.2033593621670953,2.3194940327142555,1.8057072268110403
s02,404.0,2.6210607376114368,1,False,0.8935858604810958,0.043413118087038516,2.145058757388248,2.1454726530747337,2.116327177523796,2.054497420655182,2.1740875433731133,1.8057072268110403
s02,405.0,2.3359217724154204,1,False,0.9687762669454543,0.03758797934054617,2.5254732943601,2.530093063965165,2.4866799458781266,2.937702718482728,2.6210607376114368,1.8057072268110403
s02,406.0,3.08608930564062,1,False,0.8435728042040187,0.06153042869027704,2.2868340236166023,2.2880076606495914,2.250419681309045,2.1043687408103295,2.3359217724154204,1.8057072268110403
s02,407.0,2.9689520187135465,1,False,0.9834163539910252,0.06259328565597262,2.923898420774216,2.9335234531903605,2.8719930245000835,3.576941192885589,3.08608930564062,1.8057072268110403
s02,408.0,3.5250246005627695,1,True,0.8810454518943616,0.08321816055557217,2.8364907456842614,2.8375287705761187,2.774935484920146,2.8702865454961866,2.9689520187135465,1.8057072268110403
s02,409.0,3.180342072753546,1,True,0.9913818326113096,0.07906130526278352,3.30900473716343,3.3189039158465006,3.2356857552909286,3.896548359143326,3.5250246005627695,1.8057072268110403
s02,410.0,3.293755331003292,1,True,0.9450095253347061,0.08699945834393101,3.0284688647356526,3.0291502282983753,2.950088923035592,2.895222201618223,3.180342072753546,1.8057072268110403
s02,411.0,3.381983900919,1,True,0.9474602695575487,0.09452716734294318,3.126276126108638,3.131060267618594,3.0440608092746633,3.368828838341703,3.293755331003292,1.8057072268110403
s02,412.0,2.933307240741658,1,True,0.9696413221135585,0.08617561407642134,3.206725917734032,3.211692349625719,3.1171651822827755,3.4373338857818387,3.381983900919,1.8057072268110403
s02,413.0,2.674267796775241,1,True,0.9868888319851952,0.08145635084164571,2.8289603935583494,2.8315765712677616,2.7454009571913405,2.5671246996743338,2.933307240741658,1.8057072268110403
s02,414.0,2.501621857287323,1,True,0.9942152153183007,0.07813832950945085,2.6111545804587273,2.612222568360485,2.5307662175188392,2.460565695920379,2.674267796775241,1.8057072268110403
s02,415.0,2.725138776773256,1,True,0.9340786065111236,0.0859168823227296,2.465401669585698,2.465853682997298,2.387715353487847,2.358739587104956,2.501621857287323,1.8057072268110403
s02,416.0,2.726367537025948,1,True,0.9710743452310833,0.08794289609924776,2.653169983868409,2.658833744475343,2.5729168621526135,2.8880968631792614,2.725138776773256,1.8057072268110403
s02,417.0,2.899595992616117,1,True,0.9405646664328859,0.09507443936823885,2.659334077797802,2.661877883649747,2.5739349875504995,2.7229470011783907,2.726367537025948,1.8057072268110403
s02,418.0,2.941985760123751,1,True,0.9603688595111073,0.0989577236186829,2.8068921707580583,2.812542951775616,2.717468512407377,3.023773747007118,2.899595992616117,1.8057072268110403
s02,419.0,2.769307403597417,1,True,0.9969759838763712,0.09649046003825265,2.8476277154978984,2.851549522945091,2.7525917993264084,2.968211172456355,2.941985760123751,1.8057072268110403
s02,420.0,3.186246681830936,1,True,0.9005886935084189,0.11089772443585016,2.7057127465374204,2.7060045352443525,2.6095140752061,2.6261791312202765,2.769307403597417,1.8057072268110403
s02,421.0,3.2178724032577772,1,True,0.9574511646355929,0.11545752399109331,3.0548545970765613,3.0658790847496724,2.9549813603138224,3.4743802250177884,3.186246681830936,1.8057072268110403
s02,422.0,3.173517011110666,1,True,0.9687795315550576,0.11776373518378386,3.0917307215077687,3.096643304687648,2.9811857806965545,3.2328911159355096,3.2178724032577772,1.8057072268110403
s02,423.0,2.9649395399780736,1,True,0.9965333212695004,0.11484599479513768,3.058520913954682,3.0621975529329455,2.944433817749162,3.1307603770531527,3.173517011110666,1.8057072268110403
s02,424.0,3.067939697097561,1,True,0.9493044920205032,0.12029048102986853,2.8860586884390935,2.886456822606533,2.7716108278113953,2.7920454632892024,2.9649395399780736,1.8057072268110403
s02,425.0,2.7532789676605596,1,True,0.9815390750229112,0.11357149663096802,2.971146927249669,2.9772451142905765,2.856954633260708,3.1382609599894216,3.067939697097561,1.8057072268110403
s02,426.0,2.8742464605047777,1,True,0.9492324383583804,0.11850474823223461,2.7077081055837184,2.7098047404625585,2.5962332438315903,2.494471526916036,2.7532789676605596,1.8057072268110403
s02,427.0,2.5888981491231338,1,True,0.9796702662587721,0.11172261786827074,2.808952964144558,2.8149691612552625,2.696464413023028,2.9603635765815746,2.8742464605047777,1.8057072268110403
s02,428.0,2.8411590477953212,1,True,0.928182595022919,0.1198047901103912,2.5694820153171714,2.5717533063913063,2.4600306885230356,2.354651218127765,2.5888981491231338,1.8057072268110403
s02,429.0,2.0305886002494224,1,True,0.8643120084514732,0.09705683845268102,2.780249586376876,2.788853655506428,2.6690488653960367,3.0228055749422142,2.8411590477953212,1.8057072268110403
s02,430.0,2.238255067218516,1,True,0.9432196582967052,0.10136997791302424,2.0813143043980484,2.0944837518737427,1.9974269134210616,1.4455980393357315,2.0305886002494224,1.8057072268110403
s02,431.0,2.6890366281325084,1,True,0.8931918443075598,0.11391512549656041,2.2651092200302796,2.270865042014637,2.1694950641016124,2.396648913034674,2.238255067218516,1.8057072268110403
s02,432.0,2.891969859873765,1,True,0.9358599002458529,0.12096666653220252,2.644751427559268,2.6569184920190283,2.543003366522468,3.0070536542936583,2.6890366281325084,1.8057072268110403
s02,433.0,2.5950478680491056,1,True,0.9781431420884938,0.11385461289372474,2.824357508606729,2.832116322665031,2.7111496561328288,3.037733403789719,2.891969859873765,1.8057072268110403
s02,434.0,2.345373429252532,1,True,0.9751355124890696,0.10684639082152245,2.576492327562687,2.578980831659275,2.4651262187655503,2.351562050967245,2.5950478680491056,1.8057072268110403
s02,435.0,2.8769473638592067,1,True,0.8796525470337722,0.12220188613693297,2.3624408392620198,2.3650975200121893,2.258251129190667,2.1414759314168945,2.345373429252532,1.8057072268110403
s02,436.0,3.132635056341225,1,True,0.9256589694114314,0.13155381146825493,2.8061975262195773,2.8209042119638266,2.6987023258268934,3.2429400444932788,2.8769473638592067,1.8057072268110403
s02,437.0,3.1203554323826683,1,True,0.9652462655798559,0.13390106389485537,3.032333838906916,3.0421136848293204,2.9105598733610654,3.31223359748285,3.132635056341225,1.8057072268110403
s02,438.0,3.240330673386005,1,True,0.9446922499758352,0.1400823952718089,3.029632732141044,3.034286294154221,2.9003852302593653,3.1028896101402057,3.1203554323826683,1.8057072268110403
s02,439.0,3.6887530097425056,1,True,0.8970822458706625,0.156548686504606,3.132128993215457,3.1398766353159364,2.9997942400441273,3.3209380655804646,3.240330673386005,1.8057072268110403
s02,440.0,4.053043032953909,1,True,0.9082523157647183,0.17230308476816703,3.5117847849415895,3.5278964241685413,3.3713477376639354,3.989400418097245,3.6887530097425056,1.8057072268110403
s02,441.0,4.411869965569708,1,True,0.9087011254978389,0.18929436310813091,3.829685611890171,3.845494020904246,3.673190936136079,4.2923422667291105,4.053043032953909,1.8057072268110403
s02,442.0,3.9377258823426753,1,True,0.995857739655991,0.1826320827720833,4.142519531242887,4.159801893544262,3.970507530436132,4.641745995864122,4.411869965569708,1.8057072268110403
s02,443.0,3.987174568757857,1,True,0.9459043408525857,0.18943911163283417,3.7595170970988168,3.7602736067328273,3.577641523960744,3.5449956659881963,3.9377258823426753,1.8057072268110403
s02,444.0,4.063597257034569,1,True,0.9421191895722668,0.19710544543073877,3.7978049634923376,3.8080527971044167,3.6186136854715825,4.005992770267748,3.987174568757857,1.8057072268110403
s02,445.0,3.602941128883555,1,True,0.989164832750288,0.1888224374795817,3.8676327710008733,3.8790413939221238,3.681935948491385,4.1011635103052795,4.063597257034569,1.8057072268110403
s02,446.0,3.638159070599917,1,True,0.9513382348355872,0.19329516297252514,3.487022298144546,3.4890682208351356,3.300245783355554,3.2221068858300352,3.602941128883555,1.8057072268110403
s02,447.0,4.114889638507942,1,True,0.8945692140229855,0.21106019793754688,3.5133157225125653,3.5227218063405514,3.329426643368026,3.650896473582569,3.638159070599917,1.8057072268110403
s02,448.0,3.8913827720987033,1,True,0.978095360626281,0.20973680243153892,3.9132437130752824,3.9354959556323026,3.7244357576947555,4.427086771901211,4.114889638507942,1.8057072268110403
s02,449.0,4.271676216093479,1,True,0.9062981133609338,0.2254177074773384,3.744385172212837,3.748979381233497,3.539242578801958,3.7025326790608686,3.8913827720987033,1.8057072268110403
s02,450.0,3.9105360516852103,1,True,0.9927688764281296,0.22034088135532076,4.058641524613319,4.079763589085799,3.8543458816084604,4.518149105247852,4.271676216093479,1.8057072268110403
s02,451.0,4.118413232339459,1,True,0.9266463421975545,0.23062967414993407,3.7738601603780006,3.775453472519016,3.555112591163695,3.610896443177096,3.9105360516852103,1.8057072268110403
s02,452.0,4.551713901224464,1,True,0.9004973188749266,0.2484415409164583,3.9410674788103064,3.95798500900699,3.727355334857056,4.249335813560115,4.118413232339459,1.8057072268110403
s02,453.0,4.425617371703474,1,True,0.96017264685779,0.2511654359176447,4.310100272239896,4.334820871663927,4.086379330747469,4.828712009552898,4.551713901224464,1.8057072268110403
s02,454.0,4.978782897663079,1,True,0.8888199715175196,0.27353700934290626,4.223060528974284,4.233063783487693,3.9818983475700485,4.307625435269627,4.425617371703474,1.8057072268110403
s02,455.0,4.517472202148558,1,True,0.991383621238706,0.26764786838510796,4.683365048252078,4.713776900741835,4.440239891398929,5.326290788818872,4.978782897663079,1.8057072268110403
s02,456.0,4.6680827177546735,1,True,0.930131843258967,0.2779206929087415,4.323349078224895,4.3256552336335545,4.0580073652484465,4.134574213156047,4.517472202148558,1.8057072268110403
s02,457.0,5.188534675613465,1,True,0.8927451365585739,0.29975510844161424,4.441303017983983,4.460720824517708,4.182800131608966,4.750250643762447,4.6680827177546735,1.8057072268110403
s02,458.0,4.996612627668743,1,True,0.9602160826766076,0.30223975738617653,4.881640802961557,4.913790996183332,4.614035887741718,5.5119005105706895,5.188534675613465,1.8057072268110403
s02,459.0,4.5952454242069,1,True,0.9845149575964401,0.29737953025437314,4.74522871374732,4.757252995267013,4.455013237880837,4.822369576416752,4.996612627668743,1.8057072268110403
s02,460.0,4.6096144430612735,1,True,0.9442460538125902,0.303073118057574,4.4152232483186395,4.419828182954579,4.122448652700206,4.260509337674667,4.5952454242069,1.8057072268110403
s02,461.0,4.184808432047584,1,True,0.9939393841733846,0.29549454171793005,4.420530121054015,4.437427643369047,4.1343545253114735,4.594358900412403,4.6096144430612735,1.8057072268110403
s02,462.0,4.295548126523675,1,True,0.9365162981962597,0.30202507843106985,4.076072690522802,4.077863569419017,3.782369027701087,3.832517152691518,4.184808432047584,1.8057072268110403
s02,463.0,4.648225740815645,1,True,0.909229155031484,0.3161873286781387,4.156977062563649,4.176150732580019,3.8741256541489486,4.354726244089972,4.295548126523675,1.8057072268110403
s02,464.0,4.74584315513585,1,True,0.935018832208217,0.32408659196775524,4.453833787822845,4.482534378815297,4.1663470501371584,4.870181417846918,4.648225740815645,1.8057072268110403
s02,465.0,4.753422897867349,1,True,0.9437962284934399,0.3295497563665144,4.550257892696986,4.57131741790871,4.247230825940955,4.789070597306042,4.74584315513585,1.8057072268110403
s02,466.0,4.6491746266804865,1,True,0.9555853801240757,0.33153316514364956,4.564539061569116,4.583061000775982,4.253511244409467,4.731253412786878,4.753422897867349,1.8057072268110403
s02,467.0,4.033087916330314,1,True,0.983664836652535,0.3175658093575296,4.483941523028196,4.498666442534312,4.167133277390663,4.545223420939292,4.6491746266804865,1.8057072268110403
s02,468.0,3.9700554678961497,1,True,0.9589385137276709,0.3174408029693047,3.9690348581342194,3.9742223475036447,3.656656538146115,3.524800829954657,4.033087916330314,1.8057072268110403
s02,469.0,4.353417392096972,1,True,0.905948119862269,0.3303872260939607,3.9088353634350392,3.9218699546084403,3.6044291516391356,3.9049594555374765,3.9700554678961497,1.8057072268110403
s02,470.0,4.53871536001452,1,True,0.9271670932897804,0.33897482209619184,4.221388620152523,4.2524621599401495,3.922074933846189,4.600619422087915,4.353417392096972,1.8057072268110403
s02,471.0,4.1923847342210605,1,True,0.9858859328384563,0.33230884923069404,4.389895308142809,4.414583829737654,4.075609007641463,4.647337719176925,4.53871536001452,1.8057072268110403
s02,472.0,4.4301071005331965,1,True,0.9220058734252219,0.3415833989079432,4.116265215208473,4.12095544462489,3.788646595394196,3.9037741415260117,4.1923847342210605,1.8057072268110403
s02,473.0,4.528945229409057,1,True,0.9362313605715282,0.3476357004951186,4.300560344319609,4.327201843169878,3.9856184442619353,4.577048797570403,4.4301071005331965,1.8057072268110403
s02,474.0,4.550880017360375,1,True,0.9439517550334815,0.35170761963212555,4.392981123822806,4.415149379460143,4.067513678965025,4.576193254258269,4.528945229409057,1.8057072268110403
s02,475.0,4.181368999109712,1,True,0.9884342799073045,0.3440268092630691,4.417683416589861,4.437396011411593,4.085688391779468,4.541962895231866,4.550880017360375,1.8057072268110403
s02,476.0,4.172975509096944,1,True,0.9505597138595394,0.345509694722511,4.119567076001897,4.123545993782217,3.779519184519148,3.8740931767267117,4.181368999109712,1.8057072268110403
s02,477.0,4.367840909153402,1,True,0.9269251950834232,0.3530026958002446,4.100992108390898,4.118074206562282,3.7725645118397706,4.146568243146667,4.172975509096944,1.8057072268110403
s02,478.0,4.60230665208017,1,True,0.9217657795589519,0.36246103561233844,4.26123305521308,4.287028658343709,3.9340259625434637,4.485802653251959,4.367840909153402,1.8057072268110403
s02,479.0,4.469147531428045,1,True,0.9603810827059918,0.3618126472732083,4.4624036195043315,4.490760476065718,4.12829944045338,4.744297711208375,4.60230665208017,1.8057072268110403
s02,480.0,4.792772881319639,1,True,0.9121181804325761,0.37420245809593794,4.365444561880405,4.379779187228649,4.017966539955441,4.345310598603961,4.469147531428045,1.8057072268110403
s02,481.0,4.4925284432444315,1,True,0.9765022659295052,0.36916876278139893,4.6274326941583235,4.660318287062397,4.28611582896646,4.992830779239194,4.792772881319639,1.8057072268110403
s02,482.0,4.680656675487582,1,True,0.9262565043852355,0.37739321572739154,4.397833614539525,4.406508243954496,4.037339481173097,4.23890186673197,4.4925284432444315,1.8057072268110403
s02,483.0,4.777375623835012,1,True,0.9349223894409787,0.3835961283624874,4.542781574382782,4.570611869331817,4.193218653604426,4.789095389221078,4.680656675487582,1.8057072268110403
s02,484.0,5.1819346009984155,1,True,0.9039662210205521,0.39934554317044935,4.631990587946162,4.6569541073996845,4.273357979037197,4.81949940945378,4.777375623835012,1.8057072268110403
s02,485.0,6.055653006495892,1,True,0.8643773053161898,0.4307777510082506,4.969562083606592,5.00791274523585,4.608567202065401,5.429889777527302,5.1819346009984155,1.8057072268110403
s02,486.0,5.988635908009039,1,True,0.9420736825462337,0.4375381282377534,5.704866760957375,5.763290000358945,5.332512249350695,6.5833403775456345,6.055653006495892,1.8057072268110403
s02,487.0,5.9456083779885525,1,True,0.9404518470686671,0.4444707378100537,5.689176419730782,5.714521392245209,5.276983264007455,5.89510009532543,5.988635908009039,1.8057072268110403
s02,488.0,5.344536269192308,1,True,0.99025597030608,0.43423275754473034,5.659334866567804,5.6858022780364195,5.241331540226366,5.870141263666387,5.9456083779885525,1.8057072268110403
s02,489.0,5.099111182076479,1,True,0.9638697120969067,0.43188024257766705,5.173297170761669,5.177528347645257,4.7432955901005265,4.845494689122872,5.344536269192308,1.8057072268110403
s02,490.0,5.041582358578397,1,True,0.9476762001347667,0.4339730632875737,4.956217710744188,4.971821668248176,4.539941425670509,4.882901297867961,5.099111182076479,1.8057072268110403
s02,491.0,5.021568279904911,1,True,0.9443993200287158,0.43683269290847443,4.903540172831191,4.926247292541552,4.492274229253979,4.967667402384185,5.041582358578397,1.8057072268110403
s02,492.0,5.4178525597245315,1,True,0.9048250662982859,0.45199255961718293,4.88823547467485,4.912523669434249,4.475690976525774,4.975555918055759,5.021568279904911,1.8057072268110403
s02,493.0,5.5325045280250436,1,True,0.9295647084464124,0.46028659998853055,5.213018153751556,5.256036515646789,4.804043956029607,5.6565353730111205,5.4178525597245315,1.8057072268110403
s02,494.0,5.48646607437458,1,True,0.9434692467671597,0.4641007178641921,5.326908390984127,5.359328811852529,4.899042211863998,5.5761934510856435,5.5325045280250436,1.8057072268110403
s02,495.0,5.362584684283405,1,True,0.9509552014856416,0.46522836589054906,5.298760453581409,5.324996416738173,4.860895698873981,5.415112047969895,5.48646607437458,1.8057072268110403
s02,496.0,5.012517917228793,1,True,0.973991905156751,0.45889954839470404,5.200661468955359,5.223478500423625,4.7582501345330765,5.235333884736223,5.362584684283405,1.8057072268110403
s02,497.0,4.7544384904136745,1,True,0.9689818335793071,0.4537199556740376,4.9151564781243815,4.927091581102555,4.468192032707851,4.715846794795635,5.012517917228793,1.8057072268110403
s02,498.0,5.027214201337079,1,True,0.916782844226028,0.46329420074063316,4.693999138023742,4.708072699117228,4.2543527434431905,4.5317203608865615,4.7544384904136745,1.8057072268110403
s02,499.0,5.329843209506529,1,True,0.9134596422356754,0.47487959888688464,4.905109245625937,4.943663271298148,4.480369070557515,5.188915196118149,5.027214201337079,1.8057072268110403
s02,500.0,5.326679611794763,1,True,0.9408200666780582,0.4784999625558959,5.164904572445071,5.206000822827721,4.7311212239408365,5.507081566993661,5.329843209506529,1.8057072268110403
s02,501.0,5.505252641650651,1,True,0.924141322956962,0.4874475449646232,5.178682298814464,5.206999894693073,4.7284999321371775,5.288813214308585,5.326679611794763,1.8057072268110403
s02,502.0,5.6102196480011335,1,True,0.9300676866480989,0.4948368522263179,5.32693228005575,5.363909405944644,4.8764618609800205,5.594291137560207,5.505252641650651,1.8057072268110403
s02,503.0,5.943792241401801,1,True,0.9101656968863232,0.5094024531877135,5.423667123547322,5.458272209355282,4.963435357128963,5.645879764663718,5.6102196480011335,1.8057072268110403
s02,504.0,6.16038932977902,1,True,0.919290907788677,0.5217372576780094,5.703467365715975,5.749229180102491,5.239826726914777,6.132113933686269,5.943792241401801,1.8057072268110403
s02,505.0,6.2125795366521634,1,True,0.9318342742795508,0.5298836878591737,5.89892292350667,5.941031863946687,5.419294606268678,6.2655594371320555,6.16038932977902,1.8057072268110403
s02,506.0,6.193621526843774,1,True,0.9373099954046048,0.5359196729763869,5.956302116806322,5.992422022936671,5.462538335077497,6.201748422478296,6.2125795366521634,1.8057072268110403
s02,507.0,6.341291470376488,1,True,0.9241585976988692,0.5466759233216164,5.949152985440518,5.982749792202171,5.446830119225783,6.132081702340617,6.193621526843774,1.8057072268110403
s02,508.0,6.616122229851446,1,True,0.9141224234955566,0.5616837208707341,6.074401642918545,6.115862311547521,5.569186388225905,6.395810536201176,6.341291470376488,1.8057072268110403
s02,509.0,6.234348510366646,1,True,0.9636583838848702,0.5579564999702878,6.310353170337812,6.3585892070481895,5.796905486177455,6.753933014968555,6.616122229851446,1.8057072268110403
s02,510.0,6.243106260807296,1,True,0.9349898040047702,0.5640937230663242,6.018255116675224,6.038532157606086,5.480575657635798,5.902121295367664,6.234348510366646,1.8057072268110403
s02,511.0,5.979518697349757,1,True,0.9571442876634592,0.5619215078250802,6.015254028561672,6.051925872057892,5.4878321489915685,6.2007904881985265,6.243106260807296,1.8057072268110403
s02,512.0,5.7726805658745795,1,True,0.9544479107983397,0.5601614116266755,5.807268892659669,5.831350439154737,5.2694289313296565,5.74004390241166,5.979518697349757,1.8057072268110403
s02,513.0,5.633265861141944,1,True,0.9501520739135134,0.5594131314415725,5.632692011388966,5.658208533978712,5.098047122352036,5.578374593549287,5.7726805658745795,1.8057072268110403
s02,514.0,5.366217252837177,1,True,0.9629448528168525,0.5541413258655894,5.5140585209420365,5.541944105369946,4.982530973928373,5.49107016858698,5.633265861141944,1.8057072268110403
s02,515.0,6.133177652277603,1,True,0.8741377958940098,0.5786746154808823,5.294867543377626,5.31540133176784,4.761260005902251,5.130728733273935,5.366217252837177,1.8057072268110403
s02,516.0,6.581965918815579,1,True,0.901103500449564,0.5968709274321012,5.90258892454367,5.97542218710828,5.396747571627397,6.5959926391780455,6.133177652277603,1.8057072268110403
s02,517.0,6.417844330263889,1,True,0.9467494115463749,0.5984420013736454,6.306446753472624,6.365475198879081,5.76860427144698,6.836608672895297,6.581965918815579,1.8057072268110403
s02,518.0,6.511528743248146,1,True,0.9276607317350718,0.6068561083671682,6.199191121402212,6.231058510130723,5.632616508757078,6.24728415239432,6.417844330263889,1.8057072268110403
s02,519.0,6.381028272455794,1,True,0.9445492719282812,0.6087740288662509,6.273198062331656,6.317097589153039,5.710241480785871,6.525573847364762,6.511528743248146,1.8057072268110403
s02,520.0,6.515270833208573,1,True,0.9246760887349559,0.617905588514988,6.177128548452215,6.210885511584002,5.602111482717751,6.235702658408685,6.381028272455794,1.8057072268110403
s02,521.0,6.539871904759313,1,True,0.9325773412394096,0.6241643150223176,6.284704622128846,6.331247687848324,5.713342099333336,6.557718715936943,6.515270833208573,1.8057072268110403
s02,522.0,6.738874374692967,1,True,0.9194484158614457,0.6355938356203332,6.315807537136829,6.357890354759117,5.733726039736799,6.504529008136082,6.539871904759313,1.8057072268110403
s02,523.0,6.695779786559893,1,True,0.9367335531357772,0.6404409527125456,6.48301112649156,6.534209216819478,5.898615381199145,6.822797425480363,6.738874374692967,1.8057072268110403
s02,524.0,6.746638310286588,1,True,0.9299475484056379,0.6477396306062887,6.462830623657359,6.503349047161819,5.862908094449273,6.609638740316216,6.695779786559893,1.8057072268110403
s02,525.0,6.6549144334215855,1,True,0.9403242840622467,0.65080342214854,6.507412299561079,6.552788048679876,5.905048418073587,6.726871165743484,6.746638310286588,1.8057072268110403
s02,526.0,6.7361763093149705,1,True,0.9278392684748408,0.6584931715886249,6.441014167827353,6.479851327978807,5.829047905830267,6.534165129854983,6.6549144334215855,1.8057072268110403
s02,527.0,6.800725357607176,1,True,0.928807517192071,0.6658687425726612,6.507355642506476,6.554872991472633,5.896379819884008,6.738049174186006,6.7361763093149705,1.8057072268110403
s02,528.0,6.606983331890882,1,True,0.9476922522460707,0.6656062653597629,6.568327723312883,6.615732572320825,5.949863829748164,6.789826763324548,6.800725357607176,1.8057072268110403
s02,529.0,7.107408961793006,1,True,0.89784306724428,0.6851803507372844,6.420123084577081,6.454939449208954,5.789333183849191,6.412080244829641,6.606983331890882,1.8057072268110403
s02,530.0,7.1231747670690915,1,True,0.9310576545275113,0.6922009170947273,6.8191599654718535,6.889155888487663,6.203975537750378,7.387400737079843,7.107408961793006,1.8057072268110403
s02,531.0,7.244052366272505,1,True,0.9237374214116112,0.702245297806749,6.861517721109061,6.909239675871779,6.217038758777052,7.07286623727003,7.1231747670690915,1.8057072268110403
s02,532.0,7.20650220942109,1,True,0.9342686504344693,0.7078571418366165,6.965885704546526,7.0194407417588405,6.317195443952091,7.265886345494577,7.244052366272505,1.8057072268110403
s02,533.0,7.1994685273619865,1,True,0.932297964422527,0.7140230186447124,6.947410895192936,6.993939300425457,6.28608215858884,7.116933590185805,7.20650220942109,1.8057072268110403
s02,534.0,6.751605018757945,1,True,0.9638467479307292,0.7067428528062377,6.945936401562349,6.994277213373769,6.280254194729056,7.131802447067544,7.1994685273619865,1.8057072268110403
s02,535.0,7.020823045173385,1,True,0.9140627191454251,0.7188903466695377,6.59035553055773,6.615906583063389,5.909163730257152,6.363473689131866,6.751605018757945,1.8057072268110403
s02,536.0,7.063832285730691,1,True,0.9294337689545444,0.7252716378400349,6.789343098422067,6.851122580047449,6.132232233377912,7.148358569533585,7.020823045173385,1.8057072268110403
s02,537.0,7.574627750388239,1,True,0.8976769734318597,0.7457162571298682,6.841960754760594,6.89314044072713,6.167868802887095,7.03372935070359,7.063832285730691,1.8057072268110403
s02,538.0,7.5505583587969705,1,True,0.9321814377093051,0.7521284185413101,7.260515700691649,7.336819645082243,6.591103387952375,7.85391850229339,7.574627750388239,1.8057072268110403
s02,539.0,7.4695745494645935,1,True,0.9360397548600294,0.7565170028711418,7.272280137133428,7.323288405136873,6.571159986595563,7.465546100734818,7.5505583587969705,1.8057072268110403
s02,540.0,8.018791826439035,1,True,0.895741046363176,0.7792634933954334,7.212188462673121,7.260575475629316,6.504058472758174,7.345010219948781,7.4695745494645935,1.8057072268110403
s02,541.0,8.407024539501169,1,True,0.9058087381251504,0.7993224674108722,7.657146875891096,7.738392072319879,6.959128578924446,8.315937418111742,8.018791826439035,1.8057072268110403
s02,542.0,8.105894910807006,1,True,0.9463966981725381,0.8000953348236105,8.004843471865383,8.080132663715732,7.28081019630486,8.592327009291363,8.407024539501169,1.8057072268110403
s02,543.0,7.820821002671771,1,True,0.946861682183999,0.7997780929243115,7.788507980925112,7.831395732648406,7.031300397824795,7.812157847342258,8.105894910807006,1.8057072268110403
s02,544.0,7.815907260933321,1,True,0.9301612636101795,0.8064091468187544,7.5523732686344704,7.594872131118558,6.795094038194247,7.542660846218582,7.820821002671771,1.8057072268110403
s02,545.0,7.3597715139838575,1,True,0.9598242218067018,0.7992793394391192,7.541113164144684,7.597431759971698,6.791022613152944,7.740543530325901,7.815907260933321,1.8057072268110403
s02,546.0,7.4335411217134535,1,True,0.9263327800427275,0.8059148546283897,7.180245612615311,7.212357282071102,6.4130779426319835,6.958976913775432,7.3597715139838575,1.8057072268110403
s02,547.0,7.3985186873641124,1,True,0.9333990818513251,0.809466912075275,7.220747265605194,7.280116772467937,6.474201917839547,7.419490411449325,7.4335411217134535,1.8057072268110403
s02,548.0,7.252945654682623,1,True,0.9410557774976376,0.8094157828175446,7.200738723718452,7.254649963273638,6.445183051198363,7.307939475212375,7.3985186873641124,1.8057072268110403
s02,549.0,6.6910572339575465,1,True,0.9718544325875278,0.7961280991735421,7.08626963809164,7.13398002209096,6.324564239273416,7.0847139041288125,7.252945654682623,1.8057072268110403
s02,550.0,6.898556284780243,1,True,0.9185505570403761,0.8034310921982771,6.632715706871489,6.65512318395574,5.858995084782198,6.215172926178248,6.6910572339575465,1.8057072268110403
s02,551.0,6.862723874724597,1,True,0.9355162636622251,0.804282140137145,6.768916595179675,6.834355610095668,6.0309245178973905,6.9858140372331565,6.898556284780243,1.8057072268110403
s02,552.0,6.779994889788008,1,True,0.939097242834811,0.8035164869638343,6.753653544765914,6.8055166622317,6.001234522094554,6.7793963485101845,6.862723874724597,1.8057072268110403
s02,553.0,6.759029030839142,1,True,0.9349205499289558,0.8042012535275368,6.687267109231939,6.736203478715723,5.932686991751889,6.664018705881835,6.779994889788008,1.8057072268110403
s02,554.0,6.889305802496637,1,True,0.923968391690931,0.8092949365909704,6.667179391722835,6.719516367048851,5.915315113521315,6.687879267134184,6.759029030839142,1.8057072268110403
s02,555.0,6.801626141592273,1,True,0.93933517284227,0.8083670799679833,6.771022700066445,6.832554695691843,6.023259759100872,6.923196369515343,6.889305802496637,1.8057072268110403
s02,556.0,7.061404100555244,1,True,0.9146707081053875,0.8174398845623096,6.7099378315581095,6.758977280744366,5.950610200776383,6.681757121208555,6.801626141592273,1.8057072268110403
s02,557.0,6.908357490797753,1,True,0.9432336040720926,0.815191706987156,6.913545176786759,6.9832967433028745,6.165856858740565,7.18186750161044,7.061404100555244,1.8057072268110403
s02,558.0,7.277090916971698,1,True,0.907066595076183,0.827877315436116,6.807961806810388,6.854237302006368,6.0390455950192115,6.73939714222032,6.908357490797753,1.8057072268110403
s02,559.0,7.633256059115107,1,True,0.9078427128711839,0.8417015625807258,7.095510363178779,7.172447820961446,6.34457050552533,7.467560060258769,7.277090916971698,1.8057072268110403
s02,560.0,7.6594819151685565,1,True,0.9287096294916253,0.8470445253038987,7.403814225149935,7.48138315772946,6.639681595148734,7.809605384157581,7.633256059115107,1.8057072268110403
s02,561.0,7.778505491593744,1,True,0.9226691210063847,0.8551460003383664,7.44807020573215,7.508456323778155,6.661411798474257,7.608510175835306,7.6594819151685565,1.8057072268110403
s02,562.0,8.393980328862193,1,True,0.8922178720230306,0.8785100618354517,7.549049087085314,7.6151782789593545,6.760032278620988,7.790740134533322,7.778505491593744,1.8057072268110403
s02,563.0,8.165315431836433,1,True,0.9420172703073753,0.8790141619619195,8.053824410373698,8.148512094287502,7.270002032452051,8.72783968483444,8.393980328862193,1.8057072268110403
s02,564.0,8.359556884671667,1,True,0.9171929567117317,0.891014393169425,7.908581537205787,7.959549177754814,7.080535015792895,7.923935700350588,8.165315431836433,1.8057072268110403
s02,565.0,8.52619826541808,1,True,0.9185515414550776,0.9028255250358792,8.058711602443958,8.13249386986961,7.241479476700184,8.41458932631607,8.359556884671667,1.8057072268110403
s02,566.0,8.191231339059199,1,True,0.9478909890726979,0.9000910468398866,8.208846864909768,8.282380612258951,7.379555087223072,8.559635510936195,8.52619826541808,1.8057072268110403
s02,567.0,7.385201956390958,1,True,0.9804598806535437,0.8815841220690859,7.955196594555636,8.002099448750982,7.102008401911096,7.871389007070862,8.191231339059199,1.8057072268110403
s02,568.0,7.060198374773664,1,True,0.9536262040338445,0.873918077171673,7.298506945728256,7.315733204687427,6.434149082618341,6.711809001245519,7.385201956390958,1.8057072268110403
s02,569.0,7.246554309688446,1,True,0.919379445473093,0.880151429570268,6.998248997800054,7.0387758964019485,6.164857819230275,6.761874829246431,7.060198374773664,1.8057072268110403
s02,570.0,7.54344589782154,1,True,0.9117292179332883,0.890472208538151,7.128461635905836,7.199419932225441,6.319268502655173,7.313758022222797,7.246554309688446,1.8057072268110403
s02,571.0,7.75692881232854,1,True,0.916829338812527,0.8995079042073386,7.377136278432619,7.455738956688954,6.565266748150803,7.681385047257445,7.54344589782154,1.8057072268110403
s02,572.0,8.317188686004517,1,True,0.8954511782935034,0.9197736990429557,7.566849524347666,7.641662191483949,6.74215428727661,7.834705029664655,7.75692881232854,1.8057072268110403
s02,573.0,8.94595583193253,1,True,0.8923396095634684,0.9443679411913195,8.029986503848834,8.1261477603204,7.206374061277445,8.616740469471148,8.317188686004517,1.8057072268110403
s02,574.0,8.535385220589454,1,True,0.9503316464702248,0.9402777331373651,8.5700544677902,8.671725489054602,7.727357547863282,9.279655265893368,8.94595583193253,1.8057072268110403
s02,575.0,8.901482499299528,1,True,0.9070651101403963,0.957498859859284,8.280742895036589,8.32744494190223,7.387167208764866,8.155061477380233,8.535385220589454,1.8057072268110403
s02,576.0,8.683269086251727,1,True,0.9393899987135808,0.9585567307951908,8.559021670639783,8.6480067217215,7.690507861862217,9.064090427658327,8.901482499299528,1.8057072268110403
s02,577.0,8.282467303072666,1,True,0.9510841792027875,0.9529830260866557,8.410159335337234,8.468257460023835,7.509700729228645,8.442290694530799,8.683269086251727,1.8057072268110403
s02,578.0,8.374307747591557,1,True,0.9230793469341718,0.9602946285428864,8.083971718790366,8.130587665717206,7.17760463963055,7.912570702230341,8.282467303072666,1.8057072268110403
s02,579.0,8.752322406059083,1,True,0.9064048975564124,0.9764444097455544,8.140129876007025,8.21399636597015,7.253701737427264,8.358353660798004,8.374307747591557,1.8057072268110403
s02,580.0,8.722741716861714,1,True,0.9290703834269151,0.981825822392424,8.45197088073879,8.543361295299393,7.566916885553839,8.925273999180986,8.752322406059083,1.8057072268110403
s02,581.0,8.861085944018575,1,True,0.9196378791356037,0.9919314179404942,8.454592229959053,8.524232759082901,7.542406936690478,8.616249555888034,8.722741716861714,1.8057072268110403
s02,582.0,8.494794976465347,1,True,0.9481506229616619,0.9873062414119234,8.569253814919982,8.648967527417707,7.657036109477213,8.869743275037067,8.861085944018575,1.8057072268110403
s02,583.0,8.7390057052582,1,True,0.9139366099889763,0.9992511762333137,8.289649997648587,8.340841211211858,7.353534969799935,8.14785656142639,8.494794976465347,1.8057072268110403
s02,584.0,8.76836216376079,1,True,0.9257512588266811,1.0056480175999198,8.469135174508112,8.555134118207254,7.55588294197394,8.8221153691776,8.7390057052582,1.8057072268110403
s02,585.0,8.754415540577682,1,True,0.9281405172976808,1.0107048303519781,8.511187016138834,8.585855115509073,7.5802070979091525,8.702661263779524,8.76836216376079,1.8057072268110403
s02,586.0,8.800882968939149,1,True,0.924750365762699,1.0173506381004622,8.506727317715852,8.57935604398968,7.568651213637702,8.658481645031376,8.754415540577682,1.8057072268110403
s02,587.0,8.624860641260062,1,True,0.9373245307845999,1.0173613432085258,8.547948540916465,8.62450380432461,7.607153166224147,8.746659932643572,8.800882968939149,1.8057072268110403
s02,588.0,8.324400874954947,1,True,0.9453439924925587,1.012733388263284,8.414902440249135,8.47866603979634,7.461304696587813,8.415226878101832,8.624860641260062,1.8057072268110403
s02,589.0,8.727885888035988,1,True,0.9049579629985443,1.0278174652885137,8.16973135685638,8.225083320528334,7.21234993226505,8.028272719427704,8.324400874954947,1.8057072268110403
s02,590.0,8.641607216965932,1,True,0.9323861750452723,1.0298310791145695,8.47680089053071,8.574486756097404,7.5466692908088895,8.91816562219441,8.727885888035988,1.8057072268110403
s02,591.0,8.939889950349398,1,True,0.9108015206473847,1.0428774283387912,8.435380824559152,8.505011642875342,7.475180563760773,8.496085548642341,8.641607216965932,1.8057072268110403
s02,592.0,9.195511655500553,1,True,0.9129509363282658,1.0557865106482358,8.672185831093412,8.765208911852397,7.7223314835136065,9.056391020125025,8.939889950349398,1.8057072268110403
s02,593.0,9.077480672986967,1,True,0.9328128385516703,1.0584133048591984,8.898015638765704,8.98992086595488,7.934134355306645,9.279075572702364,9.195511655500553,1.8057072268110403
s02,594.0,9.242597188355095,1,True,0.917688642924746,1.0688487318240953,8.823637837265895,8.894749622858532,7.836336317999333,8.902864442042315,9.077480672986967,1.8057072268110403
s02,595.0,9.60773513577236,1,True,0.9070550015924324,1.085820870246779,8.954018798724967,9.041997188349571,7.973148456525476,9.263658086240428,9.242597188355095,1.8057072268110403
s02,596.0,9.276386879642775,1,True,0.9430058042932777,1.0832670237035635,9.260593478693972,9.361515097749963,8.275694227503184,9.758354250450434,9.60773513577236,1.8057072268110403
s02,597.0,8.718894898518359,1,True,0.9570872090592573,1.0723014830171447,9.022672988647386,9.084412921398986,8.001145897695423,8.944804876976692,9.276386879642775,1.8057072268110403
s02,598.0,8.650793137097542,1,True,0.931366259399027,1.0734796463685974,8.56550557601629,8.611521025382453,7.539219542365309,8.226167930368003,8.718894898518359,1.8057072268110403
s02,599.0,8.393787245011447,1,True,0.9426408283753672,1.0686051194971837,8.48259455046928,8.556271474058565,7.482791827689969,8.518073968662458,8.650793137097542,1.8057072268110403
s03,350.0,1.3363533683628033,0,False,0.8794641841442928,-0.02778177622227121,1.686433853050672,1.6861288600022146,1.7034173714753036,1.6436579363361534,1.6909806703425223,1.7060812930754046
s03,351.0,1.5066094080982473,0,False,0.9697240032081635,-0.024287055263112062,1.3934674085224814,1.3901187094596092,1.4179004856818804,1.095080841655807,1.3363533683628033,1.7060812930754046
s03,352.0,1.247979523119691,0,True,0.8906882143094843,-0.03276835943642317,1.5314249770372903,1.5306896622300612,1.5549767174931732,1.640999888859055,1.5066094080982473,1.7060812930754046
s03,353.0,1.2249289777577705,0,True,0.9527311695149365,-0.0354399122239111,1.3175627052248453,1.3139807373407013,1.3467490967771245,1.073310313922586,1.247979523119691,1.7060812930754046
s03,354.0,1.275828018018197,0,True,0.9799339635444972,-0.03594759483026951,1.2944259747667948,1.2927507715634772,1.3281906837873882,1.2121288593236303,1.2249289777577705,1.7060812930754046
s03,355.0,1.2163624483132414,0,True,0.9410242639911524,-0.039453406320054236,1.3339441570544173,1.3332228313060654,1.3691704261363349,1.3178584715273753,1.275828018018197,1.7060812930754046
s03,356.0,1.0254321482485171,0,True,0.8742205489502389,-0.04714564814032145,1.284167002599872,1.2818402089240906,1.3212936152441448,1.177497600381192,1.2163624483132414,1.7060812930754046
s03,357.0,1.2817847463367338,0,True,0.9534748202052233,-0.04230490112728931,1.126356466311471,1.120426512568996,1.1675721607093175,0.9089239866191768,1.0254321482485171,1.7060812930754046
s03,358.0,1.415556437673681,0,True,0.9851199189681719,-0.03978804985414166,1.3336296383665733,1.331661395235426,1.3739662963627153,1.4828651209089898,1.2817847463367338,1.7060812930754046
s03,359.0,1.779777678214897,0,True,0.9087497906737677,-0.029651127498508834,1.442472315766398,1.44188026636047,1.4816683162146116,1.5226395928527447,1.415556437673681,1.7060812930754046
s03,360.0,2.0171983824309585,0,False,0.9361995664131672,-0.021492925889726927,1.747964000395893,1.7452583288048953,1.774909456303404,2.0458162766190537,1.779777678214897,1.7060812930754046
s03,361.0,1.8308410073193153,0,False,0.9644382097925276,-0.024904743297461673,1.945939512234621,1.9445682542438067,1.9660611801335337,2.192891967720862,2.0171983824309585,1.7060812930754046
s03,362.0,1.7527436994521988,0,False,0.9822962774073952,-0.026055934132564507,1.792002384545275,1.7911167272889599,1.8160214705864215,1.6856099691896405,1.8308410073193153,1.7060812930754046
s03,363.0,1.465831901832685,0,True,0.9108964792408185,-0.03389361631424962,1.727549261585296,1.7270879745555219,1.7531439086880864,1.6909863896603023,1.7527436994521988,1.7060812930754046
s03,364.0,1.1285903562539787,0,True,0.851837024369884,-0.044683477320547144,1.4912724303420897,1.4882523897972293,1.5221460061114789,1.26043451062328,1.465831901832685,1.7060812930754046
s03,365.0,0.9566417460402314,0,True,0.8671414663714003,-0.05216252188264147,1.2125636684046885,1.2059432314433756,1.2506267087639227,0.9153814350653537,1.1285903562539787,1.7060812930754046
s03,366.0,1.089817859990814,0,True,0.9898664295553281,-0.05126874315743484,1.066955471984957,1.0600252358172597,1.112187757699901,0.857261206032538,0.9566417460402314,1.7060812930754046
s03,367.0,1.1718753946326468,0,True,0.9801672278169234,-0.051156727044954116,1.1686610596370182,1.1681415242166227,1.2194102673740574,1.1972670565992454,1.089817859990814,1.7060812930754046
s03,368.0,1.8323143856871853,0,True,0.8249159490946676,-0.03321688205763719,1.235334132489736,1.2343195527766215,1.2854762798215758,1.238884155381997,1.1718753946326468,1.7060812930754046
s03,369.0,1.750411939205288,0,True,0.9813060263776828,-0.03422424884837324,1.7898065784989186,1.7839908322298226,1.8172077142874599,2.2683031893887193,1.8323143856871853,1.7060812930754046
s03,370.0,2.281627060449466,0,False,0.8686703797636441,-0.01728670655352001,1.7176821044929074,1.7170423172876923,1.7512665661360656,1.685719469511362,1.750411939205288,1.7060812930754046
s03,371.0,2.299147340496485,0,False,0.9731934744187487,-0.013162410577405964,2.163941064566161,2.16167080795935,2.17895751451287,2.639665966519726,2.281627060449466,1.7060812930754046
s03,372.0,2.083138898085332,0,False,0.9743269043810763,-0.01606527362925259,2.1802538383094068,2.179900999813553,2.1930634103909585,2.3100313647297375,2.299147340496485,1.7060812930754046
s03,373.0,1.9987955447363108,0,False,0.9949407677586858,-0.01619398170882891,2.0034982593615496,2.003085814055521,2.019151087684774,1.9120486778944332,2.083138898085332,1.7060812930754046
s03,374.0,2.096325246792285,0,False,0.9642047674188069,-0.011355746485409591,1.9351326684593513,1.9350507393449745,1.9512447210538035,1.9309921615245147,1.9987955447363108,1.7060812930754046
s03,375.0,1.8234786765237647,1,False,0.9465398741934541,-0.017203743495427512,2.018818391777607,2.0184119101910287,2.029767656676438,2.169654991253109,2.096325246792285,1.7060812930754046
s03,376.0,1.8449181162087018,1,False,0.9904865203117816,-0.015642905432118187,1.7938098950566668,1.7928901807650577,1.8100939242604852,1.6148331789392776,1.8234786765237647,1.7060812930754046
s03,377.0,1.6834114157174784,1,False,0.9590634411270031,-0.019491932001317405,1.8118611198205454,1.8117123013574523,1.8273552067895704,1.861848099495029,1.8449181162087018,1.7060812930754046
s03,378.0,1.9266228251816289,1,False,0.9368223981111605,-0.01202818609623774,1.6786292276342272,1.6778312950123069,1.6973232270136243,1.5592719994191573,1.6834114157174784,1.7060812930754046
s03,379.0,1.9935797024973672,1,False,0.974193989175864,-0.008654064024794373,1.8818688787352214,1.8811089667825884,1.8931371528788261,2.1079501523205018,1.9266228251816289,1.7060812930754046
s03,380.0,1.7297339842889765,1,False,0.9409845259981113,-0.014913783125628577,1.9386146145200132,1.9383912876501166,1.9470453516749109,2.044895879770792,1.9935797024973672,1.7060812930754046
s03,381.0,1.8118432531000148,1,False,0.9782585155020951,-0.012149623103860287,1.720584729688059,1.7197045857077387,1.7346183688333672,1.5301317347997123,1.7297339842889765,1.7060812930754046
s03,382.0,2.102673980843625,1,False,0.9227536984534267,-0.0027266959874575007,1.7888405611392335,1.7885764102968655,1.8007260334007258,1.8762719340432377,1.8118432531000148,1.7060812930754046
s03,383.0,1.5422060587529243,1,False,0.8624810663691094,-0.01742508748052349,2.0323630690355965,2.0321524418551236,2.034879137842581,2.313502723085937,2.102673980843625,1.7060812930754046
s03,384.0,1.6122456777584675,1,False,0.9910634017359844,-0.01604405135933583,1.568607419834292,1.5662111403855454,1.583636227866069,1.1587150252414693,1.5422060587529243,1.7060812930754046
s03,385.0,1.7122476715989392,1,False,0.9784913141902539,-0.01339609161125142,1.6241257259043178,1.6239823466627923,1.6400263980221281,1.6683801767542839,1.6122456777584675,1.7060812930754046
s03,386.0,1.4940874681181198,1,False,0.9296759279606778,-0.019787779440121417,1.7074318614059978,1.7071437290804528,1.7205398206917042,1.7912077095863719,1.7122476715989392,1.7060812930754046
s03,387.0,1.3677769719500115,1,False,0.9393050865883422,-0.02450768917968913,1.5264988538291138,1.5251072966022685,1.5448950760423898,1.334367775024664,1.4940874681181198,1.7060812930754046
s03,388.0,1.7607417469320108,1,False,0.9010601506020461,-0.014246212096941659,1.4201800029131098,1.4186925108404287,1.4432002000201178,1.2768322639192633,1.3677769719500115,1.7060812930754046
s03,389.0,1.7498140472660941,1,False,0.9972206189057536,-0.014111902778150236,1.7467465880524093,1.7453370699730466,1.7595832820699884,2.0457073161528254,1.7607417469320108,1.7060812930754046
s03,390.0,2.2315312350385206,1,False,0.8794462480027447,0.0007338355822565576,1.7367125120474134,1.736673289691628,1.7507851924697782,1.741043110092403,1.7498140472660941,1.7060812930754046
s03,391.0,2.5204062883935165,1,False,0.9181521178906825,0.012165275515490199,2.139269823986272,2.1393582906190622,2.1386244550368056,2.561414758416054,2.2315312350385206,1.7060812930754046
s03,392.0,2.2101844764401837,1,False,0.9648958929461908,0.006969761228647694,2.382372583965381,2.3833682860016006,2.37120301048611,2.721736809354762,2.5204062883935165,1.7060812930754046
s03,393.0,3.1077421582360074,1,True,0.8115826233976354,0.03634979938682087,2.1281628857192594,2.1284075529635693,2.1214377917349214,1.9660716695457905,2.2101844764401837,1.7060812930754046
s03,394.0,3.052734524376379,1,True,0.9646482979255016,0.04151900733169893,2.8735786590399566,2.8804275928804435,2.8440777934936228,3.644545278727117,3.1077421582360074,1.7060812930754046
s03,395.0,2.5904625400575925,1,True,0.9612051031655817,0.03399360888041499,2.839841387522771,2.84130915510039,2.7997901477686913,3.001070508065441,3.052734524376379,1.7060812930754046
s03,396.0,2.737596561938612,1,True,0.9400487561313,0.042273500315225865,2.4602814022287047,2.46160018077825,2.427606571897835,2.2263998071324838,2.5904625400575925,1.7060812930754046
s03,397.0,2.1628151774777518,1,True,0.9187058249395481,0.029507745222599416,2.5858059983053847,2.5883403472319664,2.5460668469167405,2.837472551467727,2.737596561938612,1.7060812930754046
s03,398.0,2.024589045922064,1,False,0.98572688226504,0.02686118699595618,2.1104088456710732,2.1128076534768385,2.083299908254239,1.731204367122834,2.1628151774777518,1.7060812930754046
s03,399.0,1.8214823331688101,1,False,0.9603765438846238,0.021539475252314463,1.99848933173904,1.9988727246235338,1.9720115376275777,1.9141386623457908,2.024589045922064,1.7060812930754046
s03,400.0,1.7380630013694363,1,False,0.9801737956675541,0.01878058207750754,1.8291726387439253,1.8300261071963335,1.8084866319440192,1.663921914812206,1.8214823331688101,1.7060812930754046
s03,401.0,1.7128875655739275,1,False,0.991780627674086,0.01736406522672714,1.7597324462755233,1.7601047939332741,1.7413242118557666,1.672296814570788,1.7380630013694363,1.7060812930754046
s03,402.0,1.6999199345219367,1,False,0.9938318281912648,0.01620909097677287,1.738276354469889,1.7384190761870788,1.7210550109603517,1.6928520960620035,1.7128875655739275,1.7060812930754046
s03,403.0,1.3180578256535689,1,False,0.8706214192536524,0.00394611695124707,1.7267236460464204,1.7268236265044286,1.7106145355276556,1.6896098238719035,1.6999199345219367,1.7060812930754046
s03,404.0,1.150209314090497,1,False,0.901143750157684,-0.0037610994869217663,1.406605985685513,1.4071165286961247,1.4031704117448776,1.061402131856756,1.3180578256535689,1.7060812930754046
s03,405.0,1.5250030653685973,1,False,0.908176731280165,0.00406084972016196,1.2646432333230342,1.2642714251324734,1.268032524619395,1.0400782124351224,1.150209314090497,1.7060812930754046
s03,406.0,1.016840541069608,1,False,0.7866826262124921,-0.012649333096748386,1.5734737544715336,1.573846634966619,1.569785785246457,1.803160450979364,1.5250030653685973,1.7060812930754046
s03,407.0,0.7915664396149802,1,False,0.8114702274328938,-0.023342506964187455,1.1507038910459773,1.1480055685296155,1.1606549016263639,0.7256624847856126,1.016840541069608,1.7060812930754046
s03,408.0,0.4930544394558491,1,True,0.6709862553826181,-0.03722907742451328,0.9603408789958138,0.9559401214667094,0.9792826284308969,0.6797783302196624,0.7915664396149802,1.7060812930754046
s03,409.0,0.2377915696666763,1,True,0.48978245755531646,-0.051146813770831,0.713964992716023,0.7017161145439333,0.7389451919684467,0.41269276018660733,0.4930544394558491,1.7060812930754046
s03,410.0,0.4229523770060055,1,True,0.8851456217997952,-0.05292669053872335,0.5083776042284462,0.482281602602417,0.533428416373248,0.2879721636295381,0.2377915696666763,1.7060812930754046
s03,411.0,0.049410679017673986,1,True,0.14146707660125557,-0.07033171187584761,0.6356569190538351,0.6295780569218155,0.6825047474605388,0.5847173649008423,0.4229523770060055,1.7060812930754046
s03,412.0,0.5783112083879205,1,True,0.7964395748406581,-0.06232521039868828,0.3718099160203528,0.3114278258159432,0.3817595376917908,0.2921975706155835,0.049410679017673986,1.7060812930754046
s03,413.0,0.33180393044943557,1,True,0.5844287938771808,-0.07472894515581487,0.7579487020138904,0.7452617556869879,0.8075869660856763,0.9641284951291229,0.5783112083879205,1.7060812930754046
s03,414.0,0.5278623154387331,1,True,0.9288765266456189,-0.07492479163636619,0.5654457293277985,0.5343905314571105,0.6091194766129253,0.3310581709488134,0.33180393044943557,1.7060812930754046
s03,415.0,0.16916157885474942,1,True,0.365134617453169,-0.09061128988717125,0.6973737653031165,0.6920448538815848,0.766969645517951,0.6914917758813841,0.5278623154387331,1.7060812930754046
s03,416.0,-0.04690471880051325,1,True,0.010363115571550119,-0.10364528765940186,0.4450878448244542,0.38756187360717337,0.47817316349434463,0.259892743762858,0.16916157885474942,1.7060812930754046
s03,417.0,0.2078213642688249,1,True,0.8137457882767762,-0.10342771591594518,0.30314017238520996,0.20056897282026903,0.3042142604796709,0.2987728177013845,-0.04690471880051325,1.7060812930754046
s03,418.0,-0.09863460717306072,1,True,0.008963380721123237,-0.11856288843359494,0.4251349911135224,0.4058711434152645,0.5092988593312097,0.43085954601983334,0.2078213642688249,1.7060812930754046
s03,419.0,-0.20488705347569625,1,True,0.01162577694117084,-0.12902958100133455,0.2615028629074589,0.1440026987822903,0.26256558721588524,0.25711644810249523,-0.09863460717306072,1.7060812930754046
s03,420.0,-0.034274121162091276,1,True,0.025362626562352997,-0.1314975115563705,0.17551974254624017,0.047990230672439876,0.17701981167377442,0.17158531154253281,-0.20488705347569625,1.7060812930754046
s03,421.0,-0.2832377667683949,1,True,0.009116639236174229,-0.14548122073830774,0.31104826190640006,0.18288587262951247,0.31438338418588296,0.309024415072476,-0.034274121162091276,1.7060812930754046
s03,422.0,-0.15667950103598055,1,True,0.019913444092428012,-0.14923531600109588,0.11261192865682303,-0.03154299227637533,0.11393822846193241,0.10848993202877504,-0.2832377667683949,1.7060812930754046
s03,423.0,-0.1024879944240788,1,True,0.016979928512238174,-0.15430787400168655,0.21286079914156883,0.0665972722622766,0.21583258826337248,0.210443657236596,-0.15667950103598055,1.7060812930754046
s03,424.0,-0.23043143484988204,1,True,0.011099114091318585,-0.16437547548040016,0.2568430184395004,0.10515528110723793,0.2594631551089245,0.25405809437091753,-0.1024879944240788,1.7060812930754046
s03,425.0,-0.2285358530701982,1,True,0.014080908486605814,-0.17099389378772745,0.154629143831606,-0.007921909492622448,0.1564535659877777,0.15101617004110518,-0.23043143484988204,1.7060812930754046
s03,426.0,0.14413620443774705,1,True,0.9549971307238756,-0.166279382840826,0.15557198395856656,-0.0130141604589675,0.15797973332875995,0.15255873255069305,-0.2285358530701982,1.7060812930754046
s03,427.0,-0.1856375315793265,1,True,0.0084700495296256,-0.18060087069524008,0.29922844623044353,0.2917453969011432,0.4580247797419692,0.44480424937195884,0.14413620443774705,1.7060812930754046
s03,428.0,-0.742624750194302,1,True,0.005845399939487517,-0.20323712562796853,0.19098825327200297,0.011917080896645088,0.19251795159188517,0.18706609993464052,-0.1856375315793265,1.7060812930754046
s03,429.0,-0.6115634498935881,1,True,0.5926148886014917,-0.2078092379331887,-0.2571105830401281,-0.4591597063862493,-0.2559225807582808,-0.26138886385071397,-0.742624750194302,1.7060812930754046
s03,430.0,0.1605047367049841,1,True,0.01737775265351993,-0.19224773631440065,-0.2735535943762334,-0.3582119839212846,-0.1504027459880959,-0.36116082003285377,-0.6115634498935881,1.7060812930754046
s03,431.0,-0.48684526919574295,1,True,0.0057064400049487984,-0.2152217637773643,0.46786254894090856,0.2789556462363787,0.4712033825507793,0.4766062558831482,0.1605047367049841,1.7060812930754046
s03,432.0,0.11438678704934913,1,True,0.03236745194976953,-0.2038338110898763,-0.05121802217230737,-0.2652116358669169,-0.04998987208955258,-0.0554569192425662,-0.48684526919574295,1.7060812930754046
s03,433.0,-0.1621682445743716,1,True,0.009137545723447715,-0.21560603358857897,0.4274754020527364,0.23023917204905003,0.43407298313892634,0.4393934367552684,0.11438678704934913,1.7060812930754046
s03,434.0,-0.6696262284148771,1,True,0.006202128535779061,-0.23556904446602617,0.20944339109844037,-0.004192532499971757,0.2114135010886072,0.20596531960817235,-0.1621682445743716,1.7060812930754046
s03,435.0,-0.4243039160995507,1,True,0.6376858251053729,-0.23531658628890903,-0.198611173696925,-0.4327191886701222,-0.19715014420409605,-0.20261446585160467,-0.6696262284148771,1.7060812930754046
s03,436.0,0.037519947091095796,1,True,0.1434946641353808,-0.22714238952480814,-0.14969474357864748,-0.2349532783789339,0.0003633079099751302,-0.14448943254697552,-0.4243039160995507,1.7060812930754046
s03,437.0,-0.04171452719871565,1,True,0.01311024346556977,-0.23274513645451878,0.33959237242067697,0.145043703791639,0.37218609331644714,0.37751787277614157,0.037519947091095796,1.7060812930754046
s03,438.0,-0.07603874602624247,1,True,0.014101047611126183,-0.23729573408360322,0.30534163266007863,0.07564784160990584,0.3083929780644246,0.30296664015892044,-0.04171452719871565,1.7060812930754046
s03,439.0,-0.013120158790374425,1,True,0.018366249286306924,-0.23899320459522574,0.27741180723641645,0.04346219159704329,0.2807579256806465,0.2753370356360167,-0.07603874602624247,1.7060812930754046
s03,440.0,-0.17325795770669392,1,True,0.010777604700368815,-0.24696359190082534,0.32702541496852244,0.09242161914662597,0.3314148237418517,0.32601738558267457,-0.013120158790374425,1.7060812930754046
s03,441.0,0.6345576418588169,1,True,0.48717907922115833,-0.22659250403310127,0.19982329553328315,-0.044478620398651886,0.20248497150217346,0.1970458077606854,-0.17325795770669392,1.7060812930754046
s03,442.0,0.7394480945611093,1,True,0.9290132786556222,-0.22319744583201961,0.7424808644182261,0.6262794878583877,0.852871991891489,1.0633687575924655,0.6345576418588169,1.7060812930754046
s03,443.0,0.3547985476596568,1,True,0.5510831567000264,-0.2339772020762652,0.7299678106932305,0.714123755801176,0.9373212016331957,0.8319488948964009,0.7394480945611093,1.7060812930754046
s03,444.0,-0.1476680881925706,1,True,0.007042044051548957,-0.25021691448469324,0.4986919657152664,0.39365565875502945,0.6276328608312947,0.3066144378302797,0.3547985476596568,1.7060812930754046
s03,445.0,-0.8134152490044944,1,True,0.005276790396331554,-0.2738054997357772,0.22132580198208798,-0.027129073968361395,0.22308784051633185,0.21762813708009807,-0.1476680881925706,1.7060812930754046
s03,446.0,-1.094664512463828,1,True,0.44677789993797445,-0.2890437511808739,-0.3143621121229639,-0.5867227976272726,-0.31291729789149536,-0.3183867074400468,-0.8134152490044944,1.7060812930754046
s03,447.0,-0.9595285870382151,1,True,0.7207012181494263,-0.29297761051743576,-0.6684945514480631,-0.8283999424861518,-0.5393561913052779,-0.8886235701142657,-1.094664512463828,1.7060812930754046
s03,448.0,-0.40264763570074014,1,True,0.9667245687774421,-0.28335103721908156,-0.6417051225855346,-0.7235334123125462,-0.43055580179511044,-0.7333745592326011,-0.9595285870382151,1.7060812930754046
s03,449.0,-0.5513919565117328,1,True,0.00956764143226263,-0.2919262399830205,-0.25612323642961105,-0.26555186438043504,0.017799172838646515,0.044778682671595876,-0.40264763570074014,1.7060812930754046
s03,450.0,-0.42869508891580943,1,True,0.3905868914965648,-0.29297057795757725,-0.10475062870305678,-0.39388382309725106,-0.10195758311423059,-0.10740339974627963,-0.5513919565117328,1.7060812930754046
s03,451.0,-0.1514002026692141,1,True,0.07398375539342605,-0.2886283035450493,-0.11760257247363687,-0.296142683086812,-0.00317210512923477,-0.13079149185561426,-0.42869508891580943,1.7060812930754046
s03,452.0,-0.18518047739203833,1,True,0.013385912692556623,-0.29212736018017965,0.19872924151492571,-0.06854525622102714,0.22008304732402217,0.20911657601319145,-0.1514002026692141,1.7060812930754046
s03,453.0,0.5365678949330867,1,True,0.532375117662898,-0.27305308055351785,0.18897554288605992,-0.09924142595564081,0.19288593422453884,0.1874611120652119,-0.18518047739203833,1.7060812930754046
s03,454.0,-0.18045043081721035,1,True,0.005727957019359353,-0.29349436103493043,0.6286119998954973,0.5009255852298753,0.7739786657833931,0.9569463900542218,0.5365678949330867,1.7060812930754046
s03,455.0,-0.7101424527896956,1,True,0.0060267590670510796,-0.31189462920813654,0.19501305760000628,-0.09680018034949173,0.1966941806854387,0.19122725184208447,-0.18045043081721035,1.7060812930754046
s03,456.0,0.011379844527046101,1,True,0.02229252463060616,-0.29530328021247,-0.23165020657158011,-0.541665121995172,-0.22977049278703543,-0.23523577869016576,-0.7101424527896956,1.7060812930754046
s03,457.0,-0.2502292330990668,1,True,0.009060330548761986,-0.3044852654492849,0.34455716602626424,0.055836941461429535,0.3511402216738995,0.3565160715081527,0.011379844527046101,1.7060812930754046
s03,458.0,-0.4522154293650593,1,True,0.009191186202947899,-0.31313259033116864,0.1377552616614849,-0.1639712666356019,0.14051399881368298,0.13506539277151114,-0.2502292330990668,1.7060812930754046
s03,459.0,-1.1074063685691655,1,True,0.043802068182005716,-0.3362975409178546,-0.024986818625745297,-0.33524134901296876,-0.022108758681800122,-0.027556645224157777,-0.4522154293650593,1.7060812930754046
s03,460.0,-2.0366723599395526,1,True,0.42624211438225745,-0.37082033875174936,-0.5643454190419314,-0.8859124321430613,-0.5496148912252067,-0.5971531711312609,-1.1074063685691655,1.7060812930754046
s03,461.0,-2.2561873522565636,1,True,0.7307454117346529,-0.3884478342782901,-1.4558430745322806,-1.6686041680385393,-1.29778382928679,-1.9316303489595206,-2.0366723599395526,1.7060812930754046
s03,462.0,-1.674124337792191,1,True,0.9367165484663176,-0.3827825492122086,-1.7583758116470745,-1.8629671733282414,-1.4745193390499511,-2.17486831605044,-2.2561873522565636,1.7060812930754046
s03,463.0,-1.3768051440922773,1,True,0.8446879063186247,-0.38242653222653566,-1.3644485760470317,-1.388672376948042,-1.0058898277358335,-1.192863133214288,-1.674124337792191,1.7060812930754046
s03,464.0,-1.1570599873067942,1,True,0.7975464796068873,-0.38267015363599327,-1.0895438082587972,-1.1489392736582085,-0.7665127414316728,-1.0798204234263076,-1.3768051440922773,1.7060812930754046
s03,465.0,-1.4678915729079907,1,True,0.5742572230345626,-0.3975390385519946,-0.8947891559549662,-0.9722620757079463,-0.5895919220719531,-0.9010715031398215,-1.1570599873067942,1.7060812930754046
s03,466.0,-1.9180993414010021,1,True,0.609816395559067,-0.4179604052173943,-1.0681377449957152,-1.2373871192210115,-0.839848080669017,-1.3442179991503458,-1.4678915729079907,1.7060812930754046
s03,467.0,-1.8683695913384515,1,True,0.7834815792389699,-0.4254031246872939,-1.4571976449204818,-1.6202789423417978,-1.2023185371244034,-1.8598538344510023,-1.9180993414010021,1.7060812930754046
s03,468.0,-1.7564395487458146,1,True,0.7968142936613632,-0.43046581106211884,-1.4955757235075509,-1.5876833362516511,-1.1622802115643573,-1.6841189433737604,-1.8683695913384515,1.7060812930754046
s03,469.0,-1.6461369934480539,1,True,0.7892745562358449,-0.43477104753174795,-1.4151646112517926,-1.5026291111270833,-1.0721633000649644,-1.545597952643511,-1.7564395487458146,1.7060812930754046
s03,470.0,-1.7454861276940774,1,True,0.7212749444131892,-0.4445917986916827,-1.3265104337693199,-1.418127755696254,-0.983356708164506,-1.4363795403004929,-1.6461369934480539,1.7060812930754046
s03,471.0,-1.7752375320918308,1,True,0.7496930761802733,-0.4526108356424,-1.3840174265974747,-1.5079363004012543,-1.0633445017095715,-1.6130493564164192,-1.7454861276940774,1.7060812930754046
s03,472.0,-1.7188077244854227,1,True,0.7753916212847932,-0.45797780536499194,-1.4266171077752332,-1.5399087337323585,-1.0872978980899584,-1.620999173948531,-1.7752375320918308,1.7060812930754046
s03,473.0,-1.7055743286844198,1,True,0.7589088103485415,-0.46414974403152426,-1.3969773874494302,-1.4998430398000095,-1.0418652344350177,-1.531532662581075,-1.7188077244854227,1.7060812930754046
s03,474.0,-1.2212611939430884,1,True,0.9158313117869074,-0.45592676391968406,-1.3834581170394478,-1.495360531004428,-1.0312107869729037,-1.5349054661072254,-1.7055743286844198,1.7060812930754046
s03,475.0,-1.608080066977022,1,True,0.5712378599375543,-0.4712529186017242,-1.0588334866019924,-1.0972082442423527,-0.6412814803226686,-0.8153355938438085,-1.2212611939430884,1.7060812930754046
s03,476.0,-2.053166097385254,1,True,0.6345697383614197,-0.49012882241466016,-1.2219138937303735,-1.4239693036207224,-0.9527163850189981,-1.5049883406500832,-1.608080066977022,1.7060812930754046
s03,477.0,-2.451105782183999,1,True,0.697414232432894,-0.5096262340959328,-1.622084155663313,-1.8011920594749116,-1.3110632370602513,-2.009375323116406,-2.053166097385254,1.7060812930754046
s03,478.0,-2.542525791659798,1,True,0.7820123626342117,-0.5216696695403322,-1.9868722982968967,-2.141077943513148,-1.6314517094172154,-2.426533605965537,-2.451105782183999,1.7060812930754046
s03,479.0,-2.593280035853262,1,True,0.7936202003029357,-0.5326663119145262,-2.1130077512983076,-2.226725290046796,-1.7050556205064638,-2.4175268160957817,-2.542525791659798,1.7060812930754046
s03,480.0,-2.7223399692995676,1,True,0.781744706834507,-0.5459789580887658,-2.168653530066619,-2.2785850968249126,-1.7459187849103865,-2.4508316233318705,-2.593280035853262,1.7060812930754046
s03,481.0,-2.6022704095734084,1,True,0.8311997975728406,-0.5521728831477032,-2.276643443382311,-2.3958062409421648,-1.8498272828533988,-2.6131393753907215,-2.7223399692995676,1.7060812930754046
s03,482.0,-2.021845406710216,1,True,0.928927855432087,-0.5436683459090933,-2.2121230868804256,-2.305329981330546,-1.753157098182843,-2.37858767279759,-2.6022704095734084,1.7060812930754046
s03,483.0,-1.9278290349266212,1,True,0.8005753378353333,-0.5466177751862811,-1.7908750504095776,-1.8295147256870266,-1.2858463797779334,-1.535438433997941,-2.021845406710216,1.7060812930754046
s03,484.0,-1.9569024795597054,1,True,0.7646216183252333,-0.5526217536112261,-1.647760800245143,-1.756769865394869,-1.2101520902085878,-1.7241075712386729,-1.9278290349266212,1.7060812930754046
s03,485.0,-1.8465708567889694,1,True,0.8013334649149827,-0.5544334372407209,-1.6561061884291943,-1.7861814024724763,-1.2335596488612501,-1.8045411400518998,-1.9569024795597054,1.7060812930754046
s03,486.0,-1.5467188610133373,1,True,0.8509465644207017,-0.5498601103275985,-1.58901572153886,-1.6991630914507505,-1.1447296542100296,-1.6359560494904677,-1.8465708567889694,1.7060812930754046
s03,487.0,-2.32585246832978,1,True,0.5602204762730691,-0.5760404801799514,-1.3712149347190141,-1.4531734732513546,-0.9033133629237562,-1.2453846973872338,-1.5467188610133373,1.7060812930754046
s03,488.0,-2.1176255619554105,1,True,0.8393375387732098,-0.5763697929305449,-1.853317662247986,-2.106648470268958,-1.5306079900890064,-2.327543525236635,-2.32585246832978,1.7060812930754046
s03,489.0,-2.3208049546512313,1,True,0.7403698394094568,-0.5878140260781531,-1.8467295268886272,-1.939330516397624,-1.362960723467079,-1.8556666074540527,-2.1176255619554105,1.7060812930754046
s03,490.0,-2.318951104944586,1,True,0.7942331182519364,-0.5939518140913479,-1.9617439211833865,-2.114358171171431,-1.526544145093278,-2.2357031247143633,-2.3208049546512313,1.7060812930754046
s03,491.0,-2.066016018979559,1,True,0.8495886245282744,-0.5923621929279121,-1.9967877783999004,-2.1190033910940826,-1.5250515770027346,-2.154407427649976,-2.318951104944586,1.7060812930754046
s03,492.0,-2.3203979713404643,1,True,0.7261021668158937,-0.6045609980062091,-1.824673123181499,-1.9137711353972338,-1.3214089424693216,-1.7810061786471174,-2.066016018979559,1.7060812930754046
s03,493.0,-1.5873175193002096,1,True,0.9804102568770333,-0.5882571993820302,-1.9651895260579835,-2.130777473439505,-1.5262164754332959,-2.251584573921938,-2.3203979713404643,1.7060812930754046
s03,494.0,-1.279305530817104,1,True,0.8454138929558186,-0.5809086469086593,-1.5127334725033381,-1.5242572799294678,-0.9360000805474376,-0.9959041706604533,-1.5873175193002096,1.7060812930754046
s03,495.0,-1.041140700141534,1,True,0.7964280822471274,-0.5740751875806468,-1.1791222714680385,-1.268922677741951,-0.6880140308332918,-0.9782492280187207,-1.279305530817104,1.7060812930754046
s03,496.0,-1.418739244071719,1,True,0.519669028191146,-0.5845272133573716,-0.9534727979774288,-1.0703383848475612,-0.49626319726691437,-0.7775031932943932,-1.041140700141534,1.7060812930754046
s03,497.0,-1.9049334685316917,1,True,0.5924830648446395,-0.6001311615896334,-1.1040353363489614,-1.384801860789629,-0.8002746474322575,-1.2796568782049205,-1.418739244071719,1.7060812930754046
s03,498.0,-2.35873039722828,1,True,0.6718140474056831,-0.6171375850507402,-1.5472860035291514,-1.7918496151913852,-1.1917184536017518,-1.846210097534411,-1.9049334685316917,1.7060812930754046
s03,499.0,-2.3331840453805386,1,True,0.8007820752222999,-0.6219066206156493,-1.9716803069852689,-2.1742161932169024,-1.557078608166162,-2.341093625384673,-2.35873039722828,1.7060812930754046
s03,500.0,-3.0094146676857227,1,True,0.6763861300067948,-0.6474365387472687,-2.0345224502671817,-2.1584173966317435,-1.5365107760160943,-2.1580020986199333,-2.3331840453805386,1.7060812930754046
s03,501.0,-3.128414120353566,1,True,0.799140150230036,-0.6594371760015243,-2.518873434666035,-2.728392878545044,-2.0809563397977757,-3.077208102956143,-3.0094146676857227,1.7060812930754046
s03,502.0,-3.414618534179087,1,True,0.7788315726261641,-0.6767896678920221,-2.7037476857247658,-2.8362021378291615,-2.176764961827637,-3.0138305299406114,-3.128414120353566,1.7060812930754046
s03,503.0,-3.1082774304776666,1,True,0.8730143079269281,-0.6775185006639186,-2.9342984982372453,-3.0839830047477843,-2.4071933368557623,-3.3712727812911574,-3.414618534179087,1.7060812930754046
s03,504.0,-3.1767669505360625,1,True,0.8097980468876371,-0.6876793777547063,-2.7520358918106846,-2.8380710475098025,-2.1605525468458837,-2.7726089916377883,-3.1082774304776666,1.7060812930754046
s03,505.0,-2.654539966275493,1,True,0.9099939940015532,-0.6802143542852835,-2.772576121158881,-2.903374081922921,-2.2156947041682145,-3.038623143495606,-3.1767669505360625,1.7060812930754046
s03,506.0,-3.2165372009197797,1,True,0.7167193985177519,-0.7024468316375195,-2.4142312452598826,-2.4754546225119136,-1.79524026822663,-2.194586821040291,-2.654539966275493,1.7060812930754046
s03,507.0,-3.017024312853702,1,True,0.8540274698654926,-0.7044527224079957,-2.7511717261955875,-2.9501612871711633,-2.247714455533644,-3.2663855382486036,-3.2165372009197797,1.7060812930754046
s03,508.0,-3.243523670345327,1,True,0.7832800055790334,-0.7180123607435269,-2.6887049795775857,-2.7915357258276225,-2.087083003419627,-2.7440947544092595,-3.017024312853702,1.7060812930754046
s03,509.0,-3.4431761494936155,1,True,0.7947340819698161,-0.7316840218304839,-2.831846478447195,-2.987454113261717,-2.26944175251819,-3.1752586045595734,-3.243523670345327,1.7060812930754046
s03,510.0,-3.260598999085995,1,True,0.8542183727517889,-0.7346459033896668,-3.011679821330845,-3.1618696137798965,-2.4301855919494124,-3.362992320406073,-3.4431761494936155,1.7060812930754046
s03,511.0,-3.384678268904131,1,True,0.8058491486373831,-0.7456511920547101,-2.910737438155314,-3.017835313402691,-2.2831894100130246,-2.992543799368505,-3.260598999085995,1.7060812930754046
s03,512.0,-3.424102859712047,1,True,0.8209064781558559,-0.7545121055299062,-2.9839702634485343,-3.1287390772055064,-2.3830878851507964,-3.270721744321757,-3.384678268904131,1.7060812930754046
s03,513.0,-3.4536370500044598,1,True,0.8231505050993653,-0.7630409736728501,-3.034213214986272,-3.1693414452396635,-2.4148293397097573,-3.2694052761843415,-3.424102859712047,1.7060812930754046
s03,514.0,-3.5623666375686134,1,True,0.8129087068979645,-0.7738625079977339,-3.06670541595662,-3.201648826739152,-2.438607853066302,-3.293702944496501,-3.4536370500044598,1.7060812930754046
s03,515.0,-3.4765330304390205,1,True,0.8418181390082224,-0.7791581830692493,-3.1552275907506906,-3.300010528055171,-2.526148020057437,-3.4396613204324398,-3.5623666375686134,1.7060812930754046
s03,516.0,-2.907582141095312,1,True,0.916102411538409,-0.7692996471193121,-3.112951314688353,-3.236200006093219,-2.4570418230239697,-3.2570931638047043,-3.4765330304390205,1.7060812930754046
s03,517.0,-3.277122039211016,1,True,0.7579984402872304,-0.7845652452237655,-2.7037263838649093,-2.7682687690625727,-1.9989691219432606,-2.411710193823699,-2.907582141095312,1.7060812930754046
s03,518.0,-3.5511461064718004,1,True,0.7856442264316394,-0.798667898764022,-2.8911916420893333,-3.081057655129916,-2.2964924099061506,-3.2653303276436825,-3.277122039211016,1.7060812930754046
s03,519.0,-3.8841919213542395,1,True,0.7866209664499767,-0.815720194445219,-3.1445829900505595,-3.3157820653143384,-2.5171141665503165,-3.5028255994282333,-3.5511461064718004,1.7060812930754046
s03,520.0,-3.753949780024261,1,True,0.8519880451254929,-0.8203094198667478,-3.426918012568679,-3.6009755993066372,-2.785255404861418,-3.8606274295575442,-3.8841919213542395,1.7060812930754046
s03,521.0,-3.372965178079708,1,True,0.8856929789132075,-0.8164772399171594,-3.3792889088962026,-3.5007045097326523,-2.680395089865905,-3.5057111168849566,-3.753949780024261,1.7060812930754046
s03,522.0,-3.770206166379619,1,True,0.7728953521470188,-0.8338793838253762,-3.0968056216922966,-3.190134702772393,-2.373657462855234,-2.9870619273915002,-3.372965178079708,1.7060812930754046
s03,523.0,-3.7405646430325183,1,True,0.8373982940910952,-0.8402754395427026,-3.3379849019727827,-3.5273627857883056,-2.6934834019629297,-3.7728694039638717,-3.770206166379619,1.7060812930754046
s03,524.0,-3.0279239211600366,1,True,0.9371729118185542,-0.8258163398068208,-3.373263692453098,-3.5098939123560964,-2.6696184728133936,-3.546442517859854,-3.7405646430325183,1.7060812930754046
s03,525.0,-3.002742522820942,1,True,0.8223224174164971,-0.8282483710125732,-2.869791179959806,-2.921674815962528,-2.095858476155707,-2.431652636503183,-3.0279239211600366,1.7060812930754046
s03,526.0,-3.448606597375688,1,True,0.7516999600529181,-0.844591583562224,-2.7566716773804236,-2.903832845720662,-2.0755844747080885,-2.8213355562783002,-3.002742522820942,1.7060812930754046
s03,527.0,-3.445502530817838,1,True,0.8282329956505453,-0.8495821796529379,-3.069437203856569,-3.2791493277940384,-2.4345577442318147,-3.466658418992822,-3.448606597375688,1.7060812930754046
s03,528.0,-3.441919295173614,1,True,0.8282396873576015,-0.8543905350035677,-3.1357105975382935,-3.281640783485959,-2.432058603833021,-3.2693564328644644,-3.445502530817838,1.7060812930754046
s03,529.0,-3.721827740231811,1,True,0.7900342567633925,-0.8675384408895828,-3.136813825287054,-3.2835642106979726,-2.429173675694405,-3.265580378965069,-3.441919295173614,1.7060812930754046
s03,530.0,-3.0049750224390195,1,True,0.9381391758816535,-0.8520255467807007,-3.339918139207375,-3.522071492735084,-2.654533051845501,-3.675774044974489,-3.721827740231811,1.7060812930754046
s03,531.0,-3.108111427997352,1,True,0.8014388046721368,-0.8573866661954839,-2.876700445010842,-2.9294074475045813,-2.0773819007238803,-2.4061452422108265,-3.0049750224390195,1.7060812930754046
s03,532.0,-2.979502823648749,1,True,0.8408130131769207,-0.8562375840621198,-2.8475618401296026,-3.01780556142755,-2.1604188952320658,-2.9864855355103934,-3.108111427997352,1.7060812930754046
s03,533.0,-3.3017612627112807,1,True,0.7679238404151494,-0.8678970813051535,-2.7768094735986324,-2.9131113546101544,-2.0568737705480347,-2.7455701964448553,-2.979502823648749,1.7060812930754046
s03,534.0,-3.3585513806394616,1,True,0.8165225673270615,-0.8731268133890553,-2.982808756298536,-3.184226977842737,-2.3163298965375834,-3.2723086804043673,-3.3017612627112807,1.7060812930754046
s03,535.0,-2.941134277852809,1,True,0.8909180735613847,-0.8643054577455429,-3.0749803998513627,-3.2351794659698907,-2.3620526525808354,-3.2130500145031213,-3.3585513806394616,1.7060812930754046
s03,536.0,-3.2146162050121165,1,True,0.773425156657065,-0.8740353034529192,-2.7960079104039472,-2.8902880147662406,-2.0259825570206975,-2.5418968430428,-2.941134277852809,1.7060812930754046
s03,537.0,-3.3316572425985824,1,True,0.8055836425840882,-0.8803789268227986,-2.9221687183132308,-3.1202031302692705,-2.246167826816351,-3.165486992221973,-3.2146162050121165,1.7060812930754046
s03,538.0,-3.6470624832841896,1,True,0.7819670648288667,-0.893167442718477,-3.0496185559962896,-3.220778620094908,-2.340399693272109,-3.214852210824433,-3.3316572425985824,1.7060812930754046
s03,539.0,-3.5568211364166156,1,True,0.8436679458838827,-0.8952469079884544,-3.2927657082821633,-3.487505627417368,-2.594338184698891,-3.616105451325735,-3.6470624832841896,1.7060812930754046
s03,540.0,-3.9264155454702196,1,True,0.7823334390918335,-0.9105314700240139,-3.2769743562179654,-3.416930144284903,-2.5216832362964485,-3.3336992511203976,-3.5568211364166156,1.7060812930754046
s03,541.0,-3.914459964541907,1,True,0.8374869239078296,-0.9160718124993671,-3.531589628351349,-3.7297818820301334,-2.8192504120061193,-3.9182194704454485,-3.9264155454702196,1.7060812930754046
s03,542.0,-3.8631952952034196,1,True,0.8422401473396464,-0.9201967742848611,-3.5768229208496836,-3.7256965690202857,-2.8096247565209187,-3.726848435708586,-3.914459964541907,1.7060812930754046
s03,543.0,-3.842920478312425,1,True,0.8375990229030583,-0.9248279662189988,-3.543377306311459,-3.688547413841171,-2.76835063955631,-3.65571004528897,-3.8631952952034196,1.7060812930754046
s03,544.0,-3.9793599672636444,1,True,0.8178189360305634,-0.9339031157702063,-3.5266620168628497,-3.6768549822233925,-2.752027016004394,-3.652085662987613,-3.842920478312425,1.7060812930754046
s03,545.0,-4.289790494623504,1,True,0.8004917592985905,-0.9487234292898086,-3.6256405806947094,-3.7957800439700975,-2.8618769281998913,-3.865613056553983,-3.9793599672636444,1.7060812930754046
s03,546.0,-4.587685654520623,1,True,0.8084521005305919,-0.9645379904211914,-3.871255474518043,-4.060533616807861,-3.1118101875180524,-4.254843230430815,-4.289790494623504,1.7060812930754046
s03,547.0,-4.373222438072962,1,True,0.8678496374580078,-0.96624899401049,-4.131433759072717,-4.316188985096341,-3.351650994675149,-4.544825616094945,-4.587685654520623,1.7060812930754046
s03,548.0,-3.727674452206929,1,True,0.9206193090077027,-0.9537222749121335,-4.0175416006211595,-4.145231755485481,-3.178982761474991,-4.065553168265237,-4.373222438072962,1.7060812930754046
s03,549.0,-3.865821646828543,1,True,0.815240772001914,-0.9613080456921947,-3.5372554876292286,-3.6129626208264995,-2.659240345914366,-3.164376511094271,-3.727674452206929,1.7060812930754046
s03,550.0,-3.5730628120762598,1,True,0.8735872874511776,-0.9565467337942923,-3.5541626762825675,-3.731773208673006,-2.7704651629808112,-3.754119434221159,-3.865821646828543,1.7060812930754046
s03,551.0,-3.8183972298688493,1,True,0.7981275201980154,-0.9663594575401789,-3.3703867710406428,-3.4913064383392958,-2.5347597045450034,-3.2358988077329887,-3.5730628120762598,1.7060812930754046
s03,552.0,-3.576130747490394,1,True,0.8663510301390548,-0.9626841091487206,-3.503560980465265,-3.6986423605390017,-2.732282902998823,-3.7567893379186614,-3.8183972298688493,1.7060812930754046
s03,553.0,-3.5812454437977514,1,True,0.8295198913231292,-0.965124056535091,-3.3712521247628398,-3.499913864252068,-2.5372297551033474,-3.268298204459241,-3.576130747490394,1.7060812930754046
s03,554.0,-3.2765018409800426,1,True,0.8737574747970653,-0.9582249593668046,-3.341937292544828,-3.5064717465895927,-2.5413476900545016,-3.4073794706799254,-3.5812454437977514,1.7060812930754046
s03,555.0,-3.2450946782528587,1,True,0.828885449426585,-0.9579512586222175,-3.133249297822818,-3.254218036405763,-2.2959930770389585,-2.93833951153824,-3.2765018409800426,1.7060812930754046
s03,556.0,-3.1228080176355832,1,True,0.8421745953068703,-0.9547757634065409,-3.0647384590677613,-3.2286578581581393,-2.270706599535922,-3.057403106809597,-3.2450946782528587,1.7060812930754046
s03,557.0,-3.119893779367439,1,True,0.8211200174762205,-0.9545617622860326,-2.976339278800218,-3.1270271500510467,-2.172251386644506,-2.8898695535929986,-3.1228080176355832,1.7060812930754046
s03,558.0,-3.1856384555502157,1,True,0.8105343359076658,-0.9563969106704078,-2.9537148513821174,-3.124466842737711,-2.1699050804516786,-2.948033218525541,-3.119893779367439,1.7060812930754046
s03,559.0,-3.2582592348221637,1,True,0.8112815095829633,-0.9587676609724055,-2.9980298489395474,-3.179234224755573,-2.222837314085165,-3.04612409072991,-3.1856384555502157,1.7060812930754046
s03,560.0,-3.1118250769359115,1,True,0.8461610467009408,-0.9549202147528651,-3.0591360986145366,-3.2400732842539224,-2.2813056232815168,-3.12132428219232,-3.2582592348221637,1.7060812930754046
s03,561.0,-2.877399716418796,1,True,0.8585121950795279,-0.9476923351583209,-2.9714251099152444,-3.118329036236938,-2.1634088214840728,-2.866162031693769,-3.1118250769359115,1.7060812930754046
s03,562.0,-3.6749178087886527,1,True,0.6993415439684486,-0.9702690382681374,-2.7882741302199263,-2.9223610384614336,-1.9746687033031125,-2.5876385937803184,-2.877399716418796,1.7060812930754046
s03,563.0,-4.4139194653974485,1,True,0.7445838920330687,-0.9950756006769238,-3.2953144607903173,-3.5870340517712336,-2.6167650135030964,-3.8058198480643277,-3.6749178087886527,1.7060812930754046
s03,564.0,-4.668986272013944,1,True,0.8152175410973216,-1.0089404604830763,-3.9526659414177745,-4.206824278475531,-3.211748677798607,-4.54988093417466,-4.4139194653974485,1.7060812930754046
s03,565.0,-4.301047974722888,1,True,0.8855541204177125,-1.0051904579291633,-4.239613560678859,-4.426048059853323,-3.4171075993702464,-4.60507324772105,-4.668986272013944,1.7060812930754046
s03,566.0,-4.547742812181306,1,True,0.8140672874753302,-1.017840814876568,-4.01102434116239,-4.126064247267815,-3.120873789338652,-3.9036508309357627,-4.301047974722888,1.7060812930754046
s03,567.0,-4.060074063333221,1,True,0.8997189869449593,-1.0095230437385798,-4.148083197637841,-4.337333101266161,-3.3194922863895933,-4.481059681397688,-4.547742812181306,1.7060812930754046
s03,568.0,-3.725142409067653,1,True,0.8800930022002145,-1.003185785283332,-3.8351483640474027,-3.936384357575916,-2.926861313837336,-3.593176799938954,-4.060074063333221,1.7060812930754046
s03,569.0,-3.703196995742984,1,True,0.8356876940307384,-1.004470069038148,-3.540098541500363,-3.660387537249108,-2.657201751965776,-3.359763357666701,-3.725142409067653,1.7060812930754046
s03,570.0,-4.543956398674989,1,True,0.7350915986814324,-1.0314686659013388,-3.478956376581203,-3.6440031699019646,-2.6395331008638165,-3.513658454103112,-3.703196995742984,1.7060812930754046
s03,571.0,-4.687024245346366,1,True,0.828869245651183,-1.0416420200028398,-4.074667726668887,-4.347912441963006,-3.316443776061667,-4.716369342615847,-4.543956398674989,1.7060812930754046
s03,572.0,-4.455996180915549,1,True,0.8702204901288572,-1.0411237358445933,-4.29501533487926,-4.473272319523772,-3.431630299520932,-4.567662299201185,-4.687024245346366,1.7060812930754046
s03,573.0,-4.401521808483242,1,True,0.8489546678407829,-1.0445669158389153,-4.151632613852719,-4.286749142005843,-3.24562540616125,-4.137049585539753,-4.455996180915549,1.7060812930754046
s03,574.0,-4.469498720786631,1,True,0.8348612017106514,-1.0512618570202594,-4.088557057976406,-4.246334014741823,-3.201767098902908,-4.183070745194531,-4.401521808483242,1.7060812930754046
s03,575.0,-4.334672249280106,1,True,0.8580725373699966,-1.052069272395887,-4.134154283670093,-4.307758403425848,-3.2564965464055886,-4.314876491698027,-4.469498720786631,1.7060812930754046
s03,576.0,-4.79795107995209,1,True,0.7924885110034993,-1.0700073675064832,-4.0506970539234155,-4.200014576265557,-3.1479453038696708,-4.073098264965887,-4.334672249280106,1.7060812930754046
s03,577.0,-5.293689906037353,1,True,0.7990108048060482,-1.0910896583612741,-4.368908055475822,-4.590946877544319,-3.5209395100378353,-4.828550130672564,-4.79795107995209,1.7060812930754046
s03,578.0,-5.303174858376025,1,True,0.8501304792933811,-1.0998501789085553,-4.791860274481511,-5.011157506799988,-3.920067848438713,-5.336514569066528,-5.293689906037353,1.7060812930754046
s03,579.0,-4.922543658464557,1,True,0.8876617223081547,-1.096699852616874,-4.86272051569182,-5.027554534853934,-3.927704355945379,-5.103525781217421,-5.303174858376025,1.7060812930754046
s03,580.0,-5.214556560993915,1,True,0.8197884726866034,-1.111598016088158,-4.59474973936324,-4.71795111195112,-3.621251259334246,-4.504332028028263,-4.922543658464557,1.7060812930754046
s03,581.0,-5.467095290554418,1,True,0.827339715711763,-1.12657224969672,-4.7676313940312305,-4.967954170269019,-3.8563561541808613,-5.16252947395191,-5.214556560993915,1.7060812930754046
s03,582.0,-5.219461515958955,1,True,0.8750859603449417,-1.1275685374354978,-4.991737639762488,-5.186251924666362,-4.059679674969642,-5.392308134142752,-5.467095290554418,1.7060812930754046
s03,583.0,-4.617759418475251,1,True,0.910715086321591,-1.1164651071897256,-4.847024619001976,-4.98787376000099,-3.860305222565492,-4.875214028678249,-5.219461515958955,1.7060812930754046
s03,584.0,-4.643378240021864,1,True,0.8420491856569472,-1.1209965833168904,-4.392645545062649,-4.492329035783039,-3.3758639285933136,-4.065688892005921,-4.617759418475251,1.7060812930754046
s03,585.0,-4.20411529907687,1,True,0.8938188053035655,-1.1115954415672398,-4.340424367521209,-4.517486690731892,-3.3964901074150013,-4.4637995011619385,-4.643378240021864,1.7060812930754046
s03,586.0,-4.468991602073481,1,True,0.8102834818377436,-1.1210323804665574,-4.0363964400915044,-4.154426972096225,-3.042831530528985,-3.764702114473259,-4.20411529907687,1.7060812930754046
s03,587.0,-4.898826660769906,1,True,0.7986942160451672,-1.1366835611982589,-4.164442276410591,-4.377120636379852,-3.256088255913294,-4.411682204342334,-4.468991602073481,1.7060812930754046
s03,588.0,-4.651163968593514,1,True,0.8729833239347315,-1.1340532852163352,-4.510018859262047,-4.738839834657633,-3.6021562734593746,-4.914201935893614,-4.898826660769906,1.7060812930754046
s03,589.0,-4.723810483636657,1,True,0.837550296601534,-1.1396632449993866,-4.392768145432533,-4.53681182420161,-3.4027585389852746,-4.318524763516587,-4.651163968593514,1.7060812930754046
s03,590.0,-4.991795429153231,1,True,0.8190529803649707,-1.15138978346844,-4.415772857393838,-4.600910813518121,-3.461247568518735,-4.567695016587534,-4.723810483636657,1.7060812930754046
s03,591.0,-4.86222772318924,1,True,0.8612922641463789,-1.1524047081053008,-4.620056352203703,-4.828396901960539,-3.677007118492099,-4.930606905336012,-4.991795429153231,1.7060812930754046
s03,592.0,-4.613988581084712,1,True,0.8728910762327348,-1.1490715301846768,-4.56524706392384,-4.72509451177218,-3.572689803666879,-4.59351114179942,-4.86222772318924,1.7060812930754046
s03,593.0,-4.476665635807836,1,True,0.8594731001174898,-1.1477145145869931,-4.3758422435305775,-4.521899489063956,-3.372827958879279,-4.281768369379362,-4.613988581084712,1.7060812930754046
s03,594.0,-4.352421595392931,1,True,0.856938567638536,-1.1459877242129675,-4.248696511842051,-4.409981274527121,-3.262266759940128,-4.210985550156403,-4.476665635807836,1.7060812930754046
s03,595.0,-4.453431132398733,1,True,0.8305776772006741,-1.1503439577085293,-4.144276703918775,-4.308223349213336,-3.162235625000369,-4.096431348197518,-4.352421595392931,1.7060812930754046
s03,596.0,-4.132356551406177,1,True,0.879589985570644,-1.1424975283499579,-4.199010251358746,-4.393904196691894,-3.243560238983365,-4.315998404330244,-4.453431132398733,1.7060812930754046
s03,597.0,-4.889752271532491,1,True,0.7582968807729722,-1.1653634528861947,-3.9899866431171365,-4.127554786991259,-2.9850572586413007,-3.7668335942605236,-4.132356551406177,1.7060812930754046
s03,598.0,-5.080279247850218,1,True,0.8288800151403598,-1.1749654172021031,-4.478541789057496,-4.760213770653269,-3.5948503177670736,-5.039174604866299,-4.889752271532491,1.7060812930754046
s03,599.0,-5.315139209452532,1,True,0.8272232787864054,-1.1867232194989197,-4.722152401823097,-4.923212466225321,-3.748247049023218,-4.979489403080462,-5.080279247850218,1.7060812930754046
s04,350.0,0.978302206095643,0,False,0.8915181256847983,-0.023413723792075503,1.2004872996176565,1.2002625400513363,1.217017453824741,1.245420578351864,1.0848639270656537,1.6841427380691836
s04,351.0,1.1680752466274633,0,False,0.9844741051903252,-0.021637443371383572,1.1114058639127284,1.1088658992710656,1.1322796230631411,0.9194606528353134,0.978302206095643,1.6841427380691836
s04,352.0,1.4152521861390286,0,False,0.9511526203717154,-0.01702636617473701,1.261885553587211,1.2615496129174768,1.2831870562888603,1.3184269207670762,1.1680752466274633,1.6841427380691836
s04,353.0,1.6936853232381437,0,False,0.9326929423907662,-0.010097276787790975,1.4635473703788369,1.4627156770066094,1.4797420431813464,1.6053561374980647,1.4152521861390286,1.6841427380691836
s04,354.0,1.4303428169865762,0,False,0.9136638589822628,-0.017918632288617224,1.6917342850045698,1.6910546670141176,1.7011519438019085,1.9006953311828145,1.6936853232381437,1.6841427380691836
s04,355.0,1.3234401702034666,0,False,0.9403263081355364,-0.022430131387419373,1.4753704990609866,1.4738234734968716,1.4917421057854887,1.2443135939317753,1.4303428169865762,1.6841427380691836
s04,356.0,1.2009916476756959,0,False,0.921259720628767,-0.02792947314482066,1.3856415283379642,1.3843030395890719,1.4067331709764912,1.2484744332385835,1.3234401702034666,1.6841427380691836
s04,357.0,1.0370959936363424,0,False,0.8842231801030986,-0.0352595740323974,1.2836318644070148,1.2814326898889001,1.3093621630337209,1.1198207847558932,1.2009916476756959,1.6841427380691836
s04,358.0,1.7376973416725072,0,False,0.8088019990974316,-0.01744183902518941,1.1478550827846319,1.1437728414322417,1.179032415464639,0.9382883573256,1.0370959936363424,1.6841427380691836
s04,359.0,1.8620229283906782,0,False,0.9650679951478554,-0.01314240441206341,1.7220432860401589,1.7187084412864784,1.7361502803116677,2.187999589454211,1.7376973416725072,1.6841427380691836
s04,360.0,1.5792396098444685,0,False,0.9251999836818394,-0.0204213618490347,1.822330614944869,1.821871524410178,1.8350139288222413,1.9564895929478034,1.8620229283906782,1.6841427380691836
s04,361.0,1.9426707447307747,0,False,0.9065414261962522,-0.009832941630021998,1.5912509222965652,1.5897234040970183,1.610144765946053,1.373502370201584,1.5792396098444685,1.6841427380691836
s04,362.0,1.5487645399852756,0,False,0.8985315537127765,-0.020049368223203766,1.8902310657923718,1.8893120930913343,1.8991450347213563,2.2005936097761625,1.9426707447307747,1.6841427380691836
s04,363.0,0.9559376518576252,0,False,0.7526642453936578,-0.03834708775946463,1.5678960146423024,1.5658616363996536,1.5859110046228573,1.2710830742969954,1.5487645399852756,1.6841427380691836
s04,364.0,1.402245526226349,0,False,0.8859007741805767,-0.028564169539143147,1.085632858103576,1.076148252215633,1.1144953399750976,0.6403369217979417,0.9559376518576252,1.6841427380691836
s04,365.0,1.347660591840096,0,False,0.9568646867195446,-0.03135940129651408,1.4440941333830513,1.44083498375246,1.4693991532916033,1.724317266062192,1.402245526226349,1.6841427380691836
s04,366.0,1.6149567386092585,0,False,0.9379662145575287,-0.02474971426794303,1.395986535256103,1.3946338376568903,1.4259932389534045,1.3095059084884197,1.347660591840096,1.6841427380691836
s04,367.0,1.9699948575533939,0,False,0.9082809685883901,-0.014063787415206657,1.6153326142601752,1.6137972957955151,1.638547010063458,1.8157883885252022,1.6149567386092585,1.6841427380691836
s04,368.0,1.688377599825059,0,False,0.9356758984456156,-0.020616740492406277,1.9080992860247477,1.906809369065046,1.9208731564802528,2.221920928434949,1.9699948575533939,1.6841427380691836
s04,369.0,1.7120799577722021,0,False,0.9955630266098702,-0.019543776883128135,1.6776406574387515,1.6763145041295975,1.6969312446220037,1.4793907557640418,1.688377599825059,1.6841427380691836
s04,370.0,1.5871849191977616,0,False,0.961128025485485,-0.022815296458549104,1.696322286929767,1.6962355717117938,1.715779348594922,1.7308608473079783,1.7120799577722021,1.6841427380691836
s04,371.0,1.6357904272804806,0,False,0.9940666460553704,-0.021551010913401822,1.594534451398049,1.5936475757755713,1.6164628722341203,1.492867162219195,1.5871849191977616,1.6841427380691836
s04,372.0,1.7400976841627145,0,False,0.9750077250641654,-0.01835496854814477,1.6336908084297599,1.6335629386541461,1.655113949567548,1.674326827388934,1.6357904272804806,1.6841427380691836
s04,373.0,1.8505251981628554,0,False,0.9687052644582332,-0.014430334492989519,1.7201627954114076,1.7197040629910139,1.7380590315391586,1.8209188292742486,1.7400976841627145,1.6841427380691836
s04,374.0,1.677480222753174,0,False,0.9577058459062848,-0.018449145949005905,1.811892198122124,1.8114406046203868,1.8258709391133763,1.9348175067951883,1.8505251981628554,1.6841427380691836
s04,375.0,1.7993864814601963,1,False,0.9681861160850666,-0.014562046790602884,1.6705968005350937,1.669816509513429,1.688265655462435,1.5461509989260478,1.677480222753174,1.6841427380691836
s04,376.0,1.7295904497094086,1,False,0.9842002123775424,-0.015793635559646423,1.7711066839436866,1.7706434086775265,1.7852054554681294,1.8927910964070664,1.7993864814601963,1.6841427380691836
s04,377.0,1.8183392821996736,1,False,0.9750549324233662,-0.012660758535098598,1.7141595841357085,1.7139100480480796,1.729703683607726,1.6749673831286147,1.7295904497094086,1.6841427380691836
s04,378.0,1.925469863969863,1,False,0.9664445646510803,-0.00852514127296226,1.7879317787092148,1.7876159552319852,1.8002767137670839,1.88670129136246,1.8183392821996736,1.6841427380691836
s04,379.0,1.9387224680500734,1,False,0.9860928934868892,-0.006671720064412719,1.8772278259252475,1.876941761098422,1.8854669023713844,2.0064591419164066,1.925469863969863,1.6841427380691836
s04,380.0,1.886966547778828,1,False,0.9976139291313408,-0.006742733037564981,1.889426431205465,1.8893336468839035,1.8960053669483161,1.9485203018026958,1.9387224680500734,1.6841427380691836
s04,381.0,1.8940965844727422,1,False,0.9895455251227833,-0.005363026011660833,1.8481224389148134,1.8481063502759374,1.8548490833135023,1.8458318314071216,1.886966547778828,1.6841427380691836
s04,382.0,1.739326917661703,1,False,0.9663825756117959,-0.008837894256364413,1.855211926772527,1.8551558591518222,1.860518885163483,1.8993560743078601,1.8940965844727422,1.6841427380691836
s04,383.0,2.1072588444737965,1,False,0.9039420879170816,0.0025216243542176484,1.7289053313629759,1.7286082241210614,1.737446118377426,1.6203283126795947,1.739326917661703,1.6841427380691836
s04,384.0,1.9944406634083078,1,False,0.9911692799353147,0.0013784330821196,2.032304817174386,2.032547039144909,2.0300254147906918,2.3643147025565527,2.1072588444737965,1.6841427380691836
s04,385.0,2.1522745129785856,1,False,0.9482738705608315,0.007695941982544164,1.9416787104077575,1.9416908829644337,1.940312449882314,1.9050419374779595,1.9944406634083078,1.6841427380691836
s04,386.0,1.6839322637942675,1,False,0.8982968236014939,-0.003991623964139602,2.0731197140592474,2.0735177953503925,2.0658218533678485,2.2668199393522093,2.1522745129785856,1.6841427380691836
s04,387.0,1.4787674596478966,1,False,0.9324504057344094,-0.010310740920354002,1.689810652357851,1.6894046915217098,1.6933963154858493,1.3503461102054235,1.6839322637942675,1.6841427380691836
s04,388.0,2.1316282424701503,1,False,0.8360054414930678,0.008039947810753158,1.5206351044656596,1.5199386180999122,1.5302493590202662,1.330118595311855,1.4787674596478966,1.6841427380691836
s04,389.0,2.1554124604803375,1,False,0.9748198601877971,0.010979004729861654,2.056125388818411,2.0574438965100543,2.049403948699301,2.55215996766243,2.1316282424701503,1.6841427380691836
s04,390.0,2.5950060798770496,1,False,0.8871826901527291,0.026450302551593363,2.079019699611896,2.079296152485993,2.0683171477561313,2.1716563503892377,2.1554124604803375,1.6841427380691836
s04,391.0,2.3779041499386424,1,False,0.9916730156819819,0.0244574643135913,2.4413480392268605,2.4443320912053776,2.4178817886537844,2.8851510923264887,2.5950060798770496,1.6841427380691836
s04,392.0,2.334745434822505,1,False,0.9804799221211984,0.02640883036890388,2.2694962427236214,2.2696998996454187,2.2452424353318277,2.205597689787338,2.3779041499386424,1.6841427380691836
s04,393.0,2.047287939625921,1,False,0.9616187218194236,0.02070752428994497,2.236815973165729,2.2373314755912177,2.210922645222314,2.298678539192547,2.334745434822505,1.6841427380691836
s04,394.0,2.5018070343481,1,False,0.8842878085250749,0.035670412214005895,2.002249322295866,2.0030441035460695,1.9823365792561245,1.8249823828152234,2.047287939625921,1.6841427380691836
s04,395.0,2.63558566339216,1,False,0.9414558871283408,0.04335477121443435,2.375312861809782,2.3794403633778782,2.3437699511638725,2.803131341490679,2.5018070343481,1.6841427380691836
s04,396.0,3.012943910248506,1,True,0.8970804453844736,0.05893792574990571,2.4909672591132916,2.4935054257327947,2.4501506545183602,2.724882274752231,2.63558566339216,1.6841427380691836
s04,397.0,3.291690192888001,1,True,0.9104588910631922,0.0734137210771588,2.8030978169114222,2.8091636819795656,2.7502257562296597,3.2550965807394365,3.012943910248506,1.6841427380691836
s04,398.0,2.6823772669789694,1,True,0.9488453150745056,0.06252608735308138,3.0387248451184568,3.045298391114883,2.971884670037724,3.464865780587834,3.291690192888001,1.6841427380691836
s04,399.0,2.636155456515091,1,True,0.9709875706822534,0.06511418895263506,2.546686900898464,2.549885403196635,2.4873593158435536,2.2126615727718675,2.6823772669789694,1.6841427380691836
s04,400.0,3.265447864652889,1,True,0.8575756135824315,0.08760608661133235,2.5138288218917424,2.5157179426963134,2.4506037537436782,2.595082956901229,2.636155456515091,1.6841427380691836
s04,401.0,2.7843891681877797,1,True,0.9709738047827565,0.07997907557229397,3.0261456263569952,3.0386228694890587,2.9510167828777263,3.6498072212647235,3.265447864652889,1.6841427380691836
s04,402.0,2.2980091454060214,1,True,0.9444811304240092,0.06946560370564492,2.6461367193668,2.648458207627656,2.568479132055362,2.4066880830379898,2.7843891681877797,1.6841427380691836
s04,403.0,3.0860377744818965,1,True,0.828496349778236,0.09451146987801662,2.247318916944023,2.2511755687361736,2.181709965030529,1.926256166294193,2.2980091454060214,1.6841427380691836
s04,404.0,2.8748331037928896,1,True,0.9883124475471219,0.09367062000724875,2.8866523707465808,2.902861432818485,2.8083499629404685,3.5575822520738747,3.0860377744818965,1.6841427380691836
s04,405.0,2.6527044968240867,1,True,0.9976776691657901,0.09122963308914792,2.73297594714282,2.734070727427448,2.6404001074201995,2.706106223076676,2.8748331037928896,1.6841427380691836
s04,406.0,2.771142632017912,1,True,0.9413409281228525,0.09771411677089191,2.5547813105698625,2.5549931759597793,2.4637635428706313,2.4760393574116097,2.6527044968240867,1.6841427380691836
s04,407.0,2.9228268801610366,1,True,0.9334881532863956,0.10572913489225921,2.6499277900497176,2.655659609448793,2.5579454926779013,2.8472940097413595,2.771142632017912,1.6841427380691836
s04,408.0,2.419564526880386,1,True,0.9492486609641422,0.09478725457250849,2.7772616308589604,2.7842938708720766,2.6785647359798173,3.019177188550027,2.9228268801610366,1.6841427380691836
s04,409.0,2.4107290913319463,1,True,0.9718043855329417,0.09591438724655245,2.3683474221040597,2.3731580021971475,2.278370747624639,2.0325151459475705,2.419564526880386,1.6841427380691836
s04,410.0,2.5596744483937552,1,True,0.9403810484908046,0.10168684467891478,2.364554835563696,2.3672592006483444,2.2713448134017917,2.3999712322784297,2.4107290913319463,1.6841427380691836
s04,411.0,2.652354755634958,1,True,0.9479786939428588,0.10651329925375702,2.485410473411515,2.4914729364735506,2.389786091794636,2.6609258162593497,2.5596744483937552,1.6841427380691836
s04,412.0,2.3825526906060435,1,True,0.9833170567207024,0.10088991812911569,2.5644577671544524,2.5699987280940877,2.4634854288403307,2.712394927858001,2.652354755634958,1.6841427380691836
s04,413.0,2.108657452685537,1,True,0.9678458820176853,0.09365477558480419,2.3481457300476523,2.3498288708292536,2.2489389527001378,2.1693564107472514,2.3825526906060435,1.6841427380691836
s04,414.0,2.243547560121237,1,True,0.9503700363377026,0.09721743149926747,2.1217809762687003,2.124792362972461,2.031137587387657,1.8953667152752618,2.108657452685537,1.6841427380691836
s04,415.0,1.761377701456585,1,True,0.9034500653219206,0.0829901754627802,2.230794671746843,2.2356195693394936,2.138402137840226,2.340270211345529,2.243547560121237,1.6841427380691836
s04,416.0,1.9021624238372,1,True,0.959812070392761,0.08491591617334518,1.8299583707985136,1.8379710668183675,1.7549808913555873,1.4143581396768266,1.761377701456585,1.6841427380691836
s04,417.0,1.7473346085878247,1,True,0.9669568491355766,0.07878049183997497,1.9484361581717895,1.9518487530334983,1.866932836860153,2.008199448274909,1.9021624238372,1.6841427380691836
s04,418.0,2.4442815436947796,1,True,0.8329548541939061,0.09743110848172672,1.8199911666260138,1.8225943223030556,1.7438138304630806,1.6281675044906727,1.7473346085878247,1.6841427380691836
s04,419.0,2.771454850656302,1,True,0.9067073854509899,0.10871104951131248,2.3791814226143972,2.3954568163367767,2.29802570785505,2.881483689797499,2.4442815436947796,1.6841427380691836
s04,420.0,2.6151776579398387,1,True,0.9889961900323821,0.10715923470036705,2.656762880265409,2.6669048183046864,2.558193768793374,2.9874554690590007,2.771454850656302,1.6841427380691836
s04,421.0,2.9189157152759164,1,True,0.9094828096158468,0.11849426257429788,2.5399022929566373,2.5410814528115555,2.4339222181111886,2.49027906737027,2.6151776579398387,1.6841427380691836
s04,422.0,3.745243388790059,1,True,0.8335188743988724,0.14703309897609185,2.7832230743387263,2.793948842063594,2.675454579489296,3.116547827936088,2.9189157152759164,1.6841427380691836
s04,423.0,3.473801438788075,1,True,0.9792629153460845,0.1468596503808106,3.455104822812621,3.4795830586307828,3.332549959654691,4.224239123827573,3.745243388790059,1.6841427380691836
s04,424.0,3.691624586655344,1,True,0.9156198601698602,0.15970161503655933,3.260513657128196,3.2635590981303872,3.1166994477495766,3.255021783002681,3.473801438788075,1.6841427380691836
s04,425.0,3.3595328464688055,1,True,0.9895380366552252,0.15699918258257192,3.436138283660502,3.449613928268386,3.2899123132318264,3.8163251885248624,3.691624586655344,1.6841427380691836
s04,426.0,3.3601842911789004,1,True,0.9476857450004862,0.16231974234578006,3.1811897793786237,3.182832299071962,3.02583311648939,3.0947252822596,3.3595328464688055,1.6841427380691836
s04,427.0,3.682872787726916,1,True,0.90222202597752,0.17714579935665323,3.180179250971945,3.1886708873644776,3.0263511450186975,3.3432109870961138,3.3601842911789004,1.6841427380691836
s04,428.0,3.479436501579995,1,True,0.9709669222105699,0.1777259338190486,3.44277772879913,3.460098686166816,3.282952886810163,3.8752811733924615,3.682872787726916,1.6841427380691836
s04,429.0,3.690905284720699,1,True,0.9164292325982193,0.18948590093457726,3.2937464500079767,3.2989063808697443,3.121180447050696,3.311959537748567,3.479436501579995,1.6841427380691836
s04,430.0,3.8699961058252863,1,True,0.9189540425621564,0.20122099734122137,3.462990743450896,3.4788262256038163,3.289340324669239,3.8114528204473053,3.690905284720699,1.6841427380691836
s04,431.0,4.027021914414947,1,True,0.9202476486182674,0.21304242699361434,3.6166661109490645,3.6329742593351817,3.4317532619939604,3.9653492394243965,3.8699961058252863,1.6841427380691836
s04,432.0,4.191975391334016,1,True,0.9180586819470509,0.22571181257375691,3.7526719041657848,3.7696625386625966,3.556620111668982,4.1044146893555595,4.027021914414947,1.6841427380691836
s04,433.0,3.8447777122087032,1,True,0.979173291493201,0.22365005837786184,3.8950077286494587,3.9135028520718724,3.6877910394981157,4.271084470115497,4.191975391334016,1.6841427380691836
s04,434.0,4.018683940021486,1,True,0.9183675001145154,0.23515008661223433,3.630691770969039,3.635349665542403,3.4116996071645413,3.565416764203133,3.8447777122087032,1.6841427380691836
s04,435.0,3.962418278974892,1,True,0.9451382473683356,0.2404684396333848,3.7659439555180985,3.7851398449365434,3.549989758324309,4.107424442698818,4.018683940021486,1.6841427380691836
s04,436.0,4.5854825169570805,1,True,0.8665703948642908,0.2656614420251795,3.7325232505130352,3.7457157705639244,3.5052473309305396,3.895049300102947,3.962418278974892,1.6841427380691836
s04,437.0,4.457104059729924,1,True,0.9460715675983239,0.2713834888943783,4.2309220627807616,4.266369164089965,4.000707722064785,4.936807553766105,4.5854825169570805,1.6841427380691836
s04,438.0,4.405477522809105,1,True,0.939001231336747,0.2784476729272875,4.155369435576362,4.170004721712133,3.8986212328177547,4.330404831438747,4.457104059729924,1.6841427380691836
s04,439.0,4.558897629332879,1,True,0.9167230333824625,0.2911341365765715,4.119030542504365,4.136015507690078,3.857567834762791,4.3335065151754435,4.405477522809105,1.6841427380691836
s04,440.0,5.0130707745990915,1,True,0.8851385586212592,0.3134052127620913,4.246456800642185,4.270701568415098,3.979567431838526,4.622492608518317,4.558897629332879,1.6841427380691836
s04,441.0,4.663205677180677,1,True,0.9642051635309868,0.3136774555476365,4.61813274318904,4.6541309176625045,4.3407257049004135,5.255519364041754,5.0130707745990915,1.6841427380691836
s04,442.0,4.410743208821865,1,True,0.9589276013641231,0.31471403386229585,4.364962565107877,4.3761905983332205,4.062513142785584,4.3734499971935445,4.663205677180677,1.6841427380691836
s04,443.0,4.108908159997503,1,True,0.9690123309739465,0.3126872044717045,4.163543079428783,4.1764691396838804,3.861755105821585,4.195682527768626,4.410743208821865,1.6841427380691836
s04,444.0,4.760689541530941,1,True,0.8642100697301726,0.3374751941057773,3.9247337727943306,3.9344232203951814,3.621736015923477,3.8612303730578135,4.108908159997503,1.6841427380691836
s04,445.0,4.456422923588983,1,True,0.9632174187348866,0.33684265800422486,4.431681727231977,4.477507460307397,4.14003226620162,5.124327371986272,4.760689541530941,1.6841427380691836
s04,446.0,4.701991304466219,1,True,0.906579026240195,0.3508547295877896,4.22253230923913,4.234922251680727,3.898079593676502,4.202832585996992,4.456422923588983,1.6841427380691836
s04,447.0,4.791727737847277,1,True,0.9214453384753383,0.36128025617075404,4.411432994595471,4.444210185081795,4.093355455494006,4.822164951444837,4.701991304466219,1.6841427380691836
s04,448.0,4.5137416436598805,1,True,0.9598062955842217,0.3609126830328095,4.497613833352329,4.5259940815913655,4.164713825420612,4.808225709515416,4.791727737847277,1.6841427380691836
s04,449.0,4.320053195613749,1,True,0.9544807975873556,0.36137711601679595,4.290065678445806,4.304572096147533,3.943659413114723,4.2786585103947985,4.5137416436598805,1.6841427380691836
s04,450.0,4.528418683694156,1,True,0.9112389243169297,0.3726992095572649,4.1345659675872595,4.151015565678526,3.78963844966173,4.148899087388322,4.320053195613749,1.6841427380691836
s04,451.0,4.582519632103244,1,True,0.9265847826040188,0.38033390457872657,4.294948615307989,4.328029798054522,3.955330588497257,4.628535894263575,4.528418683694156,1.6841427380691836
s04,452.0,4.8279654034616435,1,True,0.9060620226235268,0.3938123004228425,4.350763245703405,4.378685541991115,3.998351637412388,4.579495461033664,4.582519632103244,1.6841427380691836
s04,453.0,4.732109121782444,1,True,0.9396943771125834,0.39815530505769775,4.550348369652904,4.587342300620603,4.19353000019776,4.945211527060669,4.8279654034616435,1.6841427380691836
s04,454.0,4.579670690135639,1,True,0.9468677510203274,0.40008161271718096,4.491449431142099,4.515460434819532,4.117305129761835,4.623404901945197,4.732109121782444,1.6841427380691836
s04,455.0,4.866449465841468,1,True,0.9018504302665533,0.4141900635082119,4.374910536948025,4.396167772807103,3.996086160089922,4.433885198390319,4.579670690135639,1.6841427380691836
s04,456.0,4.965127336565299,1,True,0.919408451543105,0.4239942064409058,4.5976699956209695,4.638322572142169,4.224132508633957,5.009070030414208,4.866449465841468,1.6841427380691836
s04,457.0,4.657131515361289,1,True,0.9604535939668808,0.42191029254769413,4.692424962167852,4.726595311801677,4.302601105360771,4.9838780127105755,4.965127336565299,1.6841427380691836
s04,458.0,4.395541521458396,1,True,0.9600565082040139,0.41938874025073003,4.462908228951889,4.479593264690532,4.057682972142838,4.398192978598388,4.657131515361289,1.6841427380691836
s04,459.0,4.277352237560556,1,True,0.9474084362698608,0.41963764323618974,4.25230362067303,4.269055471378564,3.849666731127834,4.174030030250602,4.395541521458396,1.6841427380691836
s04,460.0,4.1088032186755905,1,True,0.9551289501485006,0.4176421304667235,4.153250911133311,4.175320310991132,3.755682667754942,4.160875524619651,4.277352237560556,1.6841427380691836
s04,461.0,4.103121443826219,1,True,0.9377139439376062,0.41955693286850965,4.020554656243754,4.039294697100013,3.6216525666332897,3.958928227709989,4.1088032186755905,1.6841427380691836
s04,462.0,4.2493180588791315,1,True,0.919688456332663,0.42593573399105145,4.010558808152391,4.036691354794405,3.617134421925895,4.068614501641688,4.103121443826219,1.6841427380691836
s04,463.0,4.068554273907354,1,True,0.9570694662663107,0.4232125931298409,4.125118079647804,4.159325635947706,3.733389901956654,4.314801895144945,4.2493180588791315,1.6841427380691836
s04,464.0,4.278977980937866,1,True,0.9124526644594504,0.431196156027706,3.9946904751698114,4.012859217675694,3.5896466245458534,3.9104222111201934,4.068554273907354,1.6841427380691836
s04,465.0,3.807935842517189,1,True,0.993268201761154,0.4197890828785049,4.150421539601672,4.188171614157225,3.756975458129519,4.385957690964858,4.278977980937866,1.6841427380691836
s04,466.0,4.580924233045689,1,True,0.849592909040326,0.4431510482959,3.799366117057044,3.802192052465852,3.382402969587347,3.4330202989491454,3.807935842517189,1.6841427380691836
s04,467.0,4.421050046238507,1,True,0.9496674715390228,0.44257552892937685,4.373580965092697,4.440234025122614,3.9970829768267135,5.015338143594973,4.580924233045689,1.6841427380691836
s04,468.0,4.14280012380885,1,True,0.9659701823977233,0.4374837338320702,4.290250681646436,4.312526627052405,3.8699510981230283,4.272578832947136,4.421050046238507,1.6841427380691836
s04,469.0,4.830278043003737,1,True,0.8607296337699955,0.45980695641555797,4.071283131887877,4.086170623554145,3.648686889722075,3.9122509128308494,4.14280012380885,1.6841427380691836
s04,470.0,4.640003962060256,1,True,0.9497051228858381,0.4593517962824431,4.59113848328232,4.655175966497418,4.19536901008186,5.212399530711852,4.830278043003737,1.6841427380691836
s04,471.0,4.511798868658208,1,True,0.9453646817225416,0.45960331396107434,4.480311903890971,4.503414946037167,4.044063149754724,4.466335241462705,4.640003962060256,1.6841427380691836
s04,472.0,4.986673274636296,1,True,0.8830801959869553,0.4771519772011167,4.376607259961913,4.401717833301551,3.9421145193404765,4.384295348371934,4.511798868658208,1.6841427380691836
s04,473.0,5.062688908032646,1,True,0.9208579884467603,0.48512605236841216,4.741097886797338,4.796886402456129,4.319734425255012,5.242163575601534,4.986673274636296,1.6841427380691836
s04,474.0,5.32067526485477,1,True,0.9031023275776957,0.498787068099802,4.826914222167123,4.865308073808442,4.38018202144003,5.064337591958145,5.062688908032646,1.6841427380691836
s04,475.0,5.223043407097628,1,True,0.9350174187501433,0.5029547787118084,5.0357884140975315,5.084119720030748,4.585332651930946,5.434694289129894,5.32067526485477,1.6841427380691836
s04,476.0,5.712028394809024,1,True,0.8822158600872292,0.5239961118679191,4.977967323166023,5.010650622938668,4.507695844226859,5.103966508432015,5.223043407097628,1.6841427380691836
s04,477.0,5.57509769355815,1,True,0.9352321559874663,0.5286330649742016,5.358814158661399,5.420532590015398,4.896536478147479,5.95901775509037,5.712028394809024,1.6841427380691836
s04,478.0,5.990289782209953,1,True,0.8884701555922841,0.548853289037899,5.282043889527923,5.316282313420039,4.787649248445838,5.422261516903835,5.57509769355815,1.6841427380691836
s04,479.0,5.733170903865494,1,True,0.9433169205804389,0.5508485233780799,5.605449570597073,5.666663092526132,5.1178098034882336,6.186320025643224,5.990289782209953,1.6841427380691836
s04,480.0,6.031531391420886,1,True,0.8978835280677848,0.5678685396750321,5.432973724257023,5.46419751485581,4.91334899147773,5.493829529730598,5.733170903865494,1.6841427380691836
s04,481.0,5.3374241764125,1,True,0.9821962081968221,0.5564370554208453,5.660484919759147,5.718473651552061,5.150605111877028,6.154602670161292,6.031531391420886,1.6841427380691836
s04,482.0,5.62031850371323,1,True,0.9000732296307525,0.5703939575121697,5.145181744516131,5.155088434002418,4.598651378581573,4.7821443553871905,5.3374241764125,1.6841427380691836
s04,483.0,5.049471117132565,1,True,0.9771354358807591,0.5600580078337557,5.33700514706737,5.394002773079695,4.823608815567526,5.743184044492343,5.62031850371323,1.6841427380691836
s04,484.0,4.671370754752275,1,True,0.9666491457170296,0.5523072530326808,4.916923765890828,4.929729248121437,4.369671240287682,4.5903692987764675,5.049471117132565,1.6841427380691836
s04,485.0,4.221444600954746,1,True,0.9816242497286864,0.5403111932105956,4.602893342975598,4.6213132616909185,4.069006008658238,4.3606435865786795,4.671370754752275,1.6841427380691836
s04,486.0,4.198576619421445,1,True,0.9384267477863025,0.5387224077600414,4.241607510884686,4.251536134439919,3.7112249412293234,3.860862360022081,4.221444600954746,1.6841427380691836
s04,487.0,4.765812925194262,1,True,0.8732552809783403,0.5547439132933344,4.198591850064982,4.231762740751162,3.6930403329911208,4.15038418338515,4.198576619421445,1.6841427380691836
s04,488.0,5.164834434131663,1,True,0.8904107916804043,0.5687234375635268,4.628539430372576,4.698850291791915,4.144106378498581,5.080910709928798,4.765812925194262,1.6841427380691836
s04,489.0,5.319101808118669,1,True,0.9123523249821706,0.577392545797117,4.967805582390281,5.030131533665667,4.46140809610214,5.370275372208793,5.164834434131663,1.6841427380691836
s04,490.0,5.654772145069674,1,True,0.8954816176897429,0.5921914905792223,5.11086687145442,5.161473985666163,4.584081439869046,5.366600292149915,5.319101808118669,1.6841427380691836
s04,491.0,5.779366932465645,1,True,0.912711653676544,0.6022765637831828,5.381302929053719,5.443197825666959,4.851006335087737,5.809790179826167,5.654772145069674,1.6841427380691836
s04,492.0,5.436384384290423,1,True,0.953202811038802,0.5987972768428518,5.499788890352782,5.5523606156347896,4.950084051851607,5.797409587892542,5.779366932465645,1.6841427380691836
s04,493.0,4.8011889632658145,1,True,0.9869413639045859,0.5845486927450958,5.248119737210483,5.276141766524349,4.677344489681497,5.14088733357128,5.436384384290423,1.6841427380691836
s04,494.0,4.806551873402341,1,True,0.929394917922682,0.5860416665411338,4.749152671542466,4.756786080201074,4.172237387455978,4.2944646211273305,4.8011889632658145,1.6841427380691836
s04,495.0,5.071738135421033,1,True,0.9032535718277277,0.5953175014747528,4.721166117666867,4.762543637633732,4.1765019710925975,4.7660306306958855,4.806551873402341,1.6841427380691836
s04,496.0,5.353868608071672,1,True,0.9008364966320973,0.6064526957876349,4.925100622412813,4.982695464308937,4.387377962834184,5.1960032258931985,5.071738135421033,1.6841427380691836
s04,497.0,5.917840498272959,1,True,0.8760187330549773,0.6274424903734238,5.158042704805452,5.218180678746663,4.611727982959028,5.4823780298424625,5.353868608071672,1.6841427380691836
s04,498.0,5.782033375645451,1,True,0.9334555860042213,0.6302742719297397,5.609849542209952,5.687640657101589,5.060198166728165,6.204377197620724,5.917840498272959,1.6841427380691836
s04,499.0,6.15733250394816,1,True,0.8915737406768436,0.6475198867035956,5.540537446070784,5.582478678152965,4.952204406223225,5.626005514161589,5.782033375645451,1.6841427380691836
s04,500.0,6.015770299497536,1,True,0.9321189412366959,0.6510481361527516,5.827953825373046,5.898161984525672,5.250642097822076,6.325102663905465,6.15733250394816,1.6841427380691836
s04,501.0,5.230804812187022,1,True,0.9910610824668719,0.6342986794656263,5.744926198303274,5.789120035091198,5.138071898938446,5.851262388194513,6.015770299497536,1.6841427380691836
s04,502.0,5.592356277895848,1,True,0.8933394744663841,0.6476243761206288,5.14249644580865,5.148166389395765,4.513867709930139,4.605771691314579,5.230804812187022,1.6841427380691836
s04,503.0,5.630925732018793,1,True,0.9205218241586525,0.6530822187979799,5.379921686468352,5.448997642773758,4.80137326665313,5.7648296771776195,5.592356277895848,1.6841427380691836
s04,504.0,5.425756448670002,1,True,0.942150109223856,0.651301135337233,5.433220113937082,5.4851258973615655,4.832043678563585,5.595664827217293,5.630925732018793,1.6841427380691836
s04,505.0,5.68750653572756,1,True,0.9016933159327744,0.6623205025417929,5.2825165960339255,5.320194295575563,4.66889316023833,5.228259711441689,5.425756448670002,1.6841427380691836
s04,506.0,5.595239291811399,1,True,0.9314526347644592,0.6639969650022258,5.474246677402346,5.539357209796968,4.877036707255175,5.795513579453535,5.68750653572756,1.6841427380691836
s04,507.0,5.899329750144196,1,True,0.8976797648460166,0.6769469734173041,5.4221475604996225,5.46766280297492,4.803665837972694,5.472637527652234,5.595239291811399,1.6841427380691836
s04,508.0,6.280733038749456,1,True,0.8909883495614364,0.693696202523503,5.653160028369324,5.72242540187616,5.045478428458856,6.029033751487237,5.899329750144196,1.6841427380691836
s04,509.0,6.367808783910996,1,True,0.913064420865219,0.70345647560072,5.96684538006371,6.042466348003761,5.348770145480258,6.449367611991235,6.280733038749456,1.6841427380691836
s04,510.0,6.272556988212473,1,True,0.9269355405920722,0.7079891088577632,6.060313816875239,6.1214692129777,5.41801273737698,6.3484606616150225,6.367808783910996,1.6841427380691836
s04,511.0,6.032732724771203,1,True,0.9393275344828262,0.7074633607178468,5.998528821263024,6.050257662768417,5.342268553910654,6.1343759910186995,6.272556988212473,1.6841427380691836
s04,512.0,5.972563012520698,1,True,0.9262306054662095,0.7108695379240434,5.816100225956326,5.859023772314143,5.1515604115962965,5.800132418859465,6.032732724771203,1.6841427380691836
s04,513.0,5.775685387170976,1,True,0.9382639064944693,0.7097026088662118,5.7621426070268535,5.814583022432026,5.103713484507982,5.864151220651523,5.972563012520698,1.6841427380691836
s04,514.0,5.784192339263186,1,True,0.9220385654790321,0.713522606115555,5.613044830996332,5.656859097618415,4.947156488752204,5.5776434711993055,5.775685387170976,1.6841427380691836
s04,515.0,5.690086547339406,1,True,0.930871277280787,0.7142018879597497,5.611816573263673,5.6674438191995815,4.953921213084026,5.725700547943695,5.784192339263186,1.6841427380691836
s04,516.0,5.857957244856413,1,True,0.9088765979000225,0.7221418987281205,5.543918354965747,5.593290219244055,4.879088331284305,5.564363496272448,5.690086547339406,1.6841427380691836
s04,517.0,5.725275655480728,1,True,0.9336597077135639,0.7218585404835728,5.668916903687943,5.734720930298987,5.0125790315708665,5.902250079528375,5.857957244856413,1.6841427380691836
s04,518.0,5.997521208589548,1,True,0.9000483532672608,0.7329162997172982,5.581040927566894,5.628929234132035,4.907070693648462,5.572486815216587,5.725275655480728,1.6841427380691836
s04,519.0,5.467834242868863,1,True,0.9675108462850779,0.7212570311007773,5.783220339012218,5.856476530086228,5.12356023036893,6.10501842066109,5.997521208589548,1.6841427380691836
s04,520.0,5.845478976389544,1,True,0.8916778817300471,0.7339130873832671,5.400177403088484,5.423610433639886,4.702353402539108,5.035442243726878,5.467834242868863,1.6841427380691836
s04,521.0,5.727655890672283,1,True,0.9324670927608152,0.7336456819325738,5.657070385443997,5.736569405695393,5.002656318312126,6.0219561085545275,5.845478976389544,1.6841427380691836
s04,522.0,5.371473444350156,1,True,0.9550333624261389,0.7255116111382577,5.5930639117096455,5.642609137494026,4.9089634555614525,5.585001699052962,5.727655890672283,1.6841427380691836
s04,523.0,5.414807239464462,1,True,0.9214511594624952,0.7274186597716048,5.318615134012542,5.3512389516862235,4.625727340547966,5.067439810296517,5.371473444350156,1.6841427380691836
s04,524.0,5.903923229657691,1,True,0.8823254990381547,0.742908206242479,5.330467121651479,5.387605013961884,4.660186354190279,5.387284941955433,5.414807239464462,1.6841427380691836
s04,525.0,5.7478878785453915,1,True,0.935313525880195,0.7415836615748678,5.704618015035724,5.792039367465767,5.049131161223288,6.146511920542228,5.903923229657691,1.6841427380691836
s04,526.0,6.361086962625129,1,True,0.8728196435229462,0.7624172029202211,5.618665152114552,5.666635584446685,4.925051922871817,5.578608531882824,5.7478878785453915,1.6841427380691836
s04,527.0,6.961249388823786,1,True,0.8749035743603522,0.7860021420504616,6.078120259497472,6.175084751149104,5.412667548228883,6.666067139712828,6.361086962625129,1.6841427380691836
s04,528.0,6.87578438183893,1,True,0.9228035002224235,0.7919981163643436,6.57759251286058,6.6759185713762,5.889916429325738,7.244776216851752,6.961249388823786,1.6841427380691836
s04,529.0,6.735602425392543,1,True,0.9272732443565204,0.7956476047649378,6.552813329625642,6.613952812039403,5.82195469567506,6.731717093011347,6.87578438183893,1.6841427380691836
s04,530.0,6.687984893009955,1,True,0.9211923591396577,0.8011032613314896,6.448264805194839,6.506129674124898,5.71048206935996,6.55768316389406,6.735602425392543,1.6841427380691836
s04,531.0,6.308992664008067,1,True,0.9469102552622652,0.7961614445165273,6.410586833062419,6.47371989117348,5.672616629841991,6.573084762025806,6.687984893009955,1.6841427380691836
s04,532.0,6.75360647364538,1,True,0.8860379180106067,0.813747529801649,6.125135622948584,6.167403630807992,5.3712421862914645,5.973833179246452,6.308992664008067,1.6841427380691836
s04,533.0,6.8875556484391485,1,True,0.9078460230093434,0.8242178069570386,6.44581004721624,6.538546409926162,5.724798880124513,6.949626055223792,6.75360647364538,1.6841427380691836
s04,534.0,6.638571975776781,1,True,0.9352904305813746,0.8237089759802447,6.57957805951897,6.655533008336579,5.83131520137954,6.886919309221178,6.8875556484391485,1.6841427380691836
s04,535.0,6.319787093261204,1,True,0.9425952146102313,0.8195916144648004,6.403730623947408,6.457032477109347,5.633323501129102,6.388343037244829,6.638571975776781,1.6841427380691836
s04,536.0,6.120264902234474,1,True,0.9356435448643218,0.8172170357560817,6.152369045122826,6.199417525858432,5.379825911393631,6.0268832083415,6.319787093261204,1.6841427380691836
s04,537.0,6.622905929803802,1,True,0.8817023233746694,0.834752723830126,5.98578980250458,6.038382994002328,5.221165958246246,5.913952920392334,6.120264902234474,1.6841427380691836
s04,538.0,7.360465126259935,1,True,0.8660457668736148,0.8618981198424439,6.356869284730234,6.455618592516004,5.620865868685878,6.8567832583753185,6.622905929803802,1.6841427380691836
s04,539.0,7.158354055035453,1,True,0.9288768608501293,0.8645706199780097,6.953815815506692,7.06927071718326,6.207372597340816,7.713945170419311,7.360465126259935,1.6841427380691836
s04,540.0,7.312240233792453,1,True,0.905299428637242,0.876601089356375,6.849733611337353,6.911224587846939,6.046653967868929,6.929998639019003,7.158354055035453,1.6841427380691836
s04,541.0,7.5238782866160046,1,True,0.9010917575480368,0.8909486797131564,6.962610650704026,7.045625274723291,6.169024185366916,7.314758708798623,7.312240233792453,1.6841427380691836
s04,542.0,7.9000435823265125,1,True,0.890277735660427,0.9111019668068102,7.140145177846059,7.228267345871385,6.337318666158228,7.558166529473935,7.5238782866160046,1.6841427380691836
s04,543.0,8.291090307691837,1,True,0.8891933459388133,0.9334082630231006,7.447578929639875,7.547547100482157,6.6364451336753465,8.027704333501777,7.9000435823265125,1.6841427380691836
s04,544.0,8.256355471116972,1,True,0.913935529563722,0.9446745200527421,7.77738572363027,7.8808135701289235,6.947405307105823,8.418704785731057,8.291090307691837,1.6841427380691836
s04,545.0,8.195126883247374,1,True,0.9156524930271351,0.9545945655102047,7.783155789028972,7.864458701331956,6.919784181279214,8.116080242597263,8.256355471116972,1.6841427380691836
s04,546.0,8.228632237678234,1,True,0.9101261466956971,0.966682838571456,7.74517213053256,7.8256898023031916,6.8710952367929865,8.038865961314094,8.195126883247374,1.6841427380691836
s04,547.0,8.158637275113668,1,True,0.9162836900885658,0.9755093112979405,7.777542005938627,7.864421517564185,6.897738678992729,8.133268598605252,8.228632237678234,1.6841427380691836
s04,548.0,8.210172506784174,1,True,0.9091416724228081,0.9872868456392648,7.735921988913922,7.81758802874003,6.84207871744209,7.997419535923275,8.158637275113668,1.6841427380691836
s04,549.0,8.493850235093769,1,True,0.8952814692960901,1.0059919620347608,7.780643123610156,7.870346355243901,6.883059509604636,8.126850585278355,8.210172506784174,1.6841427380691836
s04,550.0,8.775626169388023,1,True,0.8950885156856725,1.0258217910541467,8.009285868577605,8.114631868741828,7.108639906707067,8.550750994151493,8.493850235093769,1.6841427380691836
s04,551.0,8.830457642656423,1,True,0.9073653611772687,1.0399796266593215,8.250909302409124,8.358529789150596,7.332707998096449,8.824808257627952,8.775626169388023,1.6841427380691836
s04,552.0,8.383186710774325,1,True,0.9361308683968261,1.038986540381613,8.319951449599358,8.416289586697944,7.376309960038623,8.73531610722791,8.830457642656423,1.6841427380691836
s04,553.0,8.663954233076378,1,True,0.895262164867579,1.057116361447342,7.993267696137187,8.059626864218748,7.020640323837134,7.963208730871922,8.383186710774325,1.6841427380691836
s04,554.0,8.210944124103046,1,True,0.9374492141125166,1.0544139985325789,8.19030280874743,8.301022887928488,7.243906526481146,8.715103294423676,8.663954233076378,1.6841427380691836
s04,555.0,7.942559785436935,1,True,0.928605178163071,1.0545481791596196,7.872132673609936,7.938087097868912,6.883673099336334,7.7902217352442396,8.210944124103046,1.6841427380691836
s04,556.0,7.961452617934671,1,True,0.9117846639829571,1.061647692366734,7.649512898327966,7.724802177697525,6.6702539985379055,7.653541658338858,7.942559785436935,1.6841427380691836
s04,557.0,7.9954342930155695,1,True,0.910788123842107,1.0691029632826283,7.653271654571911,7.74692526248576,6.685277570119026,7.862572669440964,7.961452617934671,1.6841427380691836
s04,558.0,7.9449683236527,1,True,0.9159302853552411,1.074009930625412,7.686026064399507,7.781402745559914,6.712299782277285,7.905574965863352,7.9954342930155695,1.6841427380691836
s04,559.0,8.354608481060732,1,True,0.8880759051570932,1.0922628091283957,7.655887489234629,7.746179197627944,6.672169267002532,7.801207715852945,7.9449683236527,1.6841427380691836
s04,560.0,8.77925227276204,1,True,0.8871310861633286,1.1129350451700426,7.967927211798211,8.090177738040477,6.997914928912082,8.492048656808606,8.354608481060732,1.6841427380691836
s04,561.0,8.984968763276777,1,True,0.8989708026378023,1.1290283124990517,8.322910749257371,8.44852651897648,7.335591473806438,8.91587120647935,8.77925227276204,1.6841427380691836
s04,562.0,8.579627310089634,1,True,0.9328245054439503,1.1275709684963324,8.514140619302639,8.628205443513615,7.499177131014562,8.981919156782276,8.984968763276777,1.6841427380691836
s04,563.0,8.378113326966295,1,True,0.9227987258298349,1.1297817453495995,8.228675627734942,8.304420765190727,7.176849796694395,8.184720200646927,8.579627310089634,1.6841427380691836
s04,564.0,8.161373557564147,1,True,0.9246028506499807,1.1302313205739833,8.059167126476172,8.146387716751354,7.016605971401755,8.125130426522514,8.378113326966295,1.6841427380691836
s04,565.0,7.550457500964899,1,True,0.9509577938740212,1.1175104677466365,7.8892697088657355,7.974485928543122,6.844254607969138,7.902709981466584,8.161373557564147,1.6841427380691836
s04,566.0,7.125322970679614,1,True,0.9431484569333818,1.1069912094846674,7.421159734038079,7.475964912745248,6.358454444998611,7.030023590149311,7.550457500964899,1.6841427380691836
s04,567.0,7.369463963833568,1,True,0.8992853856640848,1.1142537621647923,7.064444716075688,7.127378874496073,6.020387665011405,6.7436585316782205,7.125322970679614,1.6841427380691836
s04,568.0,7.2015311834534526,1,True,0.9264596925135504,1.110436230740118,7.216560593013828,7.328782230942597,6.214528468777805,7.427733068454369,7.369463963833568,1.6841427380691836
s04,569.0,7.163864047414615,1,True,0.9182737885187474,1.1096094132335284,7.109762809114882,7.191424630967605,6.080988400227486,6.995406631775927,7.2015311834534526,1.6841427380691836
s04,570.0,7.458311722753615,1,True,0.8958694370975269,1.1185394171820444,7.069960750902235,7.1606449244697465,6.051035511236218,7.045411834273433,7.163864047414615,1.6841427380691836
s04,571.0,7.526923573578929,1,True,0.9101312045434508,1.1222355369183128,7.28724544323021,7.403719582369981,6.285180165187937,7.545915912640767,7.458311722753615,1.6841427380691836
s04,572.0,8.091183542491816,1,True,0.8786762509919833,1.141111768777639,7.3611218579262285,7.46197581384761,6.339740276929298,7.469889700942082,7.526923573578929,1.6841427380691836
s04,573.0,7.5669541606493045,1,True,0.9457880878416107,1.1302338543111272,7.791107351707762,7.929551309533035,6.7884395407553955,8.327391143165025,8.091183542491816,1.6841427380691836
s04,574.0,8.098829011104517,1,True,0.8806779950853015,1.1481445315826087,7.440534296960122,7.501806435388475,6.371572581077348,7.107882434783546,7.5669541606493045,1.6841427380691836
s04,575.0,8.107705625972736,1,True,0.9119105116521344,1.1530957879995163,7.805664837968864,7.942663745409148,6.79451921382654,8.315675943621063,8.098829011104517,1.6841427380691836
s04,576.0,8.460740518966384,1,True,0.8913272064308453,1.168277793113765,7.8530980638438095,7.954673681824765,6.801577893825249,7.999086386820117,8.107705625972736,1.6841427380691836
s04,577.0,8.741211734934401,1,True,0.8951967328042933,1.1829964790913383,8.12362885757281,8.250588869015289,7.082311075901524,8.561167863583039,8.460740518966384,1.6841427380691836
s04,578.0,8.615805069694103,1,True,0.9177172025647773,1.1868204871328096,8.364356238888604,8.488338134978395,7.305341655887056,8.790384105900177,8.741211734934401,1.6841427380691836
s04,579.0,8.917246406858816,1,True,0.8938726175506272,1.2025647146973766,8.294783911638532,8.392438821373254,7.205618334240444,8.408253152422935,8.615805069694103,1.6841427380691836
s04,580.0,8.884675887326264,1,True,0.9118864454114792,1.2096683195319244,8.520264014111188,8.647889059507998,7.445324344810621,8.975301810355141,8.917246406858816,1.6841427380691836
s04,581.0,9.100411385472798,1,True,0.8982762695383978,1.2238078830235846,8.522504426910382,8.629092602417463,7.419424282885538,8.731949444687658,8.884675887326264,1.6841427380691836
s04,582.0,8.667240409150645,1,True,0.9338230034524997,1.2193815472988587,8.690294630078695,8.81478493330817,7.590977050284585,9.100967873938828,9.100411385472798,1.6841427380691836
s04,583.0,9.376669519336946,1,True,0.871896713775485,1.2467045956951688,8.385206231014262,8.465901239459944,7.246519692161085,8.251559174443265,8.667240409150645,1.6841427380691836
s04,584.0,8.819730061555056,1,True,0.939342486472961,1.239575637990519,8.897655029383625,9.057361985043382,7.810657389348213,9.667928023512264,9.376669519336946,1.6841427380691836
s04,585.0,9.019183851380983,1,True,0.8992563949875961,1.251930502615567,8.532165454516853,8.607355030546051,7.367779392555532,8.315644225498222,8.819730061555056,1.6841427380691836
s04,586.0,9.527939203295952,1,True,0.8826722490512733,1.2744192150429792,8.65219146365706,8.778315455715543,7.526384953099975,9.011420973409793,9.019183851380983,1.6841427380691836
s04,587.0,9.79597701986754,1,True,0.8948218915694337,1.2921375400455817,9.055841446180622,9.205366186447458,7.930946971404478,9.697663363023096,9.527939203295952,1.6841427380691836
s04,588.0,9.836885068192215,1,True,0.9058835144760087,1.3041572503501269,9.300323475746595,9.436228058040715,8.144090517995133,9.812960233794682,9.79597701986754,1.6841427380691836
s04,589.0,9.665703747130667,1,True,0.9165663482533478,1.3097050278858557,9.358035132299456,9.480777829273041,8.176620578922915,9.710095255341281,9.836885068192215,1.6841427380691836
s04,590.0,9.22364411703482,1,True,0.9314885491517302,1.3059082823901407,9.240928827037857,9.350202300225325,8.040497272339469,9.405340794069174,9.665703747130667,1.6841427380691836
s04,591.0,9.253812179929227,1,True,0.9076679800275065,1.3136762494897558,8.905410272174064,8.994879943275384,7.688971660885244,8.791059398683963,9.22364411703482,1.6841427380691836
s04,592.0,9.090907764360013,1,True,0.9180235732493615,1.315604356223462,8.905343158197862,9.02663753990314,7.712961290413384,9.133316923399232,9.253812179929227,1.6841427380691836
s04,593.0,8.78755067757648,1,True,0.9264704924319498,1.312260152607664,8.791175587295635,8.89902413143641,7.583419775212947,8.84840712097179,9.090907764360013,1.6841427380691836
s04,594.0,8.490846347988615,1,True,0.9274757131791523,1.307352027625882,8.557960671225597,8.654450514048012,7.342190361440348,8.457782111505619,8.78755067757648,1.6841427380691836
s04,595.0,8.686652997058518,1,True,0.8999624948195873,1.3155435201963541,8.318788471282092,8.41360324470945,7.1062512170835666,8.171601747404923,8.490846347988615,1.6841427380691836
s04,596.0,8.755492496281567,1,True,0.9067858884994074,1.3208832922888605,8.445896401481326,8.577500093198026,7.261956573001672,8.684258901725247,8.686652997058518,1.6841427380691836
s04,597.0,9.115138137612814,1,True,0.8905860093172887,1.3352100063293004,8.5144560404448,8.637581002931485,7.316697710642624,8.671015009839767,8.755492496281567,1.6841427380691836
s04,598.0,9.077253474036146,1,True,0.9116239584184717,1.339390677659194,8.791807107847717,8.937897763039693,7.602687756710393,9.204353639560654,9.115138137612814,1.6841427380691836
s04,599.0,9.182499285622928,1,True,0.9039431137033647,1.3475070792004278,8.793582521359081,8.911952567581801,7.572561889922607,8.916811326099284,9.077253474036146,1.6841427380691836
s05,350.0,1.751634628655764,0,False,0.9267595735001292,-0.017811145842091,2.020505765467854,2.0191179682917637,2.028904613944775,2.486315435002909,2.1432002440481646,1.5298018088576075
s05,351.0,2.0629101835554984,0,False,0.9072241251650929,-0.0067551641587138035,1.695681956694185,1.6943774607762587,1.7121886066183498,1.4552259933075191,1.751634628655764,1.5298018088576075
s05,352.0,2.0555436022488975,0,False,0.9772453020459706,-0.0038050724448436676,1.957833928051038,1.9572072117865598,1.9639623759452736,2.2821454517586,2.0629101835554984,1.5298018088576075
s05,353.0,1.9841409756918804,0,False,0.9933786000500827,-0.0029068095392764046,1.954285462113814,1.9541988788396383,1.958003951284482,2.0475012744453074,2.0555436022488975,1.5298018088576075
s05,354.0,2.1330368765293137,0,False,0.9423581298109787,0.004163992869416088,1.8973627100547685,1.897343462906231,1.9002502724455073,1.9262142331608034,1.9841409756918804,1.5298018088576075
s05,355.0,2.2485933507558857,0,False,0.9466814990912242,0.010876352948907486,2.0246079944363924,2.0248480147728394,2.020684021903423,2.240052370772888,2.1330368765293137,1.5298018088576075
s05,356.0,1.860331193033483,0,False,0.9362211893343486,0.0029354581653402764,2.124447774984466,2.1250276858190564,2.114151332870149,2.3299088779650727,2.2485933507558857,1.5298018088576075
s05,357.0,2.145634742601567,0,False,0.9125458088835441,0.0132132173458939,1.8028555498859025,1.8030427699164466,1.8001073117511064,1.5624755185562123,1.860331193033483,1.5298018088576075
s05,358.0,2.3794340512908896,0,False,0.9210601752807461,0.023273629964577935,2.042931412766391,2.0440869640014223,2.0308737466555282,2.346183355532415,2.145634742601567,1.5298018088576075
s05,359.0,2.5563454424830203,0,False,0.9296535495683604,0.032666347786994586,2.241417632132481,2.2432548484024655,2.2199812184378875,2.5410262337212437,2.3794340512908896,1.5298018088576075
s05,360.0,2.4275159622772184,0,False,0.9865630835499317,0.03361958125450771,2.393443551744734,2.3957415133601145,2.36307516557312,2.675777360404485,2.5563454424830203,1.5298018088576075
s05,361.0,2.1529061323247944,0,False,0.9760094711560616,0.029432016403188807,2.2920398838643545,2.292491627368758,2.25887204611425,2.3224469572170596,2.4275159622772184,1.5298018088576075
s05,362.0,2.0702490267393605,0,False,0.991855035184326,0.029553871431726324,2.0654811028163205,2.0661871924547768,2.036755176051588,1.9333314405733726,2.1529061323247944,1.5298018088576075
s05,363.0,1.8752641205895262,0,False,0.9754220631213756,0.025828227963783916,1.999211520944628,1.9994522361876064,1.96989836475588,2.0031194092082596,2.0702490267393605,1.5298018088576075
s05,364.0,1.6200139251684347,0,False,0.944094024229687,0.019288226679694067,1.8373791634148489,1.8380139679714294,1.8121857400076455,1.7198774103209686,1.8752641205895262,1.5298018088576075
s05,365.0,1.4649183154656673,0,False,0.9542210566421492,0.014485294763394718,1.6239377188755715,1.6250160460089789,1.6057278193292848,1.4242995573142119,1.6200139251684347,1.5298018088576075
s05,366.0,1.3783950171267811,0,False,0.9644244028249633,0.010994202499313536,1.4941016377743253,1.4947647592628204,1.4802794644994257,1.3459160709374278,1.4649183154656673,1.5298018088576075
s05,367.0,1.2810305766411971,0,False,0.9520626247662303,0.0067864286824878516,1.4208985785493435,1.4212897038687198,1.4102955013694063,1.312035654054892,1.3783950171267811,1.5298018088576075
s05,368.0,1.2276695508285962,0,False,0.9594945309518977,0.003466640405578929,1.338003836480644,1.3383291600588936,1.3315427313764057,1.2084744278494577,1.2810305766411971,1.5298018088576075
s05,369.0,1.2516960757861988,0,False,0.9855867697900649,0.002262065972326364,1.2917081389989684,1.2918485568946176,1.2883819164890387,1.1887161678408364,1.2276695508285962,1.5298018088576075
s05,370.0,1.0779207633750596,0,False,0.9038477957570432,-0.004702642853282633,1.3100451205510835,1.3100777242286925,1.3078156582563663,1.2716585790210215,1.2516960757861988,1.5298018088576075
s05,371.0,1.3015220181746276,0,False,0.9457299280818064,-0.0005336524334742139,1.163007840323791,1.1625556708476805,1.1672583137009631,0.9594683197066969,1.0779207633750596,1.5298018088576075
s05,372.0,1.1479372033465716,0,False,0.9199685431635665,-0.0065230408860904665,1.3476124464563906,1.3475834851004465,1.3481171375339207,1.4750943411097963,1.3015220181746276,1.5298018088576075
s05,373.0,1.0612753920233575,0,False,0.929000616292996,-0.011205811359901455,1.2178897896155079,1.2173677411503903,1.2238907820364808,1.0397315396115667,1.1479372033465716,1.5298018088576075
s05,374.0,1.4347735218665154,0,False,0.8916720847821834,-0.0024402748630153563,1.1433845776708023,1.1425889719703124,1.1537947833302138,1.0027249857892964,1.0612753920233575,1.5298018088576075
s05,375.0,1.3376209271112125,1,False,0.9577393691617898,-0.00591534850085833,1.4537210649277803,1.4534567150393114,1.4558969899023269,1.7064378874724588,1.4347735218665154,1.5298018088576075
s05,376.0,1.689280292066651,1,False,0.8984426092016059,0.0036210536061945632,1.3716502081908288,1.3714002218315549,1.3773155703324131,1.264037928567911,1.3376209271112125,1.5298018088576075
s05,377.0,1.492895658247975,1,False,0.9465615862352523,-0.0015533160921150399,1.6650069034354422,1.6653746481916283,1.6617535945854338,1.9420359931591955,1.689280292066651,1.5298018088576075
s05,378.0,1.423719310137873,1,False,0.9729898248321919,-0.003882401505979594,1.5014384973480626,1.5013554906000246,1.5029088066921397,1.3430743706241435,1.492895658247975,1.5298018088576075
s05,379.0,1.02704573784321,1,False,0.8306276536327887,-0.016363232606791723,1.4431783055483622,1.4430734412036141,1.4469558427095937,1.369905268328708,1.423719310137873,1.5298018088576075
s05,380.0,1.5314844410975854,1,False,0.8477634304974084,-0.003711051049292858,1.1125165349483883,1.1097450558476236,1.1261082884544154,0.7773193433125529,1.02704573784321,1.5298018088576075
s05,381.0,1.5327509562427895,1,False,0.9995539814954235,-0.00364082569955159,1.530975068932407,1.530410111251414,1.5341211623007067,1.8777842401073217,1.5314844410975854,1.5298018088576075
s05,382.0,1.4256715904255062,1,False,0.9630907162802238,-0.006815820529466806,1.5315063752983138,1.53150475142268,1.5351455771222315,1.5337759822015713,1.5327509562427895,1.5298018088576075
s05,383.0,1.117596274095436,1,False,0.8712973248444433,-0.016539505754006926,1.4419706819671447,1.4417191149134396,1.4485349354429065,1.3431015551811056,1.4256715904255062,1.5298018088576075
s05,384.0,1.2014268761173656,1,False,0.9991366489753207,-0.01598100421904401,1.1849388369215599,1.1828101582852684,1.1993496640392753,0.9110036937196231,1.117596274095436,1.5298018088576075
s05,385.0,1.3216934586891447,1,False,0.9789758920885255,-0.013865439904135378,1.2511884454085582,1.2511746481921904,1.2671556524112344,1.2692310711261485,1.2014268761173656,1.5298018088576075
s05,386.0,1.1463850307509373,1,False,0.9133365804659702,-0.01999090715562995,1.3508587809722075,1.350567272467423,1.3644327123715583,1.4178239099250267,1.3216934586891447,1.5298018088576075
s05,387.0,1.4497141947981347,1,False,0.9151918871814598,-0.012578813532887086,1.204376887747067,1.2026444073733729,1.2226353145290028,1.0234843906190922,1.1463850307509373,1.5298018088576075
s05,388.0,0.946183734687296,1,False,0.7843254662472376,-0.02785538757536634,1.4564696548738245,1.4554028694366041,1.4679816829694912,1.6758024319420508,1.4497141947981347,1.5298018088576075
s05,389.0,1.0846339065493134,1,False,0.9888723888406982,-0.02630181187123651,1.0388557474728053,1.0328480497449857,1.060703437320352,0.6514440182470673,0.946183734687296,1.5298018088576075
s05,390.0,1.615382870823519,1,False,0.841514533520139,-0.012231917630397068,1.1466790724641596,1.1463863961288712,1.1726882080001078,1.1963523882726295,1.0846339065493134,1.5298018088576075
s05,391.0,1.4109517217929433,1,False,0.9367060601762777,-0.01759586883146294,1.5916886763334024,1.5897500951618055,1.6019820127922026,1.9745160054699007,1.615382870823519,1.5298018088576075
s05,392.0,1.2304134190970661,1,False,0.9228308937208775,-0.023254455360459184,1.420146681926572,1.4190329700636073,1.4366288388950703,1.2576896076388262,1.4109517217929433,1.5298018088576075
s05,393.0,1.5562482714957595,1,False,0.9068578818701739,-0.014587411997958518,1.2691413516162453,1.2673468260790708,1.29060128143953,1.1002993212883119,1.2304134190970661,1.5298018088576075
s05,394.0,0.6726924396733739,1,False,0.6050909043127243,-0.040593554551049335,1.540922560561256,1.5395638581097337,1.5541512701076923,1.7950553368352717,1.5562482714957595,1.5298018088576075
s05,395.0,1.230916107980216,1,False,0.811417763204052,-0.02763300334465097,0.8149284983520911,0.7988977344336042,0.8394912889846535,0.3061285681627155,0.6726924396733739,1.5298018088576075
s05,396.0,1.445460808440994,1,False,0.9436648589707239,-0.022170425360469932,1.2685859692150836,1.2633748756349594,1.2910078789796104,1.6086169300715407,1.230916107980216,1.5298018088576075
s05,397.0,0.9654114624065345,1,False,0.7950323415260128,-0.036479209269728835,1.4436199000878587,1.4423709260484976,1.4645413514089676,1.6102931533067593,1.445460808440994,1.5298018088576075
s05,398.0,1.3243830507659364,1,False,0.8968649956179473,-0.027941012303651754,1.047253543337033,1.039776485230034,1.0762556944997628,0.6794312901205396,0.9654114624065345,1.5298018088576075
s05,399.0,1.0812688456083197,1,False,0.8836815916274574,-0.03566296185467924,1.3415488604022783,1.3386671639759022,1.3666081762795539,1.5891449165699085,1.3243830507659364,1.5298018088576075
s05,400.0,1.2879500432145434,1,False,0.9521000691373009,-0.03105356353089958,1.1384516913826752,1.1343034324218881,1.1699663942765675,0.9178172803950979,1.0812688456083197,1.5298018088576075
s05,401.0,1.0293161297979787,1,False,0.8702080073467865,-0.03935665801264369,1.3075734094022857,1.3060859458561154,1.3371395093870149,1.4494717496979328,1.2879500432145434,1.5298018088576075
s05,402.0,0.6785214417783527,1,True,0.7519297680017957,-0.05165865554834285,1.0936962053692898,1.0885880263016579,1.1279446843143015,0.8600743145473728,1.0293161297979787,1.5298018088576075
s05,403.0,0.7393846511443255,1,True,0.934024882971185,-0.05325353784564618,0.8053623690543626,0.79254739438777,0.8442060499361128,0.5062713354414421,0.6785214417783527,1.5298018088576075
s05,404.0,0.4568586732969554,1,True,0.6779234961280767,-0.06475322063309201,0.8436948412700475,0.8401814328784825,0.8934349707241287,0.7955291759847536,0.7393846511443255,1.5298018088576075
s05,405.0,0.5297795992651332,1,True,0.887378216211502,-0.0668646908856186,0.6210174319319729,0.6001619410160194,0.6649151616491114,0.368949831770631,0.4568586732969554,1.5298018088576075
s05,406.0,0.5750983697960569,1,True,0.8859087655941641,-0.06932270636005439,0.664562639703921,0.6570322189439162,0.7238969098295348,0.6039805555345021,0.5297795992651332,1.5298018088576075
s05,407.0,0.7366321346840389,1,True,0.9840783348964668,-0.06796064465885954,0.6991391911185161,0.6912300779775442,0.7605527843375985,0.6287308534143263,0.5750983697960569,1.5298018088576075
s05,408.0,0.33527563598912946,1,True,0.5486441673781566,-0.08259981456115009,0.8243300126899591,0.8232479660654806,0.8912086107243401,0.8676688176436234,0.7366321346840389,1.5298018088576075
s05,409.0,0.4602385909224812,1,True,0.8969648135367887,-0.08331186120056017,0.5212553869784748,0.48397347890281706,0.5665732934639671,0.26156390942230573,0.33527563598912946,1.5298018088576075
s05,410.0,1.0194654548726279,1,True,0.7921106732953413,-0.07025801148232742,0.5929211840849337,0.5843371309315368,0.6676489921320969,0.5722705054944831,0.4602385909224812,1.5298018088576075
s05,411.0,1.2685958641281307,1,True,0.937914682282388,-0.06369170558023231,1.0643248914276295,1.0497190007249604,1.1199770122072878,1.398654587385075,1.0194654548726279,1.5298018088576075
s05,412.0,1.1105325515476827,1,True,0.9134457881511043,-0.06810952704480562,1.261747586810385,1.2577932670334595,1.321484972613692,1.4608767758942025,1.2685958641281307,1.5298018088576075
s05,413.0,0.7127847086419083,1,True,0.7484602477717817,-0.08049178613206091,1.1314218446498485,1.1255266782170843,1.1936362052618898,1.0009426047388654,1.1105325515476827,1.5298018088576075
s05,414.0,0.2516593842501042,1,True,0.45050885267101803,-0.09668484298878233,0.8116748300808829,0.7914279461408176,0.8719197322728784,0.5120215019712551,0.7127847086419083,1.5298018088576075
s05,415.0,0.08897931204093124,1,True,0.308818527839682,-0.10608313877721225,0.45538330362515705,0.40225583832192857,0.4989406813107109,0.21950790356564454,0.2516593842501042,1.5298018088576075
s05,416.0,0.00427900535421695,1,True,0.036538136900007734,-0.113793004542344,0.33459723089002946,0.2612745308586086,0.36735766963582084,0.24075400310678724,0.08897931204093124,1.5298018088576075
s05,417.0,0.1607639818902567,1,True,0.7029318932526772,-0.11452174169138854,0.29469044035585396,0.18505522019174134,0.29884822473408534,0.28558200679309215,0.00427900535421695,1.5298018088576075
s05,418.0,0.7600410013968838,1,True,0.7189650475566123,-0.10104747027061611,0.34491937769013653,0.31089862070446983,0.42542036239585834,0.3283565441452834,0.1607639818902567,1.5298018088576075
s05,419.0,0.5112505162172933,1,True,0.7203904650858259,-0.1099828135516959,0.8374931632553133,0.8090952922532861,0.9101427625239022,1.1507233061566986,0.7600410013968838,1.5298018088576075
s05,420.0,0.8012787890191984,1,True,0.9390464233422617,-0.10391225791782029,0.6296791779024205,0.5989269345566784,0.7089097481083744,0.42155157727242654,0.5112505162172933,1.5298018088576075
s05,421.0,0.5026080751919892,1,True,0.6962141040494113,-0.11402158052023645,0.8459193190512,0.8395854952725275,0.9434977531903478,1.0302365706852121,0.8012787890191984,1.5298018088576075
s05,422.0,-0.11417283910461906,1,True,0.006345172815504174,-0.13508369878711926,0.6225359177875163,0.587897769791474,0.7019193503117105,0.39496573815944985,0.5026080751919892,1.5298018088576075
s05,423.0,-0.27748751337264005,1,True,0.01072865298624881,-0.14544698343965404,0.2021818777522768,0.06795530837851932,0.20303900716563858,0.1978607611904088,-0.11417283910461906,1.5298018088576075
s05,424.0,-0.0621584143546752,1,True,0.03767783376192679,-0.14507660738506287,0.06938225038538552,-0.07450428284104779,0.07094270059860625,0.06578729830906149,-0.27748751337264005,1.5298018088576075
s05,425.0,0.23802634551056062,1,True,0.9854933768109904,-0.14093683770160273,0.2396444578178203,0.10003402272855613,0.245110630113619,0.24009566843088215,-0.0621584143546752,1.5298018088576075
s05,426.0,0.4600848495858217,1,True,0.9708051556761718,-0.13754359694336518,0.34902134190922496,0.3469768243112372,0.4879136620128399,0.4809321464570818,0.23802634551056062,1.5298018088576075
s05,427.0,-0.1557510137241968,1,True,0.006290156479574316,-0.1581155586220297,0.5339966061317876,0.5299810422312867,0.6675246391746519,0.6405082845941574,0.4600848495858217,1.5298018088576075
s05,428.0,0.20326508324156192,1,True,0.9104056024325884,-0.1523564002484187,0.1684141244709705,0.011293137454528701,0.1694086960765584,0.16423016339400093,-0.1557510137241968,1.5298018088576075
s05,429.0,0.7957870922814534,1,True,0.7335096043482684,-0.13770601082552375,0.32109105808075167,0.3074407781849552,0.45979717843337387,0.49062022298651986,0.20326508324156192,1.5298018088576075
s05,430.0,0.94654763217244,1,True,0.9960377863491189,-0.13335007613857164,0.8380471385825519,0.8013498092740363,0.9390558200995601,1.1855076488712737,0.7957870922814534,1.5298018088576075
s05,431.0,0.791807985502936,1,True,0.8551198519064507,-0.13742526751204412,0.9281760594440409,0.9276476979520186,1.0609977740905903,1.0684599020034051,0.94654763217244,1.5298018088576075
s05,432.0,0.8345931720850157,1,True,0.9429816504156888,-0.13633983447273826,0.8183222638837607,0.7984120707748201,0.9358373382868642,0.7056478061350605,0.791807985502936,1.5298018088576075
s05,433.0,0.5143743771324722,1,True,0.6939191338828583,-0.1459317261844176,0.8418779731993504,0.8341041008551168,0.970443935327855,0.8749725443878756,0.8345931720850157,1.5298018088576075
s05,434.0,0.2815177180159488,1,True,0.5692911138066804,-0.15445133690815288,0.6101716512849537,0.5655047421404575,0.7114364683248752,0.3949610755115973,0.5143743771324722,1.5298018088576075
s05,435.0,0.315135296243785,1,True,0.7534422892820118,-0.1560564815401419,0.43516368060086513,0.36864011731008545,0.5230914542182383,0.2783425300084935,0.2815177180159488,1.5298018088576075
s05,436.0,-0.06527314836857895,1,True,0.008394953081081291,-0.1698414677751133,0.43270332162837477,0.3942263927971334,0.5502828743372753,0.3935999106027115,0.315135296243785,1.5298018088576075
s05,437.0,-0.37705982670109595,1,True,0.00833993594730209,-0.1833357573073421,0.2411654809951166,0.07274982437319735,0.24259129214831066,0.237423728218918,-0.06527314836857895,1.5298018088576075
s05,438.0,-0.5500494543813752,1,True,0.043202299165273184,-0.19404929131062768,-0.011124905437307982,-0.19293165427185674,-0.009595896964514627,-0.014763747605392754,-0.37705982670109595,1.5298018088576075
s05,439.0,-0.7603751285290342,1,True,0.332472308376067,-0.2065535341036179,-0.15790111965474368,-0.3435670354293604,-0.1495177441187327,-0.17286658039119204,-0.5500494543813752,1.5298018088576075
s05,440.0,-0.2692170278417199,1,True,0.9151246448205883,-0.1988442786073314,-0.388312007234317,-0.5261922110512703,-0.31963867694765247,-0.522731841631112,-0.7603751285290342,1.5298018088576075
s05,441.0,-0.05707598235913336,1,True,0.037245067368767426,-0.19692019703814959,-0.10433505589300263,-0.12121203466519379,0.07763224394213761,0.12377433767147247,-0.2692170278417199,1.5298018088576075
s05,442.0,-0.6762138811210281,1,True,0.005599667966341038,-0.21877565350088274,0.24188722533660317,0.05230133430341041,0.24922153134156,0.24420431437784199,-0.05707598235913336,1.5298018088576075
s05,443.0,-0.8781669258108771,1,True,0.4479005466885312,-0.23101043424189838,-0.25279031862819784,-0.47034090111035637,-0.25156524760947363,-0.256747378643558,-0.6762138811210281,1.5298018088576075
s05,444.0,-1.2318758342852913,1,True,0.5054714046597629,-0.2485889756894074,-0.5183837182474598,-0.6459244527016569,-0.4149140184597585,-0.6955692526821182,-0.8781669258108771,1.5298018088576075
s05,445.0,-1.206954915389773,1,True,0.7355470171382086,-0.256309659689812,-0.8266644250782017,-0.9495987820429527,-0.7010098063535453,-1.113960642952268,-1.2318758342852913,1.5298018088576075
s05,446.0,-1.0057790908708928,1,True,0.8079452735312765,-0.2583681634776266,-0.8693804439024797,-0.9371622979437412,-0.6808526382539292,-1.0529990540411922,-1.206954915389773,1.5298018088576075
s05,447.0,-0.7027678465250249,1,True,0.8494139386867195,-0.256156178420488,-0.7268798547980565,-0.7765006817629785,-0.5181325182853519,-0.780655309922512,-1.0057790908708928,1.5298018088576075
s05,448.0,-0.607643610714232,1,True,0.6223038888040286,-0.2585095024582764,-0.49062592613188183,-0.529199476121285,-0.27304329770079705,-0.42987511908157294,-0.7027678465250249,1.5298018088576075
s05,449.0,-0.8045860222604372,1,True,0.3950853849044824,-0.26900872285049593,-0.35697397540075804,-0.45461200918645445,-0.19610250672817803,-0.40432558271148383,-0.607643610714232,1.5298018088576075
s05,450.0,-1.0425377092953776,1,True,0.5102872133788028,-0.2815526389284114,-0.4616798653244168,-0.6244071733648613,-0.35539845051436536,-0.5958013944564606,-0.8045860222604372,1.5298018088576075
s05,451.0,-1.2193068126499542,1,True,0.6211640598345731,-0.2932493275199992,-0.6915372655401768,-0.8294171929303609,-0.5478645540019494,-0.8985029315684883,-1.0425377092953776,1.5298018088576075
s05,452.0,-0.9160816733351062,1,True,0.8602858534259293,-0.291208995525793,-0.8729993551147284,-0.9840927398086464,-0.6908434122886472,-1.1079192116149374,-1.2193068126499542,1.5298018088576075
s05,453.0,-1.6597312690374477,1,True,0.4247162220363764,-0.31889722821822514,-0.6961041630051313,-0.7367901792897098,-0.44558118376391687,-0.639350473392442,-0.9160816733351062,1.5298018088576075
s05,454.0,-1.9801874108331168,1,True,0.6922949033792019,-0.3373235737923677,-1.1825194894635236,-1.365975891695032,-1.0470786634768068,-1.5627479006793252,-1.6597312690374477,1.5298018088576075
s05,455.0,-1.399599255835565,1,True,0.9655779800532555,-0.33000350103292,-1.5398054982842355,-1.643601681150489,-1.3062781073581213,-1.952264537451446,-1.9801874108331168,1.5298018088576075
s05,456.0,-1.4736313372926717,1,True,0.7249167910388563,-0.339212172897661,-1.1553162213729218,-1.1666756084679726,-0.8366721074350525,-0.9267809534781525,-1.399599255835565,1.5298018088576075
s05,457.0,-1.267425982991949,1,True,0.829026783790549,-0.34016200894520937,-1.1424532083676322,-1.235764781407003,-0.896552608509342,-1.3582950494403088,-1.4736313372926717,1.5298018088576075
s05,458.0,-0.7089810155977908,1,True,0.9856066588797184,-0.3293336478341961,-1.011767793263269,-1.0699263859648993,-0.72976437701969,-1.0372283378605536,-1.267425982991949,1.5298018088576075
s05,459.0,-0.4627926225116584,1,True,0.7524050593078611,-0.32499535336557256,-0.6026622265967789,-0.6074024381324432,-0.27806879029824705,-0.2575845708869194,-0.7089810155977908,1.5298018088576075
s05,460.0,-0.8132732806794362,1,True,0.18173355275555025,-0.33727547720977297,-0.3234686139643209,-0.4039358192060906,-0.07894046584051806,-0.2179276117726252,-0.4627926225116584,1.5298018088576075
s05,461.0,-1.3738157986383044,1,True,0.419225693237569,-0.35749893389315174,-0.4237193693798961,-0.6997005758590134,-0.36242509864924044,-0.49587800999490067,-0.8132732806794362,1.5298018088576075
s05,462.0,-1.4088932855243703,1,True,0.7340373166282352,-0.3645662460635467,-0.9656900176777673,-1.1733162131778707,-0.8158172792847189,-1.2398182466216645,-1.3738157986383044,1.5298018088576075
s05,463.0,-1.1374146121543143,1,True,0.852414540887605,-0.3624260108564943,-1.1117947686528962,-1.2087557857227282,-0.8441895396591814,-1.2795294598359257,-1.4088932855243703,1.5298018088576075
s05,464.0,-0.7998728522298448,1,True,0.8774086493789627,-0.3568112573713209,-0.9335424925290948,-0.9870313017356244,-0.6246052908791301,-0.8745546064268035,-1.1374146121543143,1.5298018088576075
s05,465.0,-1.1363945892417182,1,True,0.47440898597942327,-0.36965117057470476,-0.6646555085043159,-0.7083974824622566,-0.35158622509093573,-0.5053674993756109,-0.7998728522298448,1.5298018088576075
s05,466.0,-0.32362044328066075,1,True,0.6849086459692773,-0.3495568412516465,-0.7991460871396844,-0.9934314207159366,-0.6237802501412318,-0.9961003903661745,-1.1363945892417182,1.5298018088576075
s05,467.0,-0.6477774581521066,1,True,0.007589838496826262,-0.3595123086718284,-0.20578620572535974,-0.31592854414604343,0.033628297105603056,0.23921034399687657,-0.32362044328066075,1.5298018088576075
s05,468.0,-0.9084250257714532,1,True,0.4047803377661521,-0.36912275276784084,-0.23129322092631568,-0.5880768892377037,-0.22856458056587536,-0.23373634019908932,-0.6477774581521066,1.5298018088576075
s05,469.0,-1.0121784909298823,1,True,0.6068101161673835,-0.3752327807014622,-0.5888017729171997,-0.808510893142502,-0.43938814037466123,-0.7145822810188216,-0.9084250257714532,1.5298018088576075
s05,470.0,-0.9926135753002117,1,True,0.691476834329336,-0.37805494525120764,-0.7510036901878331,-0.8985414236420306,-0.5233086429405684,-0.8708836221005385,-1.0121784909298823,1.5298018088576075
s05,471.0,-0.9396238592818008,1,True,0.7024481133306539,-0.3796775030849794,-0.7688998896497234,-0.8855385981560756,-0.507483652904868,-0.8319971418680572,-0.9926135753002117,1.5298018088576075
s05,472.0,-0.9162521843081141,1,True,0.674169714774172,-0.3818360484157014,-0.7313269159152046,-0.8443006732840467,-0.4646231701990673,-0.7681792428628632,-0.9396238592818008,1.5298018088576075
s05,473.0,-1.2301615882550632,1,True,0.5333732557696399,-0.39391424158799554,-0.7031414006138015,-0.8275551491785925,-0.4457191007628911,-0.7501937043885276,-0.9162521843081141,1.5298018088576075
s05,474.0,-1.2467605713431553,1,True,0.7196460903802739,-0.39851093408533905,-0.9097265680401935,-1.0935374880983713,-0.6996232465103758,-1.1180238900281105,-1.2301615882550632,1.5298018088576075
s05,475.0,-0.9542440332810646,1,True,0.8557882728354548,-0.3937914493826458,-0.9998360916404728,-1.1115601900375065,-0.7130492559521675,-1.1067944926691993,-1.2467605713431553,1.5298018088576075
s05,476.0,-1.1366113343305644,1,True,0.5920568356927571,-0.4017825870547412,-0.813450733535952,-0.870240078594053,-0.47644862921140707,-0.682860291118636,-0.9542440332810646,1.5298018088576075
s05,477.0,-1.3743716571204416,1,True,0.6254546237508745,-0.4122415922550883,-0.8618336905155428,-1.0257381504422043,-0.623955563387463,-1.0148094056226822,-1.1366113343305644,1.5298018088576075
s05,478.0,-0.9385125467730121,1,True,0.9305418710254469,-0.403541714406476,-1.0741052927833665,-1.228508475060087,-0.8162668828049988,-1.28561809836736,-1.3743716571204416,1.5298018088576075
s05,479.0,-0.7648551502241818,1,True,0.7559303640849928,-0.4004693887719944,-0.8392367522610444,-0.8672660047069016,-0.4637242903004256,-0.5774789991739687,-0.9385125467730121,1.5298018088576075
s05,480.0,-0.5365902108883294,1,True,0.7533963641058368,-0.39485514379240594,-0.6259892922952568,-0.723731710207943,-0.3232623214359486,-0.5508962820153406,-0.7648551502241818,1.5298018088576075
s05,481.0,-1.076965789461817,1,True,0.23138267162875414,-0.41115952421381796,-0.43611372797069536,-0.5334864420814154,-0.13863129828900939,-0.29935175456480495,-0.5365902108883294,1.5298018088576075
s05,482.0,-1.8624301978852933,1,True,0.4733799725475234,-0.43742629807984246,-0.6708467339821939,-0.9868710690178112,-0.5757115448039932,-0.792825886252965,-1.076965789461817,1.5298018088576075
s05,483.0,-2.220679926959482,1,True,0.7062344755118997,-0.45459298476957133,-1.4180995881986125,-1.6484570373018543,-1.2110307392220119,-1.820137579894024,-1.8624301978852933,1.5298018088576075
s05,484.0,-2.022849098868603,1,True,0.8520627664866309,-0.4566166877371734,-1.821848586682424,-1.9553923332818681,-1.5007993485122968,-2.213848413065085,-2.220679926959482,1.5298018088576075
s05,485.0,-1.9474721882057968,1,True,0.8157907357301325,-0.46111880835582475,-1.7298508913575439,-1.7974015009174191,-1.3407848131802458,-1.785603967712495,-2.022849098868603,1.5298018088576075
s05,486.0,-2.027732416867325,1,True,0.7742318188806909,-0.4697227200114275,-1.6559930052523413,-1.7409353616805658,-1.279816553324741,-1.774746493355018,-1.9474721882057968,1.5298018088576075
s05,487.0,-1.9458413590086516,1,True,0.8176136272861773,-0.4736642393217084,-1.7084089378718934,-1.814457381999288,-1.3447346619878604,-1.9237949213881578,-2.027732416867325,1.5298018088576075
s05,488.0,-2.2352272444221764,1,True,0.72811958680669,-0.488156205530876,-1.665771801622452,-1.7521617041165904,-1.2784974647948821,-1.7699704917320644,-1.9458413590086516,1.5298018088576075
s05,489.0,-2.3436732093069983,1,True,0.7847680934893253,-0.49844473930843414,-1.8680019725257817,-2.0007220833883945,-1.5125658778575186,-2.2091795696853995,-2.2352272444221764,1.5298018088576075
s05,490.0,-2.2921249695218715,1,True,0.8224959314214522,-0.5042466896117831,-1.9914454145453349,-2.098726626076905,-1.6002818867684712,-2.25250840275508,-2.3436732093069983,1.5298018088576075
s05,491.0,-2.2864686623472243,1,True,0.810953040830512,-0.5109557287337115,-1.973328185976254,-2.0628340249496095,-1.5585873353378266,-2.1276254560845733,-2.2921249695218715,1.5298018088576075
s05,492.0,-2.375434078248586,1,True,0.7912342333936067,-0.5202697114830891,-1.96837335981533,-2.064967986602668,-1.5540122578689564,-2.144289833370976,-2.2864686623472243,1.5298018088576075
s05,493.0,-1.9400185484220438,1,True,0.9120612368427939,-0.5140830311019756,-2.0376267226326377,-2.146241227792492,-1.6259715163094026,-2.2759085806502597,-2.375434078248586,1.5298018088576075
s05,494.0,-2.1550254909504223,1,True,0.7433804636026653,-0.5250976735427104,-1.7426629170107124,-1.7878707429259277,-1.273787711823952,-1.5602178363594161,-1.9400185484220438,1.5298018088576075
s05,495.0,-2.1775805416137426,1,True,0.7989565887577776,-0.5312413075875384,-1.838042418571627,-1.9727927401194765,-1.447695066576766,-2.102790015367985,-2.1550254909504223,1.5298018088576075
s05,496.0,-1.9813755103623312,1,True,0.8507072846834385,-0.5307671752724328,-1.890377356195676,-1.9971799208658534,-1.465938613278315,-2.0490854225977078,-2.1775805416137426,1.5298018088576075
s05,497.0,-1.973868688859588,1,True,0.797150071862807,-0.5348430477977293,-1.7587665985523815,-1.8380062713497043,-1.3072390960772715,-1.7457250192212719,-1.9813755103623312,1.5298018088576075
s05,498.0,-2.1455735331938652,1,True,0.7553829619600674,-0.5441299451958211,-1.7275174127803583,-1.836010286590805,-1.3011672387930757,-1.832571066585373,-1.973868688859588,1.5298018088576075
s05,499.0,-2.4377141724083065,1,True,0.7430670607495562,-0.5577359751628728,-1.8510763846706177,-1.9841798401732502,-1.4400498949774292,-2.0779000227396223,-2.1455735331938652,1.5298018088576075
s05,500.0,-3.0943664227901806,1,True,0.7030899399147986,-0.5835444942606229,-2.0907817094408685,-2.234082452865178,-1.6763464777023054,-2.4176779399476973,-2.4377141724083065,1.5298018088576075
s05,501.0,-3.3418353770351996,1,True,0.7957774660951783,-0.600068923835484,-2.6177608270198514,-2.7910210578731616,-2.2074765636125386,-3.204472121602359,-3.0943664227901806,1.5298018088576075
s05,502.0,-3.447338118210096,1,True,0.8225829815337903,-0.6132577797484045,-2.8851619916361937,-3.0077095877794155,-2.4076406639439316,-3.3103378461321498,-3.3418353770351996,1.5298018088576075
s05,503.0,-3.277966841225756,1,True,0.8640980223276435,-0.6184097697869438,-2.997431473106943,-3.1062338399411127,-2.4929760601927082,-3.3482134920160616,-3.447338118210096,1.5298018088576075
s05,504.0,-3.088703613582553,1,True,0.8655528953046707,-0.6218391581311228,-2.8903475580506366,-2.974390668776589,-2.355980898989645,-3.034289880425734,-3.277966841225756,1.5298018088576075
s05,505.0,-2.9452657219834673,1,True,0.8559449398893462,-0.6254550682365474,-2.741130910739069,-2.8247353851359795,-2.2028962270048567,-2.837106494076246,-3.088703613582553,1.5298018088576075
s05,506.0,-2.8170826445802604,1,True,0.8512568692180018,-0.6285975806469928,-2.622232263447419,-2.712332230898748,-2.0868771626622005,-2.7223045754173514,-2.9452657219834673,1.5298018088576075
s05,507.0,-2.485875349495854,1,True,0.8876516292846326,-0.6248200072203112,-2.518294891571148,-2.6117944637185717,-1.9831968830715787,-2.6047893154949686,-2.8170826445802604,1.5298018088576075
s05,508.0,-2.7694391205188604,1,True,0.7652229387438715,-0.637699538037507,-2.269923916810767,-2.340121426612333,-1.715301419392022,-2.1615047791198303,-2.485875349495854,1.5298018088576075
s05,509.0,-2.7648938284917715,1,True,0.8260288583748951,-0.6431755474731751,-2.432642957131333,-2.5823601806361696,-1.9446606425986623,-2.7513109920956507,-2.7694391205188604,1.5298018088576075
s05,510.0,-2.5881199563272013,1,True,0.8572803865100802,-0.6432943536035198,-2.4722657677231155,-2.5841597519823756,-1.9409842045092003,-2.618520486653688,-2.7648938284917715,1.5298018088576075
s05,511.0,-2.6317124241702063,1,True,0.8120124032026905,-0.6490068510507316,-2.3494851210899346,-2.4412958425964764,-1.7980014889929568,-2.352778276435984,-2.5881199563272013,1.5298018088576075
s05,512.0,-2.4190683488072193,1,True,0.8624071179610603,-0.6471108644328176,-2.3602626645036695,-2.4822679027376857,-1.8332610516869543,-2.5102446717365954,-2.6317124241702063,1.5298018088576075
s05,513.0,-2.750868863424298,1,True,0.753335101523364,-0.6603856576745593,-2.2193379065302254,-2.3083757553662463,-1.6612648909334287,-2.166469273723475,-2.4190683488072193,1.5298018088576075
s05,514.0,-2.747724775389648,1,True,0.8252917728268774,-0.665116625882711,-2.4271318739122005,-2.590025835117922,-1.929640177443363,-2.750477096680033,-2.750868863424298,1.5298018088576075
s05,515.0,-3.1172910905828237,1,True,0.7642993282930814,-0.6808689469252236,-2.4760123759277355,-2.592213722499073,-1.927097096616362,-2.602255584777815,-2.747724775389648,1.5298018088576075
s05,516.0,-2.9473547698407705,1,True,0.8607079588854258,-0.682082949410941,-2.7464067521821987,-2.906888020316856,-2.2260190733916323,-3.1356835435186587,-3.1172910905828237,1.5298018088576075
s05,517.0,-2.432236341558023,1,True,0.9240679719829634,-0.6719305447993139,-2.675641102379361,-2.7706498286122603,-2.088566879201319,-2.7094262541632537,-2.9473547698407705,1.5298018088576075
s05,518.0,-2.5603565139797695,1,True,0.7903376530309076,-0.6784258510756452,-2.2928252558155195,-2.3438463047687237,-1.6719157599694097,-1.9894897030818444,-2.432236341558023,1.5298018088576075
s05,519.0,-2.786263071547813,1,True,0.7786920106670117,-0.6883946129149658,-2.3117306540561042,-2.4539710102371277,-1.7755451591614826,-2.4777133395430404,-2.5603565139797695,1.5298018088576075
s05,520.0,-2.959953601390562,1,True,0.7965474746608252,-0.6977933240801772,-2.494316001564977,-2.646663229216849,-1.958268616301883,-2.7453065797151592,-2.786263071547813,1.5298018088576075
s05,521.0,-2.579789894611094,1,True,0.897297757714749,-0.6912904996498429,-2.65458289500664,-2.7965507089555692,-2.098757384875392,-2.8966470301534457,-2.959953601390562,1.5298018088576075
s05,522.0,-2.7002422574549247,1,True,0.797857318249727,-0.6978211396520325,-2.411557172997407,-2.4825542573819375,-1.7912637577320945,-2.222893150105838,-2.579789894611094,1.5298018088576075
s05,523.0,-2.5740400917682607,1,True,0.8466074690600668,-0.697446975659755,-2.4454527882928847,-2.5865122248441783,-1.8886910851921457,-2.613926233327663,-2.7002422574549247,1.5298018088576075
s05,524.0,-3.1835911567159405,1,True,0.7192238331340207,-0.718432909389495,-2.3770768755984224,-2.484060032391274,-1.7866130567315193,-2.366834644611755,-2.5740400917682607,1.5298018088576075
s05,525.0,-3.588873938921672,1,True,0.7771044658965626,-0.73615677316892,-2.796359641158748,-2.9980784796075044,-2.279645570218009,-3.2843855140930858,-3.1835911567159405,1.5298018088576075
s05,526.0,-3.5638172772638597,1,True,0.845161026426574,-0.7427628889885888,-3.179527359468887,-3.3436134166082363,-2.607456643439316,-3.624863855637404,-3.588873938921672,1.5298018088576075
s05,527.0,-4.224543345128014,1,True,0.759811202285787,-0.7696006122594359,-3.2149439260936856,-3.3299525694331114,-2.5871896804445225,-3.3954684153616426,-3.5638172772638597,1.5298018088576075
s05,528.0,-3.7781654723902918,1,True,0.904916522395533,-0.7662091124291125,-3.7063660209556906,-3.8912154667344065,-3.121614854474971,-4.365694511005174,-4.224543345128014,1.5298018088576075
s05,529.0,-3.7504285867524594,1,True,0.8480918707264015,-0.772918770345075,-3.453919495905052,-3.526773322887044,-2.7605642104579315,-3.354687712398502,-3.7781654723902918,1.5298018088576075
s05,530.0,-3.801919557344153,1,True,0.8374716727951212,-0.7816449131281619,-3.393635486757683,-3.5110481312412536,-2.7381293608961785,-3.577625291553227,-3.7504285867524594,1.5298018088576075
s05,531.0,-3.31995949452956,1,True,0.9115173677252373,-0.774401022857936,-3.4343830633381662,-3.5614225035370892,-2.7797775904089272,-3.670671745731263,-3.801919557344153,1.5298018088576075
s05,532.0,-3.8315060923471034,1,True,0.7684860360910792,-0.794415781166189,-3.0958264411332648,-3.164347482072004,-2.389946459214068,-2.8823316465509135,-3.31995949452956,1.5298018088576075
s05,533.0,-3.627534501872087,1,True,0.8720062415005374,-0.7952980871824229,-3.4142059548413703,-3.5981243013309565,-2.8037085201647676,-3.9115269684200844,-3.8315060923471034,1.5298018088576075
s05,534.0,-3.7349477733114096,1,True,0.8281485684933204,-0.8043257660249428,-3.3322319539215037,-3.434025145227415,-2.638727058044992,-3.3571084560040823,-3.627534501872087,1.5298018088576075
s05,535.0,-3.8611824929876555,1,True,0.827734459570338,-0.8142632345023121,-3.39170900945292,-3.529933543742013,-2.7256077777170704,-3.6334413938176775,-3.7349477733114096,1.5298018088576075
s05,536.0,-3.9357335443449544,1,True,0.8363011439409863,-0.8230759796780172,-3.5017058756779056,-3.6419753718214514,-2.827712137319139,-3.767666460565377,-3.8611824929876555,1.5298018088576075
s05,537.0,-4.4763748452289,1,True,0.7844709685377964,-0.8460345735018153,-3.5763517881126834,-3.7110883844356266,-2.8880124047576095,-3.8146519749644,-3.9357335443449544,1.5298018088576075
s05,538.0,-4.246248150477986,1,True,0.8784520408533019,-0.8482817534256717,-3.9889971408057225,-4.1713421530161074,-3.325307579514292,-4.571331801579864,-4.4763748452289,1.5298018088576075
s05,539.0,-4.147036903514944,1,True,0.861773650228073,-0.8530692874007996,-3.8843455217670764,-3.9874524376773492,-3.1391706842516776,-3.9481728083193395,-4.246248150477986,1.5298018088576075
s05,540.0,-4.089960263574809,1,True,0.8558816974381965,-0.8584082926803925,-3.7940767672217572,-3.911993420921709,-3.058924133520909,-3.9274766842369813,-4.147036903514944,1.5298018088576075
s05,541.0,-4.423918611619484,1,True,0.8103759863565432,-0.8749908634001765,-3.7474539082472784,-3.8711662542933523,-3.0127579616129596,-3.8952029147236003,-4.089960263574809,1.5298018088576075
s05,542.0,-4.400260546280945,1,True,0.8546655813263243,-0.8822625958401836,-3.9919501855280775,-4.157869464947373,-3.2828786015471962,-4.426449305203774,-4.423918611619484,1.5298018088576075
s05,543.0,-4.066734035684474,1,True,0.890536358231793,-0.8798844524371919,-4.017782360966904,-4.146005482450865,-3.2637428866106815,-4.21873077597009,-4.400260546280945,1.5298018088576075
s05,544.0,-4.352841136906332,1,True,0.8151706791026616,-0.8942540068802732,-3.777540632304624,-3.8738559888036233,-2.9939715363664314,-3.7090643499549696,-4.066734035684474,1.5298018088576075
s05,545.0,-3.9866354825891026,1,True,0.8945236517379188,-0.8902638135440786,-3.9543575663275163,-4.119641927128921,-3.2253879202486475,-4.333098575332721,-4.352841136906332,1.5298018088576075
s05,546.0,-3.919856444321491,1,True,0.8554660300538314,-0.8932760665206513,-3.7255462357265627,-3.819448011769066,-2.9291841982249878,-3.6101381475663605,-3.9866354825891026,1.5298018088576075
s05,547.0,-3.9912385087358855,1,True,0.8375829565537876,-0.8999598311759326,-3.639337617407716,-3.7684463535598436,-2.875170287039192,-3.72265674049188,-3.919856444321491,1.5298018088576075
s05,548.0,-4.013106344543518,1,True,0.8446030718929215,-0.9053670065483872,-3.6866983504617514,-3.832867165461699,-2.9329073342857663,-3.867707055130211,-3.9912385087358855,1.5298018088576075
s05,549.0,-3.9324471983612597,1,True,0.8574599262404601,-0.9076615613883202,-3.715270785403039,-3.8559620370301597,-2.9505950304817725,-3.862934432801163,-4.013106344543518,1.5298018088576075
s05,550.0,-4.074581480419775,1,True,0.8292602852133013,-0.9161085311815462,-3.6636376747365844,-3.7930158206455746,-2.8853542592572543,-3.7272531467062353,-3.9324471983612597,1.5298018088576075
s05,551.0,-3.9188984214602964,1,True,0.8673421932460554,-0.9161826607353766,-3.7600113270050173,-3.916427436332616,-3.0003189051510697,-3.9864978097557238,-4.074581480419775,1.5298018088576075
s05,552.0,-3.5169460474876573,1,True,0.8995473534952629,-0.9079737004954025,-3.6690392731276473,-3.7905780554867956,-2.874395394751419,-3.6711181670979642,-3.9188984214602964,1.5298018088576075
s05,553.0,-3.7935974865149142,1,True,0.8039851378191784,-0.918064070878775,-3.366043445897703,-3.4572518070691656,-2.5492781065737633,-3.1272828457293,-3.5169460474876573,1.5298018088576075
s05,554.0,-3.956464295545182,1,True,0.8242810935364104,-0.9260246879425869,-3.5111561910916524,-3.6911103934181195,-2.7730463225393445,-3.773460610712405,-3.7935974865149142,1.5298018088576075
s05,555.0,-3.831030219218527,1,True,0.8625950402559801,-0.9260314426184403,-3.668085017833188,-3.830805063356746,-2.904780375414159,-3.880249436314053,-3.956464295545182,1.5298018088576075
s05,556.0,-3.404411710002152,1,True,0.9032523321242336,-0.9162831422673001,-3.6021137419454745,-3.7293550550401577,-2.8033236124217176,-3.6023021337252414,-3.831030219218527,1.5298018088576075
s05,557.0,-3.439846707147822,1,True,0.8337219409180883,-0.9182423921126109,-3.285890121842555,-3.3745383789707954,-2.4582552367034953,-3.0011894626551414,-3.404411710002152,1.5298018088576075
s05,558.0,-3.5553842497238675,1,True,0.8233211374320814,-0.9227491478138233,-3.252475496956237,-3.405159059683454,-2.486916667570843,-3.3052910134983273,-3.439846707147822,1.5298018088576075
s05,559.0,-3.5744510138232664,1,True,0.8386238073615727,-0.9248891438212755,-3.3400875437035964,-3.503117813574859,-2.5803686657610356,-3.4600606108085694,-3.5553842497238675,1.5298018088576075
s05,560.0,-3.471387880772441,1,True,0.8558068299648859,-0.9234103840816145,-3.3714247834519853,-3.5206798720944774,-2.595790728273202,-3.429451851836082,-3.5744510138232664,1.5298018088576075
s05,561.0,-3.535231398221395,1,True,0.8310218822587772,-0.926392156578186,-3.3026895111449397,-3.43583898166901,-2.5124285975873955,-3.2617706209940502,-3.471387880772441,1.5298018088576075
s05,562.0,-4.0344769492847785,1,True,0.7773375127393434,-0.9427126565626316,-3.333920280227778,-3.490460283136592,-2.564068126558406,-3.4140396351208215,-3.535231398221395,1.5298018088576075
s05,563.0,-4.3702823948578065,1,True,0.8090248701453021,-0.9565033324014726,-3.700686455347438,-3.910593200229775,-2.9678805436671434,-4.110884480635248,-4.0344769492847785,1.5298018088576075
s05,564.0,-4.333046714281743,1,True,0.8556892152840636,-0.9606147778652518,-4.013330184043944,-4.195998532155767,-3.2394951997542947,-4.374073175305352,-4.3702823948578065,1.5298018088576075
s05,565.0,-4.411594729898523,1,True,0.8423566045823917,-0.9678628575894805,-4.031365000020773,-4.1699920724242325,-3.2093772945589807,-4.145117531897672,-4.333046714281743,1.5298018088576075
s05,566.0,-3.7173285145725385,1,True,0.9364704190849035,-0.9521595126664818,-4.088196158170166,-4.240773345339161,-3.27291048774968,-4.285606284552048,-4.411594729898523,1.5298018088576075
s05,567.0,-3.783597015096235,1,True,0.8350441078670904,-0.9557619420460357,-3.6030257409737465,-3.6635160357777705,-2.711356523111289,-3.127540858938977,-3.7173285145725385,1.5298018088576075
s05,568.0,-4.065281348733393,1,True,0.809767633143994,-0.9660987995993703,-3.5630608664720196,-3.7207194302889057,-2.76495748824287,-3.660325593291409,-3.783597015096235,1.5298018088576075
s05,569.0,-4.239287669054319,1,True,0.8277683799955327,-0.9745105695623721,-3.7751120756897203,-3.9588953369542548,-2.9927965373548844,-4.045756712184956,-4.065281348733393,1.5298018088576075
s05,570.0,-4.28157222106272,1,True,0.8452855362587397,-0.9797161971602169,-3.9402097670273584,-4.108051301134561,-3.1335407315721895,-4.165346676337828,-4.239287669054319,1.5298018088576075
s05,571.0,-4.2477771906427,1,True,0.8544570860890783,-0.9827257551839416,-3.995882323789606,-4.147458589851876,-3.1677423926916592,-4.138156805927582,-4.28157222106272,1.5298018088576075
s05,572.0,-4.578133445600452,1,True,0.813856534068956,-0.9963757626604024,-3.980104426400307,-4.123133196385089,-3.1404074412011473,-4.0632508275332,-4.2477771906427,1.5298018088576075
s05,573.0,-4.115192452361186,1,True,0.9060074141506957,-0.9877118269991803,-4.218521469903963,-4.403990307735258,-3.407614545074855,-4.577717247956082,-4.578133445600452,1.5298018088576075
s05,574.0,-4.319997369383744,1,True,0.8251203059250513,-0.9966853863037,-3.928041137206157,-4.020878725899751,-3.0331668989005705,-3.67423772899122,-4.115192452361186,1.5298018088576075
s05,575.0,-4.704899534377336,1,True,0.8095726572302253,-1.0119671389474791,-4.021207744138934,-4.1955077795846965,-3.198822393280997,-4.260612344759751,-4.319997369383744,1.5298018088576075
s05,576.0,-4.866272630208439,1,True,0.8382028910232945,-1.022291842683025,-4.329409625783478,-4.522115839023579,-3.5101487000760994,-4.729427573187164,-4.704899534377336,1.5298018088576075
s05,577.0,-4.759251503993816,1,True,0.8669174717224295,-1.025180395420805,-4.497562548057904,-4.6629664127344865,-3.640674570051462,-4.777381568874261,-4.866272630208439,1.5298018088576075
s05,578.0,-4.8037350685467395,1,True,0.8505780875191773,-1.0319137045585538,-4.442857831658579,-4.57929143062178,-3.5541110352009744,-4.523824922701308,-4.759251503993816,1.5298018088576075
s05,579.0,-4.8241433604705755,1,True,0.8534283611137649,-1.0379778535175177,-4.467814542588139,-4.622005061838449,-3.5900913572798947,-4.652994177681136,-4.8037350685467395,1.5298018088576075
s05,580.0,-4.353847177243582,1,True,0.9061912069338183,-1.0292559779813026,-4.4924382466664,-4.644576361784079,-3.6065985082665613,-4.659773486878742,-4.8241433604705755,1.5298018088576075
s05,581.0,-4.683082354388794,1,True,0.8159224758430421,-1.0420847197361411,-4.158904368176931,-4.255457629227509,-3.226201651246207,-3.9033518244661822,-4.353847177243582,1.5298018088576075
s05,582.0,-4.875309409530755,1,True,0.8348496734482869,-1.0523064011319425,-4.342762321166553,-4.53458669633738,-3.492501976601239,-4.68120368691729,-4.683082354388794,1.5298018088576075
s05,583.0,-4.618330481542002,1,True,0.8826883228344372,-1.049847605748466,-4.526501581878491,-4.700290327657889,-3.6479839265259466,-4.802420260349017,-4.875309409530755,1.5298018088576075
s05,584.0,-4.830940527245783,1,True,0.8319519311676773,-1.0600765615342842,-4.366815950986576,-4.4899753343851785,-3.4401277286367122,-4.296641301852008,-4.618330481542002,1.5298018088576075
s05,585.0,-4.8146016129710105,1,True,0.8573863632883237,-1.0643494221375753,-4.494029107214396,-4.672172926194642,-3.612096364660357,-4.769185758355896,-4.830940527245783,1.5298018088576075
s05,586.0,-4.944173061852708,1,True,0.842623931546997,-1.072777710009359,-4.511439390970244,-4.663230132793255,-3.5988807106556795,-4.629892312339873,-4.8146016129710105,1.5298018088576075
s05,587.0,-5.139894437489174,1,True,0.8376941349893594,-1.083680692794048,-4.607632139674248,-4.776461677999537,-3.7036839679901776,-4.837259498035921,-4.944173061852708,1.5298018088576075
s05,588.0,-4.9524257126546445,1,True,0.8763628955410228,-1.0838832749112464,-4.769785243175436,-4.945672975414704,-3.8619922826206556,-5.065097369530279,-5.139894437489174,1.5298018088576075
s05,589.0,-5.472674267291591,1,True,0.8081989274768586,-1.1042362321087464,-4.660234171026715,-4.794242360708255,-3.710359085797009,-4.665974483936325,-4.9524257126546445,1.5298018088576075
s05,590.0,-5.091893842165218,1,True,0.8958922207618888,-1.099931169902001,-5.023602222086032,-5.2353959157234025,-4.131159683614656,-5.5554609231747625,-5.472674267291591,1.5298018088576075
s05,591.0,-4.950909339962888,1,True,0.8715451493646159,-1.100765498201761,-4.808587005224279,-4.923098396637553,-3.8231672267355528,-4.683881485601221,-5.091893842165218,1.5298018088576075
s05,592.0,-5.166132297075321,1,True,0.8359322527402406,-1.1114525249217628,-4.668499405419163,-4.809898073075254,-3.709132574873493,-4.692010743390979,-4.950909339962888,1.5298018088576075
s05,593.0,-4.963554529071207,1,True,0.8779550092966324,-1.1105191454860308,-4.812313664978849,-4.994667176928934,-3.8832146520071715,-5.10116771202925,-5.166132297075321,1.5298018088576075
s05,594.0,-5.829152448351154,1,True,0.7791655068592865,-1.1404973272727588,-4.6943464233401375,-4.829879722126892,-3.7193605766408613,-4.667850383452139,-4.963554529071207,1.5298018088576075
s05,595.0,-5.788979370094192,1,True,0.8659167731962816,-1.14736692701877,-5.3081315626971985,-5.559992711893817,-4.419495384621058,-6.063372437709811,-5.829152448351154,1.5298018088576075
s05,596.0,-5.599897866399829,1,True,0.8786146074003593,-1.149332807826609,-5.380525846235987,-5.53436850613853,-4.38700157911976,-5.57286073276464,-5.788979370094192,1.5298018088576075
s05,597.0,-5.285156760334174,1,True,0.889642461585747,-1.146385609590934,-5.243884487417665,-5.3833967015233455,-4.234063893696736,-5.299732288962668,-5.599897866399829,1.5298018088576075
s05,598.0,-5.687380744885821,1,True,0.8234202078065831,-1.1632308527617736,-4.999360345243184,-5.1258726391911615,-3.979487029600228,-4.914583874830777,-5.285156760334174,1.5298018088576075
s05,599.0,-6.38848481106031,1,True,0.8052384089996039,-1.190843751249192,-5.262651799226047,-5.468054861479692,-4.304824008717919,-5.711138206669939,-5.687380744885821,1.5298018088576075
s06,350.0,2.233327071242445,0,False,0.9310434980889734,-0.01877493809476624,1.9184770797651833,1.9165211229701018,1.9448002395130384,1.6696475211999684,1.986042130806184,1.6737727531910611
s06,351.0,2.0105996891329845,0,False,0.9655480944196153,-0.02252261086004978,2.136816768697047,2.1355221146424355,2.154297052737202,2.422928083443077,2.233327071242445,1.6737727531910611
s06,352.0,1.942595427242077,0,False,0.9941215751294401,-0.022537222901840934,1.9438584421645562,1.943082495301782,1.9656051061618318,1.8268583905606572,2.0105996891329845,1.6737727531910611
s06,353.0,1.993751760603897,0,False,0.978054410861935,-0.019288334915217753,1.885587977754744,1.8854554943831243,1.9079927172849653,1.8851182990340358,1.942595427242077,1.6737727531910611
s06,354.0,2.12411138896811,0,False,0.9576676305356324,-0.013526295540038442,1.932466703668673,1.9320434097954662,1.951331744710684,2.035208755300065,1.993751760603897,1.6737727531910611
s06,355.0,2.278169362639507,0,False,0.950207416097031,-0.00662855119057211,2.0488171511309146,2.0482445509906295,2.061770846530668,2.2272363190514666,2.12411138896811,1.6737727531910611
s06,356.0,2.672118645544109,0,False,0.9014813127284844,0.0079652577080969,2.185988401613121,2.1856583489218093,2.1922869001123813,2.397910374951393,2.278169362639507,1.6737727531910611
s06,357.0,2.6137339063053937,0,False,0.9829574707370284,0.010357238008676124,2.533216502886239,2.53400122961942,2.526035971911323,2.9585953236719167,2.672118645544109,1.6737727531910611
s06,358.0,2.5579226035910314,0,False,0.9838610061473323,0.012487005184796946,2.4867538508551577,2.486930364387004,2.476573126378328,2.562776466159186,2.6137339063053937,1.6737727531910611
s06,359.0,2.3294778138237566,0,False,0.9790521982314426,0.009118015488863155,2.4415759426549672,2.4417774703548827,2.429290465170086,2.509327043670136,2.5579226035910314,1.6737727531910611
s06,360.0,2.1524184965495974,0,False,0.9810350698054607,0.0063443859231153265,2.244681813026875,2.244872815407858,2.235754799918995,2.1380330042070628,2.3294778138237566,1.6737727531910611
s06,361.0,2.222520615775427,0,False,0.9682990688001583,0.010257104238785904,2.091976351083582,2.092096671919741,2.0857522859966258,2.0039964498033,2.1524184965495974,1.6737727531910611
s06,362.0,2.2567716679502405,0,False,0.9746754958659396,0.013298282522446742,2.155073898739096,2.1553990584948792,2.1451419542560934,2.2775746006222595,2.222520615775427,1.6737727531910611
s06,363.0,2.3939814870695586,0,False,0.9519429644300191,0.019494007706301525,2.187120541863684,2.187457314274399,2.1741590317519526,2.282961778300168,2.2567716679502405,1.6737727531910611
s06,364.0,2.4328395308755355,0,False,0.9698817996037785,0.02318232742942141,2.3089587158831293,2.309895540104873,2.290401532398571,2.4996599721618984,2.3939814870695586,1.6737727531910611
s06,365.0,2.3961377974517686,0,False,0.984590853697935,0.02467134360415617,2.34580571497744,2.34650392496061,2.3233215975311885,2.461469619825987,2.4328395308755355,1.6737727531910611
s06,366.0,2.393346410769591,0,False,0.9784471487047062,0.02696474564422545,2.31651951175755,2.3168996761006153,2.292228332496459,2.3639224969393022,2.3961377974517686,1.6737727531910611
s06,367.0,1.701415075961097,0,False,0.8527898988676764,0.00850235045077715,2.3162470819229544,2.31682824907604,2.2898635034318144,2.3888021988006596,2.393346410769591,1.6737727531910611
s06,368.0,2.346975049149598,0,False,0.8414210593759522,0.02754650226507329,1.7109183568033393,1.7121699886730606,1.7036676382222835,1.2018447632706872,1.701415075961097,1.6737727531910611
s06,369.0,2.2785600268864896,0,False,0.9938300848422669,0.027559560616461518,2.273756453359789,2.278124748506882,2.2505782462418087,2.7918706494486707,2.346975049149598,1.6737727531910611
s06,370.0,2.2200946502448575,0,False,0.9937818043387514,0.02755707732107005,2.2200073866071186,2.2201774267579064,2.192617866141445,2.220427001573586,2.2785600268864896,1.6737727531910611
s06,371.0,2.2045149251321177,0,False,0.9858904428298729,0.02857321158814664,2.1704724275975966,2.1706437828962315,2.1430867055751612,2.170392633658877,2.2200946502448575,1.6737727531910611
s06,372.0,1.7469323157532917,0,False,0.9013733220989715,0.016227352191118594,2.158057806958456,2.158460962320893,2.1298877507327463,2.1904492453140048,2.2045149251321177,1.6737727531910611
s06,373.0,1.682262975982868,0,False,0.9825199164817355,0.013941542093228803,1.7568561960747875,1.7584566459125277,1.742229293721409,1.3970434810781214,1.7469323157532917,1.6737727531910611
s06,374.0,1.3501718119702315,0,False,0.8891896640669971,0.0034051838726137876,1.7011400533372354,1.7013837526573983,1.6874422105641695,1.628524109067981,1.682262975982868,1.6737727531910611
s06,375.0,1.1574607800099976,1,False,0.9032393914951673,-0.004156105930257303,1.4091264438701958,1.4095037734390337,1.40609858956642,1.106201237140934,1.3501718119702315,1.6737727531910611
s06,376.0,1.5271501737393622,1,False,0.897583058117672,0.004497998496679364,1.2390821735136293,1.238680026174807,1.2428361321050643,1.01825666829863,1.1574607800099976,1.6737727531910611
s06,377.0,1.2854488689936572,1,False,0.9049763514754244,-0.0037544509573083753,1.5600698462092937,1.560530517459915,1.5560325189632356,1.8112279859191438,1.5271501737393622,1.6737727531910611
s06,378.0,1.5105637022993395,1,False,0.944454741811358,0.0011371108077701435,1.347868405091559,1.347511643463389,1.3512660944206973,1.106394290102325,1.2854488689936572,1.6737727531910611
s06,379.0,1.3942075252255846,1,False,0.9497754129722527,-0.003330196583646426,1.54305461049273,1.5431177716061368,1.5419806607983666,1.6924300419185565,1.5105637022993395,1.6737727531910611
s06,380.0,1.7589073000554067,1,False,0.9016628146684672,0.00623477490491421,1.4402421748515206,1.4400749171033858,1.4434051136870323,1.3030538228221886,1.3942075252255846,1.6737727531910611
s06,381.0,1.9975374720115389,1,False,0.9347270929133533,0.013402625146796996,1.7579960204001213,1.7586091306154463,1.752374355710532,2.036850945105496,1.7589073000554067,1.6737727531910611
s06,382.0,1.6055200566427292,1,False,0.902129171317461,0.002529979481670037,1.9670667505077035,1.9679415788136274,1.9545389536668305,2.183699560656449,1.9975374720115389,1.6737727531910611
s06,383.0,1.9023799731884845,1,False,0.9207125113524194,0.010852683191917373,1.6247089049918193,1.6249565161802402,1.6224265366985702,1.3075664083520835,1.6055200566427292,1.6737727531910611
s06,384.0,2.1731343699409313,1,False,0.9261773614813706,0.019503453676562265,1.883914871790727,1.8847753537861018,1.8739226705941845,2.1316793021665537,1.9023799731884845,1.6737727531910611
s06,385.0,1.9518222976020259,1,False,0.962700472752659,0.014373943286538824,2.121366180858844,2.122805977269474,2.1033025235929115,2.380425625818239,2.1731343699409313,1.6737727531910611
s06,386.0,1.764255430862836,1,False,0.9588852166982462,0.00939609960327216,1.9296474123491234,1.9301835536383913,1.9158096103518525,1.7699795251777473,1.9518222976020259,1.6737727531910611
s06,387.0,1.5796059900233836,1,False,0.9469572092672178,0.00379523949084159,1.7659150085053323,1.7663013271044026,1.7569052275011303,1.6115821652602798,1.764255430862836,1.6737727531910611
s06,388.0,1.6175773684341586,1,False,0.9946946836242857,0.004194529780629628,1.6040663820137973,1.6042676921078907,1.600472452617049,1.4325776614899164,1.5796059900233836,1.6737727531910611
s06,389.0,1.6678688693068284,1,False,0.9893462000929091,0.00512551960016297,1.6368136220148501,1.6368358753223837,1.632641345541754,1.6496555143688738,1.6175773684341586,1.6737727531910611
s06,390.0,1.56432150565422,1,False,0.9658228871397152,0.0016439682617728412,1.6803186106736507,1.6803732169338907,1.6752476973337278,1.7100999141093867,1.6678688693068284,1.6737727531910611
s06,391.0,1.8274030510144312,1,False,0.9298800194735041,0.008791032079409894,1.5891114043377084,1.5891675904265297,1.5875236221647568,1.480388567457441,1.56432150565422,1.6737727531910611
s06,392.0,1.1446689987694771,1,False,0.7751757133366728,-0.011444722765483414,1.8185777332677042,1.81919416026592,1.8104031281865103,2.0334622161565385,1.8274030510144312,1.6737727531910611
s06,393.0,1.2301640361990616,1,False,0.999256528165187,-0.011156432685156122,1.2231274184866279,1.2205543668548184,1.231999089620302,0.7159381609568845,1.1446689987694771,1.6737727531910611
s06,394.0,1.6282276169852425,1,False,0.8898164407432909,-0.001107794760034926,1.2932813139746813,1.293273019481203,1.304429452166359,1.3025957630556528,1.2301640361990616,1.6737727531910611
s06,395.0,1.9888458250194745,1,False,0.9045304100648548,0.009340890611009406,1.640678373420917,1.6405563126513305,1.6416641074113654,1.9297850379497137,1.6282276169852425,1.6737727531910611
s06,396.0,1.726731332750857,1,False,0.9400961340552176,0.002447339014125487,1.9556246149840588,1.956516385980321,1.9471754953693114,2.261211916764395,1.9888458250194745,1.6737727531910611
s06,397.0,2.2347288631985682,1,False,0.8715012398912085,0.017662326788446515,1.7274159989863107,1.7275626040545344,1.725115265040409,1.5178765599877602,1.726731332750857,1.6737727531910611
s06,398.0,2.0109276337013826,1,False,0.96535458225638,0.012795746977560106,2.170877373637978,2.1731469607309295,2.155484633942483,2.599613516602739,2.2347288631985682,1.6737727531910611
s06,399.0,1.9054725233562337,1,False,0.9844199224688259,0.01059956216380628,1.9782353698153152,1.9786786838146946,1.9658829368371344,1.8263341742571517,2.0109276337013826,1.6737727531910611
s06,400.0,2.49254091240039,1,False,0.8592049737617825,0.02876152341917189,1.8869770618878947,1.8871422038882033,1.876542641724397,1.817073427169219,1.9054725233562337,1.6737727531910611
s06,401.0,2.622360070431351,1,False,0.9503309964451586,0.03535248323459593,2.398611930472763,2.4026614099172163,2.3738998864980445,2.9031686644915142,2.49254091240039,1.6737727531910611
s06,402.0,2.7725246905046377,1,False,0.945150493400673,0.04295121620120695,2.5174776690021523,2.519233591617604,2.483881108383008,2.7200005225572945,2.622360070431351,1.6737727531910611
s06,403.0,2.8695142498719677,1,False,0.9529012299334051,0.049415144415961426,2.651694123030341,2.6540499760468186,2.6110987598456115,2.8839103839048073,2.7725246905046377,1.6737727531910611
s06,404.0,2.5350642536226955,1,False,0.9697762517752249,0.04318660341800816,2.7403548943631493,2.7426822868878045,2.693267142471843,2.9395115807518013,2.8695142498719677,1.6737727531910611
s06,405.0,2.5288741005686917,1,False,0.9759449201298962,0.04545947391327336,2.451806489698129,2.453111750726518,2.40992514730851,2.2565037427403714,2.5350642536226955,1.6737727531910611
s06,406.0,2.701806817055944,1,False,0.9418829941014368,0.053009466474172685,2.4490468670834633,2.4501403983593,2.4046809244460268,2.5207685511350695,2.5288741005686917,1.6737727531910611
s06,407.0,3.1286204725537825,1,True,0.8984441459737754,0.06874217369507263,2.6011161470480255,2.6041968985237847,2.551187432049612,2.831045257406103,2.701806817055944,1.6737727531910611
s06,408.0,3.134211317171187,1,True,0.9634180195783579,0.0733228839045494,2.9745398066980733,2.981520976855295,2.9127788031602226,3.4315701380930324,3.1286204725537825,1.6737727531910611
s06,409.0,2.840312415003487,1,True,0.9866057589625469,0.06880711086279079,2.988155886758653,2.9908381830621074,2.917515299157558,3.1308473732762585,3.134211317171187,1.6737727531910611
s06,410.0,2.52345004595125,1,False,0.972089912035881,0.062390567889624424,2.736413192695475,2.7373348117234615,2.668527700860671,2.592358890745746,2.840312415003487,1.6737727531910611
s06,411.0,2.1967843517031924,1,False,0.9558321694457053,0.054419809476398844,2.4607349725727805,2.4624762988107114,2.400085730921087,2.259057206121816,2.52345004595125,1.6737727531910611
s06,412.0,2.2583412481273997,1,False,0.9692318157008669,0.05683729756561394,2.175354706896479,2.17775831182023,2.123338502343831,1.9290165039946867,2.1967843517031924,1.6737727531910611
s06,413.0,2.8814800544024353,1,True,0.8605594599398174,0.07631191743740481,2.23057727822951,2.2323260586760734,2.1754887611104596,2.3063377175308704,2.2583412481273997,1.6737727531910611
s06,414.0,3.244630623258519,1,True,0.9091001557884744,0.09025934578795748,2.769075369926264,2.7797163449067637,2.703404427469359,3.3109519135469148,2.8814800544024353,1.6737727531910611
s06,415.0,3.4041437584558016,1,True,0.9387842366497648,0.09934404214059447,3.093115986230476,3.1013205467012357,3.0110612009132782,3.503090019822007,3.244630623258519,1.6737727531910611
s06,416.0,3.2993650972036797,1,True,0.9762592598880734,0.10095870974998142,3.239461422183514,3.2455428435574483,3.146198801416854,3.515218510139749,3.4041437584558016,1.6737727531910611
s06,417.0,3.502266710557908,1,True,0.9322492251937324,0.11127500220018373,3.1559934610609552,3.1583902955511647,3.0574315858011833,3.206961600365828,3.2993650972036797,1.6737727531910611
s06,418.0,3.2241757692805457,1,True,0.999202482846653,0.1077822037924493,3.3330634152560616,3.340602382871693,3.2293273806715095,3.6440245810649237,3.502266710557908,1.6737727531910611
s06,419.0,2.7110180761475253,1,True,0.950494925460878,0.09606731708881044,3.1014283414458035,3.1015142996021536,2.9937320958097042,2.988584592917192,3.2241757692805457,1.6737727531910611
s06,420.0,2.5447920643507738,1,True,0.9972212378733653,0.09275932652351157,2.650302596834148,2.6550584165274027,2.5589910994385923,2.2902728583930445,2.7110180761475253,1.6737727531910611
s06,421.0,2.7729271219443783,1,True,0.9317394079286622,0.10061936745608763,2.5106680014217413,2.5109257575251767,2.4181664310016653,2.4040068516547834,2.5447920643507738,1.6737727531910611
s06,422.0,3.9378497262659766,1,True,0.7976598643314475,0.13739308737343894,2.705190724757871,2.712059062354267,2.6114396948981793,2.941984211033506,2.7729271219443783,1.6737727531910611
s06,423.0,4.227542465126319,1,True,0.9196631133601744,0.15214712727265703,3.70794099921332,3.735741135152383,3.598348047778944,4.6563720934476525,3.9378497262659766,1.6737727531910611
s06,424.0,4.057946794407784,1,True,0.972915961228227,0.15400795022617503,3.983696336107573,3.9959193626238516,3.8437722353511945,4.422419132117723,4.227542465126319,1.6737727531910611
s06,425.0,4.054300521757106,1,True,0.9543573382113183,0.1600139423942123,3.849929625527444,3.854100782822531,3.700092832596356,3.90846667959153,4.057946794407784,1.6737727531910611
s06,426.0,4.2326994761875145,1,True,0.9324959940408377,0.1712843957739095,3.849714234610102,3.8570176968642746,3.6970037544700625,4.0350444618714985,4.054300521757106,1.6737727531910611
s06,427.0,3.8313029784064594,1,True,0.997809093998964,0.16564071746881495,4.007863205703244,4.0194255885762775,3.8481411928023683,4.347675307328708,4.2326994761875145,1.6737727531910611
s06,428.0,3.7520130633443465,1,True,0.9664292679501967,0.16798939992840325,3.673360744782818,3.673723648024736,3.508082930555921,3.491281607104979,3.8313029784064594,1.6737727531910611
s06,429.0,3.8191481478627125,1,True,0.9479448638495471,0.17429687818561795,3.6032593454900197,3.6088988726222233,3.44090947269382,3.6766506923555324,3.7520130633443465,1.6737727531910611
s06,430.0,3.478112035880578,1,True,0.9971822411369157,0.1684777677663396,3.663009335465305,3.6720823831898564,3.4977855050042383,3.8563349144398473,3.8191481478627125,1.6737727531910611
s06,431.0,3.8878018221297195,1,True,0.9044116096051389,0.18379157443178396,3.3768668702248856,3.3773415999482417,3.208863832181902,3.1892457981502327,3.478112035880578,1.6737727531910611
s06,432.0,4.072986313472425,1,True,0.9322804567495779,0.1937889745570537,3.722171301862028,3.7397396426300995,3.5559480681983158,4.169987468509099,3.8878018221297195,1.6737727531910611
s06,433.0,4.23989333631146,1,True,0.9337764336467735,0.20378708146759775,3.893499805116021,3.906623105959992,3.7128341314029383,4.1948587828640855,4.072986313472425,1.6737727531910611
s06,434.0,3.9093847789738687,1,True,0.9929020191035723,0.19932794006782945,4.044527318321312,4.058022825632812,3.854235744165214,4.3463912088453975,4.23989333631146,1.6737727531910611
s06,435.0,3.904148327521227,1,True,0.9559198227099134,0.20324556503890454,3.772146002574665,3.773560828485391,3.5742328884175616,3.628990476430688,3.9093847789738687,1.6737727531910611
s06,436.0,4.1245094064373555,1,True,0.9279627921190787,0.21378958138005555,3.7640830945253168,3.7730421950656554,3.569796630026751,3.8851693380839905,3.904148327521227,1.6737727531910611
s06,437.0,3.8816782060744086,1,True,0.9836223552012642,0.21113172392691693,3.9548726499957128,3.970273454512363,3.7564838731323076,4.271236689954418,4.1245094064373555,1.6737727531910611
s06,438.0,3.8455117505593437,1,True,0.9601812525558536,0.21364031828557795,3.7584340982237565,3.7618919386039766,3.5507602146770596,3.67390415930342,3.8816782060744086,1.6737727531910611
s06,439.0,4.280334514304944,1,True,0.9026179781736006,0.23003753124761836,3.725253859025897,3.733760748903597,3.5201204306180194,3.8031353295342325,3.8455117505593437,1.6737727531910611
s06,440.0,4.292774763815309,1,True,0.9506215435766885,0.23526473758114574,4.096133032808884,4.11853455269773,3.8884970214501116,4.5746799206467,4.280334514304944,1.6737727531910611
s06,441.0,4.099718817661708,1,True,0.9749297644418554,0.23422727246852754,4.1226839784897225,4.134300988082315,3.8990362505011693,4.283351381982072,4.292774763815309,1.6737727531910611
s06,442.0,4.562774043958356,1,True,0.9003779934586471,0.2520192280361232,3.9638367254769062,3.969708858371834,3.7354815859033064,3.9311329938327173,4.099718817661708,1.6737727531910611
s06,443.0,4.355905235041681,1,True,0.973128876929227,0.25130251691128147,4.354688944685777,4.379795605869738,4.127776377833615,4.872652301220692,4.562774043958356,1.6737727531910611
s06,444.0,4.404146727037688,1,True,0.9459952227685761,0.25731225453034356,4.1970693588757,4.2038221397356175,3.952519622824336,4.174518401434369,4.355905235041681,1.6737727531910611
s06,445.0,4.617581359025364,1,True,0.9275629564497009,0.26831865070911454,4.236805395414838,4.250701486399665,3.993389231869321,4.420626314927958,4.404146727037688,1.6737727531910611
s06,446.0,3.7325939804128323,1,True,0.9441902893280135,0.247020656415035,4.423090913762042,4.442527123548816,4.174208472839701,4.7531859676971875,4.617581359025364,1.6737727531910611
s06,447.0,3.717736666114312,1,True,0.9589719619777571,0.24840840089689223,3.657692365354545,3.6714785167190724,3.424457860304037,3.007489744928068,3.7325939804128323,1.6737727531910611
s06,448.0,3.5376825731323316,1,True,0.9819122104389743,0.2447304983687516,3.6500876147533097,3.660279324070352,3.41187092317346,3.693117074987833,3.717736666114312,1.6737727531910611
s06,449.0,3.693677946667959,1,True,0.9375855101090931,0.2504189836738746,3.4996351360768667,3.5040617698305256,3.259331271461774,3.3828672667718642,3.5376825731323316,1.6737727531910611
s06,450.0,3.731192795068121,1,True,0.9523472423162143,0.253097538011823,3.6262778773448363,3.6419076504698404,3.391488666795966,3.798725815833345,3.693677946667959,1.6737727531910611
s06,451.0,3.9437795732895897,1,True,0.9294044378717383,0.2611198752797776,3.664307535375197,3.6763683310244373,3.4232707930126143,3.746787082776035,3.731192795068121,1.6737727531910611
s06,452.0,4.053279173293178,1,True,0.9412861177820381,0.2667835019446352,3.8460577134196874,3.8644916177979245,3.603371742518147,4.087134912858773,3.9437795732895897,1.6737727531910611
s06,453.0,4.491538500030228,1,True,0.902925838819463,0.28264199747538593,3.9472580872276644,3.9629219823385373,3.696138480393902,4.119630099269422,4.053279173293178,1.6737727531910611
s06,454.0,4.315479912598008,1,True,0.970430986020429,0.28160434035316784,4.322631248519296,4.35006848333861,4.0674264858632245,4.7856137157903715,4.491538500030228,1.6737727531910611
s06,455.0,3.855140901407159,1,True,0.9918849400486519,0.2712622838396986,4.191549355846189,4.1998761185228,3.918271778169632,4.1589905096616135,4.315479912598008,1.6737727531910611
s06,456.0,3.730561649625397,1,True,0.9721560433529908,0.26919292088768343,3.797339104996671,3.7995404146925695,3.528278130852871,3.4656595649401067,3.855140901407159,1.6737727531910611
s06,457.0,3.8663729628096077,1,True,0.9391875714980394,0.2744262393187228,3.6844336190894165,3.6919290151082946,3.4227360942206113,3.6193872394660302,3.730561649625397,1.6737727531910611
s06,458.0,4.253291493017894,1,True,0.9082359265258639,0.2876583830035206,3.7955315108003354,3.812220036857967,3.537793797539244,3.9544520307763387,3.8663729628096077,1.6737727531910611
s06,459.0,4.523369398870113,1,True,0.9216460091608245,0.29876211846100964,4.126848178627092,4.153244883620478,3.865586500616957,4.515427212997129,4.253291493017894,1.6737727531910611
s06,460.0,4.494473687722591,1,True,0.9534515520341722,0.30180166837785527,4.369746152868084,4.393155357161071,4.094393238700061,4.700636221769322,4.523369398870113,1.6737727531910611
s06,461.0,4.875423079460451,1,True,0.910012914885035,0.31691291646815506,4.357666410527305,4.371714809783791,4.0699131414059355,4.451370466464995,4.494473687722591,1.6737727531910611
s06,462.0,4.573281693413519,1,True,0.979867025534752,0.31282451390135024,4.681043709385427,4.709561778973678,4.392648862505523,5.125673309203377,4.875423079460451,1.6737727531910611
s06,463.0,4.584791538677394,1,True,0.9486552002898614,0.3168831747004596,4.4432047574232705,4.4495028453737495,4.1366783314724,4.313674486208139,4.573281693413519,1.6737727531910611
s06,464.0,4.5441609709397675,1,True,0.9542661044801265,0.31930862858896,4.447042204853248,4.463312507989755,4.146429333289296,4.571534257622883,4.584791538677394,1.6737727531910611
s06,465.0,4.194155235277017,1,True,0.9901172475493807,0.31219379857054647,4.4167130084323185,4.4313162358908,4.11200760730184,4.491549427791057,4.5441609709397675,1.6737727531910611
s06,466.0,4.3116505578685915,1,True,0.9389952529301029,0.3177128920187683,4.124595442233307,4.127680776261198,3.815486977690652,3.8968227609941444,4.194155235277017,1.6737727531910611
s06,467.0,4.330405154797691,1,True,0.9496603054841857,0.3206428320485754,4.213358492519004,4.232740487137454,3.9150275951186857,4.380922841582575,4.3116505578685915,1.6737727531910611
s06,468.0,4.0985996332743895,1,True,0.9791323734301018,0.3160540481954338,4.235418032831765,4.251559095045776,3.9309162629972003,4.32538384321324,4.330405154797691,1.6737727531910611
s06,469.0,4.446428109423573,1,True,0.9130459359893998,0.32792926723982363,4.043992176756934,4.050587474610581,3.734533426415147,3.8987176427394097,4.0985996332743895,1.6737727531910611
s06,470.0,4.296939378380038,1,True,0.9678680749345261,0.3261232853317044,4.328623992822824,4.3571387753173445,4.029209508077521,4.679202055250827,4.446428109423573,1.6737727531910611
s06,471.0,5.071575699559265,1,True,0.869823457815159,0.35140992390953685,4.218208777998466,4.228687746964851,3.9025644616331463,4.161691655805313,4.296939378380038,1.6737727531910611
s06,472.0,5.7088951190292185,1,True,0.8880579460867987,0.3753696700076864,4.864491586973587,4.910236915757569,4.558826991848032,5.575660389045708,5.071575699559265,1.6737727531910611
s06,473.0,5.821197626521717,1,True,0.9338787764865777,0.38578181963290353,5.432106320510433,5.474125972347815,5.098756302340128,6.120083441224543,5.7088951190292185,1.6737727531910611
s06,474.0,5.997841174439021,1,True,0.9282052079031349,0.398326671390024,5.55417108327831,5.579679449201672,5.193897629568768,5.868570249478814,5.821197626521717,1.6737727531910611
s06,475.0,6.185769231846137,1,True,0.9269879600262452,0.4116435109422162,5.713276799547313,5.741874580106396,5.343547908716372,6.089772493925048,5.997841174439021,1.6737727531910611
s06,476.0,6.4519209944769695,1,True,0.9206434664240194,0.42776908681017417,5.884346866402521,5.914401798878371,5.502758287936155,6.28348731415482,6.185769231846137,1.6737727531910611
s06,477.0,6.739222564013358,1,True,0.9189496061269343,0.445265525778443,6.122061659837511,6.156007931737729,5.728238844927556,6.602079289277696,6.4519209944769695,1.6737727531910611
s06,478.0,6.15991204611546,1,True,0.9844883124426279,0.4375558035062148,6.380813842280626,6.416902788523067,5.971637262744624,6.900680353199265,6.739222564013358,1.6737727531910611
s06,479.0,6.076401070803834,1,True,0.9484967050166648,0.44229558974545924,5.911620967249449,5.9184081961623525,5.480852392656137,5.666206716412393,6.15991204611546,1.6737727531910611
s06,480.0,5.2140291955153,1,True,0.9815550151957586,0.42314451081175364,5.829618813076998,5.852398493305486,5.410102903560027,5.974978862460147,6.076401070803834,1.6737727531910611
s06,481.0,5.022077198759975,1,True,0.9647118092717416,0.4207271352858942,5.094851488883368,5.1026563829552884,4.679511872143535,4.487054740664204,5.2140291955153,1.6737727531910611
s06,482.0,4.653004611441084,1,True,0.985166433398187,0.4121886857664933,4.922772896026593,4.937619595421115,4.516892460135221,4.847369276169132,5.022077198759975,1.6737727531910611
s06,483.0,4.296913505887191,1,True,0.9891039376742413,0.40260387164368794,4.610293081657871,4.616407309980702,4.204218624214209,4.33831174685836,4.653004611441084,1.6737727531910611
s06,484.0,4.244174333544046,1,True,0.9580962597438831,0.4007747092176028,4.30075961753553,4.305146414413551,3.902542542769863,3.9942274152348567,4.296913505887191,1.6737727531910611
s06,485.0,4.34439741421387,1,True,0.9407266116601192,0.40334751376888156,4.241843303188302,4.258637262504577,3.8578625532869744,4.185178694237324,4.244174333544046,1.6737727531910611
s06,486.0,5.052323238581878,1,True,0.8767321264318536,0.42453367543071524,4.322210076034542,4.346117849854091,3.942770336085209,4.400466627259495,4.34439741421387,1.6737727531910611
s06,487.0,5.033001302131326,1,True,0.948809597290284,0.4265122080448062,4.914718851566545,4.967050214994959,4.542516539564244,5.515297215158784,5.052323238581878,1.6737727531910611
s06,488.0,4.722383708355328,1,True,0.9787957665090008,0.41960393619914693,4.930826104853548,4.952659436543971,4.526147228499165,4.991523878547459,5.033001302131326,1.6737727531910611
s06,489.0,4.852223103368248,1,True,0.9354007876896165,0.42469263851296013,4.673702313070899,4.682599692907807,4.26299575670866,4.455071192426501,4.722383708355328,1.6737727531910611
s06,490.0,4.556465426457569,1,True,0.9794671894913677,0.4174559984576928,4.770251951711191,4.7976867616331464,4.372994123120186,4.924157847313827,4.852223103368248,1.6737727531910611
s06,491.0,4.387058458880744,1,True,0.9689242975931761,0.41287111847068236,4.5313162468690695,4.539887791781093,4.1224317933234005,4.302135915155585,4.556465426457569,1.6737727531910611
s06,492.0,4.355366869549102,1,True,0.9548633857461222,0.4117786232753399,4.3789531160505515,4.391783376060519,3.9789122575898364,4.2353154636394095,4.387058458880744,1.6737727531910611
s06,493.0,5.242626416189163,1,True,0.8597328393504491,0.43814215128020767,4.345255856483465,4.363842149360238,3.9520635260848977,4.311526251440065,4.355366869549102,1.6737727531910611
s06,494.0,4.604735043058593,1,True,0.9893710129703692,0.42202776527609476,5.08042428767473,5.141881243195691,4.703739091915483,5.813278389785144,5.242626416189163,1.6737727531910611
s06,495.0,4.696899162109514,1,True,0.9398198854608949,0.42537415030528086,4.580867266826715,4.585352994469979,4.163325229193884,4.065373493088175,4.604735043058593,1.6737727531910611
s06,496.0,4.845585722116654,1,True,0.9335558294128469,0.43073833074671025,4.641180642314994,4.66677970740234,4.2414055570970595,4.7428689496147465,4.696899162109514,1.6737727531910611
s06,497.0,5.23628249618832,1,True,0.9095798644292126,0.4438835252919616,4.769489293553382,4.798109344679942,4.367371013933232,4.931406929002891,4.845585722116654,1.6737727531910611
s06,498.0,5.118143481304095,1,True,0.9572638302752658,0.4431603859857106,5.1021121163112575,5.142248124845795,4.698364599553834,5.488708987784403,5.23628249618832,1.6737727531910611
s06,499.0,4.884448631981652,1,True,0.969841244375944,0.43845067375176394,5.022500062309109,5.041439039779873,4.5982786537941625,5.000117794007085,5.118143481304095,1.6737727531910611
s06,500.0,5.209253099486734,1,True,0.9158703245101555,0.4495658904778456,4.825522748561129,4.838745875284012,4.400295201532248,4.677834649280639,4.884448631981652,1.6737727531910611
s06,501.0,5.409207760643708,1,True,0.9272855396181002,0.4580911779436763,5.08720967930548,5.125031511782685,4.675465621304839,5.416366153819467,5.209253099486734,1.6737727531910611
s06,502.0,5.522441101446772,1,True,0.9346811441641601,0.46467573183218686,5.269646119019871,5.302955971829754,4.844864793886078,5.525253269503461,5.409207760643708,1.6737727531910611
s06,503.0,5.630057109481396,1,True,0.934833296053552,0.47141333180625977,5.375118356541006,5.405470443678966,4.940794711846779,5.5741125102561355,5.522441101446772,1.6737727531910611
s06,504.0,5.393382025171039,1,True,0.9653530581824485,0.4681134218061426,5.472658572144717,5.503379025174945,5.031965693368685,5.676311132395227,5.630057109481396,1.6737727531910611
s06,505.0,5.440619738191097,1,True,0.9407322180301242,0.472344888636502,5.283352145356452,5.2995708438457845,4.831457422039642,5.180351783222127,5.393382025171039,1.6737727531910611
s06,506.0,5.619400328887979,1,True,0.9287483786148202,0.48061225259405543,5.315826696428571,5.343821530302865,4.871476641666363,5.444535258479889,5.440619738191097,1.6737727531910611
s06,507.0,5.584309462405672,1,True,0.9471067651102759,0.4830350469594516,5.46930524797089,5.503549650225801,5.022937397631745,5.7175703094664385,5.619400328887979,1.6737727531910611
s06,508.0,5.710820953549855,1,True,0.9329966215168701,0.4900723589690645,5.450694600363965,5.47624388656276,4.993208839603309,5.524888119894619,5.584309462405672,1.6737727531910611
s06,509.0,6.181559149431645,1,True,0.9042194581559164,0.5078053273007437,5.557623701290215,5.59046020504234,5.100387846073275,5.769917523944982,5.710820953549855,1.6737727531910611
s06,510.0,6.421270839986331,1,True,0.9226866515152669,0.5202335459715719,5.95835901489188,6.006996884292057,5.499191556991314,6.476807687087745,6.181559149431645,1.6737727531910611
s06,511.0,6.1551782386873315,1,True,0.9618236206038128,0.5182137146200037,6.182284952973125,6.2225059504062745,5.702272404434702,6.553062650492973,6.421270839986331,1.6737727531910611
s06,512.0,5.92711315852678,1,True,0.96053719158136,0.5161754388909461,5.975272159451059,5.995055682828699,5.476841968208696,5.9124574975021496,6.1551782386873315,1.6737727531910611
s06,513.0,6.300868827578651,1,True,0.9122353681447714,0.5312074009011426,5.779433694783407,5.799803427238768,5.283627988347821,5.7161302129459495,5.92711315852678,1.6737727531910611
s06,514.0,6.04803181346154,1,True,0.9615798253628896,0.5287040550423443,6.084855453442621,6.131476675421483,5.600269274520341,6.5282323459879725,6.300868827578651,1.6737727531910611
s06,515.0,6.351793713412337,1,True,0.917768104702599,0.5418146804464112,5.894459964484032,5.9147728666101065,5.386068811567762,5.816628235566885,6.04803181346154,1.6737727531910611
s06,516.0,6.092885590352338,1,True,0.9617220472852976,0.5390444410716746,6.140672454770497,6.185226902843562,5.64341222239715,6.529723735227149,6.351793713412337,1.6737727531910611
s06,517.0,6.304343914708628,1,True,0.924983791436819,0.5492813736013501,5.942479312759648,5.963112830386113,5.424068389314439,5.85633683694452,6.092885590352338,1.6737727531910611
s06,518.0,6.311160248635212,1,True,0.9406106334879604,0.5540413400621004,6.111289693861587,6.152494699943537,5.603213326342186,6.417453919330342,6.304343914708628,1.6737727531910611
s06,519.0,6.687171204283558,1,True,0.9123586360170094,0.5697655947265589,6.130125217927171,6.1630293821349404,5.60898804207284,6.274890445126735,6.311160248635212,1.6737727531910611
s06,520.0,6.7278627131978626,1,True,0.936790650970795,0.5766823088868211,6.447370540650038,6.4973055745224535,5.9275399797958945,6.911229699046971,6.687171204283558,1.6737727531910611
s06,521.0,6.913785725488688,1,True,0.9261152849490691,0.5879350113525235,6.502243929957214,6.538695643298609,5.962013334411788,6.711748188822144,6.7278627131978626,1.6737727531910611
s06,522.0,6.945753703113884,1,True,0.9367908111481337,0.5950838201961941,6.664020664209282,6.707460074991529,6.1195250636390055,7.000976022807846,6.913785725488688,1.6737727531910611
s06,523.0,7.364371066941617,1,True,0.9099090242074381,0.6137641991595698,6.704077002588953,6.741691768162425,6.14660794796623,6.920611345333721,6.945753703113884,1.6737727531910611
s06,524.0,7.482085562837718,1,True,0.9298876251195052,0.6247761744752552,7.0597251033727115,7.115019718981537,6.501255519821967,7.609309171124668,7.364371066941617,1.6737727531910611
s06,525.0,6.937281635016987,1,True,0.9751704210371536,0.6161218837447572,7.181953451339042,7.225757992700252,6.600981818224997,7.513043537570776,7.482085562837718,1.6737727531910611
s06,526.0,7.073715447840579,1,True,0.9293236653522239,0.6256667752399759,6.740254351036777,6.7555523979999546,6.1394305142551975,6.46738014819096,6.937281635016987,1.6737727531910611
s06,527.0,6.903263629367393,1,True,0.950757262481931,0.6263442131114269,6.836462532600841,6.880682366985696,6.25501559174572,7.123268690708646,7.073715447840579,1.6737727531910611
s06,528.0,6.820314176242164,1,True,0.9451415168875723,0.6288449858765713,6.706112180388474,6.736955084070681,6.110610870959254,6.72693740061772,6.903263629367393,1.6737727531910611
s06,529.0,6.587176605751308,1,True,0.9567153698907049,0.626384821572601,6.634684600512275,6.66918208255032,6.040337096673748,6.7111071551689605,6.820314176242164,1.6737727531910611
s06,530.0,6.470862617430907,1,True,0.9490219362329162,0.6264343825192445,6.4420977505682755,6.469210585876122,5.842825764303521,6.365995527501511,6.587176605751308,1.6737727531910611
s06,531.0,6.563137588337916,1,True,0.9334995891615436,0.6322068999239788,6.338785929615483,6.370720341513443,5.744285958994198,6.340306709374778,6.470862617430907,1.6737727531910611
s06,532.0,6.692216540904711,1,True,0.9305347242004308,0.6393333831758929,6.41262508059439,6.454667099174242,5.822460199250263,6.5868578588268845,6.563137588337916,1.6737727531910611
s06,533.0,6.897852945626126,1,True,0.9247382954094223,0.6491345402090701,6.526736241396701,6.571147711186887,5.931814328010994,6.741152805513991,6.692216540904711,1.6737727531910611
s06,534.0,7.439298357747586,1,True,0.9016136399837423,0.6696586445828547,6.706306573283344,6.7551615452881,6.10602700507903,6.999359909632123,6.897852945626126,1.6737727531910611
s06,535.0,7.777866597591432,1,True,0.9154531695793673,0.685962892719081,7.168506383223297,7.234391659717225,6.564733015134371,7.766828652499916,7.439298357747586,1.6737727531910611
s06,536.0,7.527281050173994,1,True,0.9530259550115637,0.6856555193476043,7.479530840857649,7.537526829223216,6.851563936504135,7.962130919687625,7.777866597591432,1.6737727531910611
s06,537.0,7.393022483395447,1,True,0.9463076869893736,0.687698401601089,7.292718395066885,7.324926408279289,6.6392708889316845,7.283246836504559,7.527281050173994,1.6737727531910611
s06,538.0,7.302151167075568,1,True,0.943860257917306,0.6903661249572101,7.176302937369191,7.2132270552048645,6.525528653603775,7.238809581525331,7.393022483395447,1.6737727531910611
s06,539.0,6.591657437878553,1,True,0.9890302762376839,0.6739485571683063,7.1001527213109545,7.138909697508681,6.448543572551471,7.181566698421344,7.302151167075568,1.6737727531910611
s06,540.0,6.874741353525656,1,True,0.9192201305802316,0.6845736849250328,6.513177398799291,6.520570428301439,5.846621871133133,5.988165816891019,6.591657437878553,1.6737727531910611
s06,541.0,7.044026093106524,1,True,0.9271056506362187,0.6927638428641751,6.715721055591992,6.771020828468445,6.086447143543412,7.031515268400348,6.874741353525656,1.6737727531910611
s06,542.0,6.963395321867161,1,True,0.9444265045377983,0.6939868933583888,6.872128402471703,6.92262697206004,6.229863129195865,7.11763998426612,7.044026093106524,1.6737727531910611
s06,543.0,7.07623306517881,1,True,0.930935516324485,0.7006076670874825,6.816973330073475,6.8555406075423555,6.161553714183967,6.854320958874466,6.963395321867161,1.6737727531910611
s06,544.0,7.125332837134836,1,True,0.9351546660174572,0.705634967586987,6.909369047031516,6.95775615381802,6.257148486730538,7.108655980620267,7.07623306517881,1.6737727531910611
s06,545.0,7.290502320561862,1,True,0.927051507213697,0.71421863157066,6.95862305262982,7.004380187772759,6.298745220185772,7.110631866429687,7.125332837134836,1.6737727531910611
s06,546.0,7.287782733883637,1,True,0.9381680744269133,0.7182653103233849,7.100792269433163,7.152893442126139,6.4386748105554785,7.358084725249019,7.290502320561862,1.6737727531910611
s06,547.0,7.483590227423221,1,True,0.9248012399499221,0.7281339335487845,7.110224392700255,7.154636119909901,6.436370809586516,7.2329767549959305,7.287782733883637,1.6737727531910611
s06,548.0,7.428462175938606,1,True,0.941139935616674,0.7310760842641174,7.2756357164742544,7.330390485427509,6.602256551878725,7.570726367993745,7.483590227423221,1.6737727531910611
s06,549.0,7.455070487227823,1,True,0.9358252003938381,0.7361293343673612,7.2435976317308,7.286628817119696,6.5555527328555785,7.3331278406894285,7.428462175938606,1.6737727531910611
s06,550.0,7.191586641111411,1,True,0.9554657932127004,0.732450204390728,7.266983354481937,7.31422430699918,6.578094972631819,7.41988635537504,7.455070487227823,1.6737727531910611
s06,551.0,7.868542504313665,1,True,0.8936244822583677,0.7558867341202857,7.054705757798005,7.087324846661742,6.354874642271014,6.941044945924251,7.191586641111411,1.6737727531910611
s06,552.0,7.487655530877085,1,True,0.9612211709417362,0.7499882939557876,7.6038623603309485,7.684270203027025,6.928383468906739,8.281034128435735,7.868542504313665,1.6737727531910611
s06,553.0,7.250819584167778,1,True,0.953463279834553,0.7468422138270163,7.326605253946479,7.355688921793489,6.6057006278377015,7.143284774119836,7.487655530877085,1.6737727531910611
s06,554.0,7.634979991594544,1,True,0.9124365928924162,0.7613346648851959,7.1171427025426155,7.151898289655226,6.40505607582821,7.020153311814128,7.250819584167778,1.6737727531910611
s06,555.0,8.122148969751843,1,True,0.9063420768166731,0.7802437301127171,7.425181738294675,7.491846795501133,6.730512130615938,7.8527397178346705,7.634979991594544,1.6737727531910611
s06,556.0,7.966163799352394,1,True,0.9455571918240064,0.7815242581383046,7.850403524493641,7.923479531832811,7.143235801720094,8.40453482467712,8.122148969751843,1.6737727531910611
s06,557.0,7.465500784313815,1,True,0.968623570811199,0.7717109424127827,7.750062933227168,7.792611308497878,7.011087050359573,7.789212536874124,7.966163799352394,1.6737727531910611
s06,558.0,7.383902527214862,1,True,0.942979376487743,0.7724687481284989,7.334428802952153,7.35864233669099,6.586931394278207,7.027087247886615,7.465500784313815,1.6737727531910611
s06,559.0,7.274794976757848,1,True,0.9451401181240011,0.7720044648792501,7.2462244354041205,7.29027108506614,6.517802336937641,7.269329678952978,7.383902527214862,1.6737727531910611
s06,560.0,7.699403376117853,1,True,0.9098399985918528,0.7870654000554075,7.155020129828254,7.197372203579274,6.425367738700023,7.140831851718693,7.274794976757848,1.6737727531910611
s06,561.0,8.31405308610607,1,True,0.8987790976028307,0.8093223053331253,7.5011944259381735,7.572156243515473,6.785090843460066,7.944259426014273,7.699403376117853,1.6737727531910611
s06,562.0,8.572728197399385,1,True,0.9202426612758899,0.8230500425941769,8.033216621288357,8.115136955364333,7.305814650031207,8.680013954745382,8.31405308610607,1.6737727531910611
s06,563.0,8.42512073525882,1,True,0.9435853767241704,0.8253633310232857,8.282366839921115,8.348011120955192,7.524961078361015,8.690828972797584,8.572728197399385,1.6737727531910611
s06,564.0,8.821402842865881,1,True,0.9124015227426719,0.843247221772652,8.178710589834976,8.225273151220339,7.399909820197053,8.249287309162868,8.42512073525882,1.6737727531910611
s06,565.0,8.42635902407995,1,True,0.9572784804481731,0.8386715188550836,8.505015282086806,8.578882454665562,7.7356352328929106,9.032607631344034,8.821402842865881,1.6737727531910611
s06,566.0,8.070521177925944,1,True,0.9567397436992839,0.8335982421215429,8.203801080686976,8.239630402377303,7.40095888352222,8.06217390475915,8.42635902407995,1.6737727531910611
s06,567.0,8.361924359199397,1,True,0.9183818590170063,0.8464631048224501,7.897033928896484,7.933095602502488,7.099497360380945,7.740094218319468,8.070521177925944,1.6737727531910611
s06,568.0,8.275089343878738,1,True,0.9405715808647577,0.8489307735712662,8.123746973891901,8.192833718918202,7.346370614095751,8.505760668143902,8.361924359199397,1.6737727531910611
s06,569.0,8.111231237470221,1,True,0.945521700843815,0.848615636334035,8.071285198215998,8.121735812044598,7.272805038473331,8.146331482324024,8.275089343878738,1.6737727531910611
s06,570.0,8.104933489710737,1,True,0.9363103693347363,0.8522855790093448,7.936370930695591,7.982602067200412,7.133986430866377,7.926736596573932,8.111231237470221,1.6737727531910611
s06,571.0,7.93797153663366,1,True,0.9463054737867724,0.8509966260859851,7.926654880330547,7.980936634078983,7.128651055069638,8.037758854340677,8.104933489710737,1.6737727531910611
s06,572.0,8.083889582051969,1,True,0.9272616782074738,0.8583673275827597,7.792505671512741,7.838199532159483,6.987202906073498,7.753067307825279,7.93797153663366,1.6737727531910611
s06,573.0,7.811413648357529,1,True,0.9530696087763583,0.8536340298818195,7.906754039498964,7.96919023838887,7.11082291080611,8.127738438441684,8.083889582051969,1.6737727531910611
s06,574.0,7.682468935994653,1,True,0.9449165206420033,0.8520995392897835,7.693557243411683,7.73361862239585,6.879984592514031,7.547696332664502,7.811413648357529,1.6737727531910611
s06,575.0,7.961135095747165,1,True,0.9192294807344475,0.8622482802705499,7.575907122338192,7.622843729721619,6.770744190431835,7.529024904143228,7.682468935994653,1.6737727531910611
s06,576.0,8.023497592068741,1,True,0.9323859473524068,0.8668809558214587,7.799430832371831,7.869075073705114,7.006826793434564,8.101069207198584,7.961135095747165,1.6737727531910611
s06,577.0,8.284064075127677,1,True,0.9202331015837747,0.877606662999676,7.867927167934327,7.926540502520434,7.059659546698976,8.00758911242903,8.023497592068741,1.6737727531910611
s06,578.0,8.689704726063324,1,True,0.9117876031542088,0.8935573552216152,8.088011023795122,8.15801498533202,7.280408322332344,8.407145899121508,8.284064075127677,1.6737727531910611
s06,579.0,8.585332718468985,1,True,0.94071886229594,0.8955887507237488,8.438796699041248,8.517619535064533,7.624062179842917,8.909041169934634,8.689704726063324,1.6737727531910611
s06,580.0,8.038495403779251,1,True,0.9677246675789828,0.8838067660266563,8.378136706957804,8.431228227015666,7.535639476291917,8.439924803746838,8.585332718468985,1.6737727531910611
s06,581.0,8.013998073233653,1,True,0.9376089177106468,0.8855415398966917,7.927647120396352,7.956172277565806,7.07236551153915,7.558991596806952,8.038495403779251,1.6737727531910611
s06,582.0,8.200963996921448,1,True,0.9246752822679503,0.8934558635332714,7.881903313949126,7.93715320903546,7.051611669138769,7.934494756190255,8.013998073233653,1.6737727531910611
s06,583.0,8.331606097268576,1,True,0.9278606356778524,0.9003001623363773,8.036163493105025,8.103462803831714,7.210006940298443,8.272784628416218,8.200963996921448,1.6737727531910611
s06,584.0,7.853485624438675,1,True,0.9649016986974747,0.8892751657303816,8.156038429895126,8.220985511305198,7.320685348968821,8.361373055730873,8.331606097268576,1.6737727531910611
s06,585.0,8.203902231969735,1,True,0.9148281220653233,0.9012451538506194,7.773690580254149,7.804902627961807,6.915627462231425,7.4297273530987695,7.853485624438675,1.6737727531910611
s06,586.0,8.408232255478,1,True,0.9234816429906393,0.9100798815737129,8.036980589141903,8.113741331374886,7.212496177524267,8.391046165828103,8.203902231969735,1.6737727531910611
s06,587.0,8.258776208191948,1,True,0.9442076855484444,0.9089727082457956,8.226044168503897,8.29568198578919,7.385602104215478,8.489842422067374,8.408232255478,1.6737727531910611
s06,588.0,8.077808476811407,1,True,0.9466315823823941,0.9062682388910996,8.11724376413494,8.167957455301272,7.258984747055477,8.083442446851937,8.258776208191948,1.6737727531910611
s06,589.0,8.076093214394804,1,True,0.9361052507438499,0.9081928559982091,7.963573208977776,8.011939310824488,7.105671071933388,7.880795474924499,8.077808476811407,1.6737727531910611
s06,590.0,8.061263079171848,1,True,0.936918389651394,0.9096584250231546,7.954382023530098,8.01241077834033,7.104217922342121,8.012635185338349,8.076093214394804,1.6737727531910611
s06,591.0,7.83537390351285,1,True,0.9501965058575095,0.9046802690479679,7.943929717701433,8.00131243601907,7.091654010995916,7.98832721815649,8.061263079171848,1.6737727531910611
s06,592.0,8.563963923681067,1,True,0.892459755808079,0.9274502757529394,7.759907461701665,7.804963700182022,6.900283431134054,7.6069634743403665,7.83537390351285,1.6737727531910611
s06,593.0,9.004428431613864,1,True,0.9100381020437884,0.944233537681407,8.345248138201274,8.44498636733161,7.517536091578671,9.002303977699842,8.563963923681067,1.6737727531910611
s06,594.0,9.31369977190606,1,True,0.9173172458080056,0.9585967557108908,8.74998079642621,8.834925837589937,7.89069229990853,9.243820982977605,9.004428431613864,1.6737727531910611
s06,595.0,9.668167959126686,1,True,0.9149901455730488,0.9753027945528742,9.032040577805555,9.111299997727242,8.15270324201635,9.458052536993339,9.31369977190606,1.6737727531910611
s06,596.0,9.434625843670512,1,True,0.9451414720087599,0.9754923538265762,9.345396852626639,9.428307201213777,8.453004406660902,9.839639688780506,9.668167959126686,1.6737727531910611
s06,597.0,9.004009168098184,1,True,0.9566261596390092,0.9686933477941811,9.177128627913717,9.230642702511354,8.255150348684777,9.182921478615395,9.434625843670512,1.6737727531910611
s06,598.0,8.675185148375881,1,True,0.9526389156882864,0.9631779886638931,8.817014502092837,8.859030452718816,7.890337104924634,8.606715041451883,9.004009168098184,1.6737727531910611
s06,599.0,8.468480497842831,1,True,0.9467423150304687,0.9599842228666252,8.529322203823464,8.574939357751761,7.611761369087868,8.359438158181337,8.675185148375881,1.6737727531910611
s07,350.0,1.3009911745527025,0,False,0.9607548204649571,0.025207672898655553,1.4355218667486815,1.436798417710068,1.4075165275166917,1.5172006682871455,1.3697431716803306,1.5656116270532336
s07,351.0,1.9266095115707949,0,False,0.8242671114444307,0.04175549777602718,1.3740260693431727,1.3750153489917412,1.3498076760930855,1.2474629297312019,1.3009911745527025,1.5656116270532336
s07,352.0,2.0124133870620446,0,False,0.9646881548233746,0.044627113157490406,1.909355060109347,1.916692874346604,1.8749373765705768,2.350376159375634,1.9266095115707949,1.5656116270532336
s07,353.0,1.9349418493634178,0,False,0.9969089217220359,0.04292777972158253,1.9900104315165166,1.9915862972270137,1.9469591840695233,2.0795806629630165,2.0124133870620446,1.5656116270532336
s07,354.0,2.0971055666492395,0,False,0.9460023930489262,0.0480951728282972,1.924726436631332,1.9248591297587505,1.881931350037168,1.8699511618533315,1.9349418493634178,1.5656116270532336
s07,355.0,2.307838904274246,0,False,0.9331004548288984,0.055346048986878234,2.063546008082919,2.066143032321545,2.018047859493248,2.2216031833306955,2.0971055666492395,1.5656116270532336
s07,356.0,2.293366694664298,0,False,0.9780972660654874,0.05663869048821055,2.246576019115648,2.2502786446198875,2.1949325956330092,2.4653367513235,2.307838904274246,1.5656116270532336
s07,357.0,2.418084609903891,0,True,0.948922484764655,0.06199851943824132,2.238183102734703,2.2394236449028653,2.1827849544146547,2.2790630775647776,2.293366694664298,1.5656116270532336
s07,358.0,2.4217903701198704,0,True,0.9715128365056084,0.06416816549553193,2.346302104555674,2.3494688348768498,2.2874703154386085,2.510751449189722,2.418084609903891,1.5656116270532336
s07,359.0,2.583180517713862,0,True,0.9400362433246621,0.07102111069190267,2.3529210421465643,2.354749011168171,2.290580845672639,2.42107450299562,2.4217903701198704,1.5656116270532336
s07,360.0,2.6791496715462118,0,True,0.9504794757087657,0.07648352636402385,2.4928104565418314,2.497069149142173,2.4260480384502703,2.70110233495393,2.583180517713862,1.5656116270532336
s07,361.0,2.5986931111066194,0,True,0.9819823538331298,0.07695174347460146,2.5792983697621765,2.5830858740873657,2.5066023477233417,2.7471702552494044,2.6791496715462118,1.5656116270532336
s07,362.0,2.284878866066322,0,True,0.9674002613169772,0.07001748853286652,2.5146342081716377,2.516020697457487,2.4390689539828854,2.5295004585762864,2.5986931111066194,1.5656116270532336
s07,363.0,2.2238297773946765,0,True,0.9890656935142361,0.06936204323288017,2.2433954022314753,2.245677954060888,2.1756604655280216,2.0264969341850505,2.284878866066322,1.5656116270532336
s07,364.0,2.334281088965107,0,True,0.9529932400264157,0.07357709683470454,2.193020876398441,2.1937793022376284,2.124417259004748,2.1720598728522447,2.2238297773946765,1.5656116270532336
s07,365.0,2.0600551535395315,0,True,0.9633268031393537,0.0666576117440382,2.2872460356312807,2.2907046565617426,2.217127559727038,2.4171263710053132,2.334281088965107,1.5656116270532336
s07,366.0,1.4863868335513262,0,False,0.8561266296309779,0.049641030653949855,2.0511616555031873,2.053606203220937,1.9869485914768987,1.8356365325628818,2.0600551535395315,1.5656116270532336
s07,367.0,1.3890103327458572,0,False,0.9598610750022607,0.04465937335988496,1.547923553492578,1.5550655758813536,1.5054245452274038,1.0768802944924258,1.4863868335513262,1.5656116270532336
s07,368.0,1.3360043837634357,0,False,0.9682938830497553,0.04068905543765679,1.466555735266636,1.4683483145043745,1.4236889411444895,1.3119474700064107,1.3890103327458572,1.5656116270532336
s07,369.0,0.7492502543877599,0,False,0.7048454767218142,0.020569982551417627,1.4185959253120968,1.4198860172623982,1.3791969618247413,1.2942925412747415,1.3360043837634357,1.5656116270532336
s07,370.0,1.0374250653561725,0,False,0.921896844672079,0.024474965427237497,0.901187646101706,0.9072589694955102,0.8866889869440926,0.4426738996313363,0.7492502543877599,1.5656116270532336
s07,371.0,0.9946362869838213,0,False,0.9370895912785822,0.01972251542038054,1.1511397151859775,1.1530512872123866,1.128576321785149,1.2675394368514885,1.0374250653561725,1.5656116270532336
s07,372.0,1.5251391182834406,0,False,0.8351612349069909,0.03210520146363168,1.1111421653356257,1.1123829168417363,1.0926604014213557,0.9671465889535404,0.9946362869838213,1.5656116270532336
s07,373.0,1.8673933946963184,0,False,0.9034235064847683,0.04102527750169448,1.5647653449985646,1.5700575267608918,1.5379523252972602,1.89914178454279,1.5251391182834406,1.5656116270532336
s07,374.0,1.9314963418721691,0,False,0.9717577520406833,0.0429824276952805,1.8622959246393653,1.8662580020859683,1.8252327245842739,2.122857530680863,1.8673933946963184,1.5656116270532336
s07,375.0,1.8962051764261803,1,False,0.9954600662495825,0.04220793205785467,1.9208077772928445,1.9220216976737081,1.8790392699784275,1.9823017638378242,1.9314963418721691,1.5656116270532336
s07,376.0,2.1848777659839183,1,False,0.9169679912676463,0.051005526851127664,1.8914329849928675,1.8916246062081523,1.8494166741502975,1.8665046485200116,1.8962051764261803,1.5656116270532336
s07,377.0,1.7083659394935866,1,False,0.899274192296124,0.037974684242316585,2.1384922684363876,2.1427273597872887,2.091721832936161,2.3993289164632876,2.1848777659839183,1.5656116270532336
s07,378.0,1.8553321283865283,1,False,0.9539581450581225,0.041742945916378074,1.725898375175205,1.729723405917812,1.6917487216754954,1.3470066602379651,1.7083659394935866,1.5656116270532336
s07,379.0,1.8419607527051594,1,False,0.9926692361951522,0.04129621690177033,1.8549297971980223,1.8568517198587509,1.8151087739423728,1.9711604971707182,1.8553321283865283,1.5656116270532336
s07,380.0,1.6484331555848857,1,False,0.9550478474267875,0.03539377063708827,1.8448786315954804,1.845181364407621,1.8038851475058506,1.8305402807546345,1.8419607527051594,1.5656116270532336
s07,381.0,1.644313657615374,1,False,0.999127737663164,0.034418091772496356,1.6752452602572847,1.6768362864351045,1.6414425157980161,1.4929784255356922,1.6484331555848857,1.5656116270532336
s07,382.0,1.635930868863464,1,False,0.9993737856269668,0.033323933978079104,1.6723727737388798,1.6724027953440388,1.6379847035715425,1.6408533410000294,1.644313657615374,1.5656116270532336
s07,383.0,1.565695003992176,1,False,0.9796241790359848,0.03036661459673844,1.6642514487771083,1.6642723167035314,1.6309483827254523,1.6288958341581878,1.635930868863464,1.5656116270532336
s07,384.0,1.0243479511934557,1,False,0.7895441176603782,0.013026234493335644,1.6017418766045752,1.6023606213068817,1.5719940067101432,1.5080702191392332,1.565695003992176,1.5656116270532336
s07,385.0,0.47446305018238255,1,False,0.5975138850747839,-0.006658651787786882,1.1278844785459419,1.1306259262197995,1.117599691726464,0.6852089700333543,1.0243479511934557,1.5656116270532336
s07,386.0,0.7577421099602625,1,False,0.9283592754658294,-0.003407796011476053,0.6520602656386078,0.6493802507499016,0.6560389025376885,0.2717558292147358,0.47446305018238255,1.5656116270532336
s07,387.0,1.0930463506901043,1,False,0.9000208585708278,0.002671322710144548,0.8906531969447445,0.8904090599694178,0.8938168559808938,0.9882339719362655,0.7577421099602625,1.5656116270532336
s07,388.0,0.7375629403924862,1,False,0.7718733666720436,-0.010539835395178297,1.1776678006855401,1.1779348772365805,1.175263554526436,1.3545742554072517,1.0930463506901043,1.5656116270532336
s07,389.0,0.9571572621008394,1,False,0.9563677072803033,-0.007815290169553558,0.868743505077881,0.8663390879133481,0.8768789233085265,0.5390294766825334,0.7375629403924862,1.5656116270532336
s07,390.0,1.0478655441198341,1,False,0.9936943911303071,-0.007980906135905678,1.0537270753599388,1.0533860763315714,1.061201366501125,1.1379769773162007,0.9571572621008394,1.5656116270532336
s07,391.0,1.0065872335345984,1,False,0.9391784625428624,-0.011664056560481646,1.129409238826316,1.1293589143537972,1.137339820489703,1.1240880885883042,1.0478655441198341,1.5656116270532336
s07,392.0,1.031602825226105,1,False,0.9667830788818915,-0.013446802672426181,1.0917371214772515,1.091027695624256,1.1026917521847377,0.9798917385947408,1.0065872335345984,1.5656116270532336
s07,393.0,0.5937509314781552,1,False,0.6924840992871939,-0.028941548651770385,1.1106891255066222,1.1102424641229616,1.1236892667953877,1.0549616951159109,1.031602825226105,1.5656116270532336
s07,394.0,0.9153163036797858,1,False,0.9051171352421401,-0.023298805605623356,0.736124855209891,0.7272248688082183,0.7561664174599887,0.38919254665007996,0.5937509314781552,1.5656116270532336
s07,395.0,1.10274944323502,1,False,0.964084314447569,-0.020299788875160048,1.0049928763075413,1.0027822188862432,1.0260810244918666,1.1701303135812418,0.9153163036797858,1.5656116270532336
s07,396.0,0.9010483542041207,1,False,0.8649192779193302,-0.028161587826710438,1.163837400089821,1.1631083192558,1.1834081081309602,1.2573229280547324,1.10274944323502,1.5656116270532336
s07,397.0,1.1673129758495076,1,False,0.9299544741194383,-0.02272049595295551,0.9897473343429137,0.9859432467243435,1.014104834551054,0.7698864400711721,0.9010483542041207,1.5656116270532336
s07,398.0,1.0127805652390751,1,False,0.9003555615461327,-0.028783501868932117,1.2164722315255871,1.2148807624382953,1.2376012583912508,1.3800778548632708,1.1673129758495076,1.5656116270532336
s07,399.0,1.0240590890847083,1,False,0.960786167843659,-0.03043493292855655,1.081974906952655,1.0791067910721892,1.1078902929411214,0.9054717315109035,1.0127805652390751,1.5656116270532336
s07,400.0,1.0837314034117662,1,False,0.9847635709696748,-0.03053065966303522,1.0881157649126052,1.0869222945610553,1.1173572274896117,1.036813366390688,1.0240590890847083,1.5656116270532336
s07,401.0,1.10960649213101,1,False,0.9746645309209551,-0.03134988914422615,1.137379319733246,1.1369141415040411,1.1674448011670764,1.1343313145713791,1.0837314034117662,1.5656116270532336
s07,402.0,1.3110827263365188,1,False,0.9513509970117611,-0.02675182341660937,1.1586081328963378,1.157813868749293,1.189163757893519,1.1327908095476202,1.10960649213101,1.5656116270532336
s07,403.0,1.0417684285515907,1,False,0.8684439754981579,-0.035444564662081846,1.332827919604675,1.3315264700673397,1.358278293483949,1.4742660256668423,1.3110827263365188,1.5656116270532336
s07,404.0,0.6077192061714408,1,False,0.6995610903312983,-0.05011631277769503,1.1014404227090218,1.0967774766918799,1.1322220413539617,0.8573509559677194,1.0417684285515907,1.5656116270532336
s07,405.0,0.8317362079427914,1,False,0.9602328569744157,-0.046697469173682386,0.7328316448432496,0.7177747544757033,0.7678910672533983,0.40096929199125675,0.6077192061714408,1.5656116270532336
s07,406.0,0.39319778725353344,1,True,0.5846936756688295,-0.06217838568416005,0.9110853625383514,0.9092283376027888,0.9559258067764711,1.0172320086245805,0.8317362079427914,1.5656116270532336
s07,407.0,0.515672527236843,1,True,0.9349579528646619,-0.06247765937013325,0.5514713935806173,0.5256483167692829,0.5878267024534429,0.2588031883167357,0.39319778725353344,1.5656116270532336
s07,408.0,0.4199136646786058,1,True,0.757508157231807,-0.0687247954552837,0.6322152090492787,0.6281515341836209,0.6906291935537542,0.6231680736026037,0.515672527236843,1.5656116270532336
s07,409.0,0.651266621445065,1,True,0.9676374129059601,-0.06543259488703836,0.5581918047973721,0.5415266025035532,0.6102513979588369,0.40518217654658917,0.4199136646786058,1.5656116270532336
s07,410.0,0.5402160706293125,1,True,0.8043492895466354,-0.07139644802314761,0.7411287432171081,0.7390111751662873,0.8044437700533257,0.8441316347972992,0.651266621445065,1.5656116270532336
s07,411.0,0.482444948823672,1,True,0.8092695456492209,-0.07611812056681816,0.6538027993922658,0.6398340336126903,0.7112304816358379,0.49869911932559097,0.5402160706293125,1.5656116270532336
s07,412.0,0.9358196569836921,1,True,0.8297931009470131,-0.06564214900255733,0.6011386485617011,0.5866206048416645,0.6627387254084827,0.47758956121846624,0.482444948823672,1.5656116270532336
s07,413.0,1.1617278897814334,1,True,0.9464296789460398,-0.060119779926016574,0.9888216671923079,0.9776489205634085,1.0432910695659658,1.269891742587258,0.9358196569836921,1.5656116270532336
s07,414.0,0.9274661798383333,1,True,0.8589957985323946,-0.06747959908573868,1.1760141210747337,1.1727934851624036,1.23291326508842,1.3450053868203349,1.1617278897814334,1.5656116270532336
s07,415.0,0.6592017700824936,1,True,0.7783628622576106,-0.07676753857702014,0.9783146601096471,0.9687997531252084,1.036279352210947,0.7739015893071564,0.9274661798383333,1.5656116270532336
s07,416.0,0.47397124528976375,1,True,0.738843362693175,-0.08457850562227136,0.7513513509865436,0.7343368134648044,0.8111043520418245,0.5176011659231423,0.6592017700824936,1.5656116270532336
s07,417.0,0.4186062753406162,1,True,0.7805534125106688,-0.0891517449766963,0.5931358252715294,0.5710475871547807,0.655626092777052,0.4065375345091623,0.47397124528976375,1.5656116270532336
s07,418.0,0.9857570920349917,1,True,0.7647345996325786,-0.07517910002528864,0.5395663065252589,0.5200022603214038,0.6091540052981002,0.42414737796543445,0.4186062753406162,1.5656116270532336
s07,419.0,1.0518322978181063,1,True,0.9844251660287007,-0.07392498034754295,1.0277153496266287,1.0100283085599169,1.0852074085852055,1.3732088193413357,0.9857570920349917,1.5656116270532336
s07,420.0,1.0060459598340945,1,True,0.9374589840197051,-0.07574593482231239,1.0678958116216535,1.0667444423264087,1.1406694226739518,1.1078141237158239,1.0518322978181063,1.5656116270532336
s07,421.0,1.0000572411583093,1,True,0.9515306958626661,-0.07653896212609343,1.031228712337842,1.0264914846176774,1.1022374194399898,0.9760334447409227,1.0060459598340945,1.5656116270532336
s07,422.0,1.0550023622697138,1,True,0.98044157415719,-0.07550904117939812,1.0243814542801828,1.0206716640465372,1.0972106261726307,0.999983050028892,1.0000572411583093,1.5656116270532336
s07,423.0,0.8211886334539352,1,True,0.8365067123357706,-0.08290802000504947,1.0692980989580159,1.0678212609756468,1.143330302155045,1.101947565451627,1.0550023622697138,1.5656116270532336
s07,424.0,0.601310970614199,1,True,0.777535325500998,-0.09079362271767791,0.8777192991328371,0.8641643943684798,0.9470724143735293,0.677598746182005,0.8211886334539352,1.5656116270532336
s07,425.0,0.3338805628346373,1,True,0.611126849670824,-0.10092876138488857,0.6919168921327995,0.6717185184083261,0.762512141126004,0.4936704044068981,0.601310970614199,1.5656116270532336
s07,426.0,0.545339035504001,1,True,0.9932962778932328,-0.09768184297153741,0.4763569071241924,0.437108421725629,0.5380371831105176,0.2760889169998816,0.3338805628346373,1.5656116270532336
s07,427.0,0.7718536076561758,1,True,0.962281117400359,-0.0930616968825613,0.618503569953797,0.6178487380236389,0.7155305809951763,0.7227834837993491,0.545339035504001,1.5656116270532336
s07,428.0,0.36062994642229845,1,True,0.5715627372206262,-0.10662079929986856,0.8161102102184433,0.8126000269992066,0.9056617238817679,0.9598603089124847,0.7718536076561758,1.5656116270532336
s07,429.0,0.3804340669740831,1,True,0.8098211201824573,-0.10882385339928698,0.49954952702874816,0.4538692036213635,0.5604900029212321,0.2489701483242745,0.36062994642229845,1.5656116270532336
s07,430.0,0.4897959105723722,1,True,0.9186048062467214,-0.10817865432137228,0.4889852731787871,0.46828927464188225,0.5771131280411692,0.43130002829694825,0.3804340669740831,1.5656116270532336
s07,431.0,-0.18998413547244003,1,True,0.006762018779110757,-0.130700087385057,0.5695355225121748,0.5607302999837177,0.66890895430509,0.5886989386701629,0.4897959105723722,1.5656116270532336
s07,432.0,0.23270267327522706,1,True,0.6010727401348828,-0.12274751924533027,0.09743335955739708,-0.032382931382330754,0.09831715600272625,0.09250930480040213,-0.18998413547244003,1.5656116270532336
s07,433.0,0.916411327849243,1,True,0.6631446694210381,-0.10516607724417681,0.3793305926519086,0.33036326114412823,0.4531107803894585,0.5338862514908842,0.23270267327522706,1.5656116270532336
s07,434.0,1.2868169112417254,1,True,0.8879938230583275,-0.0942165924704492,0.9572598391665846,0.9218340854508048,1.0270001626949816,1.3342354510827863,0.916411327849243,1.5656116270532336
s07,435.0,0.7461506824831897,1,True,0.7168490739221045,-0.10914287794702274,1.2542463720293942,1.2436935317023075,1.3379101241727567,1.5686257920093638,1.2868169112417254,1.5656116270532336
s07,436.0,0.4625976479762904,1,True,0.6883700122133788,-0.1185132804880877,0.8058483063106283,0.7749443993451222,0.8840872772921449,0.45988506953231717,0.7461506824831897,1.5656116270532336
s07,437.0,-0.11306519340267435,1,True,0.007643729381873188,-0.13773221854765308,0.5644983674005596,0.5275660752495044,0.6460793557375921,0.35593853445762486,0.4625976479762904,1.5656116270532336
s07,438.0,0.4543452017210548,1,True,0.5322158104179939,-0.12485633055728282,0.1618283661172892,0.025148935375379405,0.16288115392303248,0.15707845842768015,-0.11306519340267435,1.5656116270532336
s07,439.0,0.18848314527755525,1,True,0.4592939412205914,-0.13463071952415773,0.5727019282439738,0.5142961108400522,0.6391524413973351,0.7942742158038685,0.4543452017210548,1.5656116270532336
s07,440.0,-0.2188749241183684,1,True,0.009126335551376874,-0.14963786330895418,0.3541588477860562,0.28136320204151294,0.41599392156567067,0.2090042443637072,0.18848314527755525,1.5656116270532336
s07,441.0,-0.19426784890778553,1,True,0.02132666840833375,-0.15319876957215633,0.07270124448949185,-0.07557097346771374,0.07406688984124044,0.06827286372441259,-0.2188749241183684,1.5656116270532336
s07,442.0,-0.7291632803631385,1,True,0.007047323866675503,-0.17331935004816781,0.09145428571683645,-0.05847726449608978,0.09472150507606655,0.08899881908032921,-0.19426784890778553,1.5656116270532336
s07,443.0,-0.267369989562022,1,True,0.8615283504916933,-0.16551314523122676,-0.355478904337374,-0.5275768167933906,-0.35425746674522285,-0.3600636496570394,-0.7291632803631385,1.5656116270532336
s07,444.0,-0.37806614109286657,1,True,0.014013287451819845,-0.17289057239194505,-0.10923302416678099,-0.13215190240225688,0.03336124282896988,0.10821726772499753,-0.267369989562022,1.5656116270532336
s07,445.0,-0.3536407228601698,1,True,0.2981952380663302,-0.17652643977757226,-0.06197733623595508,-0.23244514333926214,-0.05955457094731709,-0.06532002114376402,-0.37806614109286657,1.5656116270532336
s07,446.0,-0.6127350769939519,1,True,0.12765785370236693,-0.18844112586151332,-0.09169177815281963,-0.21557887419591704,-0.03905243441834477,-0.1267475245000088,-0.3536407228601698,1.5656116270532336
s07,447.0,-0.8966503416832736,1,True,0.44770961229511297,-0.20199149333720948,-0.2805862896419612,-0.4449714258267361,-0.2565302999652228,-0.32976539482272693,-0.6127350769939519,1.5656116270532336
s07,448.0,-0.6232055833870329,1,True,0.8857871186520812,-0.19978264796159537,-0.5852758024058733,-0.6968337625741698,-0.4948422692369604,-0.7814301649368804,-0.8966503416832736,1.5656116270532336
s07,449.0,-0.001068055490203501,1,True,0.02932583422825852,-0.18586164009223238,-0.44228389926862544,-0.4651016511356362,-0.2653190031740408,-0.37902157335566544,-0.6232055833870329,1.5656116270532336
s07,450.0,-0.46588512542547983,1,True,0.008025279725098922,-0.20196901422818472,0.2514384382184261,0.0710273457729308,0.2568889858651632,0.2646383653515996,-0.001068055490203501,1.5656116270532336
s07,451.0,0.1608165333126621,1,True,0.019495740549622886,-0.1870874133625868,-0.13488867248073322,-0.33523682887393425,-0.13326781464574955,-0.13906827906691674,-0.46588512542547983,1.5656116270532336
s07,452.0,0.2692226461448137,1,True,0.8150031056078718,-0.18518124761537186,0.38912379359588595,0.2056837879043162,0.392771201266903,0.39850459341440525,0.1608165333126621,1.5656116270532336
s07,453.0,-0.17836768962404176,1,True,0.008753843431503427,-0.19948978514621796,0.3328415171126645,0.29858356140416104,0.4837648090195329,0.3830723529016648,0.2692226461448137,1.5656116270532336
s07,454.0,-0.4860682451640752,1,True,0.00974592239466332,-0.21132917098293108,0.10632143219389267,-0.09142205060697103,0.10806773453924692,0.10227153031521091,-0.17836768962404176,1.5656116270532336
s07,455.0,-0.6092122874162109,1,True,0.4002064904131878,-0.2187593925858991,-0.15226866070114045,-0.36153823398394336,-0.15020906300101228,-0.15599946615107813,-0.4860682451640752,1.5656116270532336
s07,456.0,-1.1049871172196406,1,True,0.3759829510786282,-0.23773902379210776,-0.3411222798451761,-0.4723327436793518,-0.2535733510934527,-0.4372694206249962,-0.6092122874162109,1.5656116270532336
s07,457.0,-0.868968674273978,1,True,0.8709943471891903,-0.23658445172477066,-0.7591012058116821,-0.907454409851881,-0.6697153860597732,-0.9898324464368664,-1.1049871172196406,1.5656116270532336
s07,458.0,-0.8746556606669258,1,True,0.7019112648232146,-0.24157838064074383,-0.6776706318281793,-0.708191363467821,-0.47160691174305025,-0.6451553994364811,-0.868968674273978,1.5656116270532336
s07,459.0,-0.8346751396991148,1,True,0.7279262707184894,-0.24507987027716732,-0.6459470245537435,-0.717958818484999,-0.4763804378442551,-0.7592848949868268,-0.8746556606669258,1.5656116270532336
s07,460.0,-1.0776262779441717,1,True,0.5840879921048296,-0.25677161137474264,-0.6212217804135234,-0.6879015746916612,-0.44282170441449387,-0.703633830553895,-0.8346751396991148,1.5656116270532336
s07,461.0,-1.148416936760296,1,True,0.7214526321239847,-0.2641184914057525,-0.7967265392692866,-0.9035209357266343,-0.6467493243518916,-1.0175310530838038,-1.0776262779441717,1.5656116270532336
s07,462.0,-1.4654388864077486,1,True,0.6513042635755615,-0.27897302180495276,-0.8967183625126168,-0.9702878731010731,-0.7061693816953206,-1.068098801118719,-1.148416936760296,1.5656116270532336
s07,463.0,-1.6341527172415977,1,True,0.7466256326235172,-0.2904603023505845,-1.1539666624397105,-1.2512433657205393,-0.9722703439155866,-1.4667858095376958,-1.4654388864077486,1.5656116270532336
s07,464.0,-2.15558522569815,1,True,0.6819543871364622,-0.31299750399197956,-1.3307499756289198,-1.404345170984981,-1.1138848686343965,-1.6080632143412845,-1.6341527172415977,1.5656116270532336
s07,465.0,-2.2830605629126977,1,True,0.8095293182527501,-0.325552494620659,-1.765013392308163,-1.8645608752900498,-1.5515633712980703,-2.261955499879316,-2.15558522569815,1.5656116270532336
s07,466.0,-1.9302148310813252,1,True,0.9244284045541225,-0.3239354672396491,-1.9221075381867403,-1.984115743781655,-1.658563249160996,-2.2507316719925865,-2.2830605629126977,1.5656116270532336
s07,467.0,-2.3159941765212806,1,True,0.7411669557862982,-0.34282544977338036,-1.661847771982766,-1.686328092063572,-1.3623926248239229,-1.613515063293136,-1.9302148310813252,1.5656116270532336
s07,468.0,-1.9254632274300756,1,True,0.9338617569715971,-0.3397183740035787,-1.9402978649580238,-2.0290324197567995,-1.686206969983419,-2.39298492908804,-2.3159941765212806,1.5656116270532336
s07,469.0,-1.4910277369516145,1,True,0.9535514804724801,-0.333505527764967,-1.6756542351909416,-1.6981226115720043,-1.3584042375684255,-1.581836506514009,-1.9254632274300756,1.5656116270532336
s07,470.0,-2.1308572615690804,1,True,0.6367592896624048,-0.35761360861284824,-1.3117637286207788,-1.3272545666397058,-0.9937490388747388,-1.1202123730570197,-1.4910277369516145,1.5656116270532336
s07,471.0,-2.284612560863626,1,True,0.8027342163070809,-0.36949935864014016,-1.7585210720683069,-1.8884208932872286,-1.5308072846743803,-2.254871508826509,-2.1308572615690804,1.5656116270532336
s07,472.0,-2.4513898718715628,1,True,0.8077473728172294,-0.38216009521644406,-1.9564757387719207,-2.029365319328099,-1.6598659606879587,-2.264971248317875,-2.284612560863626,1.5656116270532336
s07,473.0,-2.0996552858107522,1,True,0.9232335948683446,-0.3796893004834771,-2.108543827933206,-2.1820151102429852,-1.799855015026541,-2.4392063748071156,-2.4513898718715628,1.5656116270532336
s07,474.0,-1.97544460306199,1,True,0.8649340718360486,-0.38242344773097536,-1.8551589788136458,-1.8843063614787152,-1.504617060995238,-1.7814027427338484,-2.0996552858107522,1.5656116270532336
s07,475.0,-2.5002403996426263,1,True,0.718444040589542,-0.4039472325091915,-1.7311285291159786,-1.782780907035421,-1.4003574593044457,-1.8075922423968,-1.97544460306199,1.5656116270532336
s07,476.0,-3.104079836178321,1,True,0.7448444061708313,-0.4297254397500593,-2.1310725108824036,-2.2448062614827284,-1.8408590289735367,-2.631063372805605,-2.5002403996426263,1.5656116270532336
s07,477.0,-3.494831514098267,1,True,0.803856429206987,-0.45124738140164244,-2.6677866092825693,-2.7774334590454965,-2.347708019295437,-3.288610971300523,-3.104079836178321,1.5656116270532336
s07,478.0,-3.674099571766634,1,True,0.8429106941702179,-0.4676620663196071,-3.038434135135365,-3.1269434078344798,-2.6756960264328375,-3.59781862282448,-3.494831514098267,1.5656116270532336
s07,479.0,-3.6026317630488514,1,True,0.8793310600058761,-0.47692607140005006,-3.2203668843396844,-3.293831593700753,-2.826169527381146,-3.667734552840463,-3.674099571766634,1.5656116270532336
s07,480.0,-2.734290265507977,1,True,0.994208322855253,-0.46166156464561703,-3.1855569938310055,-3.2431071573224113,-2.7661810859223612,-3.448948446666577,-3.6026317630488514,1.5656116270532336
s07,481.0,-2.403543096979829,1,True,0.9176406076640694,-0.45879855687209176,-2.4963028946981054,-2.4989766894306715,-2.0373151247850547,-2.0056090057063916,-2.734290265507977,1.5656116270532336
s07,482.0,-2.2325164609068815,1,True,0.8817368317531757,-0.45921928814555857,-2.1807057147760682,-2.2184920851246552,-1.7596935282525636,-2.095759187200956,-2.403543096979829,1.5656116270532336
s07,483.0,-2.1066071396655404,1,True,0.8684572023215039,-0.4601567930572296,-2.0210482480070278,-2.0753569759431727,-1.6161376877976144,-2.033043082416478,-2.2325164609068815,1.5656116270532336
s07,484.0,-2.1679404844732786,1,True,0.821540353671733,-0.4660767351636583,-1.9100787689961445,-1.9706090809256573,-1.5104522878684277,-1.9364040158618083,-2.1066071396655404,1.5656116270532336
s07,485.0,-2.1797429567795734,1,True,0.8351421387408928,-0.47062869903771715,-1.9448349383251387,-2.0280108276442785,-1.5619340924806202,-2.1020871780543593,-2.1679404844732786,1.5656116270532336
s07,486.0,-1.8704243826390416,1,True,0.9134066660058033,-0.4654673450248243,-1.9648826756316229,-2.042469516402137,-1.5718408173644198,-2.0877990336281296,-2.1797429567795734,1.5656116270532336
s07,487.0,-1.7684618489650756,1,True,0.852177638108035,-0.4651910033807415,-1.7373668678300427,-1.7776732371011692,-1.3122058920763449,-1.5849341109579633,-1.8704243826390416,1.5656116270532336
s07,488.0,-1.5444971863247237,1,True,0.8855310537910889,-0.46077156255725815,-1.6230462475902003,-1.6918118804408344,-1.226620877060093,-1.615432000774253,-1.7684618489650756,1.5656116270532336
s07,489.0,-1.6832392191386134,1,True,0.763681780448187,-0.4662866901605608,-1.4466575971528952,-1.499401632361858,-1.0386300698045998,-1.3201194129229301,-1.5444971863247237,1.5656116270532336
s07,490.0,-2.341723369120984,1,True,0.6612182770807957,-0.4878971819136623,-1.511181603598149,-1.6213736440176003,-1.1550869538570396,-1.6473632167136305,-1.6832392191386134,1.5656116270532336
s07,491.0,-2.294475754566514,1,True,0.8536293019940759,-0.490860435147769,-2.0304099988668236,-2.1957006467629587,-1.7078034648492963,-2.4924291508714536,-2.341723369120984,1.5656116270532336
s07,492.0,-2.8028646979282925,1,True,0.7465365096047056,-0.5101762160450777,-2.0871577501685983,-2.159005334684669,-1.6681448995369,-2.1689455567074747,-2.294475754566514,1.5656116270532336
s07,493.0,-2.7562699902003294,1,True,0.8638262086953896,-0.5147127812959058,-2.475740104070609,-2.605051148506058,-2.0948749324609803,-2.941984690131446,-2.8028646979282925,1.5656116270532336
s07,494.0,-2.828715591399179,1,True,0.841942854051996,-0.5224599335335435,-2.500386792615918,-2.570477183477922,-2.0557644021820165,-2.6270947873588666,-2.7562699902003294,1.5656116270532336
s07,495.0,-2.8673114337043977,1,True,0.8495434639635846,-0.5293082711311626,-2.5564549878172627,-2.639033513783758,-2.116573580250215,-2.767354310542597,-2.828715591399179,1.5656116270532336
s07,496.0,-3.29834934084056,1,True,0.789227188268956,-0.5479104018385234,-2.59864042829205,-2.6782783172618685,-2.1489700461307057,-2.786754482682758,-2.8673114337043977,1.5656116270532336
s07,497.0,-3.5299697894952793,1,True,0.8314427963743295,-0.5620489817322729,-2.94319917706477,-3.0586837930369617,-2.5107733911984385,-3.4178947802168524,-3.29834934084056,1.5656116270532336
s07,498.0,-3.4444872404842855,1,True,0.8798970095921106,-0.5673664207991458,-3.1725018669270746,-3.2672392715885223,-2.705190289856249,-3.5525937933108196,-3.5299697894952793,1.5656116270532336
s07,499.0,-3.1497796348906406,1,True,0.9108074587894736,-0.5658356713285734,-3.1326622134480555,-3.2008046172430538,-2.633438196443908,-3.2839433725020832,-3.4444872404842855,1.5656116270532336
s07,500.0,-2.839056701030309,1,True,0.9134024493013474,-0.5624502807162102,-2.9014347333423895,-2.9519030547757494,-2.386067383447176,-2.8563550168665457,-3.1497796348906406,1.5656116270532336
s07,501.0,-2.8372999610264245,1,True,0.8566850206086263,-0.5669381610020788,-2.638997134797679,-2.6877039514974728,-2.1252536707812624,-2.5390152229690424,-2.839056701030309,1.5656116270532336
s07,502.0,-2.1656997528261797,1,True,0.9902404038846375,-0.5511876356528439,-2.6094665336071454,-2.6907172644673416,-2.123779103465263,-2.7337784942982353,-2.8372999610264245,1.5656116270532336
s07,503.0,-2.3555948516702143,1,True,0.7971331155132296,-0.5585182539233686,-2.10586154061164,-2.111240909319393,-1.5600532736665491,-1.6015647944208096,-2.1656997528261797,1.5656116270532336
s07,504.0,-2.339497984111352,1,True,0.8474581043257532,-0.5603642397429793,-2.1646602653552365,-2.277965123457661,-1.7194468695342926,-2.3535994061286654,-2.3555948516702143,1.5656116270532336
s07,505.0,-2.105736198962637,1,True,0.8952721233463363,-0.5555473326900344,-2.1808207439956826,-2.266299767394135,-1.7059355276511556,-2.231402869795701,-2.339497984111352,1.5656116270532336
s07,506.0,-2.78511465431293,1,True,0.7034440042802885,-0.5771427151329057,-2.007087280350652,-2.0652685728838858,-1.5097212401938513,-1.867651636114172,-2.105736198962637,1.5656116270532336
s07,507.0,-2.6746819140202343,1,True,0.8750750331445343,-0.5776696125255203,-2.485963535041133,-2.65711866759975,-2.079975952466844,-2.9771438027274773,-2.78511465431293,1.5656116270532336
s07,508.0,-2.33479220221337,1,True,0.9197048708786587,-0.5707648530146661,-2.492785495377015,-2.5649508525751754,-1.987281240049655,-2.5076935790672397,-2.6746819140202343,1.5656116270532336
s07,509.0,-2.650061791294126,1,True,0.7824462874879567,-0.5820841930992797,-2.2269208175696,-2.2727504551403355,-1.7019856021256696,-2.0215931267113674,-2.33479220221337,1.5656116270532336
s07,510.0,-2.8687406269360003,1,True,0.8136568896035181,-0.5916854159235058,-2.4220652889251424,-2.5486998661284677,-1.9666156730291882,-2.7084343674997764,-2.650061791294126,1.5656116270532336
s07,511.0,-3.36325133308292,1,True,0.7802097005624673,-0.6103273030926042,-2.631598593333551,-2.741855094112973,-2.1501696781894672,-2.884189862219001,-2.8687406269360003,1.5656116270532336
s07,512.0,-3.298669117635802,1,True,0.8750515203225815,-0.6140200384273914,-3.041433919107937,-3.1755779398095623,-2.565250636716958,-3.511708711439201,-3.36325133308292,1.5656116270532336
s07,513.0,-3.1781832312797893,1,True,0.8828563753496148,-0.615613680077515,-3.048340972649361,-3.125061842942334,-2.5110418045149423,-3.1528207612756547,-3.298669117635802,1.5656116270532336
s07,514.0,-3.934644602105665,1,True,0.7598992628449166,-0.642887346390693,-2.953407173797755,-3.0255223916663976,-2.4099087115888826,-2.998898773468066,-3.1781832312797893,1.5656116270532336
s07,515.0,-3.5257926671628574,1,True,0.9268718564968639,-0.6380285542947759,-3.533394677917346,-3.687752403693427,-3.044865057302734,-4.203510736539624,-3.934644602105665,1.5656116270532336
s07,516.0,-3.0556523056059937,1,True,0.9385811370139658,-0.6295067435623244,-3.2930548196768124,-3.339712663354379,-2.7016841090596033,-3.1474423756512557,-3.5257926671628574,1.5656116270532336
s07,517.0,-2.774874442916875,1,True,0.908051193010257,-0.6246560027577487,-2.89790221463776,-2.936565803069399,-2.3070590595070746,-2.6392869318883685,-3.0556523056059937,1.5656116270532336
s07,518.0,-2.853155866000727,1,True,0.8414372303719339,-0.6293695820469495,-2.6386001821281417,-2.6960365563606983,-2.0713805536029497,-2.4961808706167696,-2.774874442916875,1.5656116270532336
s07,519.0,-2.9104355187819486,1,True,0.8469640726837413,-0.6336889145427533,-2.666663184872799,-2.7664577689218217,-2.1370881868748723,-2.794903040512011,-2.853155866000727,1.5656116270532336
s07,520.0,-2.91035288169128,1,True,0.8578448936176076,-0.6364338110993591,-2.721879159137334,-2.8188563298044174,-2.185167415261664,-2.8401648210927863,-2.9104355187819486,1.5656116270532336
s07,521.0,-3.205735562060209,1,True,0.8108768130761816,-0.6479599220807606,-2.7310595465579794,-2.82153186268016,-2.185098051580801,-2.80719470088315,-2.91035288169128,1.5656116270532336
s07,522.0,-3.099163755631386,1,True,0.8797178336724657,-0.648504971880899,-2.958451183497285,-3.080995428960107,-2.4330355068793468,-3.260646798682897,-3.205735562060209,1.5656116270532336
s07,523.0,-3.381732900707613,1,True,0.8188584878455085,-0.6601943625286546,-2.9140829628904124,-2.9920865457824237,-2.343581573901525,-2.929586473841702,-3.099163755631386,1.5656116270532336
s07,524.0,-3.5966022367755497,1,True,0.835710244606412,-0.6708636895198565,-3.121369398591176,-3.2409580037354875,-2.5807636412068327,-3.430862666830074,-3.381732900707613,1.5656116270532336
s07,525.0,-3.7099909820359445,1,True,0.8535005350004734,-0.6792039071045652,-3.3217676977586637,-3.431983729212321,-2.7611200396924644,-3.610066760875831,-3.5966022367755497,1.5656116270532336
s07,526.0,-3.3438795096692067,1,True,0.9214338126012904,-0.6734552965325962,-3.435996853051769,-3.5354998620681757,-2.8562959549636107,-3.6661578119001743,-3.7099909820359445,1.5656116270532336
s07,527.0,-3.346874327869947,1,True,0.8648046628445051,-0.677188156315366,-3.1695348534122525,-3.222445668444286,-2.5489903719116898,-2.998266345685757,-3.3438795096692067,1.5656116270532336
s07,528.0,-3.460931783615864,1,True,0.8488891964298619,-0.684155340523251,-3.1371396289089337,-3.2286923100196976,-2.5515041537043315,-3.241517919225852,-3.346874327869947,1.5656116270532336
s07,529.0,-3.267208358770792,1,True,0.8952811021083876,-0.6822296899935295,-3.22801344648824,-3.33139670976151,-2.647241369238259,-3.4192446592049737,-3.460931783615864,1.5656116270532336
s07,530.0,-3.4735872747447316,1,True,0.8341815117348064,-0.6914313866093386,-3.0954217129727053,-3.166864054217764,-2.4846343642242346,-3.03967909388374,-3.267208358770792,1.5656116270532336
s07,531.0,-3.4454028615344274,1,True,0.8710878995477003,-0.694314607899666,-3.23464337792351,-3.349295485190177,-2.6578640985808386,-3.4828303325133634,-3.4735872747447316,1.5656116270532336
s07,532.0,-3.6617745169803335,1,True,0.836941334766038,-0.7043122027387334,-3.239015801199028,-3.328521355678089,-2.634206747778423,-3.320222234612059,-3.4454028615344274,1.5656116270532336
s07,533.0,-3.934062754181445,1,True,0.8344756402369745,-0.7167299945199676,-3.405292153787072,-3.520136361473641,-2.815824158734908,-3.675838099053315,-3.6617745169803335,1.5656116270532336
s07,534.0,-4.0596937071032855,1,True,0.857197076950702,-0.725687605872945,-3.642470388538163,-3.761106662004037,-3.0443766674840695,-3.9775195353570134,-3.934062754181445,1.5656116270532336
s07,535.0,-4.147886920263156,1,True,0.8633463493522926,-0.7338587329619701,-3.7718857059563486,-3.8755160172956518,-3.149828411422707,-4.020155209962539,-4.0596937071032855,1.5656116270532336
s07,536.0,-3.743441393065128,1,True,0.9254876168896222,-0.7274305395382867,-3.857430032268951,-3.957714507187905,-3.2238557742259353,-4.08552594427333,-4.147886920263156,1.5656116270532336
s07,537.0,-3.9046935160700293,1,True,0.8498406312961376,-0.7362172249231751,-3.557601420192152,-3.611804003240418,-2.884373463702131,-3.365243519851735,-3.743441393065128,1.5656116270532336
s07,538.0,-3.662758349697258,1,True,0.9038573910523778,-0.7334217146123515,-3.6453921130013383,-3.7559420267247114,-3.0197248018015364,-3.8868342392299793,-3.9046935160700293,1.5656116270532336
s07,539.0,-3.8606934853885537,1,True,0.8437806813138761,-0.7427403687742397,-3.479558602890613,-3.550071679992283,-2.8166499653799315,-3.3978605903401125,-3.662758349697258,1.5656116270532336
s07,540.0,-4.474899255995685,1,True,0.8000804838411948,-0.7652213698709809,-3.6095021584003844,-3.7255325527709764,-2.982792183996737,-3.8637359366309494,-3.8606934853885537,1.5656116270532336
s07,541.0,-3.8465238524306913,1,True,0.9526329782587847,-0.752710171217761,-4.110581121519034,-4.263563807538018,-3.498342437667038,-4.692148185774824,-4.474899255995685,1.5656116270532336
s07,542.0,-3.954206444249805,1,True,0.8581280211875307,-0.75962810384806,-3.6879550508615964,-3.7236086899065017,-2.970898518688741,-3.3025876168093973,-3.8465238524306913,1.5656116270532336
s07,543.0,-3.7802382009465028,1,True,0.895002995568851,-0.7584078621766916,-3.7131429810709604,-3.820912923325449,-3.0612848194773887,-3.9050889038571204,-3.954206444249805,1.5656116270532336
s07,544.0,-3.759899825859421,1,True,0.8735759512552858,-0.760994825248192,-3.594037169810494,-3.673667723476078,-2.9152598612993863,-3.558725291388598,-3.7802382009465028,1.5656116270532336
s07,545.0,-3.3993493059156448,1,True,0.9204933521663702,-0.7531998108133802,-3.56297507352772,-3.6591831204093728,-2.898188295161181,-3.636045455669944,-3.759899825859421,1.5656116270532336
s07,546.0,-3.909578801722298,1,True,0.7981826036345425,-0.7700246670951507,-3.288865866889919,-3.348750258996615,-2.5955504481832348,-3.056865826947697,-3.3993493059156448,1.5656116270532336
s07,547.0,-3.813842209197902,1,True,0.884559789725062,-0.7706244313982439,-3.638445692311142,-3.7938500657614638,-3.023825398666313,-4.072659971143733,-3.909578801722298,1.5656116270532336
s07,548.0,-3.8520876969541904,1,True,0.8664067374384502,-0.774764340484093,-3.6251296810222673,-3.7140907274258854,-2.9434662960276414,-3.642283399830728,-3.813842209197902,1.5656116270532336
s07,549.0,-4.1313843560589,1,True,0.8375020239710692,-0.7861958804815676,-3.6468297268481304,-3.750333022809748,-2.9755686823256546,-3.76280438586918,-3.8520876969541904,1.5656116270532336
s07,550.0,-3.683604921469324,1,True,0.9313567610264333,-0.7768180347150306,-3.868444541013351,-3.996199780353889,-3.210003899872321,-4.1780018659613996,-4.1313843560589,1.5656116270532336
s07,551.0,-3.552909463664532,1,True,0.8875688957482653,-0.7750763345783022,-3.5576428288928934,-3.6109661348888134,-2.834148100173783,-3.2752396136671775,-3.683604921469324,1.5656116270532336
s07,552.0,-3.5469551190068955,1,True,0.8689696801081284,-0.7764993383055497,-3.4123789732559517,-3.4995216614319773,-2.724445326853675,-3.3623955565536767,-3.552909463664532,1.5656116270532336
s07,553.0,-3.8869121709494796,1,True,0.8234379544284711,-0.7882283016943763,-3.394201767961259,-3.4959467246552616,-2.719447386349712,-3.434183457322899,-3.5469551190068955,1.5656116270532336
s07,554.0,-4.192658492830827,1,True,0.8350952967407751,-0.8002172209872398,-3.6538566484108426,-3.793027849735374,-3.0047995480409977,-3.966134362139106,-3.8869121709494796,1.5656116270532336
s07,555.0,-3.9645842856907487,1,True,0.902770859502581,-0.7973051527298776,-3.9296936442330033,-4.061653227602826,-3.261436006615586,-4.253411424601032,-4.192658492830827,1.5656116270532336
s07,556.0,-4.214857408388999,1,True,0.842969593935883,-0.807731848144207,-3.7897795998639325,-3.8673008945780216,-3.0699957418481443,-3.7047775181065896,-3.9645842856907487,1.5656116270532336
s07,557.0,-4.305415876683665,1,True,0.864931933354788,-0.8142602909662674,-3.960962655843313,-4.087801115948317,-3.2800692678041106,-4.245152841960813,-4.214857408388999,1.5656116270532336
s07,558.0,-4.724907001592016,1,True,0.8307341748612289,-0.8308972331375076,-4.060361699303893,-4.170342262550674,-3.3560819715844072,-4.242936996361376,-4.305415876683665,1.5656116270532336
s07,559.0,-4.82595905803696,1,True,0.8691140643829653,-0.8395032915196045,-4.398447939527857,-4.539090445300399,-3.7081932121628913,-4.84532294399566,-4.724907001592016,1.5656116270532336
s07,560.0,-4.605119355434729,1,True,0.903366584588389,-0.8386813536335509,-4.5226381112057235,-4.632517284969847,-3.7930139934502423,-4.764480010786317,-4.82595905803696,1.5656116270532336
s07,561.0,-4.871985808625091,1,True,0.8509996262960198,-0.8514511011013648,-4.365282916054317,-4.446327559697961,-3.60764620606441,-4.341275053246253,-4.605119355434729,1.5656116270532336
s07,562.0,-5.083698869511167,1,True,0.8596543166352463,-0.8634691003481564,-4.556232362363345,-4.683098894618114,-3.8316477935167494,-4.907600322807147,-4.871985808625091,1.5656116270532336
s07,563.0,-5.1352176216029815,1,True,0.8769605387510584,-0.8713409093782483,-4.751639826313875,-4.872823987266586,-4.0093548869184295,-5.085685999044835,-5.083698869511167,1.5656116270532336
s07,564.0,-5.081211235396502,1,True,0.8874560972499942,-0.8760590627416922,-4.816730140560977,-4.923939456615039,-4.052598547236791,-5.039935737605496,-5.1352176216029815,1.5656116270532336
s07,565.0,-5.39613735838331,1,True,0.8523930916616961,-0.8914434068960676,-4.784730780610336,-4.883325886570798,-4.007266823829106,-4.9201154256451485,-5.081211235396502,1.5656116270532336
s07,566.0,-5.710516125007887,1,True,0.8559359686341612,-0.9078673305245785,-5.031468798807033,-5.163052004057526,-4.271608597161459,-5.4554722460279494,-5.39613735838331,1.5656116270532336
s07,567.0,-5.574325114817684,1,True,0.8973043944124249,-0.9117963360903071,-5.312567235046017,-5.44335826262673,-4.535490932102151,-5.76710364072437,-5.710516125007887,1.5656116270532336
s07,568.0,-5.667574609210035,1,True,0.8765280821143782,-0.9218344247438566,-5.23933417718439,-5.3329716540917165,-4.421175318001409,-5.353325795217897,-5.574325114817684,1.5656116270532336
s07,569.0,-4.998478609111437,1,True,0.9474911898932448,-0.9091503460516153,-5.3074605677900335,-5.421281232186146,-4.49944680744229,-5.591950787714107,-5.667574609210035,1.5656116270532336
s07,570.0,-4.835535536654226,1,True,0.8977455824243024,-0.9088072131929567,-4.799234895730196,-4.8469732986095115,-3.9378229525578963,-4.410651188115967,-4.998478609111437,1.5656116270532336
s07,571.0,-4.890431400195433,1,True,0.8747455831873819,-0.9142243706963002,-4.616929931143677,-4.709859483417316,-3.8010522702243588,-4.606969776883544,-4.835535536654226,1.5656116270532336
s07,572.0,-4.961230933584626,1,True,0.8736017783930381,-0.9202206495670279,-4.64684433083959,-4.761354971227038,-3.847130600530738,-4.800060182889448,-4.890431400195433,1.5656116270532336
s07,573.0,-4.8104521801121045,1,True,0.8963763818644674,-0.9197308522737552,-4.710464502963255,-4.826778756554531,-3.906558106987503,-4.879838139251656,-4.961230933584626,1.5656116270532336
s07,574.0,-5.4276790898392,1,True,0.8211671070999882,-0.9415693631402049,-4.604422889000726,-4.699728727624209,-3.779997875350454,-4.590227174206621,-4.8104521801121045,1.5656116270532336
s07,575.0,-5.179032302450064,1,True,0.9071020066581903,-0.9397507311997996,-5.071269794053858,-5.239653367130243,-4.298084003990038,-5.651105620314757,-5.4276790898392,1.5656116270532336
s07,576.0,-4.834619608700761,1,True,0.916544551057002,-0.933915529925731,-4.941825360666421,-5.029126317836381,-4.0893755866365815,-4.88848555593179,-5.179032302450064,1.5656116270532336
s07,577.0,-4.792897536161041,1,True,0.8845667173084535,-0.9356764862743235,-4.656258651383167,-4.734198991207957,-3.800283461282226,-4.483332808912954,-4.834619608700761,1.5656116270532336
s07,578.0,-4.794742766733268,1,True,0.879815839792393,-0.9384905874073419,-4.592931187284717,-4.700939395632654,-3.76526290935833,-4.64329628312805,-4.792897536161041,1.5656116270532336
s07,579.0,-4.6259325488921395,1,True,0.8977065647939071,-0.9361094936429779,-4.592510637927308,-4.705302341037604,-3.766811753630262,-4.672564438895947,-4.794742766733268,1.5656116270532336
s07,580.0,-4.944222666563035,1,True,0.8461717000697548,-0.9475993991146127,-4.465467961674769,-4.561225817508545,-3.6251163238655666,-4.396354701723117,-4.6259325488921395,1.5656116270532336
s07,581.0,-5.330424799663719,1,True,0.8441637714375094,-0.9623157084128773,-4.694113551807508,-4.8398811563882305,-3.8922817572736177,-5.008472213846731,-4.944222666563035,1.5656116270532336
s07,582.0,-5.928182755639344,1,True,0.8313644689950668,-0.9847981904083609,-5.028803038437716,-5.17876668912322,-4.216450980710343,-5.430479235240985,-5.330424799663719,1.5656116270532336
s07,583.0,-6.17561095429149,1,True,0.8662878946409517,-0.9989767138579289,-5.536921540200347,-5.702993505972558,-4.718195315564198,-6.141268293690029,-5.928182755639344,1.5656116270532336
s07,584.0,-5.5832959207245185,1,True,0.93747850395522,-0.9887298637405117,-5.791282311690482,-5.92485759130509,-4.9258808774471605,-6.188422402737025,-6.17561095429149,1.5656116270532336
s07,585.0,-5.366148235563757,1,True,0.9043493884291598,-0.9871912586858964,-5.355618200452396,-5.4174350707176036,-4.428705206977092,-5.045017678226406,-5.5832959207245185,1.5656116270532336
s07,586.0,-5.775682702825116,1,True,0.8475018552315288,-1.0034529095764175,-5.139202225510388,-5.233627673141081,-4.246436414455185,-5.0942124440447145,-5.366148235563757,1.5656116270532336
s07,587.0,-5.828218383145573,1,True,0.8812358297994788,-1.010490165842759,-5.4406184671946,-5.5936431742675286,-4.590190264691111,-5.886229331190557,-5.775682702825116,1.5656116270532336
s07,588.0,-5.843241463558792,1,True,0.8846789516984499,-1.0164440794361735,-5.524767651069539,-5.644777677111642,-4.634287511268883,-5.725282247550188,-5.828218383145573,1.5656116270532336
s07,589.0,-5.706239294381202,1,True,0.8977369083308898,-1.0177310096599184,-5.546124223475889,-5.663341620256373,-4.646897540820199,-5.716433655983734,-5.843241463558792,1.5656116270532336
s07,590.0,-5.738430296731834,1,True,0.8825896991438308,-1.0233949565186535,-5.44555574857198,-5.549632068107329,-4.53190105844741,-5.482911249155088,-5.706239294381202,1.5656116270532336
s07,591.0,-5.39315798152834,1,True,0.9162238738938164,-1.0177202038171964,-5.462159295170702,-5.582316404910243,-4.558921448391589,-5.6237917258172745,-5.738430296731834,1.5656116270532336
s07,592.0,-5.4181586182267445,1,True,0.8814569944081201,-1.021660122955061,-5.201567324162123,-5.2868279802979234,-4.269107776480727,-5.033455204615027,-5.39315798152834,1.5656116270532336
s07,593.0,-5.048205047585382,1,True,0.9188676657951741,-1.013753688547588,-5.190642199499353,-5.3117528611678155,-4.2900927382127545,-5.302931639600319,-5.4181586182267445,1.5656116270532336
s07,594.0,-4.8498327820085425,1,True,0.9015000878598005,-1.0094491957749088,-4.911067671370567,-4.993315874431185,-3.979562185883597,-4.676167074007412,-5.048205047585382,1.5656116270532336
s07,595.0,-4.882745312202032,1,True,0.8770701207582353,-1.0112564877540844,-4.72307158913569,-4.822502246229513,-3.813053050454604,-4.5976020693230435,-4.8498327820085425,1.5656116270532336
s07,596.0,-4.942494566766408,1,True,0.8746372902791784,-1.0139732578942129,-4.727621924173398,-4.851935562095459,-3.8406790743413746,-4.778874195526341,-4.882745312202032,1.5656116270532336
s07,597.0,-5.25294571204338,1,True,0.8511289171520019,-1.0244174946219429,-4.777690052591648,-4.904804487785716,-3.8908312298915035,-4.854520146573753,-4.942494566766408,1.5656116270532336
s07,598.0,-4.630292330561218,1,True,0.9455052699343109,-1.0080512354167215,-5.0233281623557975,-5.1758343040686,-4.151416809446657,-5.310751833677643,-5.25294571204338,1.5656116270532336
s07,599.0,-4.683075349225882,1,True,0.8732462451938091,-1.0094386840892446,-4.58189358017536,-4.636827060141779,-3.628775824725057,-4.081555153581415,-4.630292330561218,1.5656116270532336
s08,350.0,2.293995416908033,0,False,0.9668747849237997,0.10352364621503038,2.5621473747062864,2.5629589821222836,2.4513664289508257,2.489776945466649,2.6766177457601676,1.6416719521061587
s08,351.0,1.8873622757987698,0,False,0.9339897698469839,0.0924030023824488,2.254621160505143,2.2580504035514886,2.154526757336458,2.0023686939143426,2.293995416908033,1.6416719521061587
s08,352.0,1.7864489871788791,0,False,0.9855105153647502,0.08805259938796399,1.9253628768742779,1.9314624203283728,1.839059417945924,1.5895305253232497,1.8873622757987698,1.6416719521061587
s08,353.0,1.5007776782386326,0,False,0.9204179421006197,0.0776112351342114,1.847547316577793,1.8488231533637185,1.7607705539757545,1.7089224212369625,1.7864489871788791,1.6416719521061587
s08,354.0,1.385926435490364,0,False,0.9477156675905271,0.07068631699106165,1.6105805784539295,1.6167570402620226,1.5391458051278113,1.2998436974810275,1.5007776782386326,1.6416719521061587
s08,355.0,1.7798739098208505,0,False,0.8980542203477182,0.07846062987228355,1.5170343602190919,1.520730147113454,1.4500438301223924,1.3048354329386394,1.385926435490364,1.6416719521061587
s08,356.0,1.4143021644442646,0,False,0.8924963151837148,0.0658657882947492,1.8261314869444036,1.8341302170287428,1.7556695871564592,2.051874882227284,1.7798739098208505,1.6416719521061587
s08,357.0,1.6735135331741378,0,False,0.9360661338492346,0.06993348619871212,1.5308427880970261,1.537923603042041,1.4720578147472918,1.1673886478528965,1.4143021644442646,1.6416719521061587
s08,358.0,1.468258237682069,0,False,0.9348882069465734,0.061688583116285924,1.7386172222835237,1.7430883404296087,1.6731548542308965,1.8617307297205343,1.6735135331741378,1.6416719521061587
s08,359.0,1.1486520916825245,0,False,0.8630940444746291,0.048879974914279964,1.5715890441584293,1.575605698416056,1.5139171152997701,1.3223616848450173,1.468258237682069,1.6416719521061587
s08,360.0,1.2802370174372766,0,False,0.9944069501912715,0.04784171797027737,1.3081536225656674,1.314845582237363,1.2659656073230832,0.9507075407841536,1.1486520916825245,1.6416719521061587
s08,361.0,1.4368491065724753,0,False,0.975519066883852,0.04847045075537736,1.4156237659575996,1.4158913470691425,1.368049629098865,1.3822412185054491,1.2802370174372766,1.6416719521061587
s08,362.0,1.298715559271176,0,False,0.9316911110412102,0.04129130979416706,1.5368336561151341,1.5380202579781859,1.4895498072228086,1.5566650092899614,1.4368491065724753,1.6416719521061587
s08,363.0,0.8858674078590926,0,False,0.781623946120993,0.025157032442094378,1.4208560894324886,1.4236766529281812,1.3823853431340143,1.204586770635244,1.298715559271176,1.6416719521061587
s08,364.0,1.0468057011363547,0,False,0.9927680827009087,0.02394360115873098,1.0817597171097904,1.0872534105818012,1.0620963781397068,0.6740060702502748,0.8858674078590926,1.6416719521061587
s08,365.0,1.0462283210919474,0,False,0.9371375871438089,0.019003557563205695,1.2107232827993677,1.2108964409427903,1.1869528397840592,1.1717727436922425,1.0468057011363547,1.6416719521061587
s08,366.0,1.2383612921644913,0,False,0.9786625271906739,0.019989142408319005,1.204313854512773,1.2055084639940477,1.186504906430842,1.0546266705317424,1.0462283210919474,1.6416719521061587
s08,367.0,1.01486897933298,0,False,0.8638742938341132,0.0097686684392672,1.3551249271854204,1.3555514449680397,1.3355623025597207,1.3863122040727884,1.2383612921644913,1.6416719521061587
s08,368.0,0.9489763630019278,0,False,0.8992716694489787,0.0030796125232306288,1.1706151266468843,1.17194489353648,1.1621762250972127,0.885137506957397,1.01486897933298,1.6416719521061587
s08,369.0,0.6986000325714594,0,False,0.7727621243550207,-0.009386470320157145,1.1138259231228425,1.1141361273510515,1.1110565148278209,0.9193319189151019,0.9489763630019278,1.6416719521061587
s08,370.0,0.9929313836808331,0,False,0.9602555173948996,-0.006821346520823715,0.9095602186117426,0.9074272570363855,0.9168137273565427,0.5980829799241179,0.6986000325714594,1.6416719521061587
s08,371.0,1.0818974040548928,0,False,0.9716640557153254,-0.00851449297271031,1.1386067300059195,1.1383356191177791,1.145156965638603,1.2182493650951716,0.9929313836808331,1.6416719521061587
s08,372.0,1.0854534045280442,0,False,0.9441560527084565,-0.012120769026175184,1.2059038725086935,1.2056626063102065,1.2141770992829168,1.1527100571117157,1.0818974040548928,1.6416719521061587
s08,373.0,1.7891704190584357,0,False,0.8099858507286422,0.005409890929080466,1.2054919588032118,1.2048150872165813,1.2169358562427564,1.0954006007129475,1.0854534045280442,1.6416719521061587
s08,374.0,2.3883575197000186,0,False,0.84952480768914,0.024011864296618557,1.7672637849595427,1.7682917407820828,1.7628818498530023,2.226383749031593,1.7891704190584357,1.6416719521061587
s08,375.0,2.3940354316526324,1,False,0.9640598460534574,0.028280575628829983,2.248131864014476,2.2517450539122517,2.227733189615633,2.7590902877566554,2.3883575197000186,1.6416719521061587
s08,376.0,1.9722399375291342,1,False,0.9382636520803186,0.019635212509694983,2.25940229992517,2.2604187081669673,2.2321381325381373,2.3924634463946717,2.3940354316526324,1.6416719521061587
s08,377.0,2.244169921838397,1,False,0.9183387947580295,0.029224020107669123,1.9233307955949506,1.924543001905926,1.904907789396231,1.6610547597780008,1.9722399375291342,1.6416719521061587
s08,378.0,2.234274090256721,1,False,0.972815970378154,0.03189936302138811,2.142709524428747,2.1450959931327547,2.1158719730250857,2.4274295508390633,2.244169921838397,1.6416719521061587
s08,379.0,2.0291112869775327,1,False,0.9809103306772754,0.028569878118078533,2.1392269638585604,2.140094117087852,2.1081947540664636,2.223378224635985,2.234274090256721,1.6416719521061587
s08,380.0,2.081136003519555,1,False,0.9672644976121996,0.03167599875309818,1.977053259493036,1.9775986490189006,1.949028770900822,1.8714549810475134,2.0291112869775327,1.6416719521061587
s08,381.0,2.148039757735094,1,False,0.9617051874107168,0.03548521996684549,2.020028787544032,2.0210657172768505,1.9893897185237521,2.117172354513649,2.081136003519555,1.6416719521061587
s08,382.0,2.3330090197879163,1,False,0.9333943112118696,0.043172117773962626,2.075420193035692,2.076779092884012,2.0412938729171666,2.193868438609628,2.148039757735094,1.6416719521061587
s08,383.0,2.613924184202302,1,False,0.9106749974948942,0.054750870571866964,2.2250902489647144,2.2279657576054914,2.1847936398315286,2.4570788984150216,2.3330090197879163,1.6416719521061587
s08,384.0,2.824611110188417,1,False,0.9193768203287438,0.06576482108085843,2.4525888049043796,2.457479426555368,2.402728555983501,2.793527013403338,2.613924184202302,1.6416719521061587
s08,385.0,3.125124613041434,1,False,0.9018833715144723,0.08056020968373077,2.6266428239596395,2.63194499294569,2.5661801718648314,2.954049213101916,2.824611110188417,1.6416719521061587
s08,386.0,2.921034660757736,1,False,0.9787426305669582,0.08179485689680632,2.871975457490963,2.8798797536552176,2.799319543971487,3.3034222410691143,3.125124613041434,1.6416719521061587
s08,387.0,3.108899212268425,1,False,0.9186989249099704,0.09337841109297357,2.721041995572072,2.7227807390628502,2.640985882166044,2.760113655749182,2.921034660757736,1.6416719521061587
s08,388.0,3.3878041090685906,1,True,0.9027385812683197,0.10860922730493797,2.872518470124387,2.8801102353364443,2.786731824243471,3.2166032975595726,3.108899212268425,1.6416719521061587
s08,389.0,2.9259835030337418,1,False,0.9870042307902133,0.10303724053339172,3.101152907883587,3.1117163954186164,3.0031071681136785,3.5457183097564147,3.3878041090685906,1.6416719521061587
s08,390.0,2.9486238601288064,1,True,0.9457393830256615,0.10906008280878556,2.746523402751027,2.7478624509490124,2.6448252104156205,2.5687038266876754,2.9259835030337418,1.6416719521061587
s08,391.0,3.5227603930241775,1,True,0.8610193769227975,0.1315994018792809,2.765532089960523,2.771449757341,2.6623896745322146,2.9497040220759922,2.9486238601288064,1.6416719521061587
s08,392.0,3.12838470143542,1,True,0.9967031003139167,0.12826875984310188,3.2211163357716184,3.239406102641388,3.107806700762107,3.8486025607206766,3.5227603930241775,1.6416719521061587
s08,393.0,3.5898214258735424,1,True,0.8768234611621836,0.14805987788324582,2.9296946019680172,2.930117491202078,2.801848731358976,2.822358888428329,3.12838470143542,1.6416719521061587
s08,394.0,3.4914980339528947,1,True,0.9501761967144045,0.15356803639209848,3.2896552470260647,3.3078927503244726,3.159832872441227,3.850745817746781,3.5898214258735424,1.6416719521061587
s08,395.0,3.3831331785004854,1,True,0.9537122194891999,0.15794839288777385,3.229469951675151,3.237121295311306,3.0835532589192076,3.3986936006670327,3.4914980339528947,1.6416719521061587
s08,396.0,3.2890927177000284,1,True,0.9539864990374327,0.1618982192914796,3.1501207570344807,3.157431837576504,2.99948344468873,3.2851964747069866,3.3831331785004854,1.6416719521061587
s08,397.0,2.8050881928782356,1,True,0.9788325959767726,0.15339812219908497,3.0809752587555175,3.0884247626247237,2.926526543333244,3.2028098797820688,3.2890927177000284,1.6416719521061587
s08,398.0,2.716415759880544,1,True,0.9686354473119992,0.15375762449337718,2.7011853100418115,2.7044323500708036,2.551034227871719,2.432166412044706,2.8050881928782356,1.6416719521061587
s08,399.0,2.597600074628043,1,True,0.9773152333409686,0.15260564218878872,2.631176945666388,2.635999484780992,2.482241860287615,2.642436274522127,2.716415759880544,1.6416719521061587
s08,400.0,2.538603134019617,1,True,0.9698954327068179,0.15248363921450975,2.5392080764450116,2.542669899828916,2.390064257640127,2.50280559780604,2.597600074628043,1.6416719521061587
s08,401.0,2.9914901413879855,1,True,0.8788298273875014,0.16732500721577945,2.4921874207011534,2.496777874678996,2.3442942354644862,2.488361413244356,2.538603134019617,1.6416719521061587
s08,402.0,3.6162441656777795,1,True,0.8542738543633872,0.18992321763892192,2.842695684899641,2.8629704849063646,2.695645477690585,3.2644205439792318,2.9914901413879855,1.6416719521061587
s08,403.0,3.3068272583205363,1,True,0.9805169353847426,0.18802038721115683,3.3425781607726157,3.3702549392460392,3.1803317216071174,3.9667751111158154,3.6162441656777795,1.6416719521061587
s08,404.0,3.3471319284738708,1,True,0.9353477288885687,0.1945851816862469,3.1246422326178482,3.128305445970869,2.940285058759712,3.0643160747578015,3.3068272583205363,1.6416719521061587
s08,405.0,3.0182223363194316,1,True,0.9922156504383423,0.19014768965942958,3.153558363292695,3.166138737213341,2.971553555527094,3.352096851119656,3.3471319284738708,1.6416719521061587
s08,406.0,2.98283632398958,1,True,0.9532921612652858,0.1924368165942218,2.9050519167451894,2.90653209282984,2.7163844031704105,2.762689897859444,3.0182223363194316,1.6416719521061587
s08,407.0,2.8390120312356144,1,True,0.9728772699265718,0.19116611850983645,2.872380326252354,2.8813686340484588,2.688931817454237,2.9429383449252295,2.98283632398958,1.6416719521061587
s08,408.0,2.7475959849099274,1,True,0.9680616446487791,0.19053844087670804,2.7633336256493477,2.768518572680875,2.5773524541710384,2.723362082824661,2.8390120312356144,1.6416719521061587
s08,409.0,2.8991481505032746,1,True,0.9274226872771153,0.1966037846974522,2.690884538712348,2.696970023145136,2.5064315822684278,2.671237814626332,2.7475959849099274,1.6416719521061587
s08,410.0,2.5475814989258483,1,True,0.9852376879863324,0.1884129284764529,2.806341065261335,2.8206100396258247,2.6240062549283727,2.988220509978981,2.8991481505032746,1.6416719521061587
s08,411.0,2.49194381098432,1,True,0.9709847895472657,0.18698106452967783,2.5368911987725777,2.539672609210156,2.351259680733703,2.2759631308248562,2.5475814989258483,1.6416719521061587
s08,412.0,3.3510867358114327,1,True,0.8158760378145665,0.21266136133061048,2.4896515475090077,2.4950768424470127,2.308095777917335,2.4446979285213706,2.49194381098432,1.6416719521061587
s08,413.0,3.1330949910235617,1,True,0.9740766445606844,0.21103571897615178,3.1481270170535773,3.1872830695055177,2.974621708174907,3.8255730383779634,3.3510867358114327,1.6416719521061587
s08,414.0,3.3747283066365243,1,True,0.9079766477776147,0.2217814069166971,3.011067954664937,3.0165387086183473,2.8055029896421955,2.9598681132519293,3.1330949910235617,1.6416719521061587
s08,415.0,3.3930526174760405,1,True,0.9374023171298977,0.22713065571676994,3.194335255615208,3.2147443241402796,2.9929629172235823,3.509806212378243,3.3747283066365243,1.6416719521061587
s08,416.0,4.119187549156402,1,True,0.8440773628732444,0.25367699316970455,3.2200917813019463,3.234309634058583,3.007178978341813,3.3822239904182734,3.3930526174760405,1.6416719521061587
s08,417.0,3.8385954292249163,1,True,0.9638442211536263,0.2541090402587138,3.784639873837869,3.8241938595912757,3.570516866421571,4.509138128367195,4.119187549156402,1.6416719521061587
s08,418.0,3.5133913508905947,1,True,0.9766346244741605,0.25130253250014783,3.597754099247,3.6069416095094584,3.3528325692507446,3.6112185428239183,3.8385954292249163,1.6416719521061587
s08,419.0,3.0531354450289783,1,True,0.9923036333930645,0.2423413748718835,3.345968921261995,3.351840699304456,3.100538166804308,3.2573454322171718,3.5133913508905947,1.6416719521061587
s08,420.0,3.767317940285222,1,True,0.8428769917259985,0.26578656857359384,2.9839463354965012,2.985811483561544,2.7434701086896607,2.6964322156392804,3.0531354450289783,1.6416719521061587
s08,421.0,3.9430953811172094,1,True,0.9109088194914023,0.277179775241291,3.5215606403141955,3.5633218255273027,3.297535256953709,4.160513037234162,3.767317940285222,1.6416719521061587
s08,422.0,4.394213117391811,1,True,0.8774106941858453,0.2976736561513436,3.6863894803340362,3.7110837537233907,3.4339039784820997,4.021950389094597,3.9430953811172094,1.6416719521061587
s08,423.0,4.719692662617578,1,True,0.8900212206461491,0.31681774791554407,4.045064663610807,4.081556270477562,3.783882614326218,4.626468122529999,4.394213117391811,1.6416719521061587
s08,424.0,4.583861111849238,1,True,0.9365301923433536,0.3237373270865378,4.318365243622726,4.353208472816113,4.036390724900569,4.8692815263737765,4.719692662617578,1.6416719521061587
s08,425.0,4.4546476512174245,1,True,0.9375962495602023,0.3297342720897797,4.234201938561237,4.254749484442696,3.9310121573561587,4.443734704147486,4.583861111849238,1.6416719521061587
s08,426.0,4.359095582140328,1,True,0.93553279875238,0.33569207360867875,4.1399255429500865,4.160502198177025,3.8307679260872454,4.321726601268172,4.4546476512174245,1.6416719521061587
s08,427.0,4.092861871537803,1,True,0.9571958583740399,0.33570801812601864,4.070689259159911,4.092330387626473,3.756638314017794,4.250906164743419,4.359095582140328,1.6416719521061587
s08,428.0,3.645405801835921,1,True,0.986763863706922,0.32849615208468014,3.871431642994368,3.8858013365472046,3.550093318421186,3.871925115167124,4.092861871537803,1.6416719521061587
s08,429.0,3.5480676735929526,1,True,0.9489210925611034,0.32899463526050715,3.5271035478913078,3.5314515677320526,3.2029554156473723,3.2970063300411985,3.645405801835921,1.6416719521061587
s08,430.0,3.5241047459179153,1,True,0.9404136925329121,0.33102473339161154,3.4396301216920695,3.4564348082144343,3.127440172953927,3.4549244738198768,3.5480676735929526,1.6416719521061587
s08,431.0,3.3550524275764024,1,True,0.9619430942237539,0.3284800745912948,3.420149846043876,3.4398743875869595,3.108849654195348,3.4818784499534026,3.5241047459179153,1.6416719521061587
s08,432.0,3.5153359180665316,1,True,0.9172669774391219,0.3347548007456239,3.2936774443407986,3.3061783795888937,2.977698304997599,3.21453136263024,3.3550524275764024,1.6416719521061587
s08,433.0,3.5432633941874756,1,True,0.9336590222791277,0.3379486554948344,3.4091062927313445,3.4368015692137943,3.1020467684681705,3.5952039967654947,3.5153359180665316,1.6416719521061587
s08,434.0,3.577253549049963,1,True,0.9323719485257158,0.3414164123897266,3.4392418083285734,3.461661652553555,3.1237129970587207,3.535658880441103,3.5432633941874756,1.6416719521061587
s08,435.0,3.364645775503037,1,True,0.9670923498236842,0.33761081312544705,3.468409757601098,3.491499084312356,3.1500826719226294,3.5729511601181327,3.577253549049963,1.6416719521061587
s08,436.0,3.4297081139198475,1,True,0.9307557758486591,0.34081950646527365,3.311641690724886,3.32275166925896,2.985140856133513,3.192643192160552,3.364645775503037,1.6416719521061587
s08,437.0,4.03208306321207,1,True,0.8591194201284087,0.3604889201463701,3.3528361582080275,3.376435940508858,3.0356164340435847,3.4493999769814154,3.4297081139198475,1.6416719521061587
s08,438.0,4.256500193488919,1,True,0.9029527683075145,0.3722810308258091,3.812643949400114,3.8634298375076184,3.5029409173612485,4.359024749989787,4.03208306321207,1.6416719521061587
s08,439.0,4.355452776127403,1,True,0.9155991019115516,0.38146484904691225,4.013196658637361,4.049325502090632,3.6770444712648223,4.357472905728109,4.256500193488919,1.6416719521061587
s08,440.0,4.454908746583617,1,True,0.9146477207093753,0.39105379958204367,4.103081086230503,4.135277062079237,3.753812213032325,4.374962247693842,4.355452776127403,1.6416719521061587
s08,441.0,4.158402120326989,1,True,0.9590444393756032,0.3891451346622458,4.188646951200665,4.222024284320252,3.830970484738208,4.4722268311481415,4.454908746583617,1.6416719521061587
s08,442.0,4.248807768079123,1,True,0.9175234312206904,0.3969068238412609,3.9741471382909377,3.9900847954452865,3.6009396607830406,3.91496115017012,4.158402120326989,1.6416719521061587
s08,443.0,3.7795214395387866,1,True,0.9854554232646409,0.3882529624485416,4.035247973007243,4.067983485962764,3.671076662121503,4.265510830906259,4.248807768079123,1.6416719521061587
s08,444.0,4.300494230765661,1,True,0.8694994162690848,0.40641011733370214,3.6896087595885816,3.695255734593645,3.307002772145103,3.413870266175692,3.7795214395387866,1.6416719521061587
s08,445.0,4.1461089075218505,1,True,0.9446840246937841,0.4072658253008987,4.064548551069101,4.117585308615299,3.7111751912815967,4.575015434620494,4.300494230765661,1.6416719521061587
s08,446.0,3.9852418063945216,1,True,0.9480565309256529,0.40686302836808286,3.976140064486307,3.9986683708217168,3.5914025455208183,4.002277479053685,4.1461089075218505,1.6416719521061587
s08,447.0,4.298411599775788,1,True,0.8929520156807218,0.41961144606083967,3.852330466219029,3.8734643433505616,3.4666013149824786,3.839983198388725,3.9852418063945216,1.6416719521061587
s08,448.0,4.5168256316273725,1,True,0.9019333997653043,0.431241087250245,4.08425236581575,4.129170925313861,3.7095594792530213,4.452326149723162,4.298411599775788,1.6416719521061587
s08,449.0,4.202925908045912,1,True,0.9599473725381944,0.42802145758940924,4.267956549432292,4.310246896740438,3.879005809490193,4.607106114816648,4.5168256316273725,1.6416719521061587
s08,450.0,4.213649103432543,1,True,0.926390824805331,0.43252584607621314,4.046359436552593,4.06350282053908,3.635481362949671,3.9464276104705465,4.202925908045912,1.6416719521061587
s08,451.0,3.489450824322291,1,True,0.9783784124271048,0.41491958181883654,4.0444884287881315,4.076326299568178,3.643800453491965,4.179409743473727,4.213649103432543,1.6416719521061587
s08,452.0,3.8534522020777136,1,True,0.8888482752979137,0.4256166096196442,3.487913388643453,3.496884608717458,3.0819650268986214,2.9309526817528835,3.489450824322291,1.6416719521061587
s08,453.0,3.9362117549315534,1,True,0.9217282771206897,0.4300037088920171,3.7426670922980443,3.7899751125191226,3.3643585028994782,4.050093547971874,3.8534522020777136,1.6416719521061587
s08,454.0,3.823436743847639,1,True,0.9455905096487172,0.42894979078691303,3.8249102162116357,3.8585673473511073,3.42856363845909,3.9556569512204782,3.9362117549315534,1.6416719521061587
s08,455.0,4.33350592874952,1,True,0.8707770312792253,0.4458543025998627,3.7466832621481942,3.7700222016511997,3.3410724108642866,3.714460671835216,3.823436743847639,1.6416719521061587
s08,456.0,4.5952536137688655,1,True,0.8970349676437965,0.45823270865330656,4.125025462055185,4.18264007865407,3.7367857760542074,4.600974088500308,4.33350592874952,1.6416719521061587
s08,457.0,5.2968948888833856,1,True,0.8531682977241756,0.48519705911641775,4.350901261106522,4.39808320677968,3.9398504981263733,4.709926167153982,4.5952536137688655,1.6416719521061587
s08,458.0,4.935046512508554,1,True,0.9521616434872462,0.4841669589317616,4.89814087520114,4.969383185330427,4.484186126214009,5.6419733790123106,5.2968948888833856,1.6416719521061587
s08,459.0,4.710461075647454,1,True,0.9431575313362838,0.4848518937585059,4.664468163162904,4.687629914755977,4.203462955824215,4.632754922221723,4.935046512508554,1.6416719521061587
s08,460.0,4.545584698307736,1,True,0.9398203735465106,0.48579701302155004,4.48652054429542,4.514080722872931,4.029228829114425,4.507407924199049,4.710461075647454,1.6416719521061587
s08,461.0,3.8644541293594723,1,True,0.9952564530963215,0.4701172108478513,4.357879119040238,4.387114201816096,3.901317188794546,4.386598954662737,4.545584698307736,1.6416719521061587
s08,462.0,4.4345746494217675,1,True,0.8641117922496018,0.48786411896795767,3.840781022378339,3.8430110454182222,3.372893834570371,3.3362056367867408,3.8644541293594723,1.6416719521061587
s08,463.0,4.423386520573565,1,True,0.9262262971535716,0.4914739342743442,4.23676436294173,4.303059343694013,3.815195224726055,4.732606136444313,4.4345746494217675,1.6416719521061587
s08,464.0,4.452470734523382,1,True,0.9218389709117137,0.4961083751639429,4.261731519552838,4.297989371536759,3.806515437262415,4.369838209176287,4.423386520573565,1.6416719521061587
s08,465.0,4.670481692615621,1,True,0.901069546275778,0.5064672026805924,4.286411100918507,4.325187442060638,3.8290790668966954,4.4245458333787155,4.452470734523382,1.6416719521061587
s08,466.0,4.6413064974783955,1,True,0.925610461208054,0.5105660007892869,4.4545748636976175,4.504679893855246,3.9982126911746536,4.756374973366454,4.670481692615621,1.6416719521061587
s08,467.0,4.5107272866593116,1,True,0.9369800469853333,0.5113034850243839,4.448163709501183,4.486144478822746,3.9755784780334595,4.570832832686309,4.6413064974783955,1.6416719521061587
s08,468.0,4.748524950094186,1,True,0.8986755961206558,0.5221918881792774,4.353355856661935,4.3855781782644065,3.8742746932400225,4.375698449090418,4.5107272866593116,1.6416719521061587
s08,469.0,4.816968329720273,1,True,0.9146271850087464,0.5292724141512632,4.528040015540354,4.580950797320748,4.058758909141471,4.8444262798785225,4.748524950094186,1.6416719521061587
s08,470.0,4.907707079837579,1,True,0.911817172378159,0.5372697288208252,4.595944448292204,4.641129924185513,4.11185751003425,4.805336458025352,4.816968329720273,1.6416719521061587
s08,471.0,5.165666121278209,1,True,0.8948597823790189,0.5506540325957784,4.672144698230066,4.719522662113106,4.182252933292281,4.907922237668727,4.907707079837579,1.6416719521061587
s08,472.0,5.156924090445896,1,True,0.9188509838646605,0.557370781937928,4.875136560886583,4.933032445707574,4.3823784131117955,5.26239532450154,5.165666121278209,1.6416719521061587
s08,473.0,4.717027817467791,1,True,0.962472031481535,0.5508926035057975,4.88773700796196,4.932967098538809,4.37559631660088,5.087288374267438,5.156924090445896,1.6416719521061587
s08,474.0,3.9482849885653613,1,True,0.9892291030867314,0.5317846751817064,4.564542052420312,4.5852159327017326,4.034323329195935,4.3629415994471,4.717027817467791,1.6416719521061587
s08,475.0,4.213979900775452,1,True,0.8986528250640589,0.5391126291549984,3.963986970415945,3.9697147683323832,3.437930093150677,3.352818462617624,3.9482849885653613,1.6416719521061587
s08,476.0,4.577944971882791,1,True,0.8864909679605946,0.5509558868218036,4.128532174385469,4.183169716322616,3.6440570871676172,4.341456439180041,4.213979900775452,1.6416719521061587
s08,477.0,4.759236494561658,1,True,0.9041760959211755,0.5594116331634847,4.414839813762735,4.477378283172291,3.9264223963504867,4.754305571238313,4.577944971882791,1.6416719521061587
s08,478.0,4.945506147759231,1,True,0.902590745310912,0.5689823997754958,4.572875587348691,4.626480594025528,4.067068960862043,4.8200795608107345,4.759236494561658,1.6416719521061587
s08,479.0,4.945783721766793,1,True,0.9198709108034063,0.5739391121690649,4.725135823821148,4.780559975314487,4.211577575538992,5.004446850769345,4.945506147759231,1.6416719521061587
s08,480.0,5.57073271328055,1,True,0.8611620441901042,0.5974891326511722,4.739742812231233,4.785732030543642,4.211792918374577,4.887167794822603,4.945783721766793,1.6416719521061587
s08,481.0,5.356993891957628,1,True,0.9343513383543607,0.5993753628750649,5.211165381365285,5.294119551161202,4.69663041851003,5.866897790222538,5.57073271328055,1.6416719521061587
s08,482.0,5.740843670957147,1,True,0.882259169288509,0.6176950781543653,5.090838304584349,5.130186494980466,4.530811132105401,5.147822627321498,5.356993891957628,1.6416719521061587
s08,483.0,5.781168095748394,1,True,0.9102640647359914,0.6277411767737451,5.373570210140775,5.446298141769069,4.828603063614704,5.8961653661541105,5.740843670957147,1.6416719521061587
s08,484.0,5.658271414012649,1,True,0.9241338143029987,0.6328604773080415,5.4312971212679155,5.487628062869437,4.859886886095691,5.726972604171075,5.781168095748394,1.6416719521061587
s08,485.0,5.565325164577674,1,True,0.9225197109270132,0.6378981209408497,5.349390999658986,5.397403710150732,4.76454323284269,5.502357371907086,5.658271414012649,1.6416719521061587
s08,486.0,5.351866612187543,1,True,0.9343831877218973,0.6385441189494522,5.280908814424516,5.330333345234129,4.692435224293279,5.431172340473012,5.565325164577674,1.6416719521061587
s08,487.0,5.4981465127541895,1,True,0.9031631685837505,0.6485271896199093,5.123478260821225,5.165377490405618,4.526833371456165,5.142994973760683,5.351866612187543,1.6416719521061587
s08,488.0,5.592907802423254,1,True,0.9069614208589015,0.6576490739012903,5.226043674913809,5.288844993043886,4.640317803423977,5.517572057805737,5.4981465127541895,1.6416719521061587
s08,489.0,5.798241485377928,1,True,0.8968949875023735,0.6704518284594031,5.31029626469827,5.371483000107506,4.713833926206215,5.577796305194579,5.592907802423254,1.6416719521061587
s08,490.0,5.883613971744095,1,True,0.9061080750114088,0.6806527184062203,5.474457362697827,5.54358430685019,4.873132478390787,5.845732182621579,5.798241485377928,1.6416719521061587
s08,491.0,5.5604400055729535,1,True,0.9408794504940217,0.6788653949281862,5.55610966086088,5.620017454840757,4.939364736434537,5.854970177211557,5.883613971744095,1.6416719521061587
s08,492.0,5.036694648258019,1,True,0.9642320867602094,0.6689409134759785,5.327375801476197,5.367510696664945,4.688645301736758,5.273002259679139,5.5604400055729535,1.6416719521061587
s08,493.0,5.095468985886842,1,True,0.9133403070672769,0.6732670981492699,4.927336209554707,4.951262830110462,4.2823219166344835,4.6179222643262055,5.036694648258019,1.6416719521061587
s08,494.0,5.569971626953681,1,True,0.8745822374762605,0.6903306567329923,4.942841220842278,5.0011863408296,4.32791924268033,5.070599236602135,5.095468985886842,1.6416719521061587
s08,495.0,5.738944518980831,1,True,0.9001088966261525,0.7009078736440179,5.299790895577651,5.3863706219466465,4.696039965213654,5.782316918514165,5.569971626953681,1.6416719521061587
s08,496.0,5.678374424340394,1,True,0.9190134107872562,0.7054179793085096,5.458023107995618,5.528037568857336,4.827129695213318,5.765857362391082,5.738944518980831,1.6416719521061587
s08,497.0,5.635505416847891,1,True,0.9179195806130505,0.7099164259870133,5.428427798117559,5.4855571942311006,4.780139214922591,5.562444536852339,5.678374424340394,1.6416719521061587
s08,498.0,5.158885929836597,1,True,0.9584303883107889,0.7009790722001997,5.398527484755682,5.45679772273038,4.746881296743367,5.532038682085216,5.635505416847891,1.6416719521061587
s08,499.0,5.4519383614024095,1,True,0.8907090889315703,0.712194301333079,5.04895796247281,5.078097390306436,4.377118318106236,4.771996078587624,5.158885929836597,1.6416719521061587
s08,500.0,5.8991316175312525,1,True,0.8768047963131551,0.7296683398280707,5.238827303647763,5.316663667698198,4.6044693663651195,5.5618213478948455,5.4519383614024095,1.6416719521061587
s08,501.0,6.111378634571221,1,True,0.8951975962322253,0.7425775473454431,5.59118007757651,5.681071717325471,4.9514033774974004,6.086569448925452,5.8991316175312525,1.6416719521061587
s08,502.0,6.5034311331458285,1,True,0.8806559521445385,0.7619211954036935,5.780818952591703,5.858642864537485,5.116065317192041,6.154472379013383,6.111378634571221,1.6416719521061587
s08,503.0,6.313771168548698,1,True,0.9238846520486039,0.765870066225532,6.091211381547732,6.18214214115408,5.420220945750387,6.642012909371954,6.5034311331458285,1.6416719521061587
s08,504.0,6.320567370848964,1,True,0.9096923831320903,0.7743185218768439,5.9806577158955845,6.0389521824719,5.273082116246368,6.098619452924337,6.313771168548698,1.6416719521061587
s08,505.0,6.411551613475743,1,True,0.9031069370911664,0.7850848756489358,5.982746293998631,6.052673154406012,5.278354632529168,6.2312439900843275,6.320567370848964,1.6416719521061587
s08,506.0,6.671253777273592,1,True,0.8900420301168263,0.8012017274069703,6.057956107094085,6.134025385339111,5.348940509690175,6.372338564273794,6.411551613475743,1.6416719521061587
s08,507.0,6.3605462110480975,1,True,0.9320156882392028,0.8014695126277499,6.2635215216095474,6.351620037022109,5.550418309615139,6.727332694745498,6.671253777273592,1.6416719521061587
s08,508.0,6.532908273385802,1,True,0.8967278880084192,0.8141315649703655,6.056352508752021,6.110839861965281,5.309370349337531,6.06442226295335,6.3605462110480975,1.6416719521061587
s08,509.0,6.692897268437969,1,True,0.897062438384751,0.8272018538072846,6.1731438877204985,6.257220973873999,5.443089408903633,6.5402699874336445,6.532908273385802,1.6416719521061587
s08,510.0,6.331367674861548,1,True,0.9358066365374231,0.8253105463838086,6.309261113849548,6.3944112556440835,5.567209401836799,6.6883650878230965,6.692897268437969,1.6416719521061587
s08,511.0,6.822644620610716,1,True,0.8732203584372459,0.8466285622846401,6.0590646307094875,6.112044090583001,5.286733544199192,6.001837927460729,6.331367674861548,1.6416719521061587
s08,512.0,6.787117148198142,1,True,0.9101756005479728,0.8548071850240337,6.407161124555117,6.514496390218353,5.667867827933713,7.00905664860552,6.822644620610716,1.6416719521061587
s08,513.0,6.560682740384571,1,True,0.9245989116650392,0.8567742867743626,6.418330139998211,6.495112682040273,5.640305497016239,6.659018919250826,6.787117148198142,1.6416719521061587
s08,514.0,6.59534132893444,1,True,0.906285444918582,0.8649921900638716,6.256809505603942,6.321411219284139,5.464636932509777,6.315616730049405,6.560682740384571,1.6416719521061587
s08,515.0,6.895395832254228,1,True,0.8867147472728829,0.8811585439162298,6.275455012268218,6.356517370508954,5.491525180445083,6.516266117430206,6.59534132893444,1.6416719521061587
s08,516.0,6.990727805353941,1,True,0.9004423824828113,0.8927163679836108,6.5056447347677,6.605467003107909,5.724308459191679,6.969141269414442,6.895395832254228,1.6416719521061587
s08,517.0,6.954031399257655,1,True,0.9094067544261539,0.9006077993196729,6.602106973340535,6.6909836880555815,5.798267320071971,6.938604973352642,6.990727805353941,1.6416719521061587
s08,518.0,6.4174028300154795,1,True,0.9468855664396331,0.893017706444763,6.588816942316322,6.67040592584581,5.769798126526138,6.820857786660723,6.954031399257655,1.6416719521061587
s08,519.0,6.861294004710114,1,True,0.8766130193397943,0.9114615983061405,6.19906547969367,6.246497609330861,5.353479902886098,5.966687449378575,6.4174028300154795,1.6416719521061587
s08,520.0,7.1453354150915445,1,True,0.8873432706355852,0.9275422483609719,6.496851251994444,6.609313746597165,5.697852148291024,7.019621620694094,6.861294004710114,1.6416719521061587
s08,521.0,7.3657625632487,1,True,0.8910748739358659,0.9431424853146496,6.741260788745112,6.845754664792775,5.918212416431803,7.2026269525848585,7.1453354150915445,1.6416719521061587
s08,522.0,7.119022985465319,1,True,0.9220653945342655,0.9457422844499216,6.929631100180248,7.0323630142895865,6.089220528974937,7.379096093565647,7.3657625632487,1.6416719521061587
s08,523.0,7.238416697629013,1,True,0.8979870911633894,0.9575885424572592,6.76983537890689,6.843541430717758,5.897799146267836,6.8473443546039965,7.119022985465319,1.6416719521061587
s08,524.0,6.808697974365034,1,True,0.9360951717620357,0.9534090698911943,6.850327333882523,6.948013726567198,5.990425184109939,7.194282439419348,7.238416697629013,1.6416719521061587
s08,525.0,7.250392661635047,1,True,0.8766080219872794,0.9726071384377589,6.5495296005643135,6.610457043416227,5.657047973525033,6.4230291816670775,6.808697974365034,1.6416719521061587
s08,526.0,7.533882941595675,1,True,0.8866856171127426,0.9894539272314447,6.852311396498355,6.972323315139483,5.999716176701724,7.396454912089782,7.250392661635047,1.6416719521061587
s08,527.0,7.387521579252645,1,True,0.9142064971196706,0.9948064905110507,7.09698344210617,7.2091028032657745,6.21964887603433,7.579972480718183,7.533882941595675,1.6416719521061587
s08,528.0,6.501402076764596,1,True,0.9686590889606428,0.9768213207261497,7.015559802752269,7.100907736261299,6.106101245750248,7.173778058841146,7.387521579252645,1.6416719521061587
s08,529.0,6.27709137232421,1,True,0.9266359956667561,0.9732700183616655,6.364853647692789,6.395468117807015,5.418646797080865,5.801558539916608,6.501402076764596,1.6416719521061587
s08,530.0,6.516133566802372,1,True,0.8919354700394655,0.9822171505540619,6.146492841211323,6.217895827055824,5.244625808694159,6.040091452399501,6.27709137232421,1.6416719521061587
s08,531.0,6.638401418239491,1,True,0.8999225473905643,0.9890004125074379,6.306149851766491,6.412292686460291,5.430075535906229,6.564178405793305,6.516133566802372,1.6416719521061587
s08,532.0,6.605576879648642,1,True,0.9109549264631738,0.991749766305829,6.414955111122179,6.513931753035605,5.524931340528167,6.612331046635467,6.638401418239491,1.6416719521061587
s08,533.0,6.6433151471861445,1,True,0.9058421726870534,0.9963127490932385,6.402905290068325,6.4912157209391586,5.4994659546333295,6.4838853322555785,6.605576879648642,1.6416719521061587
s08,534.0,6.928444682544869,1,True,0.8876880277265695,1.008414404264576,6.431245533054816,6.525056176833624,5.528743427740386,6.564890265548759,6.6433151471861445,1.6416719521061587
s08,535.0,6.5737743528286385,1,True,0.9331806071989408,1.002876766716085,6.6451052604997844,6.758362271111675,5.7499478668471,6.992445913130896,6.928444682544869,1.6416719521061587
s08,536.0,6.859388523358148,1,True,0.8877926597286141,1.0143283159495584,6.41065859896944,6.477670215575698,5.4747934488596135,6.2435723492744355,6.5737743528286385,1.6416719521061587
s08,537.0,6.7301684632354455,1,True,0.9168438812442082,1.0149123042819643,6.596887102993923,6.710702185488577,5.696373869539019,6.925607213375211,6.859388523358148,1.6416719521061587
s08,538.0,6.643441761509001,1,True,0.9144697807625418,1.0158844524478798,6.5266406545435665,6.611036822645152,5.596124518363188,6.543952766057099,6.7301684632354455,1.6416719521061587
s08,539.0,5.951194037430289,1,True,0.9632272315585384,0.9980784903307937,6.457837288062036,6.5447261079998285,5.528841655551949,6.48658162528033,6.643441761509001,1.6416719521061587
s08,540.0,6.616691771871012,1,True,0.8600904084475396,1.0168830815117083,5.953169956629193,5.9898720658405304,4.991793575509737,5.398614891048566,5.951194037430289,1.6416719521061587
s08,541.0,6.665623154451089,1,True,0.9049576569278656,1.0211026159534964,6.382700309800573,6.524972006391483,5.508088924879774,6.905648278273814,6.616691771871012,1.6416719521061587
s08,542.0,6.773355911781532,1,True,0.9004201086088819,1.0272887132156394,6.4701046845727905,6.567152669710096,5.5460500537566,6.593569517963259,6.665623154451089,1.6416719521061587
s08,543.0,6.770059776499552,1,True,0.9080677710872413,1.030682960589122,6.554620898894132,6.656918197383467,5.629629484167828,6.734720358146953,6.773355911781532,1.6416719521061587
s08,544.0,6.675509001756755,1,True,0.9148167307270748,1.0312155718795981,6.563002310204854,6.657755292074213,5.627072331485091,6.66266032512313,6.770059776499552,1.6416719521061587
s08,545.0,6.946943185055278,1,True,0.888596410133656,1.0420758144684452,6.497092785022527,6.584935098760381,5.553719526880783,6.512846933953086,6.675509001756755,1.6416719521061587
s08,546.0,6.3498686996809734,1,True,0.9516840715822954,1.0283806290315827,6.690283894265047,6.8063748809097255,5.76429906644128,7.002312607608417,6.946943185055278,1.6416719521061587
s08,547.0,6.573702696335585,1,True,0.8928794225356929,1.0357076900324305,6.279780164782212,6.329467329640655,5.301086700609073,5.858363993365575,6.3498686996809734,1.6416719521061587
s08,548.0,6.63034299750645,1,True,0.904578334971669,1.0393046135312112,6.399499941706601,6.510445547547099,5.474737857514668,6.611030492888642,6.573702696335585,1.6416719521061587
s08,549.0,7.0681779495202175,1,True,0.8769486231134522,1.0546104258809017,6.4588120278357595,6.557984204530534,5.518679590999323,6.56401496441779,6.63034299750645,1.6416719521061587
s08,550.0,7.0367202682355625,1,True,0.9086572996448011,1.0583231191886164,6.783192559661522,6.912963824645075,5.858353398764174,7.217183850785627,7.0681779495202175,1.6416719521061587
s08,551.0,7.492820081139955,1,True,0.8755740385879044,1.0763395752881448,6.795601452933984,6.8922715444890095,5.833948425300393,6.904680082905163,7.0367202682355625,1.6416719521061587
s08,552.0,7.024197925832697,1,True,0.9367194409289402,1.0691415606230024,7.130207161543,7.2641317480041145,6.1877921727159695,7.640257127918419,7.492820081139955,1.6416719521061587
s08,553.0,7.064171162077754,1,True,0.9038348475001265,1.0742654421505533,6.825719235477064,6.893375111159393,5.82423355053639,6.6077110799856404,7.024197925832697,1.6416719521061587
s08,554.0,7.3670123068275934,1,True,0.8857118916266763,1.0873905004975066,6.826203461859397,6.929510361929149,5.855244919778596,6.9759437418157555,7.064171162077754,1.6416719521061587
s08,555.0,8.23825820867352,1,True,0.8501404830082075,1.1192108292171479,7.053304781320493,7.177580584685475,6.090190084187968,7.429180436270653,7.3670123068275934,1.6416719521061587
s08,556.0,8.26529978721868,1,True,0.9002985549269398,1.1306103316325784,7.717591979092536,7.885316373371001,6.766105544153853,8.592265217038534,8.23825820867352,1.6416719521061587
s08,557.0,8.169440801382814,1,True,0.9076085808948439,1.138162711011069,7.8049713382214865,7.9176948220997865,6.787084490467208,8.136806901053259,8.26529978721868,1.6416719521061587
s08,558.0,7.463841401633916,1,True,0.9470367197787461,1.1265515685890002,7.74572301432666,7.850879482369544,6.712716771358475,7.96735522099962,8.169440801382814,1.6416719521061587
s08,559.0,6.8171484413186665,1,True,0.9498118581343509,1.1123101622592955,7.232196119231284,7.291861985642155,6.165310417053155,6.876653023054232,7.463841401633916,1.6416719521061587
s08,560.0,7.081698022657368,1,True,0.8887833164751054,1.121483681856879,6.720089255849178,6.775914036071251,5.663603873811955,6.282727358842204,6.8171484413186665,1.6416719521061587
s08,561.0,7.078359833695277,1,True,0.9066199461143314,1.1241246969218126,6.865598302474078,6.990325998197489,5.86884231634061,7.129220737025377,7.081698022657368,1.6416719521061587
s08,562.0,7.40046074948002,1,True,0.8844038870159906,1.1364272023503574,6.885406410422422,6.990377235195192,5.866252538273379,6.962825244681808,7.078359833695277,1.6416719521061587
s08,563.0,7.399591970918633,1,True,0.9050782399616483,1.1408379604997207,7.121200131992195,7.2525666992731885,6.116139496922831,7.472999202405834,7.40046074948002,1.6416719521061587
s08,564.0,7.343024534790801,1,True,0.9088260322513493,1.1434395928594399,7.148013109004299,7.256303456133496,6.115465495633775,7.277090401872318,7.399591970918633,1.6416719521061587
s08,565.0,7.2687988070326925,1,True,0.9102925510873588,1.145052960551903,7.11076795938869,7.215019883950587,6.071580291091148,7.187217902002506,7.343024534790801,1.6416719521061587
s08,566.0,7.330700900066742,1,True,0.9013713367067542,1.1502025269771021,7.056328905932464,7.159048685893442,6.013995725341539,7.10381482242699,7.2687988070326925,1.6416719521061587
s08,567.0,7.371077275472051,1,True,0.9025891985626114,1.1549681821998503,7.098779163628176,7.2122221013804415,6.062019574403339,7.2488598777940965,7.330700900066742,1.6416719521061587
s08,568.0,7.896808903029636,1,True,0.8711404009772535,1.174423092814454,7.135805506280078,7.248311882542849,6.093343700342999,7.274885041622822,7.371077275472051,1.6416719521061587
s08,569.0,7.924273628166843,1,True,0.9013876884915794,1.1818823676604278,7.5242954444779215,7.675631133301046,6.501208040486592,8.072279440303554,7.896808903029636,1.6416719521061587
s08,570.0,7.646629313029453,1,True,0.9206950433208722,1.1801493180616183,7.587849480783726,7.704397632989766,6.522515265329338,7.805249065980351,7.924273628166843,1.6416719521061587
s08,571.0,7.849827083192451,1,True,0.8910698828631614,1.1910261144687357,7.393675512411419,7.487267202955198,6.30711788489358,7.342084116738437,7.646629313029453,1.6416719521061587
s08,572.0,8.18044859538628,1,True,0.8828932110852197,1.206766007230731,7.526046889157662,7.655785503319775,6.464759388851039,7.839421093471136,7.849827083192451,1.6416719521061587
s08,573.0,8.125605802308126,1,True,0.9054456325611285,1.212693501449507,7.786702169603954,7.928022661682255,6.721256654451524,8.236027007233677,8.18044859538628,1.6416719521061587
s08,574.0,8.129665207685612,1,True,0.902053808697252,1.219841369625402,7.7767374682289905,7.89140293515578,6.678709433706272,7.9502712362239745,8.125605802308126,1.6416719521061587
s08,575.0,8.17501211810162,1,True,0.8995341725568942,1.2280407300638785,7.7822212873374035,7.901700103485739,6.681858733860337,7.99069891602967,8.129665207685612,1.6416719521061587
s08,576.0,7.761150085717699,1,True,0.927910901385711,1.2225228402131405,7.821703619329264,7.945079747408967,6.717039017345089,8.060181511339097,8.17501211810162,1.6416719521061587
s08,577.0,7.934057323639945,1,True,0.8927069799906254,1.2319899703120298,7.53035575075729,7.618486320343636,6.395963480130495,7.364805522730922,7.761150085717699,1.6416719521061587
s08,578.0,8.040123322479431,1,True,0.8964014031273237,1.2403308062153602,7.629911534499044,7.762095459035081,6.530105488723051,7.903172598704546,7.934057323639945,1.6416719521061587
s08,579.0,8.493727411017503,1,True,0.8755034643939367,1.2595609490883388,7.724226117403016,7.852722648584883,6.612391842369522,7.965973947296023,8.040123322479431,1.6416719521061587
s08,580.0,8.093110882291574,1,True,0.9250598533046789,1.2556384651280819,8.06704937308729,8.223860347633472,6.964299398545133,8.611415206583978,8.493727411017503,1.6416719521061587
s08,581.0,8.289085454014819,1,True,0.890581750915042,1.2670368817848492,7.815040501349586,7.909138232122572,6.65349976699449,7.69771795255761,8.093110882291574,1.6416719521061587
s08,582.0,8.525149683592893,1,True,0.88787173836576,1.2806141411496479,7.933937414301973,8.072574371432937,6.805537489648088,8.262160254566233,8.289085454014819,1.6416719521061587
s08,583.0,8.352694740593861,1,True,0.9111203856838105,1.283116252078529,8.125698005493154,8.26929104296449,6.988676901814841,8.515471969767574,8.525149683592893,1.6416719521061587
s08,584.0,8.627829286562678,1,True,0.8855289992823818,1.2978110695593437,8.023959159594614,8.13800203720219,6.854885785123661,8.0976702444716,8.352694740593861,1.6416719521061587
s08,585.0,8.78093741216399,1,True,0.8919814993025272,1.3102547774880244,8.217585415999771,8.366147147874633,7.068336078315289,8.638328962928783,8.627829286562678,1.6416719521061587
s08,586.0,8.48409163239941,1,True,0.9172671071240823,1.3098563470380826,8.355840890801511,8.49737264739747,7.187117869909445,8.714726575383317,8.78093741216399,1.6416719521061587
s08,587.0,8.658894698363977,1,True,0.8910406158170006,1.3216227796917173,8.158312071733814,8.266680276576157,6.956823929538074,8.146495300673081,8.48409163239941,1.6416719521061587
s08,588.0,8.818548262335351,1,True,0.8915514893490752,1.3337574423366365,8.270056303307282,8.414059507504716,7.0924367278129985,8.609050913831746,8.658894698363977,1.6416719521061587
s08,589.0,8.946173998695372,1,True,0.8930054354314969,1.3456410442613598,8.405409926346936,8.550053934537932,7.216296492201295,8.755213801587317,8.818548262335351,1.6416719521061587
s08,590.0,8.519128418893711,1,True,0.9240006620971551,1.341386396648887,8.516973728379888,8.660950005976138,7.315308961714779,8.860098977644673,8.946173998695372,1.6416719521061587
s08,591.0,8.392630729447779,1,True,0.9084241942968669,1.343403559092067,8.223447503324577,8.325391981341776,6.984005584692889,8.09633556017166,8.519128418893711,1.6416719521061587
s08,592.0,8.279251065274327,1,True,0.9081521209846497,1.3449029365460459,8.106248553500052,8.229271816808364,6.8858682577162975,8.165497419906567,8.392630729447779,1.6416719521061587
s08,593.0,8.225888382374869,1,True,0.9049864321737183,1.347395261773428,8.019284392592194,8.142810874795464,6.797907938249418,8.063311490276789,8.279251065274327,1.6416719521061587
s08,594.0,8.662691828961716,1,True,0.8764195512659251,1.3641588890323977,7.975883422569399,8.10390425366272,6.756508991889291,8.048811919232225,8.225888382374869,1.6416719521061587
s08,595.0,8.538230906686646,1,True,0.9077406283134677,1.3665195729323305,8.290958075704351,8.459541443355551,7.0953825543231535,8.765998461020976,8.662691828961716,1.6416719521061587
s08,596.0,8.456760286241034,1,True,0.9057025144919993,1.369262033589424,8.239270693808496,8.36534493100458,6.99882535807225,8.308557428007738,8.538230906686646,1.6416719521061587
s08,597.0,8.909567601215208,1,True,0.8754655869650738,1.3874025952017148,8.175764247369798,8.304882214138853,6.935620180549429,8.256075510957608,8.456760286241034,1.6416719521061587
s08,598.0,8.564560120998305,1,True,0.9194262105871384,1.3841100330610576,8.501532824516964,8.674312192353543,7.286909597151829,9.01503263442319,8.909567601215208,1.6416719521061587
s08,599.0,8.618576959362988,1,True,0.8977626517933285,1.3905664913545905,8.291838692583806,8.403361682911896,7.0192516498508395,8.193957029445677,8.564560120998305,1.6416719521061587
s09,350.0,1.4352657313571129,0,False,0.9770543919026836,-0.054366912144489826,1.4523780242128335,1.448842856034028,1.5028024544382104,1.3158801431198655,1.4239232850215866,1.7676224131410756
s09,351.0,1.1703387235093863,0,False,0.8729224042257703,-0.06298140564791882,1.4587359888165479,1.4574885069570191,1.511855419101509,1.4458683672004073,1.4352657313571129,1.7676224131410756
s09,352.0,1.3954318826200178,0,False,0.9648189713145344,-0.0582411310554367,1.2454262551454995,1.2374227295372806,1.3004041351851994,1.002286560185683,1.1703387235093863,1.7676224131410756
s09,353.0,1.6065062808656025,0,False,0.9591038941553539,-0.052700570615279864,1.4238699157627102,1.4218209328603748,1.4800620639158115,1.5717466374422104,1.3954318826200178,1.7676224131410756
s09,354.0,1.7996213156648726,0,False,0.956249105452459,-0.04658684191597129,1.5979856071352094,1.5958303590212537,1.6485309296365336,1.7698040705065026,1.6065062808656025,1.7676224131410756
s09,355.0,1.7359937573814712,0,False,0.9811870528965111,-0.0471893902415085,1.7581169175740134,1.7560787015660448,1.802665543482016,1.947145589964082,1.7996213156648726,1.7676224131410756
s09,356.0,1.5192561412417767,0,False,0.9289999781060567,-0.0527524620264731,1.7055796389097229,1.7046918674072633,1.751881257648772,1.6864637643334317,1.7359937573814712,1.7676224131410756
s09,357.0,1.4110836857429243,0,False,0.9439750458118443,-0.05620414656337019,1.5298852629316662,1.5261398369728272,1.5788922989993002,1.3627835709502827,1.5192561412417767,1.7676224131410756
s09,358.0,1.3729085795024827,0,False,0.9583221832713269,-0.058107400931156294,1.4394992264984168,1.4363503917620195,1.4925545383253898,1.3341473949390803,1.4110836857429243,1.7676224131410756
s09,359.0,1.4696672370807673,0,False,0.9974184310885121,-0.05613671500574422,1.4063994958402866,1.4039777062336984,1.4620851071648546,1.347425730686095,1.3729085795024827,1.7676224131410756
s09,360.0,1.1696615105731885,0,False,0.8638106407571182,-0.06554215685728794,1.4833211597562306,1.4831762389579788,1.539312953963723,1.546875510088762,1.4696672370807673,1.7676224131410756
s09,361.0,1.2753330561736629,0,False,0.9904937559163183,-0.06431180901266922,1.24324760569883,1.2343214613530393,1.2998636182103274,0.9805547680383562,1.1696615105731885,1.7676224131410756
s09,362.0,0.8596290338806091,0,False,0.7667623282283141,-0.07811974211407122,1.3205048343479457,1.3198934705940082,1.3842052796066775,1.3599079110802434,1.2753330561736629,1.7676224131410756
s09,363.0,1.1176747765958333,0,False,0.9699988047797281,-0.07381824974215967,0.9925121643022056,0.9742916975321151,1.0524114396461863,0.6501861361399979,0.8596290338806091,1.7676224131410756
s09,364.0,1.9777669187475948,0,False,0.7780605714540342,-0.050021808102986044,1.1867668331631416,1.1845521974418083,1.2583704471839678,1.321675806021062,1.1176747765958333,1.7676224131410756
s09,365.0,2.188380456030625,0,False,0.9411555208878578,-0.04121530969262909,1.9059323205239393,1.8948305090187267,1.9448523171217127,2.504586346888524,1.9777669187475948,1.7676224131410756
s09,366.0,1.857172331510844,0,False,0.9356590065392154,-0.047652280867303574,2.0741633307636347,2.0717380373333265,2.1129533470259556,2.3421511994516235,2.188380456030625,1.7676224131410756
s09,367.0,1.6537836409825153,0,False,0.9444597055155296,-0.05206719846358389,1.8040135559502002,1.8009475608585255,1.8485998417258291,1.6092760308573681,1.857172331510844,1.7676224131410756
s09,368.0,1.8039490343734488,0,False,0.9663326599907055,-0.04697467100655993,1.6370899466749658,1.634198119139317,1.6862653176029008,1.5022692660192163,1.6537836409825153,1.7676224131410756
s09,369.0,1.6545941417947838,0,False,0.9562821120846211,-0.05011119788595933,1.7607265499953664,1.7591450377747637,1.8061197087813237,1.9198413278458002,1.8039490343734488,1.7676224131410756
s09,370.0,2.1401353333720916,0,False,0.8817365966469637,-0.03501116849396923,1.638991776038239,1.6368010203057552,1.6869122181917147,1.5420110289590065,1.6545941417947838,1.7676224131410756
s09,371.0,2.3242146391389245,0,False,0.9432852164378271,-0.02646779046932052,2.043575911592098,2.0394353716506344,2.0744465401446037,2.474069947245484,2.1401353333720916,1.7676224131410756
s09,372.0,1.9950026991425385,0,False,0.9463795118041687,-0.032464754599058,2.1964026184749574,2.194901503467121,2.2213692939364416,2.456971849255564,2.3242146391389245,1.7676224131410756
s09,373.0,1.750317472024799,0,False,0.9439201790528726,-0.03773955905287096,1.9278850631426567,1.9261442871518974,1.9586090417509554,1.7443803342811293,1.9950026991425385,1.7676224131410756
s09,374.0,2.029437868644488,0,False,0.9299308796913496,-0.02862364780029213,1.7276905879395024,1.725574160225194,1.7633137192780648,1.5667031034869472,1.750317472024799,1.7676224131410756
s09,375.0,1.0779567496286018,1,False,0.7041246462906126,-0.055009039237369196,1.959475431352561,1.95746979753117,1.986093445331462,2.2335705096588923,2.029437868644488,1.7676224131410756
s09,376.0,1.296336265448734,1,False,0.9724449824417035,-0.05126876614838259,1.1879363147574173,1.1716604958158472,1.2266695350532164,0.5872281054079143,1.0779567496286018,1.7676224131410756
s09,377.0,1.5881296586405191,1,False,0.9374958123585793,-0.04411588264413373,1.3511129202503014,1.3497002084988905,1.400968974647273,1.468716037063513,1.296336265448734,1.7676224131410756
s09,378.0,0.9910633746125337,1,False,0.7556077156005511,-0.062076414216243804,1.5925051877562917,1.5897477603495358,1.6338636429936695,1.809326000475505,1.5881296586405191,1.7676224131410756
s09,379.0,1.1530406157214892,1,False,0.9981538311963368,-0.060342372992362996,1.1104102382697634,1.095239241592129,1.1573156558083728,0.6716108134294816,0.9910633746125337,1.7676224131410756
s09,380.0,0.9966950589143857,1,False,0.8733255640155501,-0.06722917995504246,1.2263666932102584,1.226255291003701,1.286597663996064,1.282330516354823,1.1530406157214892,1.7676224131410756
s09,381.0,1.5441663766255984,1,False,0.8589742781019654,-0.053741630664377656,1.1030976187226076,1.0945814002701055,1.161810580225148,0.908631224132614,0.9966950589143857,1.7676224131410756
s09,382.0,1.9765655235998538,1,False,0.8944897734944073,-0.04079564755255042,1.5526117054660344,1.545032753205613,1.5987743838699906,1.9272081780611696,1.5441663766255984,1.7676224131410756
s09,383.0,1.9781925734111805,1,False,0.9912666093363656,-0.03854280365939006,1.9074021349862136,1.9030977769725017,1.943893424525052,2.2818237355302116,1.9765655235998538,1.7676224131410756
s09,384.0,2.2926149425104074,1,False,0.9181200925240226,-0.026963832866043057,1.9069858587604704,1.9066492493988412,1.9451920530582312,1.9791916540777068,1.9781925734111805,1.7676224131410756
s09,385.0,1.989280003901871,1,False,0.9506364016907685,-0.032360958387309326,2.1713919840843494,2.16918418794408,2.196148020810123,2.5151239562189183,2.2926149425104074,1.7676224131410756
s09,386.0,1.9225869746474997,1,False,0.9918971376640444,-0.03233376470700343,1.923277971988036,1.9216805186373032,1.9540414770246124,1.7573852098060467,1.989280003901871,1.7676224131410756
s09,387.0,2.1605205898777387,1,False,0.9361358565505158,-0.02357244870753168,1.8687387192729046,1.8684767232286805,1.900810487935684,1.8696108570611791,1.9225869746474997,1.7676224131410756
s09,388.0,2.0315929842438445,1,False,0.9856758661661199,-0.024638996218971775,2.068650002204228,2.0671445679585143,2.090717016666046,2.333840955402393,2.1605205898777387,1.7676224131410756
s09,389.0,2.0351803310841334,1,False,0.9882413954085651,-0.022478822874677493,1.9635274852203637,1.9631745529409907,1.9878135491599624,1.9295364172909752,2.0315929842438445,1.7676224131410756
s09,390.0,1.7462008998594454,1,False,0.9346696608488743,-0.029138734809619652,1.9684622839473813,1.9681979643575171,1.9906767872321947,2.0374866018969504,2.0351803310841334,1.7676224131410756
s09,391.0,1.2930008980561989,1,False,0.8472919328843969,-0.042275388236453146,1.7327929890448621,1.730889345617315,1.7600280804269346,1.5315238856905196,1.7462008998594454,1.7676224131410756
s09,392.0,0.6347710776863812,1,False,0.6254147122684242,-0.06391319987198826,1.3624872583617014,1.356031465537551,1.398306853774004,1.0025984897135496,1.2930008980561989,1.7676224131410756
s09,393.0,0.37905314842322313,1,False,0.6071729744960446,-0.07681244656130715,0.8329689824310802,0.8090280380671857,0.872941237939174,0.39541473023068546,0.6347710776863812,1.7676224131410756
s09,394.0,0.49376325179754593,1,False,0.8500893458267508,-0.07976038079711667,0.6222017312288898,0.5920277263245299,0.6688401728858371,0.36896467250626847,0.37905314842322313,1.7676224131410756
s09,395.0,0.5107237539024237,1,False,0.8043921318089514,-0.08485773531893771,0.6925925021588616,0.6806355712964584,0.760395952093575,0.611564926776268,0.49376325179754593,1.7676224131410756
s09,396.0,1.28924394071579,1,False,0.7508707826697938,-0.06685267394502893,0.7056740689574225,0.6890752282521648,0.7739329635711025,0.5730986118146953,0.5107237539024237,1.7676224131410756
s09,397.0,0.9909192136310647,1,False,0.8309056350810853,-0.07697876455416253,1.3451105216052075,1.328455567268851,1.39530824121388,1.7822401979408478,1.28924394071579,1.7676224131410756
s09,398.0,1.7308130577783711,1,False,0.801743555163599,-0.057461027699202576,1.0932385045842357,1.080221829279707,1.1572005938338694,0.8211914720503478,0.9909192136310647,1.7676224131410756
s09,399.0,1.2018300554274541,1,False,0.8152472727248303,-0.0721146837948905,1.7016772776853408,1.6902852586170511,1.7477462863162536,2.20763638244527,1.7308130577783711,1.7676224131410756
s09,400.0,1.7425076115561653,1,False,0.8643262213653593,-0.05744218244743998,1.2667476178155077,1.2534242333078152,1.3255389171027057,0.8804821987343932,1.2018300554274541,1.7676224131410756
s09,401.0,1.168430192230992,1,False,0.7991491481824377,-0.0733784197648556,1.7074315007571763,1.6996381028115117,1.7570802852589518,2.1174772613635575,1.7425076115561653,1.7676224131410756
s09,402.0,1.5949216102938237,1,False,0.8978843747360948,-0.062295844136278325,1.2402405407893797,1.2255024226745816,1.2988808424394374,0.8284616220186307,1.168430192230992,1.7676224131410756
s09,403.0,1.4524371534742666,1,False,0.9396681063999369,-0.06603239322462282,1.5833501688277352,1.5769887897524162,1.6392846338886946,1.9050950136300238,1.5949216102938237,1.7676224131410756
s09,404.0,1.0827333148659362,1,False,0.8305657863742707,-0.07733624526855755,1.463512242319279,1.4595283829970935,1.5255607762217163,1.3499861581150914,1.4524371534742666,1.7676224131410756
s09,405.0,1.1204536307769346,1,False,0.9533027853653002,-0.07831700739293503,1.1662491074913615,1.1531457015895168,1.2304819468580743,0.8626846081889888,1.0827333148659362,1.7676224131410756
s09,406.0,0.5817131280257637,1,False,0.6325583956687708,-0.09633375495456996,1.1859285661840362,1.182271380080261,1.260588387473196,1.155698087283992,1.1204536307769346,1.7676224131410756
s09,407.0,0.8607658398019395,1,False,0.9822160681955633,-0.09253855942048918,0.7696563514710058,0.734259321999247,0.830593076953817,0.4011648319785287,0.5817131280257637,1.7676224131410756
s09,408.0,0.5932174957161193,1,False,0.721455946075018,-0.10356544117846146,0.9624259204118768,0.960780220981862,1.0533187804023512,1.0829549528936313,0.8607658398019395,1.7676224131410756
s09,409.0,0.7424013289442455,1,False,0.9386600806140672,-0.10337969644537164,0.7650573756736293,0.7362098378412514,0.8397752790197128,0.5078324713860762,0.5932174957161193,1.7676224131410756
s09,410.0,0.8464134269523721,1,False,0.9379006544263274,-0.1036512899051174,0.8618078445233325,0.8554665422772312,0.9588462387226028,0.8674451988950544,0.7424013289442455,1.7676224131410756
s09,411.0,0.4483984375397392,1,True,0.6031750789053787,-0.11834570048143815,0.9446488006880718,0.938212123417097,1.0418634133222144,0.936412605583923,0.8464134269523721,1.7676224131410756
s09,412.0,0.4333263171551911,1,True,0.7498579023795029,-0.12352118178556194,0.6528048838814186,0.6058423606259842,0.7241880611074223,0.36622477751224913,0.4483984375397392,1.7676224131410756
s09,413.0,0.39806106154068,1,True,0.7184224724766761,-0.12923846228642455,0.619534925748503,0.5886370782360998,0.7121582600216617,0.4940532828191976,0.4333263171551911,1.7676224131410756
s09,414.0,0.27323721386211636,1,True,0.573230668820794,-0.13768453171777567,0.5911635082453478,0.55477286157382,0.6840113238602445,0.4583568379295404,0.39806106154068,1.7676224131410756
s09,415.0,0.5494135937241965,1,True,0.9692997633321291,-0.13460308598112428,0.5054582713507343,0.44669873583581693,0.5843832675535926,0.3489149497450992,0.27323721386211636,1.7676224131410756
s09,416.0,0.46565870800931014,1,True,0.7341515049327116,-0.14073962902950982,0.6743424895513416,0.6702101429554953,0.8048132289366196,0.7709171323699842,0.5494135937241965,1.7676224131410756
s09,417.0,0.658913783281907,1,True,0.9436218944860629,-0.13888895663428402,0.6346401220148705,0.597224703441047,0.7379643324705567,0.4889735305270396,0.46565870800931014,1.7676224131410756
s09,418.0,0.7819071298079879,1,True,0.9343192346327476,-0.13803139562632172,0.7611520591277589,0.7533217628759106,0.8922107195101946,0.8176168905246373,0.658913783281907,1.7676224131410756
s09,419.0,0.5354574202601693,1,True,0.7028813904624474,-0.14753806403237685,0.8614123748381202,0.8523463671286734,0.9903777627549951,0.8873189972471848,0.7819071298079879,1.7676224131410756
s09,420.0,0.4177868674234469,1,True,0.6910683321535631,-0.15438853968905783,0.6899723604186423,0.64613605597948,0.7936741200118569,0.4739190771294409,0.5354574202601693,1.7676224131410756
s09,421.0,0.40459102025605964,1,True,0.7339945845096291,-0.15861181670220284,0.5930624297567427,0.5453669206942262,0.6997554603832841,0.4399916836592265,0.4177868674234469,1.7676224131410756
s09,422.0,0.4831312606802277,1,True,0.8249937425874395,-0.16003622053963887,0.5728029907983144,0.5306113885947624,0.6892232052969652,0.4725741047037658,0.40459102025605964,1.7676224131410756
s09,423.0,-0.3164958703177799,1,True,0.004909929271451174,-0.18728731113417849,0.6198811561739659,0.5918738161668726,0.7519100367065115,0.5818854720000258,0.4831312606802277,1.7676224131410756
s09,424.0,-0.1805586397701153,1,True,0.017600513669104978,-0.1904960990358448,0.11276870063516455,-0.07359904304790485,0.11368826808627364,0.10844247064958372,-0.3164958703177799,1.7676224131410756
s09,425.0,0.1671877575466927,1,True,0.8606378412332354,-0.18643117720526323,0.21883363303482686,0.031690363193973614,0.22218646222981842,0.21700756550600017,-0.1805586397701153,1.7676224131410756
s09,426.0,0.7843675660412619,1,True,0.7792522295141397,-0.17229941421834602,0.3392902511274436,0.3133087998106888,0.4997399770159521,0.45240601054684254,0.1671877575466927,1.7676224131410756
s09,427.0,0.6912914189288162,1,True,0.8217482925032802,-0.17616193596418428,0.8580768553348108,0.8200421437900912,0.9923415580084373,1.2141382413376443,0.7843675660412619,1.7676224131410756
s09,428.0,0.4168148245621677,1,True,0.625980643588828,-0.18591422027004478,0.7732921339723947,0.7418909680908511,0.9180529040550354,0.6706654663084817,0.6912914189288162,1.7676224131410756
s09,429.0,-0.281231610637051,1,True,0.005349337799587572,-0.20974313073509043,0.5826009218775573,0.5130654048644703,0.6989796251345151,0.3852142895423416,0.4168148245621677,1.7676224131410756
s09,430.0,-0.17724304590624101,1,True,0.016253106384953475,-0.21302316047054262,0.14071242248647714,-0.06790872139116824,0.1418344093439222,0.1365909283288289,-0.281231610637051,1.7676224131410756
s09,431.0,-0.04693905703367171,1,True,0.019028348533328687,-0.2147856213937365,0.22137051278707973,0.01180964040612384,0.22483280087666646,0.21964680105144532,-0.17724304590624101,1.7676224131410756
s09,432.0,-0.14573702361448906,1,True,0.010986250024557331,-0.22257920828797512,0.32474781192337354,0.11404920619346462,0.3288348275872011,0.3236634579533329,-0.04693905703367171,1.7676224131410756
s09,433.0,-0.30938281028835457,1,True,0.009336460242019062,-0.23268269558511936,0.24753399707190873,0.027400099616453344,0.24997930790442846,0.24476554289250968,-0.14573702361448906,1.7676224131410756
s09,434.0,0.08363200100586249,1,True,0.8284261684241438,-0.2267742212287995,0.11719311864398442,-0.11331714420479866,0.1193655513803207,0.11414308920292222,-0.30938281028835457,1.7676224131410756
s09,435.0,-0.029217031644762026,1,True,0.011275388971740963,-0.23383900600160662,0.24518431615433092,0.20627579411547495,0.43305001534427445,0.4034474071233709,0.08363200100586249,1.7676224131410756
s09,436.0,-0.18661320278807694,1,True,0.009856105053542619,-0.2427116213535324,0.34034302252828885,0.10914064227611564,0.34297964827772226,0.33776740751410284,-0.029217031644762026,1.7676224131410756
s09,437.0,-0.20994066780663456,1,True,0.012186987773605606,-0.24824911327203036,0.2149618262590537,-0.025357603856702632,0.21735401749682975,0.21213429472112008,-0.18661320278807694,1.7676224131410756
s09,438.0,-0.0813454026633324,1,True,0.01847428935341544,-0.24920405854039263,0.19570981064585286,-0.049513893717922836,0.19873521955410753,0.19352778444858756,-0.20994066780663456,1.7676224131410756
s09,439.0,0.3389172887590314,1,True,0.9418431757668836,-0.2406016210141438,0.29676956187227643,0.0521693712174045,0.30137342975779713,0.2961991393006675,-0.0813454026633324,1.7676224131410756
s09,440.0,0.18897396491691854,1,True,0.46112623655411333,-0.24681852647366512,0.41019677308448443,0.39620414690096195,0.6368057679151058,0.6721661953073723,0.3389172887590314,1.7676224131410756
s09,441.0,0.17617216634497518,1,True,0.511924001749936,-0.24964266433030274,0.4033141231485944,0.27031009489956226,0.5171286213732273,0.31062162744743016,0.18897396491691854,1.7676224131410756
s09,442.0,0.2628293536730524,1,True,0.6850609405255959,-0.24947583006614857,0.37911280413339776,0.2572682115345796,0.5069108758648824,0.3323670829843474,0.17617216634497518,1.7676224131410756
s09,443.0,0.5032704841699303,1,True,0.9328743109715676,-0.24417572790180983,0.40517009530793546,0.3266004120253063,0.5760762420914549,0.4088655249338008,0.2628293536730524,1.7676224131410756
s09,444.0,0.6795666138381045,1,True,0.9391408570810218,-0.2395029819146789,0.5401988782465019,0.5238084142670739,0.7679841421688838,0.7000655209130787,0.5032704841699303,1.7676224131410756
s09,445.0,0.1884289686697783,1,True,0.3466357125416517,-0.25392586619866364,0.6837677243418021,0.6691917781359352,0.9086947600506141,0.8256582467130605,0.6795666138381045,1.7676224131410756
s09,446.0,0.010323850119595763,1,True,0.04869417414617072,-0.2614991837004725,0.4286738594826913,0.26276776684655756,0.5166936330452212,0.26702378723054854,0.1884289686697783,1.7676224131410756
s09,447.0,0.17636881892737194,1,True,0.6436936422968856,-0.25959931878474146,0.36180568531328544,0.11303998840300528,0.37453917210347776,0.3498819137113387,0.010323850119595763,1.7676224131410756
s09,448.0,-0.1772501862505978,1,True,0.007644663207941771,-0.27234087982780436,0.33996540292323285,0.24746851518483198,0.5070678339695734,0.37950683753838566,0.17636881892737194,1.7676224131410756
s09,449.0,-0.13233884713884556,1,True,0.014545070880257582,-0.27488563190162785,0.2227451475123698,-0.047513778011396474,0.2248271018164079,0.21959572102469918,-0.1772501862505978,1.7676224131410756
s09,450.0,0.2524047386052166,1,True,0.9840487666764302,-0.26688711234551465,0.25667482096976546,-0.014212579931888791,0.26067305196973906,0.25547804792617046,-0.13233884713884556,1.7676224131410756
s09,451.0,-0.10328176063648115,1,True,0.007794778412051118,-0.2790116271063219,0.3051259099905045,0.30086873139042736,0.567755843735942,0.5596194201670894,0.2524047386052166,1.7676224131410756
s09,452.0,-0.4494175916595793,1,True,0.007137838911554395,-0.29263975432734995,0.2816901090066642,0.0048533157080219436,0.2838649428143438,0.2786343533821072,-0.10328176063648115,1.7676224131410756
s09,453.0,-0.2629737991558056,1,True,0.019111207673911057,-0.2919776826798448,0.005508084829201962,-0.2850428540726425,0.007596900254707439,0.002362847646976244,-0.4494175916595793,1.7676224131410756
s09,454.0,-0.45810574869014126,1,True,0.008505670510224439,-0.3016537306786918,0.15082682115476068,-0.13557081539524232,0.15640686728460249,0.15123593445769282,-0.2629737991558056,1.7676224131410756
s09,455.0,-0.7800457844431425,1,True,0.006707144652934538,-0.31602536592729324,-0.0019033127190695555,-0.3009912761564284,0.0006624545222633782,-0.004564387313593875,-0.45810574869014126,1.7676224131410756
s09,456.0,-0.8223567422114503,1,True,0.47776414940637335,-0.32352649522629334,-0.2584133608274255,-0.5723190989114478,-0.2562937329841546,-0.26153005607463337,-0.7800457844431425,1.7676224131410756
s09,457.0,-0.9738789787364828,1,True,0.46123007650602454,-0.33433514400748154,-0.4446335516061318,-0.61359068603021,-0.29006419080391665,-0.5605088029178076,-0.8223567422114503,1.7676224131410756
s09,458.0,-1.1534495471893285,1,True,0.5270196658494659,-0.3465785297449083,-0.5652069693168434,-0.7453366892751015,-0.41100154526762,-0.7263974922217085,-0.9738789787364828,1.7676224131410756
s09,459.0,-1.0729894237556883,1,True,0.6823055392936068,-0.35174108694817324,-0.7369793548387116,-0.9009041836468591,-0.5543256539019508,-0.9456103517853331,-1.1534495471893285,1.7676224131410756
s09,460.0,-1.028060455564524,1,True,0.6468817423354918,-0.35732747392552267,-0.7301013613932621,-0.8418475563195424,-0.49010646937136926,-0.8439936325734788,-1.0729894237556883,1.7676224131410756
s09,461.0,-0.9142110936402251,1,True,0.6651708085722412,-0.36040658905950057,-0.6853950674993885,-0.811573922507629,-0.4542464485821064,-0.8022390604670575,-1.028060455564524,1.7676224131410756
s09,462.0,-1.3738390816124642,1,True,0.4201043786013501,-0.3799082337514232,-0.6031096117483473,-0.7237842585483765,-0.36337766948887584,-0.6693327243568286,-0.9142110936402251,1.7676224131410756
s09,463.0,-1.4744136174572775,1,True,0.6632520550905008,-0.3908365136144851,-0.8898305007361352,-1.1101376220218804,-0.7302293882704571,-1.15472865191128,-1.3738390816124642,1.7676224131410756
s09,464.0,-1.2442670303347956,1,True,0.7894391269475097,-0.39212434285647924,-1.0697259961797199,-1.2013393889349913,-0.8105028753205061,-1.304084594694605,-1.4744136174572775,1.7676224131410756
s09,465.0,-0.5755355768016313,1,True,0.957539598134481,-0.37882233316548486,-0.9363698558577822,-1.0189358998347764,-0.6268115569782973,-0.9692419528139022,-1.2442670303347956,1.7676224131410756
s09,466.0,-0.3160510524455101,1,True,0.461886866892533,-0.37414727261822617,-0.45580145551896073,-0.47188640402080073,-0.09306407085531587,-0.043965289402999486,-0.5755355768016313,1.7676224131410756
s09,467.0,-0.6205386451175787,1,True,0.007125302678336887,-0.3849603127668908,-0.05877041238321745,-0.26010397349542475,0.11404329912280142,0.011048540838283688,-0.3160510524455101,1.7676224131410756
s09,468.0,-0.2918243540379388,1,True,0.6178149676984637,-0.3782967369669873,-0.13172619334877683,-0.5139435473680563,-0.1289832346011655,-0.1342173532959194,-0.6205386451175787,1.7676224131410756
s09,469.0,-0.5633781341352051,1,True,0.007509200121306403,-0.3878505734667639,-0.10033756683869088,-0.2449169174759847,0.13337981949100258,0.03277413854619081,-0.2918243540379388,1.7676224131410756
s09,470.0,-0.8233205415796813,1,True,0.18859847622682113,-0.3984138539848956,-0.08627306508185258,-0.47121119097529107,-0.08336061750852719,-0.0885927124184183,-0.5633781341352051,1.7676224131410756
s09,471.0,-0.38649070027286625,1,True,0.8598625279248875,-0.3893311559780799,-0.36597369228436916,-0.6892473005000582,-0.29083344651516263,-0.43038876066389653,-0.8233205415796813,1.7676224131410756
s09,472.0,-0.6609146183829333,1,True,0.007281244414969912,-0.39921331833081175,-0.2769493226263557,-0.3315092066252051,0.05782194935287477,-0.024430138677576707,-0.38649070027286625,1.7676224131410756
s09,473.0,-0.821159629273061,1,True,0.331790991925183,-0.40703542907743845,-0.16411605579917046,-0.5604226043855044,-0.16120928605469265,-0.16644258267435363,-0.6609146183829333,1.7676224131410756
s09,474.0,-0.7128188090598045,1,True,0.5793184799659248,-0.40753566899543053,-0.4241594048115934,-0.6961441451267361,-0.28910871604929766,-0.5080742950470851,-0.821159629273061,1.7676224131410756
s09,475.0,-1.1247128456876083,1,True,0.3080731881314608,-0.4229718870398842,-0.43872951950471867,-0.6101722442058202,-0.20263657521038958,-0.4480996622394571,-0.7128188090598045,1.7676224131410756
s09,476.0,-1.52209441572464,1,True,0.5187845756248899,-0.440003878557583,-0.6616957758251549,-0.954361365134682,-0.5313894780947978,-0.8154564544410816,-1.1247128456876083,1.7676224131410756
s09,477.0,-1.5911029061208073,1,True,0.6962929538182071,-0.449080071370555,-1.0768264925416258,-1.2885631456884075,-0.8485592671308244,-1.3625217077686052,-1.52209441572464,1.7676224131410756
s09,478.0,-1.792741023716873,1,True,0.6709039511874425,-0.4622807497494218,-1.21632962911292,-1.35271841108798,-0.903638339717425,-1.4206662434486805,-1.5911029061208073,1.7676224131410756
s09,479.0,-1.704277611473918,1,True,0.7694040533987347,-0.46760338623840975,-1.3747216269896794,-1.5268563951743208,-1.064575645424899,-1.6610781491314888,-1.792741023716873,1.7676224131410756
s09,480.0,-1.9154814778505997,1,True,0.6838419243587988,-0.48122066972088007,-1.3537445829513213,-1.4615720284349243,-0.9939686421965146,-1.4861579278417696,-1.704277611473918,1.7676224131410756
s09,481.0,-1.3125507604381008,1,True,0.9395209892900385,-0.4712843471582551,-1.4916197116278744,-1.643761512525598,-1.162540842804718,-1.7927099536597408,-1.9154814778505997,1.7676224131410756
s09,482.0,-1.8827694433476827,1,True,0.5323892254562892,-0.4931895351628022,-1.1240936987835604,-1.1525965098627817,-0.6813121627045267,-0.8222496289227598,-1.3125507604381008,1.7676224131410756
s09,483.0,-1.5459855809714116,1,True,0.8476185973007564,-0.49068046379481833,-1.3990005527032094,-1.62962129323754,-1.1364317580747378,-1.7760746691351672,-1.8827694433476827,1.7676224131410756
s09,484.0,-1.6455450786749668,1,True,0.6911121042933064,-0.49929756278214066,-1.2835378684140528,-1.3583084457642227,-0.8676279819694044,-1.2147734188522454,-1.5459855809714116,1.7676224131410756
s09,485.0,-1.445111797665701,1,True,0.7922729025491748,-0.4992592503149986,-1.2921619064045122,-1.4463888799037683,-0.9470913171216278,-1.4847192387915484,-1.6455450786749668,1.7676224131410756
s09,486.0,-1.7031958221272416,1,True,0.6329193960581403,-0.5117638779455848,-1.1826652261642945,-1.2863749011077041,-0.7871156507927055,-1.1816837824422932,-1.445111797665701,1.7676224131410756
s09,487.0,-1.8569982496677242,1,True,0.6974502496670913,-0.5223277527109588,-1.317010497430032,-1.5048690908219253,-0.9931052128763407,-1.572910121658233,-1.7031958221272416,1.7676224131410756
s09,488.0,-2.0627773001664145,1,True,0.7025938674035845,-0.5350653641342029,-1.4801601215502933,-1.638190252724943,-1.1158625000139843,-1.7183849142097967,-1.8569982496677242,1.7676224131410756
s09,489.0,-2.0370303830518965,1,True,0.7721755625128554,-0.5417211680594547,-1.6560385315767272,-1.8151702522101734,-1.2801048880759704,-1.9454014196167586,-2.0627773001664145,1.7676224131410756
s09,490.0,-2.4215938686381127,1,True,0.6847785420433979,-0.560330698886707,-1.6778588540083492,-1.8012761743963734,-1.2595550063369187,-1.844034376200276,-2.0370303830518965,1.7676224131410756
s09,491.0,-2.0517509968186447,1,True,0.8660812183884226,-0.5580784862855712,-1.9501964903489253,-2.1268247501898347,-1.5664940513031278,-2.362233329227508,-2.4215938686381127,1.7676224131410756
s09,492.0,-2.5697735719189767,1,True,0.6624151504359206,-0.5802902112738477,-1.7546455480494323,-1.8293827389764294,-1.2713042526908582,-1.6915761792943815,-2.0517509968186447,1.7676224131410756
s09,493.0,-2.642959380884786,1,True,0.7788606038521398,-0.5916273793979352,-2.0691565930721487,-2.2650537767485384,-1.6847635654746909,-2.5448893149076124,-2.5697735719189767,1.7676224131410756
s09,494.0,-2.756760141809234,1,True,0.775019655315459,-0.6042860594220506,-2.2039720195807844,-2.334804141005385,-1.7431767616074496,-2.48947773300635,-2.642959380884786,1.7676224131410756
s09,495.0,-2.4578257463820448,1,True,0.8548280491234173,-0.6048720475353295,-2.3023403233359105,-2.4382928092727463,-1.8340067498506958,-2.6195537918081606,-2.756760141809234,1.7676224131410756
s09,496.0,-2.261365742272876,1,True,0.8275648269696291,-0.6067044834926433,-2.112474088524338,-2.2002845436957545,-1.595412496160425,-2.128670471971446,-2.4578257463820448,1.7676224131410756
s09,497.0,-2.5404904315770143,1,True,0.723448807277742,-0.6215598190048089,-1.9406953885821343,-2.04531258117149,-1.4386080976788467,-1.9897275805677601,-2.261365742272876,1.7676224131410756
s09,498.0,-2.932596364061386,1,True,0.723606556493888,-0.6410491778584569,-2.1110579596457746,-2.282951068939785,-1.6613912499349763,-2.45854671015402,-2.5404904315770143,1.7676224131410756
s09,499.0,-2.6715826920655132,1,True,0.8500963838114561,-0.6427346744950176,-2.4382176811217615,-2.6153994708468224,-1.9743502929883654,-2.894202648218797,-2.932596364061386,1.7676224131410756
s09,500.0,-2.889300098015947,1,True,0.758984024052027,-0.6571509641500854,-2.312408857557117,-2.4087571095136866,-1.766022435018669,-2.3587371761503384,-2.6715826920655132,1.7676224131410756
s09,501.0,-2.226040319021904,1,True,0.9313738497119703,-0.6460238424320833,-2.4385604953188578,-2.5969443762886417,-1.9397934121385565,-2.792343212927987,-2.889300098015947,1.7676224131410756
s09,502.0,-2.450086294978486,1,True,0.7310567218418697,-0.6578333218455108,-2.012102851897179,-2.0564369811975736,-1.4104131387654901,-1.6770160223975772,-2.226040319021904,1.7676224131410756
s09,503.0,-2.1047337174618974,1,True,0.8606474933371068,-0.6535632759415579,-2.0701487308682083,-2.2470685809269924,-1.5892352590814818,-2.3492953084495447,-2.450086294978486,1.7676224131410756
s09,504.0,-2.4981791372601783,1,True,0.6896585369277852,-0.6694939806902696,-1.876079964871188,-1.9671556456364563,-1.3135923696948983,-1.757254825719146,-2.1047337174618974,1.7676224131410756
s09,505.0,-2.684565231499586,1,True,0.7551927902790144,-0.681117502509571,-2.08934276270408,-2.2971145041895396,-1.62762052349927,-2.4445809004823555,-2.4981791372601783,1.7676224131410756
s09,506.0,-1.8217179208981118,1,True,0.9874191572447258,-0.6620439819000883,-2.2907594659327066,-2.4575019412142014,-1.7763844387046301,-2.574581461910027,-2.684565231499586,1.7676224131410756
s09,507.0,-1.938088167432562,1,True,0.7194434668216082,-0.6676942014692938,-1.741418443892351,-1.7497475151257116,-1.0877035332256233,-1.1324666820080798,-1.8217179208981118,1.7676224131410756
s09,508.0,-1.8973457342609177,1,True,0.7675269303120014,-0.6691662168211332,-1.6609525854787328,-1.8482785558662727,-1.1805843543969787,-1.792388023762644,-1.938088167432562,1.7676224131410756
s09,509.0,-1.7429891154577941,1,True,0.7945938485657158,-0.6669389293825492,-1.6616689055213478,-1.8172320300772615,-1.1480658132561283,-1.6981994749092917,-1.8973457342609177,1.7676224131410756
s09,510.0,-2.0703401937698693,1,True,0.6628023259118072,-0.6782949813502871,-1.5548117694524328,-1.691805128178604,-1.0248661987960548,-1.4975885950939007,-1.7429891154577941,1.7676224131410756
s09,511.0,-2.561566658834931,1,True,0.6689768429663399,-0.6962088955042771,-1.7357166969782545,-1.9644361870352656,-1.2861412056849784,-1.9790838012339318,-2.0703401937698693,1.7676224131410756
s09,512.0,-2.6174311140309405,1,True,0.7816237551253233,-0.7034991653334345,-2.143960853180952,-2.374422119725695,-1.6782132242214183,-2.531443317308587,-2.561566658834931,1.7676224131410756
s09,513.0,-2.7217593494188055,1,True,0.7755066127400015,-0.7123629289939121,-2.2726730547382332,-2.426300560736218,-1.7228013954027834,-2.4569164093165843,-2.6174311140309405,1.7676224131410756
s09,514.0,-2.2294849291691476,1,True,0.8952160086414006,-0.7036944621550328,-2.3585130569101613,-2.5184338237984583,-1.806070894804546,-2.5807693939931937,-2.7217593494188055,1.7676224131410756
s09,515.0,-2.9526115874027,1,True,0.6478075878562909,-0.7287671023627257,-2.043120999371395,-2.1168569138129425,-1.4131624516579095,-1.792209473504541,-2.2294849291691476,1.7676224131410756
s09,516.0,-2.7244930881323874,1,True,0.8444589764888727,-0.7289291191009343,-2.4624262865199906,-2.7190925301921003,-1.9903254278293745,-2.9875922590836588,-2.9526115874027,1.7676224131410756
s09,517.0,-3.2997873169621865,1,True,0.7083036313793973,-0.7518072802502112,-2.423803564067603,-2.5371819453196265,-1.808252826218692,-2.428227297209405,-2.7244930881323874,1.7676224131410756
s09,518.0,-3.54126731622345,1,True,0.780899195687251,-0.7674683773916559,-2.7999312912904406,-3.019230744841959,-2.2674234645917477,-3.323882760712985,-3.2997873169621865,1.7676224131410756
s09,519.0,-3.478255572923186,1,True,0.8287098730990619,-0.774987177148796,-3.0594759755807392,-3.2276289143518513,-2.4601605369601955,-3.4549041761305417,-3.54126731622345,1.7676224131410756
s09,520.0,-4.032422702277567,1,True,0.7483459791477605,-0.8004142100014495,-3.052107288602033,-3.1848549405224498,-2.409867763373654,-3.253573171429329,-3.478255572923186,1.7676224131410756
s09,521.0,-3.9184614641230375,1,True,0.8426357784372953,-0.8083903529099064,-3.45116257954701,-3.6525900338411437,-2.852175823839694,-4.066408288314777,-4.032422702277567,1.7676224131410756
s09,522.0,-3.5693977513222066,1,True,0.8724440670835697,-0.8083840423376487,-3.442396385126326,-3.5696081037307934,-2.761217750820887,-3.659708181357552,-3.9184614641230375,1.7676224131410756
s09,523.0,-3.5604945944807067,1,True,0.8217899778693869,-0.8164689742505673,-3.1878826833749523,-3.290996864050086,-2.4826128217124372,-3.1877046682854098,-3.5693977513222066,1.7676224131410756
s09,524.0,-3.7688271928459174,1,True,0.7930556755643203,-0.8307745175869516,-3.1464727943296196,-3.2919757482997722,-2.475506774049205,-3.3612992122382566,-3.5604945944807067,1.7676224131410756
s09,525.0,-3.476195586649369,1,True,0.863731238578592,-0.8308835314285696,-3.300637720628359,-3.4725617919287686,-2.6417872743418167,-3.667462372791773,-3.7688271928459174,1.7676224131410756
s09,526.0,-3.6576615610604115,1,True,0.7942010049639495,-0.8434401647092691,-3.1258836486572137,-3.2391071183704305,-2.408223586941861,-3.1289281120115353,-3.476195586649369,1.7676224131410756
s09,527.0,-3.1131786246432993,1,True,0.9012400522086907,-0.8349405031365525,-3.222921538796974,-3.3965006770671824,-2.5530605123579133,-3.545365407042987,-3.6576615610604115,1.7676224131410756
s09,528.0,-2.4420256640949978,1,True,0.9291372260826399,-0.8195986014782005,-2.8709637055414485,-2.9534223860400637,-2.1184818829035112,-2.623282759662626,-3.1131786246432993,1.7676224131410756
s09,529.0,-2.111011880517452,1,True,0.8572051806876259,-0.810856949663816,-2.344321243930734,-2.4024002743302684,-1.5828016728520677,-1.8834182442246141,-2.4420256640949978,1.7676224131410756
s09,530.0,-2.505781454676428,1,True,0.6900039990544828,-0.822146586395509,-2.013674058671236,-2.1294602302866634,-1.3186032806228472,-1.7713878071257012,-2.111011880517452,1.7676224131410756
s09,531.0,-2.666122210056056,1,True,0.7601825341969092,-0.8284552058895174,-2.2009727396154903,-2.455834893589106,-1.6336883071935973,-2.452845994880767,-2.505781454676428,1.7676224131410756
s09,532.0,-2.8815341016848195,1,True,0.7590884826671278,-0.8371976480960501,-2.3914413334592592,-2.5901193614670612,-1.7616641555775439,-2.5465023762463335,-2.666122210056056,1.7676224131410756
s09,533.0,-3.0324537899733692,1,True,0.7789603766771723,-0.845047482704976,-2.5691020806321743,-2.770792636342506,-1.9335949882464556,-2.7836753664215457,-2.8815341016848195,1.7676224131410756
s09,534.0,-3.448525237245861,1,True,0.7468205853768894,-0.8615302727619951,-2.712309924744878,-2.8990989020118896,-2.0540514193069135,-2.9100188854151363,-3.0324537899733692,1.7676224131410756
s09,535.0,-3.3246065100310673,1,True,0.8358178363760101,-0.8638384043032541,-3.0295470618511295,-3.2476687919891,-2.386138519227105,-3.427560272233016,-3.448525237245861,1.7676224131410756
s09,536.0,-3.244690314370515,1,True,0.8270861959716242,-0.8666469750819706,-3.009244430173291,-3.151071288413294,-2.28723288411004,-3.0716211696919493,-3.3246065100310673,1.7676224131410756
s09,537.0,-3.653693543673383,1,True,0.7568607144672249,-0.883554937086541,-2.9402395849765983,-3.090094810187707,-2.2234478351057363,-3.015347658904639,-3.244690314370515,1.7676224131410756
s09,538.0,-3.851870058465705,1,True,0.7967895322686732,-0.8961075874563117,-3.218621463341171,-3.4334483794733486,-2.5498934423868076,-3.632390231236999,-3.653693543673383,1.7676224131410756
s09,539.0,-3.6693196916238158,1,True,0.8493963437222221,-0.8980619144055455,-3.4220770179981033,-3.604175459982691,-2.7080678725263794,-3.745469211476634,-3.851870058465705,1.7676224131410756
s09,540.0,-3.599358930830823,1,True,0.8318478750516134,-0.902229861694087,-3.3251759466728097,-3.4604273545461055,-2.5623654401405602,-3.3788492206782577,-3.6693196916238158,1.7676224131410756
s09,541.0,-3.174076298729035,1,True,0.8825950151908384,-0.8951894653946689,-3.2570443069405526,-3.4087561753763023,-2.5065263136822153,-3.3691471453552655,-3.599358930830823,1.7676224131410756
s09,542.0,-3.5304175577989816,1,True,0.760935707121188,-0.9092336887527541,-2.957177073610157,-3.0622767791961394,-2.1670873138014706,-2.7562636029945127,-3.174076298729035,1.7676224131410756
s09,543.0,-3.657410549065607,1,True,0.8027684597858515,-0.9181339702391174,-3.143369190656892,-3.360734499520163,-2.4515008107674086,-3.4889074740233563,-3.5304175577989816,1.7676224131410756
s09,544.0,-3.7936191164937685,1,True,0.804658753778166,-0.927812719606834,-3.289909160496689,-3.470994137569881,-2.552860167330764,-3.5209264705851675,-3.657410549065607,1.7676224131410756
s09,545.0,-4.101982871742133,1,True,0.7871998479390516,-0.9431905763071011,-3.408147555491428,-3.589387648399896,-2.661574928793062,-3.659962478565672,-3.7936191164937685,1.7676224131410756
s09,546.0,-4.360952028883079,1,True,0.8002099247301889,-0.9584925633250947,-3.6501746968893536,-3.850885794949958,-2.907695218642857,-4.041584132302568,-4.101982871742133,1.7676224131410756
s09,547.0,-3.9899130033489363,1,True,0.8768531677680635,-0.9560034390653608,-3.881386510634456,-4.072883812006731,-3.114391248681636,-4.277301771417599,-4.360952028883079,1.7676224131410756
s09,548.0,-4.153275872792134,1,True,0.8086471987740115,-0.9673742098496119,-3.656521384860029,-3.774250179983765,-2.818246740918404,-3.58595076494828,-3.9899130033489363,1.7676224131410756
s09,549.0,-4.06904999975545,1,True,0.8404638653920182,-0.9719654429284968,-3.7308991322374467,-3.9160088971259475,-2.9486346872763356,-4.028202255047728,-4.153275872792134,1.7676224131410756
s09,550.0,-3.6668350485584185,1,True,0.8801521040407878,-0.9663692349179518,-3.69831170583924,-3.8533753155765873,-2.8814098726480903,-3.8230784570186924,-4.06904999975545,1.7676224131410756
s09,551.0,-4.116454331038921,1,True,0.7671285874897538,-0.9840603180748906,-3.4109342396163305,-3.526751559140961,-2.560382324223009,-3.25167594536709,-3.6668350485584185,1.7676224131410756
s09,552.0,-3.6085596984432193,1,True,0.8944886004268037,-0.9752179314093911,-3.674146404361156,-3.903305920626538,-2.9192456025516473,-4.112952923172684,-4.116454331038921,1.7676224131410756
s09,553.0,-3.609062352899673,1,True,0.8212865521917474,-0.9788171670796219,-3.3861912217267633,-3.489087830558646,-2.5138698991492547,-3.1304535000377745,-3.6085596984432193,1.7676224131410756
s09,554.0,-4.220391627627015,1,True,0.7468639257156817,-1.0006362681237384,-3.3181604687870876,-3.4930882594897934,-2.5142710924101714,-3.413737926737272,-3.609062352899673,1.7676224131410756
s09,555.0,-4.538057239790484,1,True,0.7964551516979921,-1.016692805040048,-3.749542205880802,-4.002839342580156,-3.0022030744564177,-4.276442955132609,-4.220391627627015,1.7676224131410756
s09,556.0,-4.720992115360139,1,True,0.8164316733949482,-1.0301493553260186,-4.0654978563894995,-4.272440439161119,-3.2557476341210707,-4.478986596358207,-4.538057239790484,1.7676224131410756
s09,557.0,-4.7111070056370865,1,True,0.8387129631134207,-1.0385253759799422,-4.242803523862493,-4.431906317172963,-3.401756961846945,-4.5980289655976705,-4.720992115360139,1.7676224131410756
s09,558.0,-4.330173398474626,1,True,0.8788629312568202,-1.0354588015769821,-4.264891864616637,-4.432392545239963,-3.3938671692600204,-4.492036024239937,-4.7111070056370865,1.7676224131410756
s09,559.0,-4.318736327865547,1,True,0.8342408081931028,-1.0412623680981563,-3.999851666465713,-4.125284110493074,-3.089825308916092,-3.9127101460776608,-4.330173398474626,1.7676224131410756
s09,560.0,-4.33332466511073,1,True,0.8311661478922636,-1.0476033324096456,-3.9493603794662038,-4.12195918806109,-3.0806968199629337,-4.105904541608736,-4.318736327865547,1.7676224131410756
s09,561.0,-4.636804361865912,1,True,0.8003128141079838,-1.0625091485958915,-3.9630729162327625,-4.139943822324384,-3.0923404899147386,-4.133482350708819,-4.33332466511073,1.7676224131410756
s09,562.0,-4.372781556012258,1,True,0.8653869180862817,-1.0617804436493323,-4.1849022590299265,-4.3970717208975625,-3.3345625723016705,-4.570616799951027,-4.636804361865912,1.7676224131410756
s09,563.0,-4.118671835987599,1,True,0.8627387502387625,-1.059772196124508,-4.042683882313059,-4.185613420148411,-3.1238329764990787,-4.022294103111055,-4.372781556012258,1.7676224131410756
s09,564.0,-3.350373703312992,1,True,0.931594488108976,-1.0408597762684482,-3.8353220424127143,-3.9807876985149755,-2.9210155023904676,-3.7793015367145495,-4.118671835987599,1.7676224131410756
s09,565.0,-3.6145619805003677,1,True,0.7795472295518241,-1.0488368739177187,-3.277458179722263,-3.3486587255246825,-2.3077989492562345,-2.7077866826600445,-3.350373703312992,1.7676224131410756
s09,566.0,-4.225580359242182,1,True,0.7471047421747411,-1.0685793600012237,-3.336278495188652,-3.567497489792017,-2.5186606158742983,-3.537344116561406,-3.6145619805003677,1.7676224131410756
s09,567.0,-4.15828164259645,1,True,0.8393370140850561,-1.071080094783088,-3.804685163780044,-4.074923816534303,-3.0063444565330797,-4.281592291314917,-4.225580359242182,1.7676224131410756
s09,568.0,-4.001129194913897,1,True,0.849332591092736,-1.0704026666312054,-3.851627207128074,-4.023710133309986,-2.9526300385268978,-3.919493556690869,-4.15828164259645,1.7676224131410756
s09,569.0,-3.888200272753971,1,True,0.8421286572710383,-1.070120626751826,-3.73632680579787,-3.8976016020666195,-2.827198935435414,-3.717723440688132,-4.001129194913897,1.7676224131410756
s09,570.0,-4.22135756434013,1,True,0.7868526748780107,-1.0825457907408886,-3.638244051144111,-3.80718543137138,-2.737064804619554,-3.630564436178406,-3.888200272753971,1.7676224131410756
s09,571.0,-4.387371799421938,1,True,0.8128083611354506,-1.0916013499186858,-3.8547780872102093,-4.0855198268286985,-3.00297403608781,-4.17089376437601,-4.22135756434013,1.7676224131410756
s09,572.0,-4.917086559758511,1,True,0.7788974233833226,-1.112301561178243,-4.022740872095237,-4.227079517773269,-3.135478167854584,-4.26072824502978,-4.387371799421938,1.7676224131410756
s09,573.0,-5.270174316115737,1,True,0.8062078510150401,-1.1302896561524218,-4.424638409158509,-4.670571150309771,-3.558269589131528,-4.945959775063601,-4.917086559758511,1.7676224131410756
s09,574.0,-5.323436826326597,1,True,0.8382175028279927,-1.140881482094018,-4.751334700165477,-4.970375961606726,-3.840086305454304,-5.220237336538732,-5.270174316115737,1.7676224131410756
s09,575.0,-5.223411196020385,1,True,0.8528402848467409,-1.146879441423328,-4.838904563226245,-5.023479218376716,-3.8825977362826976,-5.125968105706874,-5.323436826326597,1.7676224131410756
s09,576.0,-5.148171922229252,1,True,0.849779072709083,-1.1528353451147484,-4.780867347266916,-4.949641799181903,-3.8027623577585743,-4.946262090687608,-5.223411196020385,1.7676224131410756
s09,577.0,-5.603117914251735,1,True,0.8010493132751012,-1.174062516480367,-4.722365540840898,-4.89554553539778,-3.7427101902830318,-4.886011082392855,-5.148171922229252,1.7676224131410756
s09,578.0,-5.761219547130878,1,True,0.8323195352582138,-1.1885024780700042,-5.046306950231239,-5.2798874941429705,-4.1058249776626035,-5.596103307359427,-5.603117914251735,1.7676224131410756
s09,579.0,-5.921134969681445,1,True,0.8337220508879515,-1.203521042653077,-5.22122750237614,-5.420516150245682,-4.232013672175678,-5.609830910904483,-5.761219547130878,1.7676224131410756
s09,580.0,-6.1347952739161515,1,True,0.8309339925042902,-1.2206697683461167,-5.363052073462608,-5.5631710841481565,-4.35965004149508,-5.767907713850105,-5.921134969681445,1.7676224131410756
s09,581.0,-5.880733298418155,1,True,0.8703411963198104,-1.2245661888665784,-5.544478850197776,-5.750852614402767,-4.5301828460566504,-6.005211361307248,-6.1347952739161515,1.7676224131410756
s09,582.0,-5.616629690856563,1,True,0.8704204734954771,-1.2265059895501393,-5.393193880995547,-5.551969668071197,-4.3274034792046185,-5.502843175603192,-5.880733298418155,1.7676224131410756
s09,583.0,-5.611181201138627,1,True,0.8464438254351689,-1.2345479641503312,-5.184185315751362,-5.34311538113223,-4.116609391582091,-5.238778281170957,-5.616629690856563,1.7676224131410756
s09,584.0,-5.893304351402261,1,True,0.8220884309559033,-1.2509428352545175,-5.157236185237661,-5.346808647929386,-4.112260683779055,-5.377331763647652,-5.611181201138627,1.7676224131410756
s09,585.0,-6.265374312384404,1,True,0.8182577145908425,-1.271252667909334,-5.365822687952585,-5.588379890557187,-4.3374370553026695,-5.801612449482978,-5.893304351402261,1.7676224131410756
s09,586.0,-5.558044832027983,1,True,0.9094267791587627,-1.2608243007312938,-5.674616706097662,-5.905657071295993,-4.634404403386658,-6.211953937240896,-6.265374312384404,1.7676224131410756
s09,587.0,-5.451024529220538,1,True,0.8550122393491661,-1.2644348096148397,-5.216477315270209,-5.330674233102343,-4.069849932371049,-4.909833272491149,-5.558044832027983,1.7676224131410756
s09,588.0,-5.583852337040154,1,True,0.8329334875767636,-1.2744843825936245,-5.065538999545646,-5.248866571080666,-3.9844317614658262,-5.165352946450289,-5.451024529220538,1.7676224131410756
s09,589.0,-5.565028705301896,1,True,0.8473637395630069,-1.2804872671060772,-5.152008893949008,-5.364932554886806,-4.090448172293182,-5.422659130408341,-5.583852337040154,1.7676224131410756
s09,590.0,-5.657729860332893,1,True,0.8375193473381923,-1.2895418217421621,-5.1604625844751375,-5.355911372463394,-4.0754241053573175,-5.324930180094393,-5.565028705301896,1.7676224131410756
s09,591.0,-5.1550764825410385,1,True,0.8919775754132236,-1.2810254577758944,-5.229429684585272,-5.438955281416635,-4.149413459674473,-5.474625142871082,-5.657729860332893,1.7676224131410756
s09,592.0,-5.3062558279594265,1,True,0.828026709962231,-1.2893357370906804,-4.8908670415602264,-5.0292465174665635,-3.7482210596906693,-4.645249924509922,-5.1550764825410385,1.7676224131410756
s09,593.0,-5.321994881950038,1,True,0.841987142355397,-1.29424896935988,-4.936489164305961,-5.1582204729767165,-3.868884735886036,-5.1589791390623825,-5.3062558279594265,1.7676224131410756
s09,594.0,-5.608546412177743,1,True,0.8181093868267807,-1.307234487159195,-4.971187840715112,-5.175695818867249,-3.881446849507369,-5.10494690891943,-5.321994881950038,1.7676224131410756
s09,595.0,-5.870040147549741,1,True,0.8237556673358707,-1.3208139250999344,-5.179618533761192,-5.417392216191757,-4.110157729032562,-5.5231140932376235,-5.608546412177743,1.7676224131410756
s09,596.0,-6.444171483133791,1,True,0.8026336206618812,-1.3449485893646473,-5.406896705507304,-5.6396826743100315,-4.318868749210097,-5.768581865308381,-5.870040147549741,1.7676224131410756
s09,597.0,-5.966848816617724,1,True,0.8893188255644926,-1.3402922594247568,-5.856612181135262,-6.122059814614072,-4.777111225249425,-6.482950653581194,-6.444171483133791,1.7676224131410756
s09,598.0,-5.805940281231594,1,True,0.8618834487664012,-1.3423776046997524,-5.588083650705121,-5.736428772065073,-4.396136512640316,-5.4541925501259,-5.966848816617724,1.7676224131410756
s09,599.0,-5.856793423509499,1,True,0.8431271859835633,-1.349778854531385,-5.424680530574069,-5.610085095788418,-4.267707491088665,-5.482794025245985,-5.805940281231594,1.7676224131410756
s10,350.0,1.488687356636491,0,False,0.9523455680411376,-0.053553100828718836,1.590252823425792,1.5873478873902513,1.6379411722963573,1.8020963554599136,1.6009568459296102,1.746902094741402
s10,351.0,1.312154169310759,0,False,0.9178827347190652,-0.0590043488087767,1.496414477912316,1.4938624353126877,1.5474155361414066,1.4052743262845042,1.488687356636491,1.746902094741402
s10,352.0,1.3522806268573055,0,False,0.9808913900093956,-0.05881797477578776,1.3509134348548668,1.3460681590910075,1.4050725078997843,1.1891301611395244,1.312154169310759,1.746902094741402
s10,353.0,1.4100028616352749,0,False,0.9903867966817249,-0.05787617325569619,1.3797334073726502,1.3786094776322224,1.4374274524080102,1.3856443508310425,1.3522806268573055,1.746902094741402
s10,354.0,1.289885132575838,0,False,0.9301658414003977,-0.06196244315935413,1.426650504785227,1.426094129364436,1.4839703026201323,1.4568093500144157,1.4100028616352749,1.746902094741402
s10,355.0,1.8858841925665846,0,False,0.8478612835768738,-0.04514053724905293,1.3294810906393542,1.325153995556545,1.3871164387158992,1.206585043218309,1.289885132575838,1.746902094741402
s10,356.0,1.7591963606932637,0,False,0.9701318654607923,-0.047040982210067014,1.8294121494561209,1.8225445260603996,1.8676850633094526,2.290570931296049,1.8858841925665846,1.746902094741402
s10,357.0,1.5774623190665547,0,False,0.9438320032085002,-0.051271890114367974,1.7198976089287599,1.718492582543253,1.7655335647533201,1.6602852173028557,1.7591963606932637,1.746902094741402
s10,358.0,1.0732474314593725,0,False,0.7976921160819015,-0.06610621928028527,1.5706049096827202,1.5677250703232821,1.6189969604376502,1.4414892998751923,1.5774623190665547,1.746902094741402
s10,359.0,1.6628482642731008,0,False,0.843642670714294,-0.05061066956628174,1.1597037498094038,1.1463299404729834,1.2124361597532687,0.7770960631318853,1.0732474314593725,1.746902094741402
s10,360.0,1.205737854103714,0,False,0.8336961413870083,-0.06355558597297,1.6451484167867338,1.6372350676599887,1.6878457372262705,2.0678326080054275,1.6628482642731008,1.746902094741402
s10,361.0,1.6732303037246452,0,False,0.8819282515066286,-0.05103000215870595,1.266280382432892,1.2557108432491775,1.3192664292221474,0.9173349473306134,1.205737854103714,1.746902094741402
s10,362.0,1.2260689993467686,0,False,0.8394116879580229,-0.06360354300325587,1.651212229078931,1.6451870274984322,1.6962170296571382,2.0083877705936377,1.6732303037246452,1.746902094741402
s10,363.0,0.9788882804357857,0,False,0.8462139802809344,-0.07239858617251624,1.28227037168858,1.2720563860777978,1.3356599290810536,0.9410121773680866,1.2260689993467686,1.746902094741402
s10,364.0,0.502705044629408,0,False,0.6146710537078219,-0.0892360392753701,1.0750873717919625,1.0639534813912033,1.1363520675637195,0.8344469107122163,0.9788882804357857,1.746902094741402
s10,365.0,0.5038175409235407,0,False,0.8029651651913894,-0.09401624807700729,0.6975430632967128,0.663157834311447,0.7523938735868171,0.3629093903209594,0.502705044629408,1.746902094741402
s10,366.0,0.5809380189671276,0,False,0.8713403458266146,-0.09636634726274192,0.6777991344007939,0.6592746584916154,0.7532909065686226,0.5536927705489851,0.5038175409235407,1.746902094741402
s10,367.0,0.700998201387937,0,True,0.9247777251652128,-0.09690966185170942,0.7315071485996305,0.7191086876868538,0.8154750349495957,0.6652970102626934,0.5809380189671276,1.746902094741402
s10,368.0,0.7053985496681914,0,True,0.8725342617572669,-0.10020889043384508,0.8226626009573356,0.8153728357393799,0.9122824975910894,0.8064168718658219,0.700998201387937,1.746902094741402
s10,369.0,1.133892792392503,0,False,0.8938920584727861,-0.09066075813128543,0.8283949158381501,0.8156217156405149,0.91583060607436,0.7353172733040253,0.7053985496681914,1.746902094741402
s10,370.0,1.1031630103817793,0,False,0.9332567748569827,-0.09268612501905774,1.1802950663967964,1.170675239974189,1.2613359981054746,1.4562600547084759,1.133892792392503,1.746902094741402
s10,371.0,1.4174539557128458,0,False,0.9319782357913368,-0.08447865728690913,1.1500578688843404,1.1438716979745593,1.2365578229936172,1.0889418106011082,1.1031630103817793,1.746902094741402
s10,372.0,1.1845100128248336,0,False,0.8860134517081334,-0.09110834624606103,1.4112460321031977,1.405499644796563,1.4899783020834723,1.6585695607166144,1.4174539557128458,1.746902094741402
s10,373.0,1.6324489449233948,0,False,0.8876523603505833,-0.07846612455327047,1.2214266810728784,1.2110415551637097,1.3021499014097708,1.0315008880563459,1.1845100128248336,1.746902094741402
s10,374.0,1.877425694649503,0,False,0.9396267395859945,-0.06968939064449346,1.5936833815762668,1.5848678976902697,1.6633340222435402,1.9565247478399486,1.6324489449233948,1.746902094741402
s10,375.0,1.625698251515177,1,False,0.9326544274955173,-0.07465370446415746,1.7953827545667838,1.7911753788373104,1.860864769481804,2.0620310295971316,1.877425694649503,1.746902094741402
s10,376.0,1.6007121435507656,1,False,0.9824819152677774,-0.07412945221301541,1.588264664979416,1.5832370685126969,1.6578907729768544,1.4385616787965756,1.625698251515177,1.746902094741402
s10,377.0,1.5158581418091917,1,False,0.9614160698728876,-0.07556214027578143,1.5649130165930794,1.5636144105680585,1.6377438627810739,1.5815668934301437,1.6007121435507656,1.746902094741402
s10,378.0,1.5338407089873936,1,False,0.9885852177221129,-0.07435977494859154,1.496677349088387,1.493761864747731,1.5693240050235124,1.452141114193102,1.5158581418091917,1.746902094741402
s10,379.0,1.6626897436008263,1,False,0.9757476399061425,-0.06976300305986576,1.5103128146179043,1.5094640139766335,1.5838237889252251,1.5487455269878603,1.5338407089873936,1.746902094741402
s10,380.0,1.5495108337470496,1,False,0.9573777356608092,-0.07181632549954729,1.6196468325412043,1.6179549150697676,1.6877179181296333,1.764671187273296,1.6626897436008263,1.746902094741402
s10,381.0,2.015418419102961,1,False,0.8841774201719412,-0.05709305297923718,1.527703642835269,1.524642668425958,1.5964589939255052,1.4641426084270248,1.5495108337470496,1.746902094741402
s10,382.0,1.5982453062096653,1,False,0.8954383726547287,-0.06659685258935515,1.9216512912332455,1.9150386265469301,1.9721316795261674,2.34256614323629,2.015418419102961,1.746902094741402
s10,383.0,1.647593880994667,1,False,0.996400095228047,-0.06424377432611296,1.5761214141694107,1.5691579388865944,1.6357547914759496,1.3009625857956426,1.5982453062096653,1.746902094741402
s10,384.0,1.8612911401682102,1,False,0.9475623063550798,-0.05674409953391514,1.611533251898048,1.611301980428283,1.6755457547543962,1.6873422246782597,1.647593880994667,1.746902094741402
s10,385.0,1.9401743779356428,1,False,0.975663203725918,-0.05227219771283638,1.7940865136072006,1.7911109838996842,1.8478550834335994,2.0238604092311263,1.8612911401682102,1.746902094741402
s10,386.0,2.454253294560279,1,False,0.8758220593199334,-0.03442024998794245,1.860460508223684,1.8591883703971481,1.9114605681099845,2.001533106749565,1.9401743779356428,1.746902094741402
s10,387.0,2.8709072778609452,1,False,0.8952507829042942,-0.01703967345461219,2.2958289625111328,2.291554726749937,2.3259749767378795,2.8013648202014574,2.454253294560279,1.746902094741402
s10,388.0,2.6590766421359087,1,False,0.9994636819946822,-0.016614182323771445,2.6466784968951544,2.6448936044412172,2.6619332778958293,3.1497843471060927,2.8709072778609452,1.746902094741402
s10,389.0,2.7419815064835484,1,False,0.9521135481218994,-0.008590183260786931,2.474523781535855,2.4745148710507316,2.491129053374503,2.4882739496797748,2.6590766421359087,1.746902094741402
s10,390.0,2.845706357921107,1,False,0.9468060635261535,0.0002993947558371495,2.549798444097646,2.5493870907003044,2.5579772739610913,2.796817293145827,2.7419815064835484,1.746902094741402
s10,391.0,3.15907445179403,1,False,0.9108756847181234,0.015814251680531546,2.641896628318595,2.6419125543042172,2.6416131595483803,2.9140368008945488,2.845706357921107,1.746902094741402
s10,392.0,2.7447709818950887,1,False,0.9735104498002587,0.01085426795913436,2.9086943382556054,2.9101037726083283,2.8942895209277966,3.365632429817178,3.15907445179403,1.746902094741402
s10,393.0,2.608876112061521,1,False,0.9905981577082388,0.011988128395110586,2.570793239519662,2.571080764195647,2.5602264962365124,2.4146686360493037,2.7447709818950887,1.746902094741402
s10,394.0,2.365307304862329,1,False,0.9822987050649633,0.009068169558093262,2.4625265556036955,2.46263926609624,2.4506511377011293,2.498843357510596,2.608876112061521,1.746902094741402
s10,395.0,2.1346942769236805,1,False,0.9727918637934668,0.005209283309932284,2.2631633001851776,2.2633238185290465,2.254255648970953,2.170422512488119,2.365307304862329,1.746902094741402
s10,396.0,2.6152761739585557,1,False,0.8833494465495626,0.021462088367823297,2.073374270472354,2.073516005362189,2.068306722052257,1.9519983921006865,2.1346942769236805,1.746902094741402
s10,397.0,2.953626551484918,1,False,0.9080642430497566,0.03575267233529654,2.474770188082835,2.4772737525691437,2.4558116642013204,2.938976826822267,2.6152761739585557,1.746902094741402
s10,398.0,2.9786292983868154,1,False,0.9562378085467734,0.04218001555261181,2.761097575482167,2.7643845244763066,2.7286318521410102,3.1806797509410902,2.953626551484918,1.746902094741402
s10,399.0,2.900093545597437,1,False,0.9732411728053442,0.045453656092380675,2.789126304355695,2.7909721942718084,2.7487921787191967,2.9878491888595753,2.9786292983868154,1.746902094741402
s10,400.0,2.6263406866568078,1,False,0.988880163492057,0.04231626061883379,2.729704249246296,2.730920535775037,2.6854668796826564,2.8327195994302867,2.900093545597437,1.746902094741402
s10,401.0,1.9833497390135695,1,False,0.8919079085757523,0.02660526742539604,2.506578962228452,2.5070495121281606,2.464733251509327,2.406264532083263,2.6263406866568078,1.746902094741402
s10,402.0,1.9483034488074882,1,False,0.9994796010701826,0.025867995322833404,1.9700033665606635,1.972879185559576,1.94627391813418,1.5169241562812394,1.9833497390135695,1.746902094741402
s10,403.0,1.716641785453483,1,False,0.9446780992741998,0.019050751921227405,1.9438697704966004,1.9438832321736828,1.9180152368508494,1.9200437113585673,1.9483034488074882,1.746902094741402
s10,404.0,1.8209155919107227,1,False,0.9747871950552806,0.021170074034729914,1.7492175976541011,1.7502715214606392,1.7312207695394117,1.5409876802290623,1.716641785453483,1.746902094741402
s10,405.0,2.2943044058825897,1,False,0.8835947323729174,0.03490512526044922,1.835935608077977,1.8364693650252797,1.8152992909905499,1.9027326553008617,1.8209155919107227,1.746902094741402
s10,406.0,2.8799526674123044,1,False,0.8656230062944268,0.05434642329689998,2.2278462590831136,2.231909399530613,2.1970042742701636,2.620250670568454,2.2943044058825897,1.746902094741402
s10,407.0,2.899713918068586,1,False,0.9586519382765567,0.05963064423581402,2.7162703111234965,2.7235732201047846,2.6692267968078847,3.2604026380235327,2.8799526674123044,1.746902094741402
s10,408.0,2.305061367760089,1,False,0.9239131076226238,0.04643874264001243,2.7423258093950036,2.7447914209534745,2.6851607767176606,2.9061177022620157,2.899713918068586,1.746902094741402
s10,409.0,2.3323481852299155,1,False,0.9721199323492556,0.048845689642916315,2.2485832388530613,2.2521166184664527,2.2056778758264404,1.8544990496909277,2.305061367760089,1.746902094741402
s10,410.0,2.1274184553922866,1,False,0.9770067474694594,0.04437247548373573,2.2751637728999476,2.2765255940316393,2.227679904388723,2.3508186369966886,2.3323481852299155,1.746902094741402
s10,411.0,1.8466205138491507,1,False,0.9448657231783258,0.03656671516075749,2.1057922570808887,2.1068125246150915,2.062440049131356,1.9644839369507723,2.1274184553922866,1.746902094741402
s10,412.0,2.5211008012880924,1,False,0.8429627824268304,0.05602196379014576,1.8705764342456848,1.8725925136418171,1.8360257984810597,1.6321053172006288,1.8466205138491507,1.746902094741402
s10,413.0,2.5246491008098193,1,False,0.9705139883343644,0.05868450519090197,2.4271001874680227,2.435897720784612,2.3798757569944664,2.9573684875317516,2.5211008012880924,1.746902094741402
s10,414.0,2.4478825018463324,1,False,0.9865290012769724,0.0588783399590743,2.439690970902604,2.4414213429072547,2.3827368377163527,2.523241393027093,2.5246491008098193,1.746902094741402
s10,415.0,2.7022777917296557,1,False,0.9241442798327774,0.06855518199130722,2.3789232406128225,2.3797163906552252,2.320838050696151,2.385106137667825,2.4478825018463324,1.746902094741402
s10,416.0,2.7103288342534126,1,False,0.9648269032564026,0.07202949563987093,2.589318076600143,2.594518379301289,2.5259631973099816,2.878468552086991,2.7022777917296557,1.746902094741402
s10,417.0,2.7503406787641613,1,False,0.9587975175042484,0.07640518263706059,2.6019509451059726,2.6044844455245064,2.5324549498846354,2.71033587644366,2.7103288342534126,1.746902094741402
s10,418.0,2.793932352932385,1,False,0.9572681128506614,0.08098947337298575,2.6379745785346915,2.6411226617348795,2.564717479097819,2.7736257750471123,2.7503406787641613,1.746902094741402
s10,419.0,2.511042455996326,1,False,0.9826389486447262,0.07589506747510186,2.6773951528893294,2.6808559859257883,2.5998665125528024,2.81928660226572,2.793932352932385,1.746902094741402
s10,420.0,2.881719652257946,1,False,0.903029507997057,0.08891684100605012,2.446342916395624,2.447660534559671,2.371765467084569,2.2844834895355532,2.511042455996326,1.746902094741402
s10,421.0,3.150310631815163,1,True,0.9176739838742071,0.10063910793265218,2.750946091108724,2.759568400928428,2.670651559922378,3.1311552368605327,2.881719652257946,1.746902094741402
s10,422.0,3.126902781604735,1,True,0.9601827828869562,0.1048103269892755,2.979576929561409,2.987862146383958,2.887223038451306,3.3273936898565624,3.150310631815163,1.746902094741402
s10,423.0,2.9019872538488345,1,True,0.9941758612908294,0.10267517331211144,2.9689857875422154,2.9731590430876365,2.868348716098361,3.0984850788810516,3.126902781604735,1.746902094741402
s10,424.0,3.140756760745038,1,True,0.922209288008359,0.11320780624570533,2.789071001840551,2.789668996291909,2.6869938229797974,2.720436445220438,2.9019872538488345,1.746902094741402
s10,425.0,2.3529657119312115,1,False,0.8994715678108233,0.0940149578627864,2.9839208088443105,2.9927273246951756,2.87951951844947,3.2979839142105343,3.140756760745038,1.746902094741402
s10,426.0,2.9768793313702346,1,True,0.8598360493442998,0.11317175944927765,2.328868102170916,2.3383192784871936,2.244304320624407,1.7706841427386721,2.3529657119312115,1.746902094741402
s10,427.0,3.0815758941146507,1,True,0.9427192701821467,0.11980244936433918,2.844690296038866,2.8605528969459333,2.7473811374966557,3.377275540584706,2.9768793313702346,1.746902094741402
s10,428.0,3.3131492368733144,1,True,0.9217360429420504,0.13064883685903222,2.9447406153166575,2.951602987050213,2.831800537685874,3.1468523747434904,3.0815758941146507,1.746902094741402
s10,429.0,3.7898030675343692,1,True,0.8868046514105836,0.14986775008108288,3.1389475318417417,3.149172626799348,3.018523789940316,3.4622002352046506,3.3131492368733144,1.746902094741402
s10,430.0,4.286493636437912,1,True,0.8851639664358995,0.17188068358990505,3.5357648539311013,3.552729186143841,3.402861436062758,4.086835486969759,3.7898030675343692,1.746902094741402
s10,431.0,3.982000796132868,1,True,0.9770694665307071,0.1720836311319083,3.955497782116342,3.975235878066093,3.803355194476188,4.585514577830741,4.286493636437912,1.746902094741402
s10,432.0,3.643967392171374,1,True,0.9880491034615815,0.16950508894701524,3.7259728288712886,3.7299187983344764,3.557835167202568,3.7323843299113175,3.982000796132868,1.746902094741402
s10,433.0,3.620687183465929,1,True,0.9514685999075152,0.17448243489847048,3.4527499139700124,3.4547756517507535,3.2852705628037384,3.370373430463318,3.643967392171374,1.746902094741402
s10,434.0,3.8246122289561715,1,True,0.9213535977519376,0.18599135389262217,3.432513718960614,3.4409815958177825,3.266499160919312,3.5856375433664764,3.620687183465929,1.746902094741402
s10,435.0,4.140984821204553,1,True,0.9062915513657597,0.2017132904738178,3.6022927176651303,3.6169202684980313,3.430928914605409,3.9451483977935413,3.8246122289561715,1.746902094741402
s10,436.0,4.5545096273713845,1,True,0.8946772932345264,0.22171634428463188,3.8688389274917068,3.887741167010916,3.686027876537098,4.329545545685257,4.140984821204553,1.746902094741402
s10,437.0,5.200823661261866,1,True,0.8719484040333203,0.25050567242566885,4.217827624379765,4.2411793898939685,4.019463045609337,4.796473947669338,4.5545096273713845,1.746902094741402
s10,438.0,5.137418713669561,1,True,0.9383669821905103,0.2608950077210022,4.759029886005637,4.7911075371584495,4.540601864732781,5.570687368138825,5.200823661261866,1.746902094741402
s10,439.0,5.017355578213466,1,True,0.9445051304909037,0.2689045177116516,4.734292165201212,4.750371911858487,4.489476904137485,5.049510129594741,5.137418713669561,1.746902094741402
s10,440.0,4.973940594710398,1,True,0.937977523093386,0.27827558820987236,4.646648756982224,4.661571578103039,4.392667060391387,4.891251176332887,5.017355578213466,1.746902094741402
s10,441.0,4.345205454044376,1,True,0.9985697405513727,0.2695536692766213,4.618676743909324,4.635936085152745,4.357660496942873,4.902882006903157,4.973940594710398,1.746902094741402
s10,442.0,4.162632090872483,1,True,0.9610989275627443,0.270825142838435,4.11986410712963,4.120249638812025,3.850695969535404,3.838258740579696,4.345205454044376,1.746902094741402
s10,443.0,3.3314493423561053,1,True,0.9471566655447792,0.251539390832309,3.9637723540609175,3.9743077425603057,3.7034825997218705,4.00328407140702,4.162632090872483,1.746902094741402
s10,444.0,2.7728009967899454,1,True,0.9551784157229403,0.23617885062864777,3.2715268234202375,3.2848190035786518,3.033279612746343,2.680905833228022,3.3314493423561053,1.746902094741402
s10,445.0,3.579390045780411,1,True,0.8384195579000424,0.25899035299120043,2.808420723437412,2.8190066336953232,2.5828277830666755,2.3340242313477395,2.7728009967899454,1.746902094741402
s10,446.0,3.5857757145860054,1,True,0.9483356756839846,0.2617979057878971,3.450342845626841,3.4921906213627834,3.233200268371583,4.068737560095899,3.579390045780411,1.746902094741402
s10,447.0,3.142132094192049,1,True,0.9849327793380881,0.2510574557589221,3.4866214832480025,3.500147095157882,3.238349189369985,3.5727090633853216,3.5857757145860054,1.746902094741402
s10,448.0,3.5027973279363493,1,True,0.9026156972006257,0.26219079742048773,3.1279032011327565,3.1316859392174945,2.8806284834585725,2.7858611124851307,3.142132094192049,1.746902094741402
s10,449.0,3.641388613937262,1,True,0.931074680853709,0.26842348133741945,3.4080992153656657,3.433632483372872,3.1714416859523844,3.7330210512872006,3.5027973279363493,1.746902094741402
s10,450.0,3.2164132260152014,1,True,0.9897343239219117,0.2583674367532225,3.5331135380375605,3.5516147121551005,3.283191230817681,3.720746916809382,3.641388613937262,1.746902094741402
s10,451.0,3.39091590878129,1,True,0.9289244129684786,0.26412819558874334,3.1962382978490935,3.198890614263928,2.9405231775107055,2.874430694074669,3.2164132260152014,1.746902094741402
s10,452.0,2.7392145456450843,1,True,0.9412933212035568,0.24594391728308945,3.3265840892805,3.3453571558335464,3.081228960244803,3.4996097637456005,3.39091590878129,1.746902094741402
s10,453.0,2.755768400215663,1,True,0.9623798431651245,0.24456626559896225,2.7872515724660256,2.801690123019903,2.5557462057368134,2.233810321518754,2.7392145456450843,1.746902094741402
s10,454.0,2.8845633528182653,1,True,0.942211478120449,0.2466933587043561,2.8044596280367844,2.813660249305137,2.569093983706175,2.761591311858274,2.755768400215663,1.746902094741402
s10,455.0,3.0197212633161206,1,True,0.939141046054454,0.24969586068484884,2.905381819409336,2.9196378639663627,2.6729445052620067,2.970183365834835,2.8845633528182653,1.746902094741402
s10,456.0,3.0987515559034864,1,True,0.9461734371560206,0.25170976247780125,3.016425267252593,3.0316214961384054,2.7819256354535566,3.1075979227598696,3.0197212633161206,1.746902094741402
s10,457.0,3.729391864048427,1,True,0.8657011670371428,0.2706707347040411,3.0838107851586436,3.0973594565070983,2.845649694029297,3.145421964161527,3.0987515559034864,1.746902094741402
s10,458.0,3.559476639396309,1,True,0.9703242961479845,0.2687103997071261,3.588470375505524,3.6248211392934757,3.3541504045894346,4.119207032534932,3.729391864048427,1.746902094741402
s10,459.0,3.6799214631675032,1,True,0.9329544473768077,0.27453242356366897,3.477879831039077,3.485854001282742,3.217143601575616,3.416376635845312,3.559476639396309,1.746902094741402
s10,460.0,4.343802600966751,1,True,0.8656554178101581,0.29718269258728897,3.5703874554619417,3.588793633512752,3.314261209949083,3.746011874068763,3.6799214631675032,1.746902094741402
s10,461.0,4.055321184332458,1,True,0.9739886727107774,0.2944399028963999,4.106822622692403,4.146747507362094,3.849564814774805,4.740792897769055,4.343802600966751,1.746902094741402
s10,462.0,4.2121770473501625,1,True,0.924025609729219,0.30346336152508785,3.903736320379319,3.9113950930605643,3.6169551901641643,3.817359563451411,4.055321184332458,1.746902094741402
s10,463.0,4.4379312203020405,1,True,0.9151677556654936,0.31519443997747454,4.023839828027762,4.046895271889152,3.7434319103640643,4.293432149874515,4.2121770473501625,1.746902094741402
s10,464.0,4.614824760427269,1,True,0.9193319686523813,0.32641945888226104,4.213918811856005,4.240657463601052,3.9254630236235775,4.561046398410749,4.4379312203020405,1.746902094741402
s10,465.0,4.6830291104888,1,True,0.9297741682460661,0.33507485003612775,4.36818445688499,4.394516072026576,4.0680966131443155,4.701848895753678,4.614824760427269,1.746902094741402
s10,466.0,4.606009309097092,1,True,0.9447112898555798,0.3395101403265791,4.434635389371768,4.458166299415379,4.123091449379252,4.6948398006251955,4.6830291104888,1.746902094741402
s10,467.0,4.670724453881662,1,True,0.9302129030816951,0.34761691476185214,4.381727561632952,4.40049863937256,4.060988499045981,4.5172064531943175,4.606009309097092,1.746902094741402
s10,468.0,4.555724017089373,1,True,0.9489808128846772,0.35046503072084384,4.43652764313539,4.4607868184563175,4.113169903694465,4.680354156355453,4.670724453881662,1.746902094741402
s10,469.0,4.878232796426695,1,True,0.9036628699398451,0.36568479655946357,4.353026827492981,4.370907268472704,4.020442237751861,4.4404176000268185,4.555724017089373,1.746902094741402
s10,470.0,4.977351293889765,1,True,0.9247710033455702,0.37562012275528295,4.610944730221948,4.646173754029118,4.280488957469655,5.055642435529059,4.878232796426695,1.746902094741402
s10,471.0,5.2350249267902935,1,True,0.9089020287826112,0.39058994806207337,4.707773224939187,4.736030749897281,4.360410627141998,5.004848709186961,4.977351293889765,1.746902094741402
s10,472.0,5.233055952864633,1,True,0.9322011572493296,0.39881855274786027,4.9231871781587095,4.95876913000507,4.568179181942996,5.363117893295615,5.2350249267902935,1.746902094741402
s10,473.0,4.736739316666382,1,True,0.9817216504825308,0.3919584291626816,4.938370666495202,4.965410102839004,4.566591550091144,5.186390445372491,5.233055952864633,1.746902094741402
s10,474.0,4.6429330212000535,1,True,0.9459387885706884,0.3944956878407886,4.551193378765265,4.558357731929818,4.166399302767137,4.333437048995296,4.736739316666382,1.746902094741402
s10,475.0,4.669015780773013,1,True,0.9340279723045981,0.4000084608825457,4.463929764592797,4.48525667938111,4.090760991540321,4.54153271986784,4.6429330212000535,1.746902094741402
s10,476.0,4.885073976829067,1,True,0.9141011814019625,0.41120666159813407,4.48541125038305,4.511800619642789,4.111792158760243,4.651898307022677,4.669015780773013,1.746902094741402
s10,477.0,4.717031776511715,1,True,0.9521528717754851,0.41180125998713035,4.661889663780916,4.697211830211839,4.286005168613705,4.992862992067074,4.885073976829067,1.746902094741402
s10,478.0,4.7877705290922234,1,True,0.9287470270331989,0.4185650791318141,4.5426063832464765,4.562309890936097,4.150508630948967,4.560911853470704,4.717031776511715,1.746902094741402
s10,479.0,5.616855731960265,1,True,0.8566286186349896,0.4482873881783149,4.59628809080868,4.6261120970769065,4.2075470179450924,4.799402111287175,4.7877705290922234,1.746902094741402
s10,480.0,5.5839242526541994,1,True,0.9323610715892497,0.4560747330363026,5.260074508629641,5.324346090721279,4.876058702542964,6.083312879460035,5.616855731960265,1.746902094741402
s10,481.0,5.3424393048971615,1,True,0.9516604249443891,0.45718051284116373,5.274731571850662,5.305579978068457,4.849505245032154,5.50949152787498,5.5839242526541994,1.746902094741402
s10,482.0,5.219494700782811,1,True,0.9428416834717177,0.46040623778471146,5.0898706242834395,5.111970535997887,4.654790023156724,5.123895860037419,5.3424393048971615,1.746902094741402
s10,483.0,5.126249796699877,1,True,0.9410987434712239,0.46371184113027997,4.989746973043365,5.016063018514259,4.555656780729548,5.088083889646882,5.219494700782811,1.746902094741402
s10,484.0,4.963751731785406,1,True,0.9488570157763268,0.46429890385660594,4.916869764131361,4.9441829742412065,4.480471133110926,5.01745550347406,5.126249796699877,1.746902094741402
s10,485.0,4.946626057902761,1,True,0.9357969573971082,0.4682853694538341,4.789998239813483,4.81374387132849,4.349444967471884,4.808009154112748,4.963751731785406,1.746902094741402
s10,486.0,5.7552941263135,1,True,0.8593883531666902,0.49682654863161524,4.773856141528774,4.803921487054129,4.335636117600295,4.894476365040597,4.946626057902761,1.746902094741402
s10,487.0,5.818191667729232,1,True,0.9231812575920992,0.5068369531905872,5.414651916569898,5.484511515763499,4.987684967131884,6.207722525299828,5.7552941263135,1.746902094741402
s10,488.0,5.490768167571865,1,True,0.9570586628502304,0.505202865810662,5.506303169552753,5.545237746902705,5.0384007937121185,5.805109014008243,5.818191667729232,1.746902094741402
s10,489.0,5.308659695304089,1,True,0.9470414390842926,0.5060748342650583,5.257899993567739,5.279594080157545,4.774391214346883,5.207333328290162,5.490768167571865,1.746902094741402
s10,490.0,5.402551943927658,1,True,0.9227740647868812,0.5141425666316165,5.106826536770718,5.133627531709051,4.627552697443993,5.133527088507085,5.308659695304089,1.746902094741402
s10,491.0,5.286823491281502,1,True,0.9416171654825319,0.5162251849269769,5.177697740895155,5.217402881436155,4.703260314804538,5.41840951968904,5.402551943927658,1.746902094741402
s10,492.0,5.885031161097344,1,True,0.8785673433144645,0.5389909952560978,5.0960321272479705,5.126170816793312,4.609945631866335,5.159438735980556,5.286823491281502,1.746902094741402
s10,493.0,5.6630166384451535,1,True,0.9469623476431877,0.5399429111737482,5.565834999373282,5.631286107856811,5.092295112600713,6.212543618515919,5.885031161097344,1.746902094741402
s10,494.0,5.362136429486605,1,True,0.9563402176029157,0.5372103355968177,5.424584977635594,5.453222282050953,4.913279370877205,5.453731166841358,5.6630166384451535,1.746902094741402
s10,495.0,5.744091413870989,1,True,0.8969860940193056,0.5532965990455485,5.184428145893009,5.207882632246631,4.670672296649813,5.099932353752932,5.362136429486605,1.746902094741402
s10,496.0,5.7794123076569965,1,True,0.9256036667325394,0.560720511924231,5.474951301200731,5.531948545034247,4.978651945988698,5.941493967190572,5.744091413870989,1.746902094741402
s10,497.0,5.490412863603195,1,True,0.9539860483445978,0.5583973210688795,5.526137008706563,5.567852558781579,5.007132046857348,5.748318773791599,5.7794123076569965,1.746902094741402
s10,498.0,5.560699408629338,1,True,0.9239283258253134,0.5652432419737855,5.306807977796305,5.3325020451324745,4.774104724063595,5.235147880671716,5.490412863603195,1.746902094741402
s10,499.0,5.981370960524778,1,True,0.8936362422078808,0.582803718978986,5.353022727285222,5.396021727018096,4.83077848504431,5.557535595058227,5.560699408629338,1.746902094741402
s10,500.0,5.918831495552872,1,True,0.9325001841072773,0.587785264774417,5.690790775432679,5.752779969038506,5.16997625005952,6.198187386160549,5.981370960524778,1.746902094741402
s10,501.0,6.200631978892593,1,True,0.9045448290315525,0.6025841917196485,5.667659016894813,5.707334414051542,5.119549149277125,5.817856803569375,5.918831495552872,1.746902094741402
s10,502.0,6.222124512010294,1,True,0.9243708075011206,0.610767248111141,5.891836188583724,5.949355965627207,5.346771773907559,6.324659657191029,6.200631978892593,1.746902094741402
s10,503.0,6.343655088574456,1,True,0.9163713485678038,0.621830831448264,5.928677143557619,5.974868977337026,5.364101729225886,6.173252246594227,6.222124512010294,1.746902094741402
s10,504.0,6.472166445832382,1,True,0.9154018031091616,0.6334780556805328,6.031922764237111,6.083925638090091,5.462094806641827,6.359729439542199,6.343655088574456,1.746902094741402
s10,505.0,6.406979458985406,1,True,0.9297664171764095,0.6397115980297066,6.1456036127324625,6.19919471401295,5.565716658332417,6.490338058116878,6.472166445832382,1.746902094741402
s10,506.0,6.145046400277983,1,True,0.945823508009662,0.6394769982206263,6.107937156410561,6.152866393913992,5.513154795884285,6.295332695951206,6.406979458985406,1.746902094741402
s10,507.0,6.5845661609814305,1,True,0.8921437921555417,0.6587711202483019,5.906784139586808,5.941428760058913,5.3019517618382865,5.899609695787788,6.145046400277983,1.746902094741402
s10,508.0,6.390397916489339,1,True,0.9390936493089552,0.6610295051720944,6.2440658641621605,6.315118419029588,5.656347298781286,6.800623772706152,6.5845661609814305,1.746902094741402
s10,509.0,6.20958524497247,1,True,0.9394096415438439,0.6624926365922111,6.1205533027761065,6.160814197635246,5.499784692463152,6.1891269658241,6.390397916489339,1.746902094741402
s10,510.0,6.32497477931638,1,True,0.9168987071201824,0.67174737053162,5.976342981677065,6.016483648002751,5.35399101141054,6.020784494010941,6.20958524497247,1.746902094741402
s10,511.0,6.2874980324826515,1,True,0.9284095029463089,0.6768089179032748,6.06295671178103,6.118779786760826,5.447032416229206,6.337326177656754,6.32497477931638,1.746902094741402
s10,512.0,6.587279785529954,1,True,0.9025380825233373,0.6916186239830707,6.045169829360356,6.093622916203422,5.416813998300148,6.197110263329472,6.2874980324826515,1.746902094741402
s10,513.0,6.44276254932915,1,True,0.9352235548183151,0.6943968809239536,6.282747507377096,6.3501539846330575,5.658535360649987,6.714925307915545,6.587279785529954,1.746902094741402
s10,514.0,6.328031814238878,1,True,0.9338107911366924,0.6971457016090163,6.191423896578617,6.236404458070121,5.542007577146167,6.275435316327868,6.44276254932915,1.746902094741402
s10,515.0,6.828580146643383,1,True,0.8877284017453976,0.7176038136115037,6.100499557441847,6.146643079893803,5.449497378284787,6.1834952929769464,6.328031814238878,1.746902094741402
s10,516.0,6.701409255388359,1,True,0.9324589763908309,0.7215249244908596,6.49013903234207,6.570705559409832,5.853101745798328,7.077352687627923,6.828580146643383,1.746902094741402
s10,517.0,6.41801501578175,1,True,0.9451735658616324,0.71990280489028,6.423353137174758,6.472085669134399,5.75056074464354,6.541572696700515,6.701409255388359,1.746902094741402
s10,518.0,5.940444375313911,1,True,0.9635162172575852,0.7108574609427857,6.202486136512046,6.241955840230388,5.522053035340108,6.152913168841387,6.41801501578175,1.746902094741402
s10,519.0,5.626718699592077,1,True,0.9545232229349156,0.7042240138111082,5.821898834815466,5.847833603981327,5.136976143038541,5.540102984263432,5.940444375313911,1.746902094741402
s10,520.0,5.876505457883097,1,True,0.9078112546640886,0.7128721134933099,5.556209629996406,5.588235468476373,4.884011454665265,5.351482098155131,5.626718699592077,1.746902094741402
s10,521.0,6.23527205241169,1,True,0.8984774304399137,0.7259814927759327,5.7325739572630265,5.798292742990934,5.085420629497624,5.986417855805388,5.876505457883097,1.746902094741402
s10,522.0,6.602407900370536,1,True,0.8975417055690431,0.7410331976216571,6.026980898913377,6.100684405513057,5.374702912737124,6.407818464584633,6.23527205241169,1.746902094741402
s10,523.0,6.363551426994999,1,True,0.9424553567103935,0.7395867386091284,6.33584172986759,6.411766727412623,5.670733529790966,6.772649958327079,6.602407900370536,1.746902094741402
s10,524.0,6.4234403587262605,1,True,0.9206091854304915,0.7457582158790074,6.175165194675309,6.217724449730295,5.478137711121167,6.131087649565938,6.363551426994999,1.746902094741402
s10,525.0,6.243123075287706,1,True,0.9391337564013371,0.7448863329982659,6.2129794857485505,6.272185837979088,5.526427622100081,6.396681922497093,6.4234403587262605,1.746902094741402
s10,526.0,6.867913937428988,1,True,0.8786648009709882,0.7671461595939121,6.08058128457653,6.125919717574117,5.381033384575852,6.0541062777237045,6.243123075287706,1.746902094741402
s10,527.0,6.707530617188833,1,True,0.9346935070125717,0.7688131670106774,6.558881871337987,6.651963703296656,5.884817543702744,7.191287148743078,6.867913937428988,1.746902094741402
s10,528.0,6.969700242517596,1,True,0.9046229988035225,0.7821748828227804,6.474101223747471,6.5243097154474965,5.7554965484368195,6.524481116358623,6.707530617188833,1.746902094741402
s10,529.0,7.237666782488839,1,True,0.9038014346344689,0.7968329298546293,6.674463720025702,6.749065214760545,5.966890331937765,7.065286918835431,6.969700242517596,1.746902094741402
s10,530.0,6.744802486568786,1,True,0.9565577740520451,0.78978326726955,6.903137054716735,6.979791239404763,6.182958309550134,7.331487888657893,7.237666782488839,1.746902094741402
s10,531.0,7.117406287794011,1,True,0.8968219372719703,0.8060454648254212,6.541023092784999,6.575333035931637,5.785549768662087,6.322986183995153,6.744802486568786,1.746902094741402
s10,532.0,7.401223577590256,1,True,0.9025217160202665,0.8213211283017366,6.808868585515007,6.892034795046407,6.085989330220986,7.280427473877181,7.117406287794011,1.746902094741402
s10,533.0,7.434130661009103,1,True,0.9186226127714775,0.8302602696256604,7.056098309361828,7.13615928354498,6.314838155243243,7.50186562514758,7.401223577590256,1.746902094741402
s10,534.0,7.602085479526892,1,True,0.9096187004723537,0.8431738676700987,7.1040677999171615,7.171632211378946,6.341371941753286,7.3695793478554545,7.434130661009103,1.746902094741402
s10,535.0,7.2350970511079415,1,True,0.9447193891701073,0.840627622533183,7.243764739117356,7.3199718890051315,6.476798021335033,7.623566631232564,7.602085479526892,1.746902094741402
s10,536.0,7.516595378403033,1,True,0.9025233052844003,0.8554800670413832,6.975043486342244,7.0215138947963585,6.180886272263176,6.8972660684785225,7.2350970511079415,1.746902094741402
s10,537.0,7.564636168174176,1,True,0.9172427248904582,0.8645187922429111,7.1799559587929735,7.263345328123247,6.407865261081864,7.61337385845368,7.516595378403033,1.746902094741402
s10,538.0,7.178492357181767,1,True,0.9463048068935846,0.8605399474319091,7.239575298021486,7.311120517548501,6.44660172530559,7.5076414242009495,7.564636168174176,1.746902094741402
s10,539.0,7.535284409094312,1,True,0.8976272453165562,0.8767249456042873,6.949577611361897,6.995784470015038,6.135244522583129,6.827836145647939,7.178492357181767,1.746902094741402
s10,540.0,7.151995274311503,1,True,0.9463148559334407,0.8722950149515197,7.20990688162255,7.299659629403754,6.4229346837994665,7.679648630461804,7.535284409094312,1.746902094741402
s10,541.0,6.974728868526029,1,True,0.9342560908521954,0.8719516522682191,6.9393450077565,6.986174291302714,6.113879276351194,6.803800144028341,7.151995274311503,1.746902094741402
s10,542.0,7.076825215329059,1,True,0.915278638421047,0.8789695080762774,6.785571178185782,6.842896688393782,5.9709450361255625,6.77519901092253,6.974728868526029,1.746902094741402
s10,543.0,7.261514629574762,1,True,0.909291847391382,0.8888478271638073,6.857769833146496,6.932237326657101,6.0532678185808235,7.065456323259023,7.076825215329059,1.746902094741402
s10,544.0,7.419313183863961,1,True,0.9106819589165078,0.8986961655003314,7.010409494960945,7.091035239313158,6.202187412149351,7.300836387022776,7.261514629574762,1.746902094741402
s10,545.0,7.266743757835416,1,True,0.931087262791063,0.8998548658487853,7.14785063185522,7.228120412886955,6.329424247386624,7.43783872941945,7.419313183863961,1.746902094741402
s10,546.0,6.840906794898022,1,True,0.9513890809043457,0.8918943101339961,7.04424719016124,7.106258652057661,6.206403786208876,7.079130043553301,7.266743757835416,1.746902094741402
s10,547.0,6.933924049205697,1,True,0.9163525513429621,0.8972639715895501,6.711579531868769,6.754935334020567,5.863041023886571,6.466700258154379,6.840906794898022,1.746902094741402
s10,548.0,7.226251598082442,1,True,0.9021836854610474,0.9089923070266945,6.760253241515615,6.835307083510962,5.938043111921412,6.919349504362463,6.933924049205697,1.746902094741402
s10,549.0,7.340470794384675,1,True,0.9137018174797855,0.9167240426355188,6.993831996672924,7.0827462740905345,6.17375396706384,7.335954646750794,7.226251598082442,1.746902094741402
s10,550.0,7.6541019044291225,1,True,0.9003075392980983,0.9308698274987942,7.103464123567911,7.18257574231994,6.265851699684421,7.331882985291717,7.340470794384675,1.746902094741402
s10,551.0,7.735718157443219,1,True,0.9146569209707947,0.9394530732739794,7.356809261240533,7.449609964937043,6.5187401374382485,7.768592263202032,7.6541019044291225,1.746902094741402
s10,552.0,7.602260297538717,1,True,0.9282907419743727,0.941800810426591,7.443826574575012,7.524002392451663,6.584549319177683,7.697666687844563,7.735718157443219,1.746902094741402
s10,553.0,8.047183281160407,1,True,0.891927136419896,0.9606541151073464,7.351203954478268,7.418739791801894,6.476938981375302,7.421670660593531,7.602260297538717,1.746902094741402
s10,554.0,8.211559008811275,1,True,0.9085961565962345,0.9731105238436679,7.692524743137562,7.796345384267224,6.835691269159877,8.23623477094687,8.047183281160407,1.746902094741402
s10,555.0,8.088887199065548,1,True,0.9255995827880746,0.9775368808941827,7.8523959221124295,7.941341964048393,6.9682314402047245,8.218339580436734,8.211559008811275,1.746902094741402
s10,556.0,8.442888448269493,1,True,0.8972703131525527,0.9954178831588961,7.774125887667138,7.846855039445709,6.869318158551526,7.9065966614021574,8.088887199065548,1.746902094741402
s10,557.0,8.444964021343386,1,True,0.9173214977119241,1.0042615264866204,8.047916942999981,8.150175910419243,7.154758027260347,8.56667593388314,8.442888448269493,1.746902094741402
s10,558.0,8.796130076204461,1,True,0.8972487128134857,1.023324634599747,8.07766230018479,8.16069313910024,7.15643161261362,8.339965307462775,8.444964021343386,1.746902094741402
s10,559.0,9.114910442112565,1,True,0.8988322351799453,1.0428846469825097,8.35776210593902,8.462910029353814,7.439585394754067,8.910802730613199,8.796130076204461,1.746902094741402
s10,560.0,9.138323856774827,1,True,0.9143901235653312,1.0548490491712958,8.63400414178159,8.739510450481962,7.696625803499453,9.20246196046964,9.114910442112565,1.746902094741402
s10,561.0,8.678104596243193,1,True,0.9413012408253875,1.052081577205271,8.680048165020573,8.770353661777355,7.7155046126060585,9.033779073684425,9.138323856774827,1.746902094741402
s10,562.0,8.336981452453117,1,True,0.9367261318294191,1.0502960165880213,8.334744256562349,8.396500139694767,7.344418562489497,8.250515121505629,8.678104596243193,1.746902094741402
s10,563.0,7.9462234230206334,1,True,0.941624185306614,1.0450929600229264,8.053202350163453,8.119658641857129,7.0693626252691075,7.999122221782159,8.336981452453117,1.746902094741402
s10,564.0,8.150656740187186,1,True,0.906348605636046,1.0556313274682338,7.738369672371941,7.799377825343601,6.754284865320675,7.579958199630763,7.9462234230206334,1.746902094741402
s10,565.0,8.1628016310516,1,True,0.9175679446453724,1.0612727030488713,7.875894432612008,7.97475577836368,6.919124450895446,8.1847241526301,8.150656740187186,1.746902094741402
s10,566.0,8.047892007370478,1,True,0.9253129668772728,1.0630037669719348,7.902706986397621,7.9901898766017005,6.928917173552829,8.070075487551064,8.1628016310516,1.746902094741402
s10,567.0,7.4365865371093065,1,True,0.9579552875200292,1.0491233681027445,7.819873901862234,7.899266499415651,6.836262732443716,7.871664655784528,8.047892007370478,1.746902094741402
s10,568.0,7.682786535420558,1,True,0.9045409885732278,1.0578326978800285,7.3483654524765285,7.392475542844426,6.343352174741682,6.918435537645226,7.4365865371093065,1.746902094741402
s10,569.0,8.08752968255745,1,True,0.8943843952967432,1.0724675297030368,7.498722291529295,7.599701955123838,6.5418692572438095,7.753442537981229,7.682786535420558,1.746902094741402
s10,570.0,8.747810543226795,1,True,0.8796787757493991,1.0966811133154635,7.827421782805046,7.94069108947924,6.868223559776204,8.250638124604452,8.08752968255745,1.746902094741402
s10,571.0,8.793129626844927,1,True,0.9140382466711965,1.105555843529463,8.365351272211646,8.497305286378273,7.40062417306281,9.054056949579131,8.747810543226795,1.746902094741402
s10,572.0,8.656456069451304,1,True,0.9242629802472496,1.1089678685364461,8.44768638383917,8.542721902551865,7.4371660590224025,8.709969302477488,8.793129626844927,1.746902094741402
s10,573.0,8.717597784228387,1,True,0.9133557259598826,1.1174178812375568,8.351940772826854,8.435930694191363,7.326962825654918,8.453907444479634,8.656456069451304,1.746902094741402
s10,574.0,8.555558755918721,1,True,0.9260035533218146,1.1192742208903126,8.396862906374253,8.493680767493528,7.3762628862559705,8.646407288389032,8.717597784228387,1.746902094741402
s10,575.0,8.39608624333926,1,True,0.9264731619541229,1.120210375971897,8.28205875874873,8.364881073953109,7.245606853062796,8.337639018788243,8.555558755918721,1.746902094741402
s10,576.0,7.966565894066052,1,True,0.9436975375363742,1.1120904335857593,8.154865113379248,8.237230640270644,7.1170202642987475,8.182908542771235,8.39608624333926,1.746902094741402
s10,577.0,7.801003267514488,1,True,0.9293193955339792,1.1096371936800868,7.82016450114378,7.8827779310369,6.77068749745114,7.572401616287334,7.966565894066052,1.746902094741402
s10,578.0,7.410663469955835,1,True,0.9449611743768913,1.0995522729448879,7.668397666875178,7.746827494462465,6.637190300782379,7.594682729426775,7.801003267514488,1.746902094741402
s10,579.0,7.724216481408716,1,True,0.9002446153774939,1.1086187060559973,7.361483978557626,7.422002044371733,6.322449771426845,7.053351885718009,7.410663469955835,1.746902094741402
s10,580.0,8.072489248376666,1,True,0.8978229829052816,1.1202765652343545,7.573303257009103,7.683893942431424,6.575275236375426,7.8372081690520305,7.724216481408716,1.746902094741402
s10,581.0,8.030016944809368,1,True,0.9211683273255342,1.121885893930709,7.861906137174124,7.976372654930888,6.856096089696533,8.20032923999907,8.072489248376666,1.746902094741402
s10,582.0,8.08714002972029,1,True,0.9151629663260772,1.1261880290400428,7.855295384507381,7.943735526075828,6.821849632145119,7.90322834266197,8.030016944809368,1.746902094741402
s10,583.0,8.199713880691752,1,True,0.9116430223742861,1.1323565233947992,7.8985549504570285,7.994097402199868,6.867909373159825,8.02585628666862,8.08714002972029,1.746902094741402
s10,584.0,8.121359194831635,1,True,0.9229269559581267,1.1332661908304158,7.990985346975824,8.091036946977749,6.95868042358295,8.172810710041054,8.199713880691752,1.746902094741402
s10,585.0,8.014933711857067,1,True,0.9249499253745211,1.1328511827639642,7.94142303903508,8.02876731407212,6.895501123241703,7.968568702347388,8.121359194831635,1.746902094741402
s10,586.0,8.175971796363626,1,True,0.9088599113987557,1.13985417160089,7.857518269326768,7.9425388351327655,6.809687652368801,7.845106741670389,8.014933711857067,1.746902094741402
s10,587.0,7.847697142416224,1,True,0.9386071381203458,1.1329033627228577,7.975504361491767,8.07939077168397,6.93953660008308,8.18129748613974,8.175971796363626,1.746902094741402
s10,588.0,7.975636158061025,1,True,0.9112439510860074,1.1379401251452592,7.738191897643671,7.807744077314311,6.674840714591453,7.527246682184587,7.847697142416224,1.746902094741402
s10,589.0,8.264857649089395,1,True,0.9011939425881951,1.1484076186665124,7.814942128972365,7.915941198380952,6.778001073235693,7.963343052697581,7.975636158061025,1.746902094741402
s10,590.0,8.446936977003524,1,True,0.9071537619850469,1.1570272762784846,8.046145427502339,8.159615056604455,7.011207437937943,8.351153577594726,8.264857649089395,1.746902094741402
s10,591.0,7.984578832945078,1,True,0.9454345319503455,1.1471131493274203,8.207624101430744,8.315049731313888,7.158022455035404,8.460449907591803,8.446936977003524,1.746902094741402
s10,592.0,8.518520278524479,1,True,0.8867792496644825,1.1646990100793817,7.869732154226798,7.932324920125762,6.785211770798342,7.5666667130779475,7.984578832945078,1.746902094741402
s10,593.0,8.588108749894575,1,True,0.9131920167781918,1.1709290475986547,8.248572736749251,8.380440832585474,7.215741822506092,8.752803840424539,8.518520278524479,1.746902094741402
s10,594.0,8.971429142231834,1,True,0.8954020309844236,1.1867884691491126,8.3411357680987,8.442781757216572,7.271852709617917,8.525087231799496,8.588108749894575,1.746902094741402
s10,595.0,9.259386826649706,1,True,0.9003630564957716,1.2015384202502166,8.643586126422143,8.767721789946245,7.580933320797133,9.102737510372895,8.971429142231834,1.746902094741402
s10,596.0,9.243022483575086,1,True,0.9161914031303402,1.208389322730743,8.894941451860916,9.014659067557545,7.813120647307329,9.324338176022795,9.259386826649706,1.746902094741402
s10,597.0,9.168483946130374,1,True,0.9193722345409099,1.2131943911199117,8.907041586214405,9.008314999824748,7.799925677094004,9.10998944680281,9.243022483575086,1.746902094741402
s10,598.0,9.373567547666061,1,True,0.9045641382066841,1.2258108828985612,8.855200668887584,8.953017821711084,7.739823430591172,8.998037904494579,9.168483946130374,1.746902094741402
s10,599.0,9.613928493163709,1,True,0.9024941026919754,1.24029879051561,9.01401192125703,9.130998239262079,7.905187356363518,9.383013695675606,9.373567547666061,1.746902094741402
s11,350.0,1.578961362371649,0,False,0.9482395034163464,-0.017535628298384436,1.401324048917895,1.4004202937183508,1.423312154076334,1.5216894058067392,1.3459392014607265,1.6547013399451036
s11,351.0,1.6479085204736927,0,False,0.9861598952512459,-0.01565782823068693,1.5862228377124068,1.5853151848837759,1.6028508131821604,1.7504435411632573,1.578961362371649,1.6547013399451036
s11,352.0,1.6800477879672733,0,False,0.9927938602089117,-0.014465854064104467,1.6405320217307087,1.6403153157478578,1.6559731439785448,1.7004072478814236,1.6479085204736927,1.6547013399451036
s11,353.0,1.7292247358967656,0,False,0.9858003136438013,-0.012577209512281499,1.6663741604692501,1.6662699175026667,1.6807357715667712,1.7046369303054962,1.6800477879672733,1.6547013399451036
s11,354.0,1.3912571363430675,0,False,0.89489612955773,-0.02202094631165096,1.7062269554190264,1.7060483629887158,1.7186255725009973,1.7664260087457688,1.7292247358967656,1.6547013399451036
s11,355.0,1.5450974697504412,0,False,0.9711222495471384,-0.01875425383583242,1.4385222072446457,1.4362077205564898,1.4582286668681408,1.1652679204110425,1.3912571363430675,1.6547013399451036
s11,356.0,1.4054001262697566,0,False,0.9426314589920852,-0.023332404382147422,1.5585467251424574,1.5580051444802565,1.576759398316089,1.6611196255866154,1.5450974697504412,1.6547013399451036
s11,357.0,1.3957778636449112,0,False,0.9744409497498481,-0.024832862608646037,1.4471316838591421,1.4457931378615316,1.469125542243679,1.307596901622823,1.4054001262697566,1.6547013399451036
s11,358.0,1.6037435203558932,0,False,0.953739903313731,-0.01982692487623471,1.4375136336587853,1.4368789292755157,1.4617117918841618,1.3902388102884318,1.3957778636449112,1.6547013399451036
s11,359.0,2.1154948923037287,0,False,0.8681148402917076,-0.004425618653844944,1.6030352136858363,1.6021180182240704,1.621944943100305,1.7574062700804163,1.6037435203558932,1.6547013399451036
s11,360.0,1.9917013497965739,0,False,0.9938852150868049,-0.005028966976036988,2.012396633959279,2.0118129605363086,2.0162385791901536,2.444696614518864,2.1154948923037287,1.6547013399451036
s11,361.0,1.8362768132030336,0,False,0.9775166873708971,-0.00741554155841977,1.9158600503338536,1.9158292992824595,1.9208582662584965,1.8964710767450244,1.9917013497965739,1.6547013399451036
s11,362.0,2.1044741726134193,0,False,0.9224206435688111,0.0019079416764484231,1.7938581240569853,1.793691398117813,1.801106939676233,1.7184271578724397,1.8362768132030336,1.6547013399451036
s11,363.0,1.9734134267663124,0,False,0.9913863538109983,0.0008206858142306575,2.0095072719528706,2.009655288840238,2.0077473471637894,2.2875795454073984,2.1044741726134193,1.6547013399451036
s11,364.0,1.6292828925617762,0,False,0.921633942994545,-0.007528482204409546,1.90758142408588,1.907588493183116,1.9067678073688854,1.8727296272139935,1.9734134267663124,1.6547013399451036
s11,365.0,1.482753508346145,0,False,0.9492302692721473,-0.0120686972059499,1.6346839858630853,1.63409400839749,1.6416224906018995,1.385882974446718,1.6292828925617762,1.6547013399451036
s11,366.0,0.8830695087627322,0,False,0.7328277224529338,-0.03107629176508344,1.517268718574565,1.516655994067183,1.528724691273133,1.377921444467511,1.482753508346145,1.6547013399451036
s11,367.0,1.035318088603739,0,False,0.9851137786992871,-0.031084884972981168,1.043907252515591,1.0356045288669964,1.06668082063208,0.5935268037430497,0.8830695087627322,1.6547013399451036
s11,368.0,1.004964617375101,0,False,0.9183963370724061,-0.035522954088650284,1.1533629910408865,1.1529002545640714,1.1839851395370526,1.1530892800782806,1.035318088603739,1.6547013399451036
s11,369.0,1.076225154808465,0,False,0.9623611564515555,-0.03698846373066171,1.1279742793804883,1.1250754762088457,1.160598430297496,0.9961866384831702,1.004964617375101,1.6547013399451036
s11,370.0,1.0322986654520356,0,True,0.9186709321523092,-0.04137494498713709,1.179906910334004,1.1785147073345483,1.21550317106521,1.1343056080919802,1.076225154808465,1.6547013399451036
s11,371.0,0.6989077142429667,0,True,0.7439526101264258,-0.05461622734114223,1.1436487784178577,1.1402837927098044,1.1816587376969414,1.0133540837507835,1.0322986654520356,1.6547013399451036
s11,372.0,1.1133737507338026,0,True,0.907691434567857,-0.04732016929080943,0.8841561581781507,0.8701718157227095,0.9247880430638518,0.565644159124064,0.6989077142429667,1.6547013399451036
s11,373.0,1.2033367578077325,0,True,0.9833671485564244,-0.0471242228938264,1.2011732681848724,1.1968052112416316,1.244125380532441,1.4153030120663732,1.1133737507338026,1.6547013399451036
s11,374.0,1.4543346136742483,0,True,0.9491833065280116,-0.0414836571850139,1.2670995669126188,1.266315756713832,1.3134399796076583,1.273329787985318,1.2033367578077325,1.6547013399451036
s11,375.0,1.1561408941373665,1,True,0.8685480097023026,-0.050759776619093956,1.467452937564636,1.465344875273368,1.5068285324583819,1.640563367093762,1.4543346136742483,1.6547013399451036
s11,376.0,0.9512421936531608,1,True,0.854092001948072,-0.05901201437998005,1.2329892593463432,1.2263167856826969,1.2770765623017908,0.972487512010872,1.1561408941373665,1.6547013399451036
s11,377.0,0.6858282941668329,1,True,0.7605467615699673,-0.07024299820829577,1.0688047466565511,1.0601944217773567,1.1192064361573366,0.8409139079347421,0.9512421936531608,1.6547013399451036
s11,378.0,0.886158542336756,1,True,0.9841878023300221,-0.06899227076657158,0.8612875410106273,0.844467627612616,0.9147106258209117,0.5851062833948246,0.6858282941668329,1.6547013399451036
s11,379.0,0.8439987188011344,1,True,0.8826511932113222,-0.07367436675456267,1.001159504490566,1.0000685850675042,1.0690608558340757,1.040960243537861,0.886158542336756,1.6547013399451036
s11,380.0,0.43621966633381337,1,True,0.5937015662977869,-0.0894748737982369,0.9715488334858468,0.9629032344562874,1.03657760121085,0.8379262374120343,0.8439987188011344,1.6547013399451036
s11,381.0,0.9720658446476461,1,True,0.8530718434130485,-0.07930042556073842,0.6692710711442907,0.6329175700643639,0.7223924438626008,0.3659589975867994,0.43621966633381337,1.6547013399451036
s11,382.0,1.2858285854987181,1,True,0.9379292840660903,-0.07240407382743143,1.0676016597326856,1.0559501943884857,1.135250619949224,1.3482399682081274,0.9720658446476461,1.6547013399451036
s11,383.0,1.1580936666808328,1,True,0.9138144886287557,-0.07679908738963201,1.3090882914531856,1.3045941187541854,1.3769981925816168,1.5182296760055822,1.2858285854987181,1.6547013399451036
s11,384.0,1.5534163409101729,1,True,0.9031188389543464,-0.06625005851115293,1.2084010135803906,1.2017820449608703,1.2785811323505023,1.0785430049559572,1.1580936666808328,1.6547013399451036
s11,385.0,0.8236690329425826,1,True,0.6850728740599995,-0.08704755315899015,1.5233372371250593,1.5169188545371564,1.5831689130483093,1.8313777675064946,1.5534163409101729,1.6547013399451036
s11,386.0,0.9629029717318989,1,True,0.9708289026838448,-0.08617645762632624,0.961280089712905,0.9338664539764349,1.020914007135425,0.5006012414231699,0.8236690329425826,1.6547013399451036
s11,387.0,1.089101810494657,1,True,0.9824091631723698,-0.08476383417277278,1.0445282238746545,1.0420143620428755,1.1281908196692016,1.0718720298248428,0.9629029717318989,1.6547013399451036
s11,388.0,0.8985649561999026,1,True,0.8464598222302762,-0.0920267013402901,1.1421515952262973,1.1406605284504798,1.2254243626232526,1.1870229618308512,1.089101810494657,1.6547013399451036
s11,389.0,0.7006580765672186,1,True,0.7881509708651099,-0.10060475008269781,1.0007228307308247,0.9865930346474753,1.0786197359877654,0.801946380932363,0.8985649561999026,1.6547013399451036
s11,390.0,0.7304835380906157,1,True,0.8822396011536793,-0.10345620124676061,0.8468449288574197,0.8255319102260419,0.9261366603087398,0.6282458114866478,0.7006580765672186,1.6547013399451036
s11,391.0,1.125463310523891,1,True,0.9151938710601089,-0.09506211236992285,0.8578433914845762,0.8456603479626325,0.949116549209393,0.7765036166992032,0.7304835380906157,1.6547013399451036
s11,392.0,0.8479681750218042,1,True,0.8074900558809166,-0.10437440768738848,1.1664398686962674,1.1583780189373252,1.253440131307248,1.4148316064435764,1.125463310523891,1.6547013399451036
s11,393.0,0.7494068146293399,1,True,0.8382109068744308,-0.10995005052254275,0.9553546871925105,0.9352615758011489,1.0396359834885374,0.7122214108494598,0.8479681750218042,1.6547013399451036
s11,394.0,0.5694576055235889,1,True,0.7436652722817316,-0.1184787168783712,0.8715352030143564,0.8537464840512037,0.9636965345737465,0.7204232797428662,0.7494068146293399,1.6547013399451036
s11,395.0,0.9303156552528189,1,True,0.9401963191032984,-0.11176636967036296,0.7369409579506377,0.7065707483192106,0.8250494651975818,0.5318676646814382,0.5694576055235889,1.6547013399451036
s11,396.0,0.520477466258207,1,True,0.6422201695205705,-0.1258915439861989,0.9980006504261534,0.9913166101194042,1.1030829797897672,1.2020538642057295,0.9303156552528189,1.6547013399451036
s11,397.0,0.6100075266654492,1,True,0.8735485986973321,-0.12743391090226375,0.7064612124671199,0.6614197572009439,0.7873113011871429,0.41315028952328525,0.520477466258207,1.6547013399451036
s11,398.0,1.0797869054288434,1,True,0.8848506175726432,-0.11690605613200639,0.7449726096940021,0.7288584130869316,0.8562923239891953,0.7014088602120221,0.6100075266654492,1.6547013399451036
s11,399.0,0.9604250236889288,1,True,0.8819225887047091,-0.12113354648074535,1.1148030288125128,1.1013413686468945,1.2182474247789008,1.4160067431899128,1.0797869054288434,1.6547013399451036
s11,400.0,0.4341824828814659,1,True,0.5578474257230803,-0.1382625139891985,1.019451202086035,1.0051480664965708,1.126281612977316,0.8989022135819842,0.9604250236889288,1.6547013399451036
s11,401.0,0.5111351375687527,1,True,0.8304579422487119,-0.14040526955214028,0.6436934494864678,0.582560323000145,0.7208228369893436,0.33473711892019026,0.4341824828814659,1.6547013399451036
s11,402.0,0.73397745363473,1,True,0.9696259593775782,-0.13757718487711343,0.6635125627861632,0.639707964467169,0.7801132340193093,0.605976418643619,0.5111351375687527,1.6547013399451036
s11,403.0,1.0727281841638825,1,True,0.9404151044510664,-0.12982227992872003,0.8184101275529454,0.8142313525507695,0.951808537427883,0.907074087110852,0.73397745363473,1.6547013399451036
s11,404.0,1.4083797410306271,1,True,0.9255257136925392,-0.12006048416862741,1.0907219960170171,1.0829865490275399,1.21280882895626,1.326523491171681,1.0727281841638825,1.6547013399451036
s11,405.0,1.5321719891403842,1,True,0.9798064644299733,-0.11463614814611081,1.360302207262018,1.351360788389831,1.4714212725584586,1.652427180533588,1.4083797410306271,1.6547013399451036
s11,406.0,1.4558006633919347,1,True,0.9633352867975029,-0.11452706144549626,1.454479349173316,1.4521644400381164,1.5668005881842273,1.6263245330099512,1.5321719891403842,1.6547013399451036
s11,407.0,0.8650140224928704,1,True,0.7296058099685034,-0.13037957171247985,1.397630133254147,1.393431031392323,1.5079580928378193,1.4010279484535348,1.4558006633919347,1.6547013399451036
s11,408.0,0.8223420212867022,1,True,0.8774284497455527,-0.13338100740338932,0.9576437563402002,0.9223898776503507,1.0527694493628306,0.5836737201543576,0.8650140224928704,1.6547013399451036
s11,409.0,0.9846118725752866,1,True,0.9824420941157421,-0.1304379681835122,0.9028592820979819,0.8865105652460487,1.019891572649438,0.8177079916537457,0.8223420212867022,1.6547013399451036
s11,410.0,1.4658943312901158,1,True,0.8772854820123439,-0.11689551129313186,1.0167693191798715,1.0144791016107715,1.1449170697942836,1.1102568073736592,0.9846118725752866,1.6547013399451036
s11,411.0,1.239841636681294,1,True,0.9000533710817438,-0.12166544838436691,1.4131843160457194,1.3988395397224622,1.515735051015594,1.7973237425819673,1.4658943312901158,1.6547013399451036
s11,412.0,1.2464354133019317,1,True,0.9633100823205727,-0.12086940909377183,1.2320608217039417,1.219900770282096,1.341566218666463,1.093247421035624,1.239841636681294,1.6547013399451036
s11,413.0,1.4602197488446844,1,True,0.9596068984505564,-0.1138361318890943,1.2302118640250455,1.2257771753554338,1.3466465844492057,1.2550061205022767,1.2464354133019317,1.6547013399451036
s11,414.0,0.9845516026046262,1,True,0.7893382750030606,-0.12622538700288372,1.4021249674996654,1.3975267730642733,1.5113629049533677,1.6203484969861282,1.4602197488446844,1.6547013399451036
s11,415.0,0.719723075148659,1,True,0.772578365489246,-0.13519305212993812,1.0452361038149056,1.0186452460504718,1.1448706330533556,0.729038308405284,0.9845516026046262,1.6547013399451036
s11,416.0,0.6283953754077036,1,True,0.8015119716305474,-0.14051017448932526,0.8363786122771633,0.8056327873872752,0.9408258395172133,0.6123660341394583,0.719723075148659,1.6547013399451036
s11,417.0,0.9929568498593422,1,True,0.9344320883994492,-0.13261995696482065,0.7578391865427555,0.7299495990425217,0.8704597735318469,0.6200430162459868,0.6283953754077036,1.6547013399451036
s11,418.0,1.0228650433152042,1,True,0.941037562156359,-0.1324958079187566,1.0274223553944735,1.0187267417797354,1.151346698744556,1.265811897600084,0.9929568498593422,1.6547013399451036
s11,419.0,0.5708134446387887,1,True,0.6551057196211431,-0.14662824026764562,1.0497067987740425,1.0418945229350898,1.1743903308538464,1.0534842670467959,1.0228650433152042,1.6547013399451036
s11,420.0,0.7614873496325711,1,True,0.9594283678520448,-0.14416759588962386,0.7300371117755076,0.6794658703651798,0.8260941106328255,0.43068744024222133,0.5708134446387887,1.6547013399451036
s11,421.0,0.42195454797185344,1,True,0.6063338476038014,-0.1563740615319996,0.8346858507191335,0.8288367360510447,0.9730043319406685,0.9110187726819874,0.7614873496325711,1.6547013399451036
s11,422.0,0.45259999394510103,1,True,0.7785811499799902,-0.15944688400081045,0.616586584709998,0.5550274095721294,0.711401471104129,0.37728133536907377,0.42195454797185344,1.6547013399451036
s11,423.0,0.6155468218468936,1,True,0.9118583882416039,-0.15824746704712506,0.6108708024187803,0.575566256724047,0.7350131407248575,0.5335151890218613,0.45259999394510103,1.6547013399451036
s11,424.0,0.35142208198773206,1,True,0.5815806215807564,-0.16877418759813625,0.7162609538236558,0.7023127670214386,0.8605602340685636,0.751623869087346,0.6155468218468936,1.6547013399451036
s11,425.0,0.7527216561506207,1,True,0.9323743238641514,-0.16084104310652958,0.5589018970984234,0.4882835064303984,0.6570576940285346,0.36095281107088695,0.35142208198773206,1.6547013399451036
s11,426.0,0.5246492912074256,1,True,0.7047588170186657,-0.16926384957817353,0.8162864912193647,0.8054095069288905,0.96625055003542,1.0554451720371658,0.7527216561506207,1.6547013399451036
s11,427.0,0.42300376977107607,1,True,0.6983471160577097,-0.1752115891267252,0.671235413908232,0.6212617547227974,0.790525604300971,0.4793032235354,0.5246492912074256,1.6547013399451036
s11,428.0,0.26921017568173167,1,True,0.5508244815497225,-0.18324523241344742,0.5898513663993276,0.5369982852391393,0.7122098743658645,0.4555520611336736,0.42300376977107607,1.6547013399451036
s11,429.0,0.006921566314827682,1,True,0.030842034537380436,-0.1953516830888923,0.4927791944358414,0.41046992216298955,0.593715154576437,0.34970007522206625,0.26921017568173167,1.6547013399451036
s11,430.0,-0.439679636607602,1,True,0.005777415770748973,-0.21443034112481457,0.3856022709886012,0.19627563125647193,0.39162731434536424,0.3735294062298863,0.006921566314827682,1.6547013399451036
s11,431.0,-0.3847935529823733,1,True,0.011050353768733534,-0.2209671527526501,0.04629165583575113,-0.16689983205452186,0.047530509070292715,0.0427277031815238,-0.439679636607602,1.6547013399451036
s11,432.0,-0.4904962892479233,1,True,0.008255570838475057,-0.23174759920602325,0.08737731340797758,-0.13114807413548596,0.08981907861716415,0.08504174478874628,-0.3847935529823733,1.6547013399451036
s11,433.0,-0.2570441073602713,1,True,0.01787484219620028,-0.23275781495808676,0.006464141525976603,-0.2233702489581548,0.008377350247868454,0.0035865156198025125,-0.4904962892479233,1.6547013399451036
s11,434.0,0.10776029600437692,1,True,0.732457522529674,-0.22818969157254687,0.18408682223215947,-0.04451048351361911,0.18824733144446765,0.1835029647742367,-0.2570441073602713,1.6547013399451036
s11,435.0,0.08596939800488394,1,True,0.3155913457065569,-0.23284456173301735,0.302182172103742,0.24113173668723326,0.4693214282597801,0.4103680936855732,0.10776029600437692,1.6547013399451036
s11,436.0,-0.05611639316577293,1,True,0.009407812024416762,-0.2411186767076724,0.37904827247796896,0.21968743932272802,0.45253200105574537,0.331549417948262,0.08596939800488394,1.6547013399451036
s11,437.0,-0.13030746546154426,1,True,0.010101954347917608,-0.24808607726304815,0.3407894972392779,0.10193921971764741,0.3430578964253198,0.33827262794596236,-0.05611639316577293,1.6547013399451036
s11,438.0,-0.5934902241334523,1,True,0.005463273631219234,-0.26702505888023614,0.28338908614232894,0.03780916310614607,0.2858952403691942,0.2811133250935276,-0.13030746546154426,1.6547013399451036
s11,439.0,-0.49733063664696187,1,True,0.25610787401005153,-0.27180490709913396,-0.07243613476652122,-0.3380023626837022,-0.07097730380346606,-0.07578162722336085,-0.5934902241334523,1.6547013399451036
s11,440.0,-0.8216960242309266,1,True,0.005822675419048573,-0.2883949895057525,-0.06649974714716797,-0.2686932773436432,0.0031116297554907857,-0.1060808158961568,-0.49733063664696187,1.6547013399451036
s11,441.0,-1.0449179457185067,1,True,0.38443515651396987,-0.3036865264368557,-0.24848428892568802,-0.5352000480150686,-0.2468050585093161,-0.2516076457616259,-0.8216960242309266,1.6547013399451036
s11,442.0,-0.32498483632058117,1,True,0.874690152186314,-0.29176169053675705,-0.5355406172089492,-0.7224793663238684,-0.41879283988701277,-0.7256154925970943,-1.0449179457185067,1.6547013399451036
s11,443.0,-0.9009180096589123,1,True,0.0046375642910853054,-0.3141133931025213,-0.11930064442774735,-0.15586125746677215,0.1359004330699849,0.21795336998580123,-0.32498483632058117,1.6547013399451036
s11,444.0,-0.519284070978094,1,True,0.7458525997809142,-0.31103319562876464,-0.3093006480559982,-0.6219573201033156,-0.3078439270007943,-0.31265223918713253,-0.9009180096589123,1.6547013399451036
s11,445.0,-0.6571812263312486,1,True,0.04799652704682755,-0.3210035457019439,-0.24578794584105698,-0.32483622389194183,-0.013803028263177197,-0.171506209346697,-0.519284070978094,1.6547013399451036
s11,446.0,-0.9773276150398482,1,True,0.22221796937065108,-0.33709177146126884,-0.13545693272381795,-0.44105342306235096,-0.12004987736040706,-0.15092979644532042,-0.6571812263312486,1.6547013399451036
s11,447.0,-0.7785081231803513,1,True,0.641936868039799,-0.3393327845329469,-0.4416237649421581,-0.7038076874577481,-0.36671591599647935,-0.5572184340502705,-0.9773276150398482,1.6547013399451036
s11,448.0,-0.816829620091717,1,True,0.4172085196168309,-0.3472517988442304,-0.4313599167756246,-0.5528624763822676,-0.2135296918493207,-0.4778742916121315,-0.7785081231803513,1.6547013399451036
s11,449.0,-0.9885104882517503,1,True,0.39707471623493185,-0.35919789162297916,-0.3879320057126462,-0.5903073956267937,-0.24305559678256328,-0.49475746672951376,-0.816829620091717,1.6547013399451036
s11,450.0,-0.7025094160075296,1,True,0.6978057369220771,-0.3582372748378033,-0.5179604847787916,-0.7345299755133905,-0.3753320838904114,-0.6713333733864808,-0.9885104882517503,1.6547013399451036
s11,451.0,-0.839013571997411,1,True,0.31515162444940215,-0.3680113350149533,-0.40495431681575766,-0.5132115660924109,-0.1549742912546076,-0.38328051059679247,-0.7025094160075296,1.6547013399451036
s11,452.0,-0.6935005262400608,1,True,0.5478746899205822,-0.36997157483982474,-0.37612723377514806,-0.6281591987443457,-0.26014786372939236,-0.4757239542426875,-0.839013571997411,1.6547013399451036
s11,453.0,-0.9376901064666321,1,True,0.2759120514424671,-0.38256213683637263,-0.3507311935866769,-0.5180047065817033,-0.1480331317418785,-0.38545608734116965,-0.6935005262400608,1.6547013399451036
s11,454.0,-0.7817718990856424,1,True,0.6031311773257749,-0.38445314814863296,-0.44172955581932927,-0.7187381886769645,-0.33617605184059185,-0.554051927672751,-0.9376901064666321,1.6547013399451036
s11,455.0,-1.072615698092343,1,True,0.3377831894300444,-0.39861669377700937,-0.44792004220064874,-0.6004975104797962,-0.2160443623311632,-0.4847971102915467,-0.7817718990856424,1.6547013399451036
s11,456.0,-0.9637355157999936,1,True,0.628308164247002,-0.40236625722446534,-0.5747793919585091,-0.838750067551461,-0.4401333737744516,-0.7294687715422163,-1.072615698092343,1.6547013399451036
s11,457.0,-0.6995804050353904,1,True,0.6762971551293153,-0.4005953769505892,-0.609053494705102,-0.7586097474979265,-0.35624349027346114,-0.6852269909253275,-0.9637355157999936,1.6547013399451036
s11,458.0,-0.5304762468370063,1,True,0.4509516881585849,-0.3999102765444368,-0.42363906388113853,-0.5533129270420886,-0.15271755009149934,-0.3849153287958683,-0.6995804050353904,1.6547013399451036
s11,459.0,-0.4830365126449985,1,True,0.09736246563113526,-0.40173127271794223,-0.20276657797006073,-0.4223366401948172,-0.02242636365038042,-0.19277728566435373,-0.5304762468370063,1.6547013399451036
s11,460.0,-0.5560825735679172,1,True,0.008400684698303684,-0.4067855602658718,-0.0249885964852756,-0.38760632197026496,0.014124950747677278,-0.030721189053163317,-0.4830365126449985,1.6547013399451036
s11,461.0,-0.7444320281598233,1,True,0.11263540147021267,-0.4156502893566596,-0.04557277543264089,-0.4489410584668963,-0.04215549820102449,-0.04694563182540013,-0.5560825735679172,1.6547013399451036
s11,462.0,-0.6959204643596377,1,True,0.42721754943854373,-0.418440151221412,-0.23409171672412915,-0.6029250688678913,-0.18727477951123173,-0.2663759784062489,-0.7444320281598233,1.6547013399451036
s11,463.0,-0.8280963284264357,1,True,0.3099494804958708,-0.4262329072472154,-0.32866261900308225,-0.5683377942329889,-0.14989764301157693,-0.36720000602500275,-0.6959204643596377,1.6547013399451036
s11,464.0,-1.3805299170256202,1,True,0.3104907246389297,-0.4473097268044668,-0.3838470260415443,-0.6779692651172406,-0.25173635787002524,-0.4619436880873432,-0.8280963284264357,1.6547013399451036
s11,465.0,-0.9057045523225459,1,True,0.8562073660652318,-0.44074032806049057,-0.8162603048641798,-1.124684510455086,-0.6773747836506192,-1.0278547138005965,-1.3805299170256202,1.6547013399451036
s11,466.0,-1.195856406225462,1,True,0.4152139592446009,-0.4540478546910781,-0.6888969725527861,-0.7522721852058779,-0.31153185714538734,-0.5070294869742613,-0.9057045523225459,1.6547013399451036
s11,467.0,-0.9100252962398949,1,True,0.7414123433509872,-0.45167454575303445,-0.7236147469164038,-0.9891355941746821,-0.535087739483604,-0.9022716367643382,-1.195856406225462,1.6547013399451036
s11,468.0,-0.7767066179653851,1,True,0.5787609782036844,-0.45197968094392876,-0.6497379825812895,-0.766535444935574,-0.31486089918253957,-0.592844231747515,-0.9100252962398949,1.6547013399451036
s11,469.0,-1.199943849262935,1,True,0.3028506870948884,-0.46805435589091726,-0.473729872357354,-0.6641213510299853,-0.21214167008605656,-0.479439950068,-0.7767066179653851,1.6547013399451036
s11,470.0,-1.5293419991950987,1,True,0.5217620575331388,-0.4837458743466057,-0.6799876113938874,-1.006291384005485,-0.5382370281145678,-0.8373935967921134,-1.199943849262935,1.6547013399451036
s11,471.0,-1.9727303630675188,1,True,0.5736921447362133,-0.5046544684003341,-1.0444315963188844,-1.2757772279432378,-0.7920313535966321,-1.309152322538932,-1.5293419991950987,1.6547013399451036
s11,472.0,-1.8168686781934726,1,True,0.7688207988071633,-0.5100113126692598,-1.4231690384895839,-1.6383072025626166,-1.1336527341622826,-1.8110104811935583,-1.9727303630675188,1.6547013399451036
s11,473.0,-1.9243056327133956,1,True,0.6905084625642164,-0.5220332044490226,-1.4056718988591157,-1.5235759067213053,-1.0135645940520455,-1.538835221899895,-1.8168686781934726,1.6547013399451036
s11,474.0,-1.6055258213026078,1,True,0.8118803334630572,-0.5216477079246011,-1.4568108464125313,-1.618375705449988,-1.0963425010009655,-1.725216895401152,-1.9243056327133956,1.6547013399451036
s11,475.0,-1.2908945374173468,1,True,0.7949338648188943,-0.5192032313690843,-1.2742448964033695,-1.372377089267906,-0.8507293813433048,-1.2641253052236288,-1.6055258213026078,1.6547013399451036
s11,476.0,-1.6093990314489435,1,True,0.5495760016169327,-0.5336597269326999,-1.0210448459646893,-1.1275158459950887,-0.6083126146260044,-0.9582148033025544,-1.2908945374173468,1.6547013399451036
s11,477.0,-1.2451617811236526,1,True,0.813924496246255,-0.5293933803168942,-1.1470001870027988,-1.3873733349838415,-0.8537136080511416,-1.4038866782817145,-1.6093990314489435,1.6547013399451036
s11,478.0,-1.0863248865326425,1,True,0.6916004695118991,-0.5289090307827299,-1.003962731078425,-1.1024698710047889,-0.5730764906878947,-0.891685747762455,-1.2451617811236526,1.6547013399451036
s11,479.0,-1.8835619105787824,1,True,0.3874255673945435,-0.5560277367489231,-0.816489748274698,-0.9796050450390084,-0.4506960142562785,-0.805658845798735,-1.0863248865326425,1.6547013399451036
s11,480.0,-2.046700025146939,1,True,0.6849813354366883,-0.5687993957218768,-1.2803696840299508,-1.6209780593818186,-1.0649503226328954,-1.6200792055159325,-1.8835619105787824,1.6547013399451036
s11,481.0,-2.1891339837466823,1,True,0.7049913184036212,-0.5816900894130923,-1.5802617679947708,-1.759444194039495,-1.1906447983176183,-1.8631250206102594,-2.046700025146939,1.6547013399451036
s11,482.0,-2.540237149795522,1,True,0.6775804206100293,-0.6014348864663506,-1.7104736216448104,-1.8820772480202466,-1.3003871586071543,-2.004313365854548,-2.1891339837466823,1.6547013399451036
s11,483.0,-2.2446344703287293,1,True,0.8236480387508661,-0.6036037317487922,-1.9784252444557369,-2.1723396275806723,-1.5709047411143218,-2.411002819637077,-2.540237149795522,1.6547013399451036
s11,484.0,-2.077445858716542,1,True,0.7856334326628741,-0.6075245221777037,-1.8403061425082992,-1.9467528444194948,-1.3431491126707025,-1.8980652827863014,-2.2446344703287293,1.6547013399451036
s11,485.0,-2.0536871362430897,1,True,0.7435406772050059,-0.6144793861657589,-1.6916253902488858,-1.8218583366412477,-1.214333814463544,-1.7912218876527155,-2.077445858716542,1.6547013399451036
s11,486.0,-2.0919450576526866,1,True,0.7279167421903714,-0.62292250970989,-1.652918638934096,-1.81050760618165,-1.1960282200158912,-1.8201215573061258,-2.0536871362430897,1.6547013399451036
s11,487.0,-2.431446554249247,1,True,0.6706681944269488,-0.6404130768050842,-1.678940865271294,-1.8484276510761108,-1.2255051413662208,-1.8776580070922968,-2.0919450576526866,1.6547013399451036
s11,488.0,-2.2635392715523572,1,True,0.7932459254281815,-0.6444943461781651,-1.9165885642195168,-2.1274969591163284,-1.4870838823112442,-2.295870432274187,-2.431446554249247,1.6547013399451036
s11,489.0,-1.7047558164972494,1,True,0.8868578895082242,-0.6355707443919016,-1.8689573772618622,-2.002209209372698,-1.3577148631945328,-1.9736349369867985,-2.2635392715523572,1.6547013399451036
s11,490.0,-1.8729272284741776,1,True,0.662829659745716,-0.6448759189363438,-1.49084492827211,-1.5627547436594387,-0.927183999267537,-1.2349600066865065,-1.7047558164972494,1.6547013399451036
s11,491.0,-2.22922066885637,1,True,0.643715410581498,-0.6607035657012725,-1.4841994103491836,-1.7016324433587446,-1.0567565244224009,-1.683623187244253,-1.8729272284741776,1.6547013399451036
s11,492.0,-1.5289719666987813,1,True,0.9309969865737394,-0.6468134246169431,-1.7565781708765411,-1.9919766695097592,-1.3312731038084866,-2.0860063419348838,-2.22922066885637,1.6547013399451036
s11,493.0,-2.03917873898801,1,True,0.5601057999119914,-0.6648319965071405,-1.393927600558304,-1.4385596759814323,-0.7917462513644893,-0.9758032969644086,-1.5289719666987813,1.6547013399451036
s11,494.0,-2.4373487284196997,1,True,0.6546763656129044,-0.6824620042844416,-1.5572260632132426,-1.8496818025096649,-1.1848498060025243,-1.8835439773191016,-2.03917873898801,1.6547013399451036
s11,495.0,-2.0145988902965515,1,True,0.8510514317315048,-0.6776771693749164,-1.9384231276301218,-2.1740933872807267,-1.491631382996285,-2.3116128254584405,-2.4373487284196997,1.6547013399451036
s11,496.0,-2.241473507856213,1,True,0.6847907553354922,-0.6896137129955597,-1.742649676374795,-1.8435887205014354,-1.165911551126519,-1.6109837969634668,-2.0145988902965515,1.6547013399451036
s11,497.0,-2.4416527181261842,1,True,0.7092997713213667,-0.7019534734163833,-1.8129547531817856,-2.0303273707654026,-1.3407136577698429,-2.0772485425288902,-2.241473507856213,1.6547013399451036
s11,498.0,-2.5116501168313934,1,True,0.7465484828959502,-0.7113959472308111,-1.9928429544398953,-2.196900989683799,-1.4949475162674157,-2.275843340016929,-2.4416527181261842,1.6547013399451036
s11,499.0,-2.5447544178102377,1,True,0.757012543800285,-0.7199303302894196,-2.07997060043597,-2.260274982523292,-1.5488790352924806,-2.307896819299885,-2.5116501168313934,1.6547013399451036
s11,500.0,-2.5409479872413754,1,True,0.7654067145933978,-0.7273293039733005,-2.1193814915139613,-2.294315531112008,-1.5743852008225885,-2.328275357450438,-2.5447544178102377,1.6547013399451036
s11,501.0,-2.409643505717899,1,True,0.7897123671422932,-0.7306551572345265,-2.128155159352108,-2.298781730343702,-1.5714524263704015,-2.311266073171445,-2.5409479872413754,1.6547013399451036
s11,502.0,-2.1480397458579277,1,True,0.8129380198158022,-0.7290681420918661,-2.047292507163147,-2.200940250613271,-1.4702850933787448,-2.132214954767811,-2.409643505717899,1.6547013399451036
s11,503.0,-1.7492368407227161,1,True,0.8410370774366251,-0.7216114555934398,-1.8614121269880068,-1.9977930573369254,-1.2687249152450593,-1.8196974403524333,-2.1480397458579277,1.6547013399451036
s11,504.0,-1.8361890586755885,1,True,0.6878711767641233,-0.7262051129842891,-1.5683576797109304,-1.6830671456472746,-0.9614556900538349,-1.365584035531009,-1.7492368407227161,1.6547013399451036
s11,505.0,-2.154873407043915,1,True,0.6466849990119021,-0.7382116456172556,-1.5279861052680346,-1.7546556526116976,-1.0284505396274084,-1.6301544112560997,-1.8361890586755885,1.6547013399451036
s11,506.0,-2.3883086529304927,1,True,0.6961332962102884,-0.74949485262591,-1.751380504341327,-2.012201752642013,-1.2739901070247575,-2.002430877926985,-2.154873407043915,1.6547013399451036
s11,507.0,-3.4365384623284876,1,True,0.5949736773234524,-0.786490749735293,-1.9755953616409327,-2.2033418920157235,-1.4538470393898137,-2.2295612817794286,-2.3883086529304927,1.6547013399451036
s11,508.0,-3.9336364555565524,1,True,0.7302962752575208,-0.8130605410931535,-2.7294272874434626,-3.0479767436278693,-2.261485993892576,-3.4411352007960674,-3.4365384623284876,1.6547013399451036
s11,509.0,-3.4752542364244596,1,True,0.8643555187798446,-0.8135916666288207,-3.2382645955282623,-3.457550051902221,-2.6444895108090676,-3.8656547646324135,-3.9336364555565524,1.6547013399451036
s11,510.0,-3.021697383796698,1,True,0.862654539516471,-0.8110953677114925,-2.994548128162731,-3.104907347707639,-2.2913156810788182,-3.0093917564721058,-3.4752542364244596,1.6547013399451036
s11,511.0,-2.996424955920144,1,True,0.7866597917419731,-0.8183994645244506,-2.6415547953804843,-2.752955062154877,-1.9418596944433841,-2.5719267858727326,-3.021697383796698,1.6547013399451036
s11,512.0,-3.0728765726234797,1,True,0.7699066266705881,-0.8283621431099404,-2.5661897742405806,-2.7407872864404847,-1.922387821916034,-2.7519719108876615,-2.996424955920144,1.6547013399451036
s11,513.0,-3.0960998328814893,1,True,0.7806456519339621,-0.8369555084106064,-2.619053683012743,-2.8096543228592905,-1.98129217974935,-2.867061092828979,-3.0728765726234797,1.6547013399451036
s11,514.0,-3.8389460902320867,1,True,0.6851321516355875,-0.8670396695095646,-2.6525508903591266,-2.8361407202668145,-1.9991852118562083,-2.8694549590165175,-3.0960998328814893,1.6547013399451036
s11,515.0,-3.715633035849891,1,True,0.8181657468600868,-0.8753514930418448,-3.1655693362554813,-3.438572251440549,-2.5715325819309847,-3.8320119110276285,-3.8389460902320867,1.6547013399451036
s11,516.0,-3.404333111225549,1,True,0.8423615210200923,-0.8769252673384614,-3.1927050830328207,-3.3518739680049925,-2.4765224749631476,-3.4125862773266737,-3.715633035849891,1.6547013399451036
s11,517.0,-3.678343062437291,1,True,0.7564682330048276,-0.8938676276831028,-2.9753605522936284,-3.1135977176159124,-2.236672450277451,-3.018224429058067,-3.404333111225549,1.6547013399451036
s11,518.0,-3.727763113822976,1,True,0.7928977333380801,-0.9054507521535639,-3.123973801978159,-3.341658964807608,-2.447791337124505,-3.538369357680047,-3.678343062437291,1.6547013399451036
s11,519.0,-3.8817883289203636,1,True,0.7809458414150477,-0.9201648261322726,-3.2037982931749953,-3.3913191962967386,-2.4858684441431746,-3.5007551646241075,-3.727763113822976,1.6547013399451036
s11,520.0,-4.017647063842715,1,True,0.7867660625192809,-0.9349530445725963,-3.3231405174173814,-3.5247064491652553,-2.6045416230329828,-3.694679451998301,-3.8817883289203636,1.6547013399451036
s11,521.0,-3.589594028168863,1,True,0.8603385115369979,-0.9333157367147498,-3.4448072377099463,-3.6441709567637472,-2.709217912191151,-3.821001315781597,-4.017647063842715,1.6547013399451036
s11,522.0,-3.482275382247788,1,True,0.8120071785789864,-0.9384021637261686,-3.18237955020497,-3.3127278152004953,-2.3794120784857458,-3.1368335556987343,-3.589594028168863,1.6547013399451036
s11,523.0,-2.9009943262025053,1,True,0.8838513886911881,-0.9283781688259672,-3.0587146191560812,-3.2351274895425477,-2.296725325816379,-3.1922582454624946,-3.482275382247788,1.6547013399451036
s11,524.0,-2.9294742873812303,1,True,0.7740797921326279,-0.9329452363344324,-2.669408868687171,-2.777238703765725,-1.8488605349397575,-2.382944530074071,-2.9009943262025053,1.6547013399451036
s11,525.0,-2.800511298339559,1,True,0.8011808009531565,-0.9328481058682937,-2.592977798822633,-2.8037489805441824,-1.8708037442097498,-2.707285013075304,-2.9294742873812303,1.6547013399451036
s11,526.0,-2.6623842736363303,1,True,0.7992762002348489,-0.9315909764479711,-2.5188204744059863,-2.7042885876470852,-1.7714404817787917,-2.5163043246487122,-2.800511298339559,1.6547013399451036
s11,527.0,-2.5964555485401744,1,True,0.7816753587549365,-0.9315864179148364,-2.4096150190251002,-2.596607499644664,-1.6650165231966931,-2.377126691775415,-2.6623842736363303,1.6547013399451036
s11,528.0,-2.3026989783465455,1,True,0.8244459156130962,-0.924293199787169,-2.3424179787887636,-2.545806249268794,-1.6142198313539575,-2.3423027656476716,-2.5964555485401744,1.6547013399451036
s11,529.0,-2.473489412482725,1,True,0.7192072487727487,-0.9291324884332516,-2.1499163445529597,-2.3121797909466375,-1.3878865911594687,-1.9555004118822963,-2.3026989783465455,1.6547013399451036
s11,530.0,-2.2192268522635565,1,True,0.8130777694799339,-0.9222510088190601,-2.187715838388145,-2.44860950606994,-1.5194770176366885,-2.3002504360205216,-2.473489412482725,1.6547013399451036
s11,531.0,-2.4022825522117683,1,True,0.710854954509055,-0.9269447627521908,-2.0734348721062372,-2.245824087774077,-1.323573078955017,-1.8925241136873836,-2.2192268522635565,1.6547013399451036
s11,532.0,-3.0227200044539324,1,True,0.653150185992015,-0.9458796109835363,-2.1235369111488422,-2.3915583967424174,-1.4646136339902267,-2.231419607530641,-2.4022825522117683,1.6547013399451036
s11,533.0,-3.3303444274618235,1,True,0.7370702100927302,-0.959134127415293,-2.560449045926352,-2.8885272130699366,-1.9426476020864003,-2.960325067750113,-3.0227200044539324,1.6547013399451036
s11,534.0,-3.1108244907357827,1,True,0.8241544239383758,-0.9582948664054384,-2.8866149231167406,-3.138799857730936,-2.179665730315643,-3.202495720940121,-3.3303444274618235,1.6547013399451036
s11,535.0,-3.120505888745837,1,True,0.7838776451477891,-0.9628452895726803,-2.800313203684475,-2.9688251165044366,-2.010530250098998,-2.7779488618882304,-3.1108244907357827,1.6547013399451036
s11,536.0,-3.749835763746856,1,True,0.6999914444567046,-0.985915316907147,-2.772742461257162,-2.9808348525979684,-2.017989563025288,-2.888074652819186,-3.120505888745837,1.6547013399451036
s11,537.0,-3.738701081454354,1,True,0.8021540742817809,-0.9934126411857312,-3.1930072420548856,-3.488790272168209,-2.502874955261062,-3.7151524788810084,-3.749835763746856,1.6547013399451036
s11,538.0,-3.384220520950519,1,True,0.8487383830493254,-0.9903080000550584,-3.2911659150240435,-3.4877085586396155,-2.494295917453884,-3.4856188796837038,-3.738701081454354,1.6547013399451036
s11,539.0,-3.073059242720707,1,True,0.8392390081834955,-0.9861552536219506,-3.061688534456785,-3.2114841238243015,-2.221176123769243,-2.9764892927767894,-3.384220520950519,1.6547013399451036
s11,540.0,-2.9794426404554435,1,True,0.7990195832663114,-0.9865108875307866,-2.809052880170252,-2.9675881768275736,-1.981432923205623,-2.6963664670427123,-3.073059242720707,1.6547013399451036
s11,541.0,-3.044482436885687,1,True,0.7710693818723064,-0.9909709348280628,-2.697544824354891,-2.8958141936431496,-1.909303306112363,-2.706732614485044,-2.9794426404554435,1.6547013399451036
s11,542.0,-3.699311642283031,1,True,0.6927908723230265,-1.0134387031365815,-2.7235224433423033,-2.95038603199907,-1.9594150971710071,-2.8347169678507362,-3.044482436885687,1.6547013399451036
s11,543.0,-4.110883337098859,1,True,0.7496928653173365,-1.0324436265892847,-3.1660482687307487,-3.477385888675421,-2.46394718553884,-3.669331630778819,-3.699311642283031,1.6547013399451036
s11,544.0,-4.203554247883263,1,True,0.7964787072119005,-1.044145310413913,-3.555070114502714,-3.8134981203956557,-2.781054493806371,-4.01575077626411,-4.110883337098859,1.6547013399451036
s11,545.0,-3.9116515658171482,1,True,0.8435210769571182,-1.044596833809087,-3.684094982543942,-3.8966007859780136,-2.8524554755641005,-3.98544624070051,-4.203554247883263,1.6547013399451036
s11,546.0,-4.403459968359102,1,True,0.7475910448396965,-1.06653620933373,-3.508690063302552,-3.672147450871002,-2.627550617061915,-3.521004843820935,-3.9116515658171482,1.6547013399451036
s11,547.0,-3.8231384382237863,1,True,0.8805082941784312,-1.0590399177220853,-3.8038115350400554,-4.073014825278613,-3.006478615944883,-4.334132543421735,-4.403459968359102,1.6547013399451036
s11,548.0,-3.8699567009521787,1,True,0.7963047940597723,-1.0665868276328012,-3.491846550959905,-3.618393037261651,-2.5593531195395656,-3.2784288665784236,-3.8231384382237863,1.6547013399451036
s11,549.0,-3.7282629591522967,1,True,0.820994879494694,-1.0685743434798187,-3.4447538074105815,-3.662012430918379,-2.5954256032855776,-3.6390655182763485,-3.8699567009521787,1.6547013399451036
s11,550.0,-3.75311344029318,1,True,0.7971140676918633,-1.0745229094514817,-3.363547628780928,-3.554827907904411,-2.4862535644245924,-3.4163072328914774,-3.7282629591522967,1.6547013399451036
s11,551.0,-4.165718194787997,1,True,0.7512986097094749,-1.09209675793477,-3.3619176630745367,-3.579923245345052,-2.50540033589357,-3.5152321647427893,-3.75311344029318,1.6547013399451036
s11,552.0,-4.27271710198042,1,True,0.7958817297981763,-1.1028162604106349,-3.6437943707547737,-3.9154003527849257,-2.823303594850156,-4.070698093913351,-4.165718194787997,1.6547013399451036
s11,553.0,-4.136433243648455,1,True,0.8253600313665673,-1.1066524500405386,-3.7834553085595317,-4.008560255984994,-2.9057439955743596,-4.059305724822035,-4.27271710198042,1.6547013399451036
s11,554.0,-4.143218766681875,1,True,0.8068039646402403,-1.1137272348058518,-3.71412685867491,-3.907392607838101,-2.8007401577975624,-3.8165018741904952,-4.136433243648455,1.6547013399451036
s11,555.0,-4.590108127883393,1,True,0.7589295686441081,-1.133839613793791,-3.7045278087154108,-3.91969549495209,-2.805968260146238,-3.889085324238816,-4.143218766681875,1.6547013399451036
s11,556.0,-4.62650469949326,1,True,0.8102943680127455,-1.1441109538058858,-4.010791494304433,-4.2841266990901,-3.150287085296309,-4.504323585518824,-4.590108127883393,1.6547013399451036
s11,557.0,-4.478653169942254,1,True,0.8302851864259151,-1.1487973240131777,-4.105396538143907,-4.322440829699193,-3.178329875893307,-4.374500694638309,-4.62650469949326,1.6547013399451036
s11,558.0,-4.50609152864127,1,True,0.8096878862377894,-1.1575837484077454,-4.018242791809715,-4.213210715489019,-3.0644133914758416,-4.144052560089231,-4.478653169942254,1.6547013399451036
s11,559.0,-4.768858014748585,1,True,0.7858185591068374,-1.173355354357699,-4.02283560640053,-4.243137816416791,-3.0855540680090456,-4.252863391525755,-4.50609152864127,1.6547013399451036
s11,560.0,-5.175395673166047,1,True,0.7771217687244798,-1.1947762608563326,-4.210054516068894,-4.461365456544934,-3.2880101021872346,-4.610781584152952,-4.768858014748585,1.6547013399451036
s11,561.0,-5.123246412580517,1,True,0.8256441128866769,-1.2045932016597962,-4.529725432675426,-4.796015052465065,-3.6012387916087323,-5.06796720479285,-5.175395673166047,1.6547013399451036
s11,562.0,-4.80852752216973,1,True,0.8510381537863609,-1.2058794646807707,-4.5556241718511785,-4.76565208813725,-3.5610588864774537,-4.8176955185014645,-5.123246412580517,1.6547013399451036
s11,563.0,-4.612012829392882,1,True,0.837004404594671,-1.2085062269987221,-4.344824054091206,-4.524454085461169,-3.318574620780398,-4.380218025406344,-4.80852752216973,1.6547013399451036
s11,564.0,-4.618277030737182,1,True,0.8137275763987759,-1.2157844252397567,-4.178689230681996,-4.3756704227027,-3.167164195703978,-4.249777673383669,-4.612012829392882,1.6547013399451036
s11,565.0,-4.064477319052595,1,True,0.8767504656703639,-1.2060854931334695,-4.161307944462806,-4.387775055928836,-3.1719906306890793,-4.352801161021805,-4.618277030737182,1.6547013399451036
s11,566.0,-4.253761341377431,1,True,0.7846252095581511,-1.2151567795040537,-3.802735653634193,-3.9513851290246227,-2.7452996358911532,-3.5277877555184665,-4.064477319052595,1.6547013399451036
s11,567.0,-4.070094075481987,1,True,0.8307573499055639,-1.2140707289256782,-3.844581624688156,-4.106295761427834,-2.89113898192378,-4.074716063701397,-4.253761341377431,1.6547013399451036
s11,568.0,-4.472507203019015,1,True,0.7616039457861901,-1.2293350063016406,-3.758225409588142,-3.9636979571536077,-2.7496272282279293,-3.729052837410012,-4.070094075481987,1.6547013399451036
s11,569.0,-4.900071496928388,1,True,0.7689277548891967,-1.2476667594119069,-3.995944445110294,-4.289013059919514,-3.0596780536178736,-4.371830240534776,-4.472507203019015,1.6547013399451036
s11,570.0,-4.705423342210177,1,True,0.8374790358807988,-1.2497262372327251,-4.348472922268805,-4.6367740815162355,-3.3891073221043286,-4.8042369205818805,-4.900071496928388,1.6547013399451036
s11,571.0,-4.721298591166066,1,True,0.8139216095928943,-1.256699357093967,-4.285754549497878,-4.488861262458002,-3.239135025225277,-4.3415220966579735,-4.705423342210177,1.6547013399451036
s11,572.0,-4.85323857660449,1,True,0.8024681328779277,-1.2670545365901196,-4.274221333139053,-4.508065926732743,-3.251366569638776,-4.4577315249092475,-4.721298591166066,1.6547013399451036
s11,573.0,-4.808595635035767,1,True,0.821761951794588,-1.272710063193783,-4.36979443322218,-4.620078081580318,-3.3530235449901986,-4.638474783529394,-4.85323857660449,1.6547013399451036
s11,574.0,-4.93608420431112,1,True,0.8041710908213958,-1.2830524744181004,-4.3644918059054945,-4.591337163500541,-3.3186271003067582,-4.514760862000331,-4.808595635035767,1.6547013399451036
s11,575.0,-5.084590962584093,1,True,0.8039404548939136,-1.2945929984607085,-4.4486480613462795,-4.699906827830485,-3.4168543534123845,-4.717566597096388,-4.93608420431112,1.6547013399451036
s11,576.0,-4.748083652976476,1,True,0.853116844430925,-1.2922594477640623,-4.572051361822283,-4.825868676198015,-3.5312756777373058,-4.872036605958042,-5.084590962584093,1.6547013399451036
s11,577.0,-4.916614062137678,1,True,0.7992774186648167,-1.3028299693542296,-4.3744521969639,-4.564263342465436,-3.2720038947013736,-4.310083274815797,-4.748083652976476,1.6547013399451036
s11,578.0,-4.960473671410046,1,True,0.8137216050595107,-1.3105036898275064,-4.443175594477864,-4.704682988967483,-3.4018530196132537,-4.716352788951655,-4.916614062137678,1.6547013399451036
s11,579.0,-4.795886379941088,1,True,0.8348493802843241,-1.3119957928322838,-4.502031089210517,-4.746149613115174,-3.435645923287667,-4.7039292217466535,-4.960473671410046,1.6547013399451036
s11,580.0,-4.469316430461788,1,True,0.850894999088739,-1.30745036533998,-4.404153761954637,-4.620830680205248,-3.308834887372964,-4.444430789647739,-4.795886379941088,1.6547013399451036
s11,581.0,-4.943378318600756,1,True,0.7643900449257994,-1.3248116150175346,-4.169722608100157,-4.364669996015603,-3.0572196306756227,-4.044667572224686,-4.469316430461788,1.6547013399451036
s11,582.0,-4.9079205232832726,1,True,0.821786921148535,-1.3296306528276676,-4.435147124516119,-4.747285929612179,-3.422474314594645,-4.864235238794924,-4.943378318600756,1.6547013399451036
s11,583.0,-4.37919454891632,1,True,0.8735034148136408,-1.319262924770537,-4.487827911778307,-4.724785484154009,-3.3951548313263418,-4.615875097696334,-4.9079205232832726,1.6547013399451036
s11,584.0,-4.538724335583493,1,True,0.7940682278746825,-1.3262132884297737,-4.140163291995824,-4.307045546942266,-2.9877826221717294,-3.8473446757988263,-4.37919454891632,1.6547013399451036
s11,585.0,-5.102561446909667,1,True,0.7576243746334181,-1.3461828244642509,-4.163800793057942,-4.436910245760431,-3.110696957330657,-4.34225049523646,-4.538724335583493,1.6547013399451036
s11,586.0,-4.4406955170484155,1,True,0.8879222331006273,-1.3326645585377248,-4.565022477328674,-4.8913043812659485,-3.5451215568016976,-5.054206645073508,-5.102561446909667,1.6547013399451036
s11,587.0,-4.7472292055687495,1,True,0.7801449448009788,-1.344046463328184,-4.218470311473266,-4.367832379220112,-3.0351678206823873,-3.8303678513714257,-4.4406955170484155,1.6547013399451036
s11,588.0,-4.723340931385468,1,True,0.8184896247167114,-1.3472849305399237,-4.319896614942408,-4.615392024327475,-3.2713455609992916,-4.6070015956073505,-4.7472292055687495,1.6547013399451036
s11,589.0,-5.289772059779086,1,True,0.7617055652016267,-1.3679713399263307,-4.355678886876364,-4.6002250802321845,-3.2529401496922605,-4.441383295490044,-4.723340931385468,1.6547013399451036
s11,590.0,-5.93567355372708,1,True,0.7667350943937427,-1.3943215048026554,-4.731354767248144,-5.057334724516262,-3.689363384589931,-5.240829585883326,-5.289772059779086,1.6547013399451036
s11,591.0,-5.498411221084446,1,True,0.864668798933755,-1.3918336905023114,-5.256092090226683,-5.581338364429249,-4.187016859626594,-5.909341699197589,-5.93567355372708,1.6547013399451036
s11,592.0,-5.443546964037609,1,True,0.8286355128870999,-1.39788162500174,-5.053590622369843,-5.241949147389985,-3.8501154568876728,-4.984037244337932,-5.498411221084446,1.6547013399451036
s11,593.0,-4.561790559266859,1,True,0.9099707435702701,-1.3785635819019237,-4.966178061547764,-5.205725329260735,-3.8078437042589948,-5.128217638436647,-5.443546964037609,1.6547013399451036
s11,594.0,-4.468181327691155,1,True,0.8237564068368757,-1.377398044393512,-4.382921523751812,-4.507032577971547,-3.1284689960696235,-3.814538576333596,-4.561790559266859,1.6547013399451036
s11,595.0,-4.774879824611021,1,True,0.7806887986826848,-1.387632146061922,-4.190985521770914,-4.433743102330688,-3.0563450579371754,-4.159941674428781,-4.468181327691155,1.6547013399451036
s11,596.0,-4.647673827411308,1,True,0.8294527717340183,-1.3866539031129308,-4.375958652771651,-4.680281925711014,-3.292649779649093,-4.634290622138125,-4.774879824611021,1.6547013399451036
s11,597.0,-5.205351401040618,1,True,0.7607669653270239,-1.4053756207797647,-4.344804165739373,-4.581294145479489,-3.1946402423665576,-4.3185686945491755,-4.647673827411308,1.6547013399451036
s11,598.0,-4.999435970441658,1,True,0.84063240895438,-1.4044678598300762,-4.693482394150047,-5.029694668764607,-3.624319047984843,-5.154001674318492,-5.205351401040618,1.6547013399451036
s11,599.0,-4.74851498381032,1,True,0.8439168177507201,-1.4008193069674009,-4.646306753044045,-4.870133412566162,-3.465665552736086,-4.621633403854891,-4.999435970441658,1.6547013399451036
