series,time,y,split,event
s00,0,0.40256690650072136,train,0
s00,1,0.53219423208503469,train,0
s00,2,0.94584129481557011,train,0
s00,3,0.54647456294079255,train,0
s00,4,0.83742723554008047,train,0
s00,5,0.65048690716558077,train,0
s00,6,0.55109698219388359,train,0
s00,7,0.65657696570512447,train,0
s00,8,1.2549049257019393,train,0
s00,9,1.4182916971522532,train,0
s00,10,1.7679478942436171,train,0
s00,11,1.5652845647804254,train,0
s00,12,1.4768542377455534,train,0
s00,13,1.993057050016656,train,0
s00,14,1.7979716591731492,train,0
s00,15,2.2761322525454091,train,0
s00,16,2.8039986665383023,train,0
s00,17,2.4902009050381073,train,0
s00,18,2.4285751624181047,train,0
s00,19,2.305053278849261,train,0
s00,20,2.3132323048109118,train,0
s00,21,2.3317588581380297,train,0
s00,22,2.0757780368014851,train,0
s00,23,2.0751041700975059,train,0
s00,24,2.3255579501216159,train,0
s00,25,1.8438844324435151,train,0
s00,26,1.8267254051961355,train,0
s00,27,1.84750675740101,train,0
s00,28,2.1256604185022709,train,0
s00,29,1.770927909654562,train,0
s00,30,1.8957374664937883,train,0
s00,31,2.149488518108269,train,0
s00,32,1.5418629998597422,train,0
s00,33,1.1425718509748046,train,0
s00,34,1.0199658904794444,train,0
s00,35,1.131192384245177,train,0
s00,36,1.6618781565891474,train,0
s00,37,2.0465217206242889,train,0
s00,38,2.019958635325136,train,0
s00,39,1.6724045150282361,train,0
s00,40,1.3278352770645925,train,0
s00,41,1.0163454781706123,train,0
s00,42,1.4407822093262028,train,0
s00,43,1.0343221568099918,train,0
s00,44,1.1303727086964734,train,0
s00,45,0.7325227506433285,train,0
s00,46,0.78727947352799266,train,0
s00,47,1.295181827445137,train,0
s00,48,1.0499426507307326,train,0
s00,49,1.112279929988127,train,0
s00,50,1.1966163505241982,train,0
s00,51,1.6678845975673271,train,0
s00,52,1.8028924106737478,train,0
s00,53,1.900385244196771,train,0
s00,54,1.5444370617121137,train,0
s00,55,1.4734204791027055,train,0
s00,56,1.874507567653442,train,0
s00,57,2.2188327007864066,train,0
s00,58,2.2813848410168398,train,0
s00,59,1.7440383900006744,train,0
s00,60,1.6575688263111523,train,0
s00,61,1.3096784635883008,train,0
s00,62,1.3707844222409418,train,0
s00,63,1.4904902457991276,train,0
s00,64,1.3551449763891177,train,0
s00,65,1.3322110048080367,train,0
s00,66,1.1872985025454752,train,0
s00,67,1.4230508705931726,train,0
s00,68,1.3088102021389709,train,0
s00,69,1.2122216126430727,train,0
s00,70,1.0979666968930197,train,0
s00,71,1.6714525095488681,train,0
s00,72,1.8473129356337861,train,0
s00,73,2.0477365906847922,train,0
s00,74,1.8799501136106462,train,0
s00,75,0.94689010747512969,train,0
s00,76,0.7643959462805896,train,0
s00,77,1.1073622791777311,train,0
s00,78,1.1532580287428047,train,0
s00,79,1.3653271201631574,train,0
s00,80,1.1371213674545031,train,0
s00,81,1.8077766748132948,train,0
s00,82,1.5181483313001018,train,0
s00,83,1.4650132135531977,train,0
s00,84,1.4334927834721438,train,0
s00,85,1.4295375361681115,train,0
s00,86,1.7412036496954422,train,0
s00,87,1.8017192656634038,train,0
s00,88,2.3191600384089872,train,0
s00,89,2.2077604426702497,train,0
s00,90,1.6936948085012931,train,0
s00,91,2.0481991472536616,train,0
s00,92,1.8237446623264828,train,0
s00,93,2.4386693794333341,train,0
s00,94,2.2326221209349519,train,0
s00,95,1.3482938750245959,train,0
s00,96,1.0921269982028661,train,0
s00,97,1.0363419046697173,train,0
s00,98,1.136513331198532,train,0
s00,99,1.237646107790602,train,0
s00,100,1.3256304243627746,train,0
s00,101,1.0692838184431372,train,0
s00,102,1.1514253717564582,train,0
s00,103,1.4583318083005528,train,0
s00,104,1.3553190350173372,train,0
s00,105,1.4133347330815118,train,0
s00,106,1.6488307111625831,train,0
s00,107,2.1349049061871801,train,0
s00,108,1.8239197187399283,train,0
s00,109,2.1228311284836399,train,0
s00,110,2.3795080084791027,train,0
s00,111,2.333908863205568,train,0
s00,112,2.2369376650263408,train,0
s00,113,1.7019756621515458,train,0
s00,114,1.1520639883175647,train,0
s00,115,0.87906876549959212,train,0
s00,116,0.9414310225327347,train,0
s00,117,1.0171704353998976,train,0
s00,118,1.5544296743681632,train,0
s00,119,1.8326852042954087,train,0
s00,120,1.3956623759792075,train,0
s00,121,0.7163377664635926,train,0
s00,122,1.3259827233285146,train,0
s00,123,0.72066271125051551,train,0
s00,124,0.91214162676902144,train,0
s00,125,1.3463414365411634,train,0
s00,126,1.5588767834410731,train,0
s00,127,1.6467186737511192,train,0
s00,128,2.2298210526731923,train,0
s00,129,2.6147626023486166,train,0
s00,130,2.7175692702743248,train,0
s00,131,2.4150224541190575,train,0
s00,132,2.5469319238756118,train,0
s00,133,2.596354419606683,train,0
s00,134,2.4943253673860601,train,0
s00,135,2.4054704865867671,train,0
s00,136,2.1671225329991435,train,0
s00,137,2.0768481676881869,train,0
s00,138,2.4706199347099105,train,0
s00,139,2.5092256391523078,train,0
s00,140,2.1641322332346498,train,0
s00,141,2.6243223325631631,train,0
s00,142,2.4413384134040248,train,0
s00,143,2.081924645312597,train,0
s00,144,1.6854997127276019,train,0
s00,145,1.9996963287003695,train,0
s00,146,1.8953609431993543,train,0
s00,147,2.0846246142232472,train,0
s00,148,2.0961780209941296,train,0
s00,149,2.292897943188509,train,0
s00,150,2.1950590266375927,train,0
s00,151,2.3709423847644562,train,0
s00,152,2.1084910834709327,train,0
s00,153,1.7970103903751318,train,0
s00,154,1.6043691017659618,train,0
s00,155,1.5860134805733554,train,0
s00,156,2.1130085817303077,train,0
s00,157,1.832080617974813,train,0
s00,158,2.0671591265258678,train,0
s00,159,1.6180070327986722,train,0
s00,160,1.7439140748712618,train,0
s00,161,1.6896373955926767,train,0
s00,162,1.8851416005416111,train,0
s00,163,1.5955696574428098,train,0
s00,164,1.3480824174821304,train,0
s00,165,1.4544029737466195,train,0
s00,166,1.8495711808877646,train,0
s00,167,1.4527466943357144,train,0
s00,168,2.0525646065137262,train,0
s00,169,2.2398545516393611,train,0
s00,170,2.6671422445371582,train,0
s00,171,2.7796344707448815,train,0
s00,172,2.8460687879434174,train,0
s00,173,2.304190525249302,train,0
s00,174,2.0822087949893358,train,0
s00,175,2.1370631193407736,train,0
s00,176,1.7314750297420582,train,0
s00,177,1.701599762103529,train,0
s00,178,1.5212512712860788,train,0
s00,179,1.659733707684885,train,0
s00,180,1.1929535411427086,train,0
s00,181,0.97120536021220139,train,0
s00,182,1.0995126416596628,train,0
s00,183,1.8300935628152748,train,0
s00,184,2.0346855364068235,train,0
s00,185,2.3055961768200928,train,0
s00,186,1.96804674434675,train,0
s00,187,2.3308714631600282,train,0
s00,188,2.2003883809940326,train,0
s00,189,2.2625871488391076,train,0
s00,190,2.1308772113854944,train,0
s00,191,2.2296641886638997,train,0
s00,192,1.9681010194680157,train,0
s00,193,1.6609572460244115,train,0
s00,194,1.3967647607511284,train,0
s00,195,1.3775237311141677,train,0
s00,196,1.7688567391288665,train,0
s00,197,1.5732412109501261,train,0
s00,198,1.7916316098078169,train,0
s00,199,1.2217790513389022,train,0
s00,200,1.0112902888739117,calibration,0
s00,201,0.55380880453477122,calibration,0
s00,202,0.51435622924392199,calibration,0
s00,203,0.95326227300845501,calibration,0
s00,204,0.72747146733078161,calibration,0
s00,205,0.82649427058750602,calibration,0
s00,206,1.5350350477939847,calibration,0
s00,207,1.6082548048385763,calibration,0
s00,208,1.3316886997360728,calibration,0
s00,209,1.6458782521223063,calibration,0
s00,210,1.4710804014174903,calibration,0
s00,211,1.6482212357302872,calibration,0
s00,212,1.4856175371726326,calibration,0
s00,213,1.3909929744491727,calibration,0
s00,214,1.1251567411090244,calibration,0
s00,215,0.83544207613805821,calibration,0
s00,216,1.2306185210885914,calibration,0
s00,217,1.2154358012536643,calibration,0
s00,218,1.1991342034299755,calibration,0
s00,219,1.3243923029622668,calibration,0
s00,220,1.3117029851585575,calibration,0
s00,221,1.2805954476629644,calibration,0
s00,222,1.160812158629829,calibration,0
s00,223,1.3936918014207407,calibration,0
s00,224,1.2409566486649926,calibration,0
s00,225,1.3701935731205086,calibration,0
s00,226,1.6585168466092641,calibration,0
s00,227,1.6408630507839306,calibration,0
s00,228,1.2659715909687574,calibration,0
s00,229,1.3924911105304696,calibration,0
s00,230,1.4434462354061774,calibration,0
s00,231,1.9135216460282678,calibration,0
s00,232,1.6672842212605219,calibration,0
s00,233,1.5525268299599102,calibration,0
s00,234,1.5702324101164526,calibration,0
s00,235,1.4497329040575528,calibration,0
s00,236,1.8395530208139461,calibration,0
s00,237,2.0154964851305026,calibration,0
s00,238,2.2901952258116967,calibration,0
s00,239,2.2179286174891759,calibration,0
s00,240,2.1450694255758722,calibration,0
s00,241,2.1153631575315166,calibration,0
s00,242,2.1336306377573604,calibration,0
s00,243,2.4069459479537314,calibration,0
s00,244,2.0772909465911638,calibration,0
s00,245,2.0098294011604412,calibration,0
s00,246,1.7778909825027682,calibration,0
s00,247,1.9580565869012887,calibration,0
s00,248,1.2935544180395691,calibration,0
s00,249,1.9075900098507668,calibration,0
s00,250,1.5781351238653774,calibration,0
s00,251,1.2924206038360784,calibration,0
s00,252,1.2828022532635217,calibration,0
s00,253,1.4377617965701255,calibration,0
s00,254,1.8487515239045946,calibration,0
s00,255,1.5685548963559988,calibration,0
s00,256,1.107936491992314,calibration,0
s00,257,0.92185379657293487,calibration,0
s00,258,0.83216659639238699,calibration,0
s00,259,1.2666214835873817,calibration,0
s00,260,1.357474808756463,calibration,0
s00,261,1.387054915672763,calibration,0
s00,262,1.4442668441120043,calibration,0
s00,263,1.9110959872644635,calibration,0
s00,264,2.5647281024451449,calibration,0
s00,265,2.3260686146662373,calibration,0
s00,266,1.4734396879888334,calibration,0
s00,267,1.7336585482029805,calibration,0
s00,268,1.7327904895261288,calibration,0
s00,269,1.6965022568873096,calibration,0
s00,270,1.6470692755662637,calibration,0
s00,271,1.7797544471560658,calibration,0
s00,272,1.2121004783461025,calibration,0
s00,273,1.2406110812256996,calibration,0
s00,274,1.4320729599985877,calibration,0
s00,275,1.1544831818529053,calibration,0
s00,276,1.1984273937292871,calibration,0
s00,277,1.3583647321157184,calibration,0
s00,278,1.8476466835563221,calibration,0
s00,279,1.7761200307773219,calibration,0
s00,280,2.0707776814839347,calibration,0
s00,281,2.1010748686472409,calibration,0
s00,282,2.1936900324651356,calibration,0
s00,283,1.9017864019616144,calibration,0
s00,284,1.6448961738298793,calibration,0
s00,285,1.2700774044976195,calibration,0
s00,286,1.7443664630783642,calibration,0
s00,287,1.3939282037730707,calibration,0
s00,288,1.6486749540549555,calibration,0
s00,289,1.4957457124588787,calibration,0
s00,290,1.5095829064497674,calibration,0
s00,291,1.2918747145750944,calibration,0
s00,292,1.0464003985685806,calibration,0
s00,293,0.71297133259967094,calibration,0
s00,294,0.73550756179761412,calibration,0
s00,295,0.36436873973232076,calibration,0
s00,296,0.42507816054896574,calibration,0
s00,297,0.62301235876697836,calibration,0
s00,298,1.3738597626847366,calibration,0
s00,299,1.992039550959563,calibration,0
s00,300,1.6522891897704151,calibration,0
s00,301,2.0304663023625378,calibration,0
s00,302,1.8988561956646262,calibration,0
s00,303,1.7327623546167124,calibration,0
s00,304,1.3780969311593423,calibration,0
s00,305,1.6671080330888053,calibration,0
s00,306,1.5453606357386414,calibration,0
s00,307,1.7665382047212372,calibration,0
s00,308,1.9054014804421813,calibration,0
s00,309,2.4356870381058022,calibration,0
s00,310,1.9548307003485119,calibration,0
s00,311,1.9199844173090419,calibration,0
s00,312,1.8515373922553435,calibration,0
s00,313,1.7503972184840406,calibration,0
s00,314,2.2887494271453894,calibration,0
s00,315,2.2858051929295069,calibration,0
s00,316,2.0820477226424186,calibration,0
s00,317,2.2607402342950578,calibration,0
s00,318,2.2250841823365741,calibration,0
s00,319,1.9142904528774622,calibration,0
s00,320,2.1876676911617632,calibration,0
s00,321,2.2187569282971968,calibration,0
s00,322,2.0627825008843699,calibration,0
s00,323,1.6535075521429341,calibration,0
s00,324,1.1067124312663232,calibration,0
s00,325,1.1727262830574259,calibration,0
s00,326,0.9665373557805228,calibration,0
s00,327,0.88149298566840351,calibration,0
s00,328,0.73502288852748843,calibration,0
s00,329,1.2627062250922145,calibration,0
s00,330,1.165874519559625,calibration,0
s00,331,1.0512436110581924,calibration,0
s00,332,1.161247553775548,calibration,0
s00,333,0.60989946861143329,calibration,0
s00,334,0.65170048412291504,calibration,0
s00,335,0.331561705004223,calibration,0
s00,336,0.91255143287058227,calibration,0
s00,337,1.2465977981061398,calibration,0
s00,338,0.81899951796742232,calibration,0
s00,339,1.1096376575328069,calibration,0
s00,340,1.0631186524226295,calibration,0
s00,341,1.1661631147694203,calibration,0
s00,342,1.3359424626474155,calibration,0
s00,343,1.7192682070331728,calibration,0
s00,344,1.7574551451661178,calibration,0
s00,345,1.5324466994161303,calibration,0
s00,346,1.5754154268892366,calibration,0
s00,347,1.9966636914335507,calibration,0
s00,348,1.9251914100762335,calibration,0
s00,349,2.1287309952477349,calibration,0
s00,350,2.037976533223206,test,0
s00,351,1.5788715806562921,test,0
s00,352,1.9371333585518205,test,0
s00,353,2.2865742087117815,test,0
s00,354,2.8007926673629324,test,0
s00,355,2.8110151999486792,test,0
s00,356,2.4370651565928205,test,0
s00,357,2.2476118515104155,test,0
s00,358,2.5685377680698953,test,0
s00,359,2.3724242492073695,test,0
s00,360,2.2968169414158721,test,0
s00,361,1.9074973191030451,test,0
s00,362,1.4383741593692749,test,0
s00,363,1.2842565557244994,test,0
s00,364,1.183225601369241,test,0
s00,365,1.1986638571841071,test,0
s00,366,1.0803176649196657,test,0
s00,367,1.1887740597123559,test,0
s00,368,1.6054077841841115,test,0
s00,369,1.1359318307111141,test,0
s00,370,1.3986541967357236,test,0
s00,371,1.5611224237704688,test,0
s00,372,1.3758390450673754,test,0
s00,373,1.5778043938389221,test,0
s00,374,1.5087517513928448,test,0
s00,375,1.2859066296338675,test,1
s00,376,1.3706161018150351,test,1
s00,377,1.5395498106701868,test,1
s00,378,1.7548052930149429,test,1
s00,379,1.5414314228206978,test,1
s00,380,1.7890907316931448,test,1
s00,381,1.9751528006901196,test,1
s00,382,2.063451270842128,test,1
s00,383,1.948477250104677,test,1
s00,384,2.0780422752868946,test,1
s00,385,1.8791501160232953,test,1
s00,386,1.9759892106889014,test,1
s00,387,2.201944132208089,test,1
s00,388,2.6107044090345752,test,1
s00,389,2.4839836342977839,test,1
s00,390,2.8504353531116413,test,1
s00,391,3.0521880924029459,test,1
s00,392,2.6434778829115468,test,1
s00,393,2.4807938189406702,test,1
s00,394,2.9459749448565535,test,1
s00,395,2.4484833978883893,test,1
s00,396,2.3549207343614427,test,1
s00,397,2.6461485475899886,test,1
s00,398,2.4856228224852166,test,1
s00,399,3.1349802014079482,test,1
s00,400,2.9670138054345965,test,1
s00,401,2.9781698916740171,test,1
s00,402,2.6532344476469487,test,1
s00,403,2.7858340120921681,test,1
s00,404,2.2775027018059397,test,1
s00,405,1.9742218037418302,test,1
s00,406,2.3779035105998854,test,1
s00,407,2.929743573348504,test,1
s00,408,3.2006084101582486,test,1
s00,409,2.6009188812913515,test,1
s00,410,2.5792993326287492,test,1
s00,411,2.7892032917618068,test,1
s00,412,2.8897524335236642,test,1
s00,413,2.758599849452398,test,1
s00,414,2.6394819309860922,test,1
s00,415,2.9057951927536472,test,1
s00,416,3.5050294091597238,test,1
s00,417,3.0832171621239302,test,1
s00,418,2.6746145036919375,test,1
s00,419,2.1386792811944693,test,1
s00,420,2.1454218142252266,test,1
s00,421,2.4756533443241842,test,1
s00,422,2.84735802023389,test,1
s00,423,2.6457614471010249,test,1
s00,424,3.0328740836191272,test,1
s00,425,3.4729086544682186,test,1
s00,426,3.4310884403448521,test,1
s00,427,2.8065001190721062,test,1
s00,428,3.7280790042611174,test,1
s00,429,3.9393717021855306,test,1
s00,430,3.9955722328228656,test,1
s00,431,3.6627841949745643,test,1
s00,432,3.7300322012800016,test,1
s00,433,3.5529372578509748,test,1
s00,434,3.440891908531464,test,1
s00,435,3.3959108644440321,test,1
s00,436,3.8509657143518186,test,1
s00,437,3.9631999909388882,test,1
s00,438,4.3142913647821759,test,1
s00,439,3.7692745854036547,test,1
s00,440,3.7716035306876377,test,1
s00,441,4.1409202957845324,test,1
s00,442,4.1489100011577191,test,1
s00,443,4.2074461507981695,test,1
s00,444,4.2125584744562357,test,1
s00,445,3.7988455151085376,test,1
s00,446,4.0206720973744758,test,1
s00,447,4.0396356690654214,test,1
s00,448,4.5699996169707964,test,1
s00,449,4.5973026744836716,test,1
s00,450,4.636203411866668,test,1
s00,451,4.7948119855767191,test,1
s00,452,4.4040192246164027,test,1
s00,453,4.2265792545315302,test,1
s00,454,3.9934473677095812,test,1
s00,455,4.2539620854980988,test,1
s00,456,4.4255172844089037,test,1
s00,457,4.187065534323521,test,1
s00,458,4.1464531960769326,test,1
s00,459,4.2607569001993868,test,1
s00,460,4.1925888181173265,test,1
s00,461,4.3482833047363965,test,1
s00,462,4.0825368860013054,test,1
s00,463,3.8581898262123482,test,1
s00,464,4.7690204797370406,test,1
s00,465,5.1993001304927482,test,1
s00,466,5.1375940586707154,test,1
s00,467,4.8117198098164202,test,1
s00,468,4.6204367909066253,test,1
s00,469,5.2469294303393283,test,1
s00,470,5.8732856505139299,test,1
s00,471,5.8749428837921434,test,1
s00,472,4.8923999075982723,test,1
s00,473,4.9323182641168923,test,1
s00,474,4.0440570987582953,test,1
s00,475,4.1009144915045344,test,1
s00,476,4.0108321829120746,test,1
s00,477,4.5515499851532164,test,1
s00,478,4.6560218038323429,test,1
s00,479,4.5164720542877053,test,1
s00,480,4.7824643218785443,test,1
s00,481,4.8121797241177058,test,1
s00,482,4.9302416479662456,test,1
s00,483,4.9652072817894215,test,1
s00,484,4.6180039496523664,test,1
s00,485,4.9962137993358162,test,1
s00,486,5.4585150585076576,test,1
s00,487,5.5522927149159012,test,1
s00,488,4.9455492387892912,test,1
s00,489,5.2364790988004231,test,1
s00,490,5.1109937961104617,test,1
s00,491,5.4742817976048119,test,1
s00,492,5.5618379367372315,test,1
s00,493,5.8140263381518853,test,1
s00,494,5.4999660907897976,test,1
s00,495,5.3177058865111064,test,1
s00,496,5.7341902004441856,test,1
s00,497,5.3236807179804577,test,1
s00,498,4.8903131917216953,test,1
s00,499,5.3849678734341166,test,1
s00,500,5.5438186150487372,test,1
s00,501,4.7638471780210185,test,1
s00,502,5.2132992921451784,test,1
s00,503,5.2901068393852055,test,1
s00,504,5.4624130599322074,test,1
s00,505,4.8493215076837499,test,1
s00,506,4.8999770257997204,test,1
s00,507,5.0132944886466264,test,1
s00,508,5.0856442761407417,test,1
s00,509,5.5093332107092241,test,1
s00,510,5.9569963857310135,test,1
s00,511,5.4037684799454624,test,1
s00,512,5.6364995500330561,test,1
s00,513,5.9729680282993884,test,1
s00,514,6.1789073215252799,test,1
s00,515,6.320537773337751,test,1
s00,516,6.5542839248622791,test,1
s00,517,6.1975821062598797,test,1
s00,518,6.2365848178207379,test,1
s00,519,6.0449230416775404,test,1
s00,520,5.5802216033318288,test,1
s00,521,5.2286946681276598,test,1
s00,522,5.609988753917289,test,1
s00,523,5.798945500692632,test,1
s00,524,6.0835825860499266,test,1
s00,525,6.6756923484039188,test,1
s00,526,6.6364571368672172,test,1
s00,527,6.7298284056191813,test,1
s00,528,6.0002913957417441,test,1
s00,529,6.0602609039343216,test,1
s00,530,6.5239023907800613,test,1
s00,531,6.2157170842298601,test,1
s00,532,6.0684818601973607,test,1
s00,533,6.4302409425564466,test,1
s00,534,6.6726135546792529,test,1
s00,535,6.1178845291203334,test,1
s00,536,6.2175434060437649,test,1
s00,537,6.8538077744370396,test,1
s00,538,6.9203857532735187,test,1
s00,539,6.6790183089516759,test,1
s00,540,7.101189724653679,test,1
s00,541,7.1727095710064335,test,1
s00,542,6.8826321039863148,test,1
s00,543,6.7928934565099306,test,1
s00,544,7.079522425442657,test,1
s00,545,7.38665617297948,test,1
s00,546,7.2847451059626929,test,1
s00,547,6.81309255403667,test,1
s00,548,6.6968606327332587,test,1
s00,549,6.9029535020493817,test,1
s00,550,6.8717298875124895,test,1
s00,551,6.9401281991470301,test,1
s00,552,6.6591551717521664,test,1
s00,553,7.0636119868879756,test,1
s00,554,7.3683627739785056,test,1
s00,555,7.811550776837942,test,1
s00,556,7.984623570681868,test,1
s00,557,7.9614844297108771,test,1
s00,558,8.1657828499570186,test,1
s00,559,7.630640297404824,test,1
s00,560,7.7957097595488927,test,1
s00,561,7.4563057965863422,test,1
s00,562,7.516410272286401,test,1
s00,563,7.4770696619581543,test,1
s00,564,7.4607773727717008,test,1
s00,565,7.98764940308702,test,1
s00,566,7.8920645954767412,test,1
s00,567,7.6662624598195661,test,1
s00,568,7.3511930768919296,test,1
s00,569,7.6705506533337875,test,1
s00,570,7.2875995931935691,test,1
s00,571,7.6684644240915851,test,1
s00,572,7.7234374843409483,test,1
s00,573,7.8931609643082172,test,1
s00,574,7.5325313766106037,test,1
s00,575,7.9943942942355273,test,1
s00,576,7.9120386355864643,test,1
s00,577,8.1985020656687837,test,1
s00,578,8.0435417787539869,test,1
s00,579,7.867059469783908,test,1
s00,580,8.3167828923479874,test,1
s00,581,8.5762453457811212,test,1
s00,582,8.3861413091803119,test,1
s00,583,8.1879621421332729,test,1
s00,584,8.3847326303880099,test,1
s00,585,8.4347762434213553,test,1
s00,586,8.720404707013472,test,1
s00,587,8.9712067780331957,test,1
s00,588,9.0263400948009842,test,1
s00,589,9.133923240171768,test,1
s00,590,9.4153223281121985,test,1
s00,591,9.1814925012060034,test,1
s00,592,9.1639303107244245,test,1
s00,593,8.9626008848848659,test,1
s00,594,8.6711160952504773,test,1
s00,595,8.8248561904272602,test,1
s00,596,8.9211795912101213,test,1
s00,597,9.5089789108051406,test,1
s00,598,9.4544033162972383,test,1
s00,599,9.4345026571266146,test,1
s01,0,0.67129750674520894,train,0
s01,1,0.58817180267333491,train,0
s01,2,1.1067614535909298,train,0
s01,3,1.1947576084859328,train,0
s01,4,1.0590209102833057,train,0
s01,5,1.4670558882578162,train,0
s01,6,1.4644027943001992,train,0
s01,7,1.4159977987030319,train,0
s01,8,1.6188533117236759,train,0
s01,9,1.7837277961163727,train,0
s01,10,1.6627315270881839,train,0
s01,11,1.5772188290700817,train,0
s01,12,1.4850947077573,train,0
s01,13,1.3873037375090618,train,0
s01,14,1.4235409576554219,train,0
s01,15,1.3765122487776746,train,0
s01,16,1.4757386432374782,train,0
s01,17,1.8082596938137512,train,0
s01,18,1.060372047902987,train,0
s01,19,1.203312519723253,train,0
s01,20,1.8865440755969509,train,0
s01,21,1.4963838971538301,train,0
s01,22,1.0583842761141065,train,0
s01,23,0.60426208246739233,train,0
s01,24,0.71589261542118876,train,0
s01,25,0.74964222518675427,train,0
s01,26,0.84901304908006436,train,0
s01,27,1.1688329263431199,train,0
s01,28,1.2352591382997353,train,0
s01,29,1.6215059781626939,train,0
s01,30,1.9039229679088419,train,0
s01,31,1.9367760032678401,train,0
s01,32,2.2753628844686635,train,0
s01,33,2.5037841830440914,train,0
s01,34,2.1538753379792959,train,0
s01,35,2.4454595302588875,train,0
s01,36,2.5065634766414071,train,0
s01,37,2.2929761519249721,train,0
s01,38,2.5193822269538799,train,0
s01,39,2.7834574316675633,train,0
s01,40,2.853747234895716,train,0
s01,41,2.8814176294772471,train,0
s01,42,2.4901571565466929,train,0
s01,43,2.2388855694270413,train,0
s01,44,1.7665341434677468,train,0
s01,45,2.0670947029655538,train,0
s01,46,2.5618084243593411,train,0
s01,47,2.4863707958576273,train,0
s01,48,2.3348968650913808,train,0
s01,49,2.2926302205663385,train,0
s01,50,2.2177720860140799,train,0
s01,51,2.4244873293107805,train,0
s01,52,2.166574252281197,train,0
s01,53,2.0157912961252262,train,0
s01,54,2.1186593025511429,train,0
s01,55,2.4262717287249504,train,0
s01,56,2.7712873238960745,train,0
s01,57,2.8818798821066993,train,0
s01,58,2.3935599540993113,train,0
s01,59,2.1432141349491971,train,0
s01,60,1.6097477544442857,train,0
s01,61,1.995986434086144,train,0
s01,62,1.3885478170168515,train,0
s01,63,1.7198414149521555,train,0
s01,64,1.9936828596274723,train,0
s01,65,2.0882249250226588,train,0
s01,66,2.3241706656664847,train,0
s01,67,1.553730456352685,train,0
s01,68,1.6167431974980599,train,0
s01,69,1.6613653467791916,train,0
s01,70,1.6741760579266922,train,0
s01,71,1.1461281665985064,train,0
s01,72,1.0341896564177715,train,0
s01,73,0.88932286309301312,train,0
s01,74,1.1543880685520467,train,0
s01,75,1.6909867212287408,train,0
s01,76,1.8982955307521772,train,0
s01,77,1.7315579271746644,train,0
s01,78,1.4878889200628538,train,0
s01,79,1.216302114304991,train,0
s01,80,0.87050520978691082,train,0
s01,81,1.1535387815248865,train,0
s01,82,1.2993407244342512,train,0
s01,83,1.2969660858700229,train,0
s01,84,1.056849433808845,train,0
s01,85,1.150214943611884,train,0
s01,86,0.77534218361103791,train,0
s01,87,0.4425760029961382,train,0
s01,88,0.76729051423263583,train,0
s01,89,0.65600545587666437,train,0
s01,90,0.84964948669948037,train,0
s01,91,1.2631860842821057,train,0
s01,92,1.034429376909012,train,0
s01,93,0.81226663841340652,train,0
s01,94,0.7597711541073735,train,0
s01,95,1.0264354388387535,train,0
s01,96,1.611698111470758,train,0
s01,97,1.0876404061644842,train,0
s01,98,1.3747544156786367,train,0
s01,99,1.1912123489058866,train,0
s01,100,0.93372749141902811,train,0
s01,101,1.2672497499436075,train,0
s01,102,1.4978211852286953,train,0
s01,103,1.7955580473147152,train,0
s01,104,1.7796616949487638,train,0
s01,105,1.5561868357809141,train,0
s01,106,1.2151212894923826,train,0
s01,107,1.5426132312310015,train,0
s01,108,1.8120216410618624,train,0
s01,109,1.661990209114957,train,0
s01,110,1.3260664757958893,train,0
s01,111,1.1682667361863421,train,0
s01,112,0.97767956698998448,train,0
s01,113,0.94262066305276759,train,0
s01,114,0.88532896505737169,train,0
s01,115,0.30820484636582501,train,0
s01,116,0.71528195711149856,train,0
s01,117,0.88221048056449625,train,0
s01,118,1.3233311256947942,train,0
s01,119,1.4443952625678129,train,0
s01,120,1.2187239001166497,train,0
s01,121,1.4218258146214822,train,0
s01,122,1.2065011223888702,train,0
s01,123,1.1621245626726115,train,0
s01,124,1.3886299485436204,train,0
s01,125,1.3257703925029733,train,0
s01,126,1.2604070272469379,train,0
s01,127,1.2102828484984087,train,0
s01,128,1.2179486829262189,train,0
s01,129,1.2035655476757501,train,0
s01,130,1.2917663852667456,train,0
s01,131,1.599120292787068,train,0
s01,132,1.9193899975712416,train,0
s01,133,2.2321309063547963,train,0
s01,134,1.9525052579568043,train,0
s01,135,1.8437062300949034,train,0
s01,136,1.3346118329828436,train,0
s01,137,2.0710624545580711,train,0
s01,138,1.8817381439381342,train,0
s01,139,2.0573710828594032,train,0
s01,140,2.2866761957945712,train,0
s01,141,2.0910801440279259,train,0
s01,142,1.911542557447673,train,0
s01,143,2.1538968110890524,train,0
s01,144,2.100636186762908,train,0
s01,145,1.9151545543541313,train,0
s01,146,2.0056487130376204,train,0
s01,147,1.6717884629544719,train,0
s01,148,2.1627883290855934,train,0
s01,149,2.0264291694073009,train,0
s01,150,1.9906125660131624,train,0
s01,151,1.8123607528883012,train,0
s01,152,1.9302056100549516,train,0
s01,153,2.1236981868111693,train,0
s01,154,2.3348920040003676,train,0
s01,155,1.4723679065958639,train,0
s01,156,1.2648347532057571,train,0
s01,157,1.3329811563081266,train,0
s01,158,1.674292326079968,train,0
s01,159,1.3922916926026485,train,0
s01,160,1.4991902330825599,train,0
s01,161,1.9215012487773082,train,0
s01,162,2.051711523497993,train,0
s01,163,1.7611814258753808,train,0
s01,164,1.9918675473830749,train,0
s01,165,2.239448182015809,train,0
s01,166,2.6427507595137443,train,0
s01,167,2.8641630154290234,train,0
s01,168,2.5833445575038381,train,0
s01,169,2.1519719512705127,train,0
s01,170,2.3120972604609356,train,0
s01,171,2.5030452864857553,train,0
s01,172,2.3347654255691483,train,0
s01,173,2.3351372844258727,train,0
s01,174,1.9714091180008795,train,0
s01,175,2.5661940329428528,train,0
s01,176,3.3176354962646424,train,0
s01,177,2.4724079358367543,train,0
s01,178,2.5708088368627005,train,0
s01,179,2.4087967254071461,train,0
s01,180,2.2905845895075219,train,0
s01,181,1.2090751828247193,train,0
s01,182,1.1023954312590187,train,0
s01,183,1.2930593362451461,train,0
s01,184,1.4799042023826909,train,0
s01,185,1.2267314371737301,train,0
s01,186,1.0448132874051212,train,0
s01,187,1.1009643637556421,train,0
s01,188,1.2693801656271864,train,0
s01,189,1.1315482243129331,train,0
s01,190,1.437082209195446,train,0
s01,191,1.3145801030237159,train,0
s01,192,1.3794094679467117,train,0
s01,193,1.6185814284591611,train,0
s01,194,1.6314375167981396,train,0
s01,195,1.7890456536881154,train,0
s01,196,1.4727213281499483,train,0
s01,197,1.378856077356974,train,0
s01,198,1.6271802420378303,train,0
s01,199,1.9239005636162796,train,0
s01,200,1.7296627298284164,calibration,0
s01,201,2.1815653538188391,calibration,0
s01,202,2.2999309693122894,calibration,0
s01,203,2.3761680133830172,calibration,0
s01,204,2.0176951345360918,calibration,0
s01,205,2.1290452810920191,calibration,0
s01,206,2.478542470078307,calibration,0
s01,207,1.9165402815916455,calibration,0
s01,208,1.3842890703201758,calibration,0
s01,209,1.3969946908729269,calibration,0
s01,210,1.6550651058125196,calibration,0
s01,211,1.8234863501545586,calibration,0
s01,212,1.6201687843270856,calibration,0
s01,213,1.4956068937225946,calibration,0
s01,214,1.3238904556254898,calibration,0
s01,215,1.3836548337878296,calibration,0
s01,216,1.4436402291643873,calibration,0
s01,217,1.9692689679796684,calibration,0
s01,218,1.8353021331456718,calibration,0
s01,219,1.6592858340787708,calibration,0
s01,220,1.537475647732528,calibration,0
s01,221,1.7064971826066104,calibration,0
s01,222,1.565843965100723,calibration,0
s01,223,1.3338008785481636,calibration,0
s01,224,1.425330418149489,calibration,0
s01,225,1.7864471104272466,calibration,0
s01,226,1.566351698977785,calibration,0
s01,227,2.13368946621401,calibration,0
s01,228,1.8839055453640874,calibration,0
s01,229,1.6898340965606802,calibration,0
s01,230,1.2139324206344684,calibration,0
s01,231,1.7482958616870439,calibration,0
s01,232,1.4162265150007267,calibration,0
s01,233,1.1973007257151571,calibration,0
s01,234,1.3022662866718155,calibration,0
s01,235,1.7146677953900404,calibration,0
s01,236,1.8839591560236482,calibration,0
s01,237,2.1978766058757961,calibration,0
s01,238,2.4511752299485012,calibration,0
s01,239,2.3922486244832433,calibration,0
s01,240,2.2421480546089354,calibration,0
s01,241,2.8097624809816173,calibration,0
s01,242,2.7429937140110856,calibration,0
s01,243,2.3710772726075846,calibration,0
s01,244,2.046519244964438,calibration,0
s01,245,1.4380412284086881,calibration,0
s01,246,1.5240458155591596,calibration,0
s01,247,1.582510466448745,calibration,0
s01,248,1.5017193594705827,calibration,0
s01,249,2.0265984040771503,calibration,0
s01,250,1.7090774969716285,calibration,0
s01,251,1.6663656641989404,calibration,0
s01,252,1.7858205161216227,calibration,0
s01,253,1.886927631516303,calibration,0
s01,254,2.1527593077423388,calibration,0
s01,255,2.1622230659239658,calibration,0
s01,256,2.0196032257972605,calibration,0
s01,257,2.2428650354353699,calibration,0
s01,258,2.5656789942756304,calibration,0
s01,259,2.4278916311893295,calibration,0
s01,260,2.279770404706432,calibration,0
s01,261,2.1364641245004767,calibration,0
s01,262,1.9312749462130865,calibration,0
s01,263,1.3388003061361176,calibration,0
s01,264,1.5547257768914615,calibration,0
s01,265,1.3221278669489067,calibration,0
s01,266,2.0158094849767023,calibration,0
s01,267,1.9724466601456374,calibration,0
s01,268,1.8683467410148007,calibration,0
s01,269,1.8805457154588434,calibration,0
s01,270,2.0212572967230162,calibration,0
s01,271,1.6694645689184766,calibration,0
s01,272,1.8003162595573565,calibration,0
s01,273,2.0143174668801498,calibration,0
s01,274,1.4296620786236256,calibration,0
s01,275,1.5548947873402768,calibration,0
s01,276,2.0224532751792328,calibration,0
s01,277,1.9873899650610694,calibration,0
s01,278,2.1228995208314365,calibration,0
s01,279,2.0575120552983881,calibration,0
s01,280,2.0079222946182123,calibration,0
s01,281,1.8720192633540091,calibration,0
s01,282,1.627236683277316,calibration,0
s01,283,1.753755586499657,calibration,0
s01,284,1.5445795726309077,calibration,0
s01,285,1.749913003179014,calibration,0
s01,286,1.6183087908204294,calibration,0
s01,287,1.618956123897914,calibration,0
s01,288,1.092344966525594,calibration,0
s01,289,1.3875870531488039,calibration,0
s01,290,1.6684086140816026,calibration,0
s01,291,1.6494282017605681,calibration,0
s01,292,1.4620869341757845,calibration,0
s01,293,1.3573594223001344,calibration,0
s01,294,1.4593514451147516,calibration,0
s01,295,1.7554711021809253,calibration,0
s01,296,2.2142471999952456,calibration,0
s01,297,2.3940718806725618,calibration,0
s01,298,1.8907966012343935,calibration,0
s01,299,1.9879587102284981,calibration,0
s01,300,2.0827306949409441,calibration,0
s01,301,2.1147390670527062,calibration,0
s01,302,2.3575595229153103,calibration,0
s01,303,2.2452757090644861,calibration,0
s01,304,1.9875489414673608,calibration,0
s01,305,1.1918447826554934,calibration,0
s01,306,1.1273511824623768,calibration,0
s01,307,1.1581638739612954,calibration,0
s01,308,1.4777861105345953,calibration,0
s01,309,1.6597417505418655,calibration,0
s01,310,1.8956303105545891,calibration,0
s01,311,1.6352085156829932,calibration,0
s01,312,1.6074123249033649,calibration,0
s01,313,1.2568326795257758,calibration,0
s01,314,1.0263426652292689,calibration,0
s01,315,1.330846778469468,calibration,0
s01,316,1.535635921300788,calibration,0
s01,317,1.2101039979961508,calibration,0
s01,318,1.4358498404512312,calibration,0
s01,319,1.1299502593509596,calibration,0
s01,320,1.2826922427946945,calibration,0
s01,321,1.3042358212727274,calibration,0
s01,322,1.0246037073868108,calibration,0
s01,323,1.0797638380614278,calibration,0
s01,324,1.0978197356854413,calibration,0
s01,325,1.0923955712444142,calibration,0
s01,326,0.72183574094209457,calibration,0
s01,327,1.036334304734619,calibration,0
s01,328,1.3111807961655657,calibration,0
s01,329,1.2252819639513914,calibration,0
s01,330,0.6017644474094529,calibration,0
s01,331,0.9895606972732357,calibration,0
s01,332,1.5724626323669018,calibration,0
s01,333,1.0171591147636034,calibration,0
s01,334,0.9162861262751012,calibration,0
s01,335,1.6831607705699962,calibration,0
s01,336,1.8880303615980649,calibration,0
s01,337,1.8646793520562952,calibration,0
s01,338,1.4770484319676724,calibration,0
s01,339,1.2076693587048422,calibration,0
s01,340,1.091549608511001,calibration,0
s01,341,1.1918674096284754,calibration,0
s01,342,1.340286133398674,calibration,0
s01,343,1.4067486969331053,calibration,0
s01,344,1.0800167783281225,calibration,0
s01,345,0.98470218645916707,calibration,0
s01,346,1.2691858875185649,calibration,0
s01,347,1.6893083001995866,calibration,0
s01,348,1.5021111237629956,calibration,0
s01,349,1.622551829483843,calibration,0
s01,350,1.746610375897292,test,0
s01,351,1.9498359143337287,test,0
s01,352,2.0742180608572323,test,0
s01,353,2.2897373070344913,test,0
s01,354,2.6627972720445179,test,0
s01,355,2.6403773251960261,test,0
s01,356,1.8132172264335449,test,0
s01,357,2.4103584266846831,test,0
s01,358,1.8465130339900349,test,0
s01,359,1.738411383252966,test,0
s01,360,1.2772993399163002,test,0
s01,361,1.1832827268634425,test,0
s01,362,0.72925666505849573,test,0
s01,363,0.61690134026264354,test,0
s01,364,0.47106934466503714,test,0
s01,365,0.69426499202682912,test,0
s01,366,0.37393839809004281,test,0
s01,367,0.24587923443804666,test,0
s01,368,0.2835862062649076,test,0
s01,369,0.73449514607881039,test,0
s01,370,0.30585680603558585,test,0
s01,371,0.70796286548556153,test,0
s01,372,0.60308252602196011,test,0
s01,373,1.3755542275994233,test,0
s01,374,1.3544463616311018,test,0
s01,375,1.7428297220952937,test,1
s01,376,2.0671129595497022,test,1
s01,377,2.190740577742917,test,1
s01,378,1.993361226319325,test,1
s01,379,1.3085555993066933,test,1
s01,380,1.1935164048802123,test,1
s01,381,1.4559789150033955,test,1
s01,382,1.5596259322708983,test,1
s01,383,1.8259142180802255,test,1
s01,384,1.8201206405918864,test,1
s01,385,1.6138782748706137,test,1
s01,386,1.3684567820068829,test,1
s01,387,1.363750926561726,test,1
s01,388,1.5603427608750267,test,1
s01,389,1.3605080614212055,test,1
s01,390,1.1786609636207903,test,1
s01,391,1.0213402489126928,test,1
s01,392,0.93852083270206677,test,1
s01,393,0.68747135082217115,test,1
s01,394,0.56877275715671627,test,1
s01,395,0.66521942928107658,test,1
s01,396,1.0005300039745268,test,1
s01,397,0.93742427683915885,test,1
s01,398,0.9968943447194939,test,1
s01,399,1.3422457630643496,test,1
s01,400,1.1546244578345761,test,1
s01,401,1.402855285299732,test,1
s01,402,1.4798574584181208,test,1
s01,403,1.2243481914383707,test,1
s01,404,1.2871325696957308,test,1
s01,405,1.10095048771508,test,1
s01,406,1.055040727402472,test,1
s01,407,0.69961392630941044,test,1
s01,408,0.68014056659262367,test,1
s01,409,0.42013154071974901,test,1
s01,410,0.10035817214923953,test,1
s01,411,0.083593183052587353,test,1
s01,412,0.46664693580509131,test,1
s01,413,-0.37903611298209261,test,1
s01,414,0.16435633091694976,test,1
s01,415,-0.045318906374747614,test,1
s01,416,-0.24269640866329817,test,1
s01,417,-0.48316046701525645,test,1
s01,418,-0.34388793925848316,test,1
s01,419,-0.41348356179964563,test,1
s01,420,-0.50098347277170108,test,1
s01,421,-0.50970372364663885,test,1
s01,422,-0.26177245428738394,test,1
s01,423,-0.22231255502828032,test,1
s01,424,-0.55760820194980876,test,1
s01,425,-0.74606862770080307,test,1
s01,426,-0.90583769610652243,test,1
s01,427,-0.78565557044126932,test,1
s01,428,-0.57027613204556393,test,1
s01,429,-1.1804834683880667,test,1
s01,430,-0.87600848274127319,test,1
s01,431,-0.88475407539215944,test,1
s01,432,-1.223328138150817,test,1
s01,433,-1.2426942355697852,test,1
s01,434,-0.6467714346312643,test,1
s01,435,-0.79775015353958412,test,1
s01,436,-1.1374670544610028,test,1
s01,437,-1.3524801095734937,test,1
s01,438,-1.3563457030358037,test,1
s01,439,-1.2485187009948242,test,1
s01,440,-0.9308058078058451,test,1
s01,441,-0.6442442324875246,test,1
s01,442,-0.48838252662560722,test,1
s01,443,-0.5524026070018826,test,1
s01,444,-0.5474121209166648,test,1
s01,445,-0.39999146462509971,test,1
s01,446,-0.57292261863364924,test,1
s01,447,-0.27706447063049083,test,1
s01,448,0.063385508469633145,test,1
s01,449,0.17810824954141563,test,1
s01,450,0.077867211739992864,test,1
s01,451,-0.44000089602682924,test,1
s01,452,-0.77326615754872119,test,1
s01,453,-0.783028310277327,test,1
s01,454,-1.4133784256012678,test,1
s01,455,-1.0759179915778179,test,1
s01,456,-1.209661817794776,test,1
s01,457,-1.1902595104340139,test,1
s01,458,-1.3752814074466408,test,1
s01,459,-1.6737372487323505,test,1
s01,460,-2.1568288919852781,test,1
s01,461,-1.8989044171178362,test,1
s01,462,-1.9741490550959164,test,1
s01,463,-2.1315178265455899,test,1
s01,464,-1.7512308940905403,test,1
s01,465,-2.1061409590689943,test,1
s01,466,-2.0912641825860074,test,1
s01,467,-1.8132586133767861,test,1
s01,468,-1.574795017792695,test,1
s01,469,-1.598516947190376,test,1
s01,470,-2.3809543516299327,test,1
s01,471,-2.179202250906267,test,1
s01,472,-1.9826095730143753,test,1
s01,473,-2.1528337205153312,test,1
s01,474,-2.2247326440319939,test,1
s01,475,-1.8528137850252098,test,1
s01,476,-1.8656875801764816,test,1
s01,477,-1.4499657382110729,test,1
s01,478,-0.89477648943115373,test,1
s01,479,-0.65234398002433647,test,1
s01,480,-1.086948748858984,test,1
s01,481,-1.4785346122227176,test,1
s01,482,-1.3258852049240069,test,1
s01,483,-1.4543601386612164,test,1
s01,484,-1.5624196364410299,test,1
s01,485,-1.6969773520544698,test,1
s01,486,-1.7785113520600131,test,1
s01,487,-2.0410384353121565,test,1
s01,488,-1.7888723630787222,test,1
s01,489,-2.0418708829351622,test,1
s01,490,-2.3795312267965034,test,1
s01,491,-2.1197565550267417,test,1
s01,492,-2.2269013094818759,test,1
s01,493,-2.2186664868205037,test,1
s01,494,-2.6874141627370505,test,1
s01,495,-2.665102548714156,test,1
s01,496,-2.953926708028185,test,1
s01,497,-2.7023846313517352,test,1
s01,498,-2.4021843065671158,test,1
s01,499,-2.4384718057921306,test,1
s01,500,-2.2584587141851418,test,1
s01,501,-2.0793290422173971,test,1
s01,502,-2.4190977960086393,test,1
s01,503,-1.6976834624562973,test,1
s01,504,-1.6632673668422995,test,1
s01,505,-1.6671211763606517,test,1
s01,506,-2.2349528977703823,test,1
s01,507,-2.3743008367403506,test,1
s01,508,-2.6029906030998426,test,1
s01,509,-2.8079327684002782,test,1
s01,510,-3.129413665280909,test,1
s01,511,-2.6242826004673567,test,1
s01,512,-2.7177835623291102,test,1
s01,513,-2.7714792615167489,test,1
s01,514,-2.6401936788971319,test,1
s01,515,-2.4492027682994966,test,1
s01,516,-3.191980987661732,test,1
s01,517,-2.9186315410407033,test,1
s01,518,-3.6235374409039425,test,1
s01,519,-3.1497571178715953,test,1
s01,520,-2.8365008775794469,test,1
s01,521,-2.6188262452660274,test,1
s01,522,-2.3161828568935623,test,1
s01,523,-2.4994166540978457,test,1
s01,524,-2.3424214891009689,test,1
s01,525,-2.3876370018034847,test,1
s01,526,-2.052672221256004,test,1
s01,527,-2.7347238473552933,test,1
s01,528,-2.6886906339298045,test,1
s01,529,-3.079704085097871,test,1
s01,530,-3.0893582765819163,test,1
s01,531,-3.4245741862215997,test,1
s01,532,-3.3800529083631816,test,1
s01,533,-3.5947484150288154,test,1
s01,534,-3.6538550465876574,test,1
s01,535,-3.8035378932068595,test,1
s01,536,-3.4866987346915574,test,1
s01,537,-3.3100946393776445,test,1
s01,538,-3.5397172810211117,test,1
s01,539,-3.2673757635815242,test,1
s01,540,-3.6392822197909225,test,1
s01,541,-3.6515501936699941,test,1
s01,542,-3.9764277505271179,test,1
s01,543,-3.9803634182572685,test,1
s01,544,-4.1685149815724314,test,1
s01,545,-4.2325503086042016,test,1
s01,546,-3.7826124389167433,test,1
s01,547,-4.1124298172385707,test,1
s01,548,-4.3325391134561722,test,1
s01,549,-4.58675673942576,test,1
s01,550,-4.2763008890501562,test,1
s01,551,-4.2176987696920447,test,1
s01,552,-4.5006663013390504,test,1
s01,553,-5.0079807049034857,test,1
s01,554,-5.1436691158096579,test,1
s01,555,-4.8706782474999422,test,1
s01,556,-5.2393952030233644,test,1
s01,557,-5.1575814892423963,test,1
s01,558,-5.2372682142357272,test,1
s01,559,-4.8769899950732372,test,1
s01,560,-4.8776680792882514,test,1
s01,561,-4.7250803361505875,test,1
s01,562,-4.4778898183732405,test,1
s01,563,-4.8575282514796942,test,1
s01,564,-4.7580821439491929,test,1
s01,565,-4.5953286822854933,test,1
s01,566,-4.4652057191751551,test,1
s01,567,-4.3561495912536907,test,1
s01,568,-4.2881091534969338,test,1
s01,569,-4.6484213476396796,test,1
s01,570,-4.8488994250448378,test,1
s01,571,-4.7142912970442836,test,1
s01,572,-5.4014349966619104,test,1
s01,573,-5.5722677185889093,test,1
s01,574,-5.689747248672588,test,1
s01,575,-6.0653549310590611,test,1
s01,576,-6.0094876695929962,test,1
s01,577,-5.567546140411209,test,1
s01,578,-5.6241118630688423,test,1
s01,579,-5.4047342716243101,test,1
s01,580,-5.4832795750103323,test,1
s01,581,-5.505781185878738,test,1
s01,582,-5.3389221447994153,test,1
s01,583,-5.8997271274776271,test,1
s01,584,-5.6704886666665937,test,1
s01,585,-5.9526777608270587,test,1
s01,586,-5.6126699968627074,test,1
s01,587,-5.7226991967640384,test,1
s01,588,-5.9617875173851722,test,1
s01,589,-6.056514513598799,test,1
s01,590,-5.9988145907644403,test,1
s01,591,-6.0864407125370548,test,1
s01,592,-6.5945996948326657,test,1
s01,593,-7.1181754479816366,test,1
s01,594,-7.0144814037859557,test,1
s01,595,-6.7084634865493289,test,1
s01,596,-6.8588207395073564,test,1
s01,597,-6.9528255974269717,test,1
s01,598,-6.3915306569882535,test,1
s01,599,-6.7268654334201283,test,1
s02,0,0.40432614279164159,train,0
s02,1,1.0345158878716143,train,0
s02,2,1.436992600407919,train,0
s02,3,1.671118593604114,train,0
s02,4,1.5181263632667235,train,0
s02,5,0.90036665726639786,train,0
s02,6,0.94391393359812381,train,0
s02,7,0.93965738217310657,train,0
s02,8,1.6404160023344661,train,0
s02,9,1.6217654087278295,train,0
s02,10,1.6218279739633599,train,0
s02,11,1.9137778921883104,train,0
s02,12,1.6255712022932718,train,0
s02,13,1.479127737481772,train,0
s02,14,1.6039186359870863,train,0
s02,15,1.8472403856807162,train,0
s02,16,2.2385607874733,train,0
s02,17,1.8092095124391765,train,0
s02,18,1.7351223504209647,train,0
s02,19,2.2172546859245905,train,0
s02,20,2.5131323855389542,train,0
s02,21,2.6910575047546512,train,0
s02,22,2.6327868447061062,train,0
s02,23,2.3613243005387665,train,0
s02,24,2.6515960889781427,train,0
s02,25,2.7376692415826867,train,0
s02,26,3.1281038835444033,train,0
s02,27,3.1619727595446938,train,0
s02,28,3.1000452159782932,train,0
s02,29,3.2127100342926127,train,0
s02,30,3.1548868179746634,train,0
s02,31,2.8460053768816063,train,0
s02,32,2.9422384541059756,train,0
s02,33,2.153927810614384,train,0
s02,34,2.4756657332307102,train,0
s02,35,2.3998374411284864,train,0
s02,36,2.5414879049028567,train,0
s02,37,2.3972043664863638,train,0
s02,38,2.036499744073526,train,0
s02,39,1.7641781537914063,train,0
s02,40,1.7724841560554332,train,0
s02,41,1.7036596250959324,train,0
s02,42,1.7087259131721166,train,0
s02,43,1.1752356457342885,train,0
s02,44,0.95088888072546018,train,0
s02,45,1.1381816934017919,train,0
s02,46,1.6393940266490949,train,0
s02,47,1.7214669174685082,train,0
s02,48,1.9323521196429796,train,0
s02,49,2.0858955202059826,train,0
s02,50,1.8108003069617196,train,0
s02,51,1.4300012428024089,train,0
s02,52,1.4488860292186729,train,0
s02,53,1.4179502417453651,train,0
s02,54,1.0266785638966995,train,0
s02,55,0.88585981202508424,train,0
s02,56,0.9443984323545358,train,0
s02,57,0.88779204478801421,train,0
s02,58,0.92191973202660094,train,0
s02,59,1.0903301205380043,train,0
s02,60,1.6134059812502748,train,0
s02,61,1.2755826072330789,train,0
s02,62,1.7848712323696909,train,0
s02,63,1.581674432283279,train,0
s02,64,1.5337831490814868,train,0
s02,65,0.95108970084208133,train,0
s02,66,1.1801614900916848,train,0
s02,67,0.96737773325111365,train,0
s02,68,0.86304782590431595,train,0
s02,69,1.0802837490709856,train,0
s02,70,1.5384832565231845,train,0
s02,71,1.4976235887311586,train,0
s02,72,1.7982204895301765,train,0
s02,73,1.7976430892676307,train,0
s02,74,1.5445655903601798,train,0
s02,75,1.4195834101115725,train,0
s02,76,1.4075244389172481,train,0
s02,77,1.880331715985704,train,0
s02,78,1.5735007872960025,train,0
s02,79,1.2891248002039926,train,0
s02,80,1.0739012585544447,train,0
s02,81,1.7253940760872815,train,0
s02,82,1.3791199541797496,train,0
s02,83,1.4905191725269473,train,0
s02,84,1.8311131075422054,train,0
s02,85,2.0946725590250592,train,0
s02,86,2.4921281162964837,train,0
s02,87,2.6080277039123114,train,0
s02,88,2.2986268602467503,train,0
s02,89,1.9127221465172313,train,0
s02,90,1.515051456032902,train,0
s02,91,1.1488084491549879,train,0
s02,92,1.1885198924377682,train,0
s02,93,1.2511264399467548,train,0
s02,94,1.0058593733050589,train,0
s02,95,1.0299982375889138,train,0
s02,96,0.89186868437414801,train,0
s02,97,1.4054370997782855,train,0
s02,98,1.5331158950159289,train,0
s02,99,1.1808415816328357,train,0
s02,100,1.3632675544398436,train,0
s02,101,1.3611000009032075,train,0
s02,102,1.2499404027549967,train,0
s02,103,1.0531094942345662,train,0
s02,104,1.1110282881575204,train,0
s02,105,1.4077062718002336,train,0
s02,106,1.0770267281060484,train,0
s02,107,1.8005530729025603,train,0
s02,108,1.2287695208084521,train,0
s02,109,1.9898616408669443,train,0
s02,110,1.9596897540706884,train,0
s02,111,2.0303589702995755,train,0
s02,112,2.3475072172399472,train,0
s02,113,1.7951774897962594,train,0
s02,114,1.6906153231340191,train,0
s02,115,1.4539719909872191,train,0
s02,116,1.3978832645047989,train,0
s02,117,1.1011767399906298,train,0
s02,118,0.87833416439483192,train,0
s02,119,0.78729934614184605,train,0
s02,120,1.2405442324433702,train,0
s02,121,1.1835215719819783,train,0
s02,122,1.681088509635644,train,0
s02,123,2.343460781517535,train,0
s02,124,2.7392131946861276,train,0
s02,125,2.5819784973318742,train,0
s02,126,2.0074865895567515,train,0
s02,127,1.7408237523745418,train,0
s02,128,2.0994843327338861,train,0
s02,129,1.9502800365084043,train,0
s02,130,1.865461058324037,train,0
s02,131,2.0072136575808273,train,0
s02,132,1.6663920567423303,train,0
s02,133,1.5229028265763673,train,0
s02,134,1.188578763414637,train,0
s02,135,1.4609291251513923,train,0
s02,136,1.3791937704182082,train,0
s02,137,1.4193203006622992,train,0
s02,138,1.437185413155037,train,0
s02,139,1.1472248490064274,train,0
s02,140,1.1807324197064402,train,0
s02,141,1.4778023529167701,train,0
s02,142,2.1739481646824226,train,0
s02,143,2.359377017735218,train,0
s02,144,2.8359126941669204,train,0
s02,145,2.9261893838468027,train,0
s02,146,2.4830088097316438,train,0
s02,147,2.6112218387275323,train,0
s02,148,2.681267009069658,train,0
s02,149,2.5106213083259612,train,0
s02,150,2.4951827502454273,train,0
s02,151,2.2492832882099623,train,0
s02,152,2.0518435242369408,train,0
s02,153,1.889644514975352,train,0
s02,154,2.0315755519966232,train,0
s02,155,2.0590229439631438,train,0
s02,156,2.0769670925712909,train,0
s02,157,1.6692007596302565,train,0
s02,158,1.8746177727925146,train,0
s02,159,2.0252434057451754,train,0
s02,160,2.3803017143939527,train,0
s02,161,2.3738772721279644,train,0
s02,162,1.944400188759116,train,0
s02,163,2.0228369685672316,train,0
s02,164,1.8514235704994351,train,0
s02,165,2.011508098086062,train,0
s02,166,2.4100234068677104,train,0
s02,167,2.200190216056249,train,0
s02,168,2.4266346759925321,train,0
s02,169,2.1451336675505503,train,0
s02,170,2.4458290046793332,train,0
s02,171,2.1279224501589011,train,0
s02,172,1.4677921067743687,train,0
s02,173,2.0729650585668713,train,0
s02,174,2.1918915005369195,train,0
s02,175,1.9287703188361656,train,0
s02,176,1.9943620353627665,train,0
s02,177,1.7161997861296854,train,0
s02,178,1.7698487540191157,train,0
s02,179,2.200005212690733,train,0
s02,180,1.7995727274405404,train,0
s02,181,2.4843404117849248,train,0
s02,182,1.8287656545352893,train,0
s02,183,2.3286297669492484,train,0
s02,184,2.116129030921857,train,0
s02,185,1.8599390255899459,train,0
s02,186,1.9034073965427361,train,0
s02,187,1.9015465422418192,train,0
s02,188,1.5232290550749181,train,0
s02,189,1.5515750794445022,train,0
s02,190,2.1963979681835721,train,0
s02,191,2.7103389408919423,train,0
s02,192,2.5873342343869195,train,0
s02,193,3.0421603017658696,train,0
s02,194,2.5227258819891389,train,0
s02,195,2.6185016703079453,train,0
s02,196,2.1526355916308226,train,0
s02,197,1.4131015485479677,train,0
s02,198,1.6687563839508497,train,0
s02,199,1.4083466292463198,train,0
s02,200,1.1291169856711063,calibration,0
s02,201,1.3296195121784982,calibration,0
s02,202,0.83990084731094727,calibration,0
s02,203,0.92753478108151133,calibration,0
s02,204,1.1926651419886711,calibration,0
s02,205,0.58415740831530649,calibration,0
s02,206,0.57074549907719574,calibration,0
s02,207,0.26129891719611908,calibration,0
s02,208,0.44518627577797798,calibration,0
s02,209,0.41339962017258053,calibration,0
s02,210,0.93625090219432594,calibration,0
s02,211,0.92191020537541579,calibration,0
s02,212,0.63898142306227845,calibration,0
s02,213,1.0628853762933059,calibration,0
s02,214,0.76303540242417212,calibration,0
s02,215,0.87525909285574244,calibration,0
s02,216,1.1456264714390398,calibration,0
s02,217,1.3213344699789187,calibration,0
s02,218,1.8720828922796982,calibration,0
s02,219,2.0852528820120035,calibration,0
s02,220,2.2996586053899151,calibration,0
s02,221,2.6074676175288434,calibration,0
s02,222,2.2639966906602838,calibration,0
s02,223,2.2238763182276222,calibration,0
s02,224,2.1714386828123531,calibration,0
s02,225,2.2721516644505284,calibration,0
s02,226,1.8457719913794022,calibration,0
s02,227,1.5443315523573471,calibration,0
s02,228,1.4025790427728202,calibration,0
s02,229,1.0910512086148156,calibration,0
s02,230,1.0971300390933334,calibration,0
s02,231,1.1392131605983025,calibration,0
s02,232,1.3179638197872183,calibration,0
s02,233,1.3995330874826464,calibration,0
s02,234,1.4186527998882812,calibration,0
s02,235,2.243127764836867,calibration,0
s02,236,1.6815586541210596,calibration,0
s02,237,1.0522520440315906,calibration,0
s02,238,1.3847309614835006,calibration,0
s02,239,1.4171357029656833,calibration,0
s02,240,1.6435624370879443,calibration,0
s02,241,1.5963144926029156,calibration,0
s02,242,2.0599132888183815,calibration,0
s02,243,2.1048366089428527,calibration,0
s02,244,2.1916678291268457,calibration,0
s02,245,1.5633584677338219,calibration,0
s02,246,1.6887605391963076,calibration,0
s02,247,1.5112322505485696,calibration,0
s02,248,1.3329833666343793,calibration,0
s02,249,1.5392686752771452,calibration,0
s02,250,1.9076900306926374,calibration,0
s02,251,1.731975754479167,calibration,0
s02,252,1.3246609590924647,calibration,0
s02,253,1.2453004783668886,calibration,0
s02,254,1.5067281142777453,calibration,0
s02,255,1.7697948950204847,calibration,0
s02,256,1.5547513920712464,calibration,0
s02,257,1.8518560731210552,calibration,0
s02,258,1.7459494197515246,calibration,0
s02,259,1.4589657724561902,calibration,0
s02,260,0.75478534395139174,calibration,0
s02,261,0.74522022871018423,calibration,0
s02,262,1.0751148329829676,calibration,0
s02,263,0.42030444082266361,calibration,0
s02,264,0.48103488174847403,calibration,0
s02,265,0.49851790373138816,calibration,0
s02,266,0.47779551686129595,calibration,0
s02,267,1.0561541206533871,calibration,0
s02,268,1.2925796752837964,calibration,0
s02,269,1.1313405011635578,calibration,0
s02,270,1.8416583607721939,calibration,0
s02,271,1.4904684733640812,calibration,0
s02,272,1.8483754712945248,calibration,0
s02,273,1.6784921653154448,calibration,0
s02,274,2.0987629274630835,calibration,0
s02,275,2.5749934012593716,calibration,0
s02,276,2.228405310535138,calibration,0
s02,277,2.1884875054418451,calibration,0
s02,278,2.0202451422391876,calibration,0
s02,279,1.4822410427392287,calibration,0
s02,280,1.2351003396203342,calibration,0
s02,281,1.1499211300753822,calibration,0
s02,282,2.3339753182864946,calibration,0
s02,283,2.2725805538629542,calibration,0
s02,284,1.9965778616719214,calibration,0
s02,285,1.9566076965736505,calibration,0
s02,286,2.381103921708398,calibration,0
s02,287,2.7290581487019323,calibration,0
s02,288,2.7061509239936572,calibration,0
s02,289,2.3253960181467548,calibration,0
s02,290,2.1987188381591958,calibration,0
s02,291,2.0801548145538815,calibration,0
s02,292,2.0863864560153993,calibration,0
s02,293,1.9990766905069142,calibration,0
s02,294,1.8310529568848317,calibration,0
s02,295,1.9312854979320666,calibration,0
s02,296,2.1589558745085475,calibration,0
s02,297,2.1451816843377141,calibration,0
s02,298,2.111381801127711,calibration,0
s02,299,1.5914625373874367,calibration,0
s02,300,1.4686033770893838,calibration,0
s02,301,1.0514962884164774,calibration,0
s02,302,1.0037991838120777,calibration,0
s02,303,1.8566288022180961,calibration,0
s02,304,1.8107939436557454,calibration,0
s02,305,1.5738357921114794,calibration,0
s02,306,1.6483892424557018,calibration,0
s02,307,1.9226133107363963,calibration,0
s02,308,2.0953925395888375,calibration,0
s02,309,2.2054947508645708,calibration,0
s02,310,2.0170656359918566,calibration,0
s02,311,1.7164370976199415,calibration,0
s02,312,1.3874458591929431,calibration,0
s02,313,1.3120405383994969,calibration,0
s02,314,1.4964002669794418,calibration,0
s02,315,1.7733801579453543,calibration,0
s02,316,1.4926978540568878,calibration,0
s02,317,1.6752128811949032,calibration,0
s02,318,1.1025724478139431,calibration,0
s02,319,1.2783412401049328,calibration,0
s02,320,1.3887689349851478,calibration,0
s02,321,1.6440152133319683,calibration,0
s02,322,2.0991010573117501,calibration,0
s02,323,1.5314885639241533,calibration,0
s02,324,1.4427814857800598,calibration,0
s02,325,1.3476049186319399,calibration,0
s02,326,1.4799601649614851,calibration,0
s02,327,1.2360476759959287,calibration,0
s02,328,1.4748826212695316,calibration,0
s02,329,1.6014556651019847,calibration,0
s02,330,1.729793344784373,calibration,0
s02,331,1.2710438129901711,calibration,0
s02,332,0.74546004627117801,calibration,0
s02,333,0.96022513753789018,calibration,0
s02,334,0.88042234874753511,calibration,0
s02,335,0.88922282298143718,calibration,0
s02,336,1.024140377238461,calibration,0
s02,337,1.1192060426915225,calibration,0
s02,338,1.1849665099972653,calibration,0
s02,339,1.9381154989633824,calibration,0
s02,340,1.6380623645573578,calibration,0
s02,341,1.6831839285014942,calibration,0
s02,342,1.7328322673080934,calibration,0
s02,343,1.9632431222769853,calibration,0
s02,344,1.699556407133537,calibration,0
s02,345,1.2623732993672712,calibration,0
s02,346,1.8401541586268444,calibration,0
s02,347,1.781991868456396,calibration,0
s02,348,1.3212291357685244,calibration,0
s02,349,1.4883405169095723,calibration,0
s02,350,1.0888224420978432,test,0
s02,351,0.83510539422938868,test,0
s02,352,1.0514320248838027,test,0
s02,353,1.1623781342105757,test,0
s02,354,1.1702108353694876,test,0
s02,355,1.7059176261550235,test,0
s02,356,1.5232138285441756,test,0
s02,357,1.071950004273343,test,0
s02,358,1.527762600167099,test,0
s02,359,1.5228116087760761,test,0
s02,360,1.4435581672993008,test,0
s02,361,1.0459553946291065,test,0
s02,362,0.94483172357198408,test,0
s02,363,1.5203331353122627,test,0
s02,364,1.7004711328613424,test,0
s02,365,1.4688227517276535,test,0
s02,366,2.0027723998649258,test,0
s02,367,2.4616579828174667,test,0
s02,368,2.3705092722112644,test,0
s02,369,2.0630264877635809,test,0
s02,370,1.6355467247799695,test,0
s02,371,1.4031176852216651,test,0
s02,372,1.2479877004051803,test,0
s02,373,0.98246757762071768,test,0
s02,374,1.0478516023300202,test,0
s02,375,1.1510848837170429,test,1
s02,376,1.7602588071156318,test,1
s02,377,1.803720309400098,test,1
s02,378,1.913638882846544,test,1
s02,379,1.6062073773653702,test,1
s02,380,1.2762642258540922,test,1
s02,381,0.5729916027312838,test,1
s02,382,0.95319075494244254,test,1
s02,383,1.157229714881246,test,1
s02,384,1.1653391160965507,test,1
s02,385,1.3730053012807613,test,1
s02,386,1.44487736633506,test,1
s02,387,1.74593829637235,test,1
s02,388,2.4110834387271938,test,1
s02,389,2.4897295264708301,test,1
s02,390,2.7831080591966861,test,1
s02,391,2.6895925990402274,test,1
s02,392,2.8596177857132243,test,1
s02,393,3.4168168674130976,test,1
s02,394,2.9133541510648193,test,1
s02,395,3.3286192952673108,test,1
s02,396,3.3666190021378584,test,1
s02,397,2.9746664997010668,test,1
s02,398,2.9096643326820053,test,1
s02,399,2.9647190035454867,test,1
s02,400,2.8720640077729351,test,1
s02,401,2.4599480441948685,test,1
s02,402,2.3194940327142555,test,1
s02,403,2.1740875433731133,test,1
s02,404,2.6210607376114368,test,1
s02,405,2.3359217724154204,test,1
s02,406,3.0860893056406198,test,1
s02,407,2.9689520187135465,test,1
s02,408,3.5250246005627695,test,1
s02,409,3.1803420727535459,test,1
s02,410,3.2937553310032919,test,1
s02,411,3.3819839009189998,test,1
s02,412,2.9333072407416578,test,1
s02,413,2.6742677967752408,test,1
s02,414,2.501621857287323,test,1
s02,415,2.7251387767732562,test,1
s02,416,2.7263675370259479,test,1
s02,417,2.899595992616117,test,1
s02,418,2.9419857601237509,test,1
s02,419,2.7693074035974168,test,1
s02,420,3.1862466818309358,test,1
s02,421,3.2178724032577772,test,1
s02,422,3.1735170111106661,test,1
s02,423,2.9649395399780736,test,1
s02,424,3.067939697097561,test,1
s02,425,2.7532789676605596,test,1
s02,426,2.8742464605047777,test,1
s02,427,2.5888981491231338,test,1
s02,428,2.8411590477953212,test,1
s02,429,2.0305886002494224,test,1
s02,430,2.2382550672185162,test,1
s02,431,2.6890366281325084,test,1
s02,432,2.8919698598737651,test,1
s02,433,2.5950478680491056,test,1
s02,434,2.3453734292525321,test,1
s02,435,2.8769473638592067,test,1
s02,436,3.1326350563412251,test,1
s02,437,3.1203554323826683,test,1
s02,438,3.2403306733860049,test,1
s02,439,3.6887530097425056,test,1
s02,440,4.0530430329539087,test,1
s02,441,4.411869965569708,test,1
s02,442,3.9377258823426753,test,1
s02,443,3.9871745687578568,test,1
s02,444,4.0635972570345693,test,1
s02,445,3.6029411288835549,test,1
s02,446,3.6381590705999169,test,1
s02,447,4.1148896385079423,test,1
s02,448,3.8913827720987033,test,1
s02,449,4.2716762160934794,test,1
s02,450,3.9105360516852103,test,1
s02,451,4.1184132323394591,test,1
s02,452,4.5517139012244643,test,1
s02,453,4.4256173717034741,test,1
s02,454,4.9787828976630788,test,1
s02,455,4.517472202148558,test,1
s02,456,4.6680827177546735,test,1
s02,457,5.1885346756134654,test,1
s02,458,4.9966126276687426,test,1
s02,459,4.5952454242069001,test,1
s02,460,4.6096144430612735,test,1
s02,461,4.1848084320475838,test,1
s02,462,4.2955481265236752,test,1
s02,463,4.6482257408156453,test,1
s02,464,4.7458431551358498,test,1
s02,465,4.753422897867349,test,1
s02,466,4.6491746266804865,test,1
s02,467,4.0330879163303139,test,1
s02,468,3.9700554678961497,test,1
s02,469,4.3534173920969721,test,1
s02,470,4.5387153600145203,test,1
s02,471,4.1923847342210605,test,1
s02,472,4.4301071005331965,test,1
s02,473,4.5289452294090573,test,1
s02,474,4.5508800173603747,test,1
s02,475,4.1813689991097123,test,1
s02,476,4.1729755090969443,test,1
s02,477,4.3678409091534016,test,1
s02,478,4.6023066520801699,test,1
s02,479,4.4691475314280451,test,1
s02,480,4.7927728813196389,test,1
s02,481,4.4925284432444315,test,1
s02,482,4.6806566754875822,test,1
s02,483,4.7773756238350122,test,1
s02,484,5.1819346009984155,test,1
s02,485,6.0556530064958922,test,1
s02,486,5.988635908009039,test,1
s02,487,5.9456083779885525,test,1
s02,488,5.3445362691923082,test,1
s02,489,5.099111182076479,test,1
s02,490,5.0415823585783972,test,1
s02,491,5.0215682799049111,test,1
s02,492,5.4178525597245315,test,1
s02,493,5.5325045280250436,test,1
s02,494,5.4864660743745803,test,1
s02,495,5.3625846842834051,test,1
s02,496,5.0125179172287933,test,1
s02,497,4.7544384904136745,test,1
s02,498,5.0272142013370793,test,1
s02,499,5.3298432095065289,test,1
s02,500,5.3266796117947628,test,1
s02,501,5.5052526416506513,test,1
s02,502,5.6102196480011335,test,1
s02,503,5.943792241401801,test,1
s02,504,6.1603893297790204,test,1
s02,505,6.2125795366521634,test,1
s02,506,6.1936215268437742,test,1
s02,507,6.341291470376488,test,1
s02,508,6.6161222298514462,test,1
s02,509,6.2343485103666456,test,1
s02,510,6.2431062608072958,test,1
s02,511,5.9795186973497572,test,1
s02,512,5.7726805658745795,test,1
s02,513,5.6332658611419442,test,1
s02,514,5.3662172528371768,test,1
s02,515,6.1331776522776034,test,1
s02,516,6.5819659188155786,test,1
s02,517,6.4178443302638888,test,1
s02,518,6.5115287432481459,test,1
s02,519,6.3810282724557936,test,1
s02,520,6.5152708332085734,test,1
s02,521,6.5398719047593126,test,1
s02,522,6.7388743746929674,test,1
s02,523,6.6957797865598927,test,1
s02,524,6.7466383102865883,test,1
s02,525,6.6549144334215855,test,1
s02,526,6.7361763093149705,test,1
s02,527,6.8007253576071758,test,1
s02,528,6.6069833318908824,test,1
s02,529,7.1074089617930056,test,1
s02,530,7.1231747670690915,test,1
s02,531,7.2440523662725047,test,1
s02,532,7.2065022094210898,test,1
s02,533,7.1994685273619865,test,1
s02,534,6.7516050187579451,test,1
s02,535,7.0208230451733851,test,1
s02,536,7.0638322857306912,test,1
s02,537,7.5746277503882391,test,1
s02,538,7.5505583587969705,test,1
s02,539,7.4695745494645935,test,1
s02,540,8.0187918264390348,test,1
s02,541,8.4070245395011689,test,1
s02,542,8.105894910807006,test,1
s02,543,7.8208210026717708,test,1
s02,544,7.8159072609333213,test,1
s02,545,7.3597715139838575,test,1
s02,546,7.4335411217134535,test,1
s02,547,7.3985186873641124,test,1
s02,548,7.2529456546826232,test,1
s02,549,6.6910572339575465,test,1
s02,550,6.8985562847802431,test,1
s02,551,6.8627238747245967,test,1
s02,552,6.779994889788008,test,1
s02,553,6.7590290308391419,test,1
s02,554,6.8893058024966374,test,1
s02,555,6.8016261415922727,test,1
s02,556,7.0614041005552437,test,1
s02,557,6.9083574907977532,test,1
s02,558,7.277090916971698,test,1
s02,559,7.6332560591151069,test,1
s02,560,7.6594819151685565,test,1
s02,561,7.7785054915937444,test,1
s02,562,8.3939803288621935,test,1
s02,563,8.1653154318364329,test,1
s02,564,8.359556884671667,test,1
s02,565,8.5261982654180795,test,1
s02,566,8.1912313390591986,test,1
s02,567,7.3852019563909579,test,1
s02,568,7.0601983747736643,test,1
s02,569,7.2465543096884462,test,1
s02,570,7.54344589782154,test,1
s02,571,7.7569288123285398,test,1
s02,572,8.317188686004517,test,1
s02,573,8.9459558319325296,test,1
s02,574,8.535385220589454,test,1
s02,575,8.9014824992995276,test,1
s02,576,8.6832690862517268,test,1
s02,577,8.2824673030726661,test,1
s02,578,8.3743077475915566,test,1
s02,579,8.7523224060590827,test,1
s02,580,8.7227417168617141,test,1
s02,581,8.8610859440185745,test,1
s02,582,8.4947949764653465,test,1
s02,583,8.7390057052582009,test,1
s02,584,8.7683621637607896,test,1
s02,585,8.754415540577682,test,1
s02,586,8.800882968939149,test,1
s02,587,8.6248606412600619,test,1
s02,588,8.3244008749549465,test,1
s02,589,8.7278858880359884,test,1
s02,590,8.6416072169659319,test,1
s02,591,8.9398899503493983,test,1
s02,592,9.1955116555005532,test,1
s02,593,9.077480672986967,test,1
s02,594,9.242597188355095,test,1
s02,595,9.6077351357723604,test,1
s02,596,9.2763868796427751,test,1
s02,597,8.718894898518359,test,1
s02,598,8.6507931370975424,test,1
s02,599,8.3937872450114472,test,1
s03,0,-0.030295096057498028,train,0
s03,1,0.59482417654265607,train,0
s03,2,0.77036494997355753,train,0
s03,3,1.2405207071188824,train,0
s03,4,1.5848482933973336,train,0
s03,5,1.6871217468566511,train,0
s03,6,1.7963513700312839,train,0
s03,7,2.0446989854692883,train,0
s03,8,1.3624308582165563,train,0
s03,9,1.005947157516927,train,0
s03,10,1.7025316940918207,train,0
s03,11,2.188874275613462,train,0
s03,12,1.9497451080970798,train,0
s03,13,2.3439421811944006,train,0
s03,14,2.3185644612858916,train,0
s03,15,2.5413352460174985,train,0
s03,16,2.8030327192202016,train,0
s03,17,3.1400883995527598,train,0
s03,18,3.2746557918794732,train,0
s03,19,2.6917582871063299,train,0
s03,20,2.6391069150223125,train,0
s03,21,2.5577180781495503,train,0
s03,22,2.8520853800357409,train,0
s03,23,2.6428893966305407,train,0
s03,24,2.1023026104055007,train,0
s03,25,1.5746349069002528,train,0
s03,26,1.5649218762417829,train,0
s03,27,1.5507574841503802,train,0
s03,28,1.5860846859846807,train,0
s03,29,1.5484600288507342,train,0
s03,30,1.422772575347119,train,0
s03,31,1.1591625235222887,train,0
s03,32,1.3049263587584685,train,0
s03,33,1.2328471988195899,train,0
s03,34,1.0123618787092563,train,0
s03,35,1.6063852488991885,train,0
s03,36,1.5711188375638165,train,0
s03,37,1.3844955280977955,train,0
s03,38,1.4068057495728319,train,0
s03,39,1.8467319697857507,train,0
s03,40,1.3577386603061063,train,0
s03,41,1.3764308732790798,train,0
s03,42,1.1599506993336601,train,0
s03,43,1.4423907034467098,train,0
s03,44,1.7445906616818752,train,0
s03,45,2.0395354786983266,train,0
s03,46,1.846649876669157,train,0
s03,47,1.8282115119261981,train,0
s03,48,1.6546290364926173,train,0
s03,49,1.707281380063868,train,0
s03,50,1.9933726617420744,train,0
s03,51,1.7779279174597145,train,0
s03,52,1.4865014446928484,train,0
s03,53,1.3698364789124611,train,0
s03,54,0.65430034338461929,train,0
s03,55,0.78143479020979378,train,0
s03,56,0.72034691285621522,train,0
s03,57,0.87460316716237529,train,0
s03,58,1.3012815155198769,train,0
s03,59,1.3572852208673056,train,0
s03,60,1.8835010462580069,train,0
s03,61,1.5181497076437589,train,0
s03,62,1.6465071154112765,train,0
s03,63,1.7637233488661055,train,0
s03,64,1.5769679216555543,train,0
s03,65,1.3736246639712593,train,0
s03,66,1.6502434418081595,train,0
s03,67,1.505980002931832,train,0
s03,68,1.4261506541912929,train,0
s03,69,1.0923163985144888,train,0
s03,70,0.72207220682633588,train,0
s03,71,0.99898355533303873,train,0
s03,72,1.5205629728801084,train,0
s03,73,1.6704417600544588,train,0
s03,74,1.6249533749779843,train,0
s03,75,1.0670879412630163,train,0
s03,76,0.33629012303856265,train,0
s03,77,1.0305881564260606,train,0
s03,78,1.3384833269300891,train,0
s03,79,1.610534034137874,train,0
s03,80,1.4137220717566543,train,0
s03,81,1.4524330359874313,train,0
s03,82,1.4727413716477167,train,0
s03,83,1.3666764509061142,train,0
s03,84,1.2894891410050637,train,0
s03,85,1.245970867448678,train,0
s03,86,0.50585091555315964,train,0
s03,87,0.58755797437890256,train,0
s03,88,1.1046657133539348,train,0
s03,89,1.4582470087667176,train,0
s03,90,1.708332831921797,train,0
s03,91,1.3377930239211582,train,0
s03,92,1.748266024436363,train,0
s03,93,1.9022966435963904,train,0
s03,94,1.7357583465413984,train,0
s03,95,1.4869981667716763,train,0
s03,96,0.8742246428304441,train,0
s03,97,1.2955196743441697,train,0
s03,98,1.3354464408507702,train,0
s03,99,1.42294910091763,train,0
s03,100,1.3296163658366953,train,0
s03,101,2.085298068167309,train,0
s03,102,2.2263007237427317,train,0
s03,103,2.2146631887902823,train,0
s03,104,2.4661239440993787,train,0
s03,105,2.3389689169174837,train,0
s03,106,2.0683322167596958,train,0
s03,107,2.1826763538682252,train,0
s03,108,1.9118394423760694,train,0
s03,109,1.7655948108727864,train,0
s03,110,1.8436441842393381,train,0
s03,111,1.9290000553872169,train,0
s03,112,1.9386179451938241,train,0
s03,113,1.2382309287849205,train,0
s03,114,1.3942154969927065,train,0
s03,115,1.8716699633931135,train,0
s03,116,1.4465394534211449,train,0
s03,117,1.2426583423594966,train,0
s03,118,1.7623567827917914,train,0
s03,119,1.8952796548626658,train,0
s03,120,1.7012452426350757,train,0
s03,121,1.6136313172602861,train,0
s03,122,1.5794124824697056,train,0
s03,123,1.9045099382289041,train,0
s03,124,1.708995336901882,train,0
s03,125,1.790972791776303,train,0
s03,126,1.7753779969636063,train,0
s03,127,1.7217506825236042,train,0
s03,128,1.2130918060251639,train,0
s03,129,1.1540652255480388,train,0
s03,130,1.2282068731439344,train,0
s03,131,1.1645156731031241,train,0
s03,132,1.223279362251483,train,0
s03,133,1.3541318407702312,train,0
s03,134,1.3555360575313664,train,0
s03,135,1.2625158438471311,train,0
s03,136,1.368030264993352,train,0
s03,137,1.7514703619904022,train,0
s03,138,1.4131112056358375,train,0
s03,139,1.2144209005329114,train,0
s03,140,1.1484403589825833,train,0
s03,141,1.8577953748764937,train,0
s03,142,2.3690248129587408,train,0
s03,143,1.6552721254352996,train,0
s03,144,2.1995909789490105,train,0
s03,145,2.5654309010337797,train,0
s03,146,2.4587098031355974,train,0
s03,147,1.9360099236851069,train,0
s03,148,1.682855657822443,train,0
s03,149,1.5849962327517881,train,0
s03,150,1.3866638078211104,train,0
s03,151,1.395572852001989,train,0
s03,152,1.656635679692225,train,0
s03,153,2.2631560431490287,train,0
s03,154,1.6053566962358696,train,0
s03,155,1.0563897970260798,train,0
s03,156,1.7556475533897196,train,0
s03,157,1.9037418745733334,train,0
s03,158,2.0087464611906025,train,0
s03,159,2.2125264140164727,train,0
s03,160,2.2998524951195356,train,0
s03,161,2.6961013164523653,train,0
s03,162,2.8515126319664605,train,0
s03,163,3.3726959805555898,train,0
s03,164,3.0608498263499393,train,0
s03,165,3.1460912310687918,train,0
s03,166,2.9722309199780441,train,0
s03,167,2.4898899859763737,train,0
s03,168,2.3762368015979964,train,0
s03,169,2.0292018060574804,train,0
s03,170,1.8120225077553003,train,0
s03,171,1.3042776471768569,train,0
s03,172,1.5540072616524423,train,0
s03,173,1.7222537980156045,train,0
s03,174,1.8562013621917253,train,0
s03,175,1.843064691753489,train,0
s03,176,1.6906189403263125,train,0
s03,177,1.8789544931220876,train,0
s03,178,1.7932545168870917,train,0
s03,179,1.9029170206190456,train,0
s03,180,1.9923526085527998,train,0
s03,181,1.8493305822505923,train,0
s03,182,1.438073323281966,train,0
s03,183,1.7351928930198011,train,0
s03,184,1.8779532752358188,train,0
s03,185,1.7383566976851528,train,0
s03,186,1.6660927749081054,train,0
s03,187,1.8157862756983234,train,0
s03,188,1.441789181723619,train,0
s03,189,1.51835484905424,train,0
s03,190,2.065215835019754,train,0
s03,191,2.5399836078484035,train,0
s03,192,2.6768364492453411,train,0
s03,193,2.7159053835647624,train,0
s03,194,2.3557244738093592,train,0
s03,195,1.9181267428003652,train,0
s03,196,2.0754503083470466,train,0
s03,197,2.0459440383945493,train,0
s03,198,1.6947870937592981,train,0
s03,199,1.8959945152101352,train,0
s03,200,1.9581203131506117,calibration,0
s03,201,1.6178942214283705,calibration,0
s03,202,1.5102277918088882,calibration,0
s03,203,1.7617785539784032,calibration,0
s03,204,1.8624021148073557,calibration,0
s03,205,1.1801333216244805,calibration,0
s03,206,1.3581930959431778,calibration,0
s03,207,1.5950397840098061,calibration,0
s03,208,1.4493024939305483,calibration,0
s03,209,1.5397431847625545,calibration,0
s03,210,1.0857790145011215,calibration,0
s03,211,0.88213256173889898,calibration,0
s03,212,0.98669974856102938,calibration,0
s03,213,0.83711803549463326,calibration,0
s03,214,1.3904890878205718,calibration,0
s03,215,1.9500762783529864,calibration,0
s03,216,2.2853238944996108,calibration,0
s03,217,2.9324438312475971,calibration,0
s03,218,2.5991132102394308,calibration,0
s03,219,2.3696112482450395,calibration,0
s03,220,2.4735101926073639,calibration,0
s03,221,2.0036469523062665,calibration,0
s03,222,1.9700724267243803,calibration,0
s03,223,2.0514751331298191,calibration,0
s03,224,1.5699132702633789,calibration,0
s03,225,1.5999657023995821,calibration,0
s03,226,1.7002218037348917,calibration,0
s03,227,1.9162809003706605,calibration,0
s03,228,1.9879319834417104,calibration,0
s03,229,1.4128407348557992,calibration,0
s03,230,1.066033192038738,calibration,0
s03,231,1.2297845915028587,calibration,0
s03,232,1.363803499141802,calibration,0
s03,233,1.6076195224778986,calibration,0
s03,234,1.7444696400847006,calibration,0
s03,235,1.6686264860005733,calibration,0
s03,236,2.2065658464730453,calibration,0
s03,237,1.8910137399278877,calibration,0
s03,238,2.051857312634302,calibration,0
s03,239,2.3395367939599523,calibration,0
s03,240,2.3320891322786572,calibration,0
s03,241,2.7588450251013974,calibration,0
s03,242,2.5805143545647367,calibration,0
s03,243,2.2719126021029981,calibration,0
s03,244,2.1965471703472566,calibration,0
s03,245,1.6582904117065567,calibration,0
s03,246,1.5741519189483426,calibration,0
s03,247,1.6722028771969277,calibration,0
s03,248,1.5362864324270282,calibration,0
s03,249,1.8409967065855117,calibration,0
s03,250,2.1177635817150735,calibration,0
s03,251,2.2283621430530935,calibration,0
s03,252,2.1588667013525469,calibration,0
s03,253,1.9119344924578894,calibration,0
s03,254,1.9935278791887687,calibration,0
s03,255,1.8161240137326082,calibration,0
s03,256,1.4037269047834622,calibration,0
s03,257,1.2122881429780072,calibration,0
s03,258,1.5339439568936521,calibration,0
s03,259,1.5547553630622408,calibration,0
s03,260,1.8705062587691519,calibration,0
s03,261,1.6275015841510245,calibration,0
s03,262,1.6814381917538366,calibration,0
s03,263,1.6681973300326112,calibration,0
s03,264,1.8033396550849448,calibration,0
s03,265,1.7594431759797466,calibration,0
s03,266,2.0635988750104972,calibration,0
s03,267,1.6130771034491109,calibration,0
s03,268,1.0585590720648623,calibration,0
s03,269,1.1141000984851679,calibration,0
s03,270,1.1082888411604799,calibration,0
s03,271,1.3403864896485689,calibration,0
s03,272,1.4598023297371197,calibration,0
s03,273,1.7262238025949621,calibration,0
s03,274,1.3696753265807591,calibration,0
s03,275,1.4123779473136444,calibration,0
s03,276,1.8080835649010867,calibration,0
s03,277,1.8023074084040869,calibration,0
s03,278,2.1163637926796444,calibration,0
s03,279,1.9437175112904375,calibration,0
s03,280,1.9618012373110467,calibration,0
s03,281,1.5062786254457641,calibration,0
s03,282,2.0432887302910832,calibration,0
s03,283,1.975863494408717,calibration,0
s03,284,1.5274636784300717,calibration,0
s03,285,1.686136174884679,calibration,0
s03,286,2.2625412205444433,calibration,0
s03,287,1.8852480133294593,calibration,0
s03,288,1.5505929544142802,calibration,0
s03,289,1.8914124276460664,calibration,0
s03,290,1.1779176325471281,calibration,0
s03,291,0.93051328800406774,calibration,0
s03,292,1.361143377346349,calibration,0
s03,293,1.8903893436217389,calibration,0
s03,294,1.9855571123783406,calibration,0
s03,295,1.7929271295553448,calibration,0
s03,296,1.9169791312963902,calibration,0
s03,297,1.924640007397294,calibration,0
s03,298,1.7240591107503438,calibration,0
s03,299,1.6041768718234042,calibration,0
s03,300,1.3182512012258791,calibration,0
s03,301,1.509714281614144,calibration,0
s03,302,1.7927245921245385,calibration,0
s03,303,1.8911507855960366,calibration,0
s03,304,1.5491563059346531,calibration,0
s03,305,2.074084270356618,calibration,0
s03,306,1.6277115684536541,calibration,0
s03,307,1.6609648309068066,calibration,0
s03,308,1.585520005340936,calibration,0
s03,309,2.1844291539477236,calibration,0
s03,310,2.0250545399719129,calibration,0
s03,311,1.8263963719688803,calibration,0
s03,312,2.3306868054799308,calibration,0
s03,313,2.0700051165204392,calibration,0
s03,314,2.1450750311894495,calibration,0
s03,315,1.4192653104891302,calibration,0
s03,316,1.9878663291291123,calibration,0
s03,317,1.8414315131421841,calibration,0
s03,318,1.8828899352100203,calibration,0
s03,319,2.0993421819140101,calibration,0
s03,320,1.8133037631577187,calibration,0
s03,321,1.3728294307976832,calibration,0
s03,322,1.354049706099189,calibration,0
s03,323,1.6719837566298708,calibration,0
s03,324,1.514725211679989,calibration,0
s03,325,1.7863505970028055,calibration,0
s03,326,1.595229288640764,calibration,0
s03,327,1.3174142454806412,calibration,0
s03,328,1.2643254238135868,calibration,0
s03,329,1.1245696143182322,calibration,0
s03,330,1.2777480825623373,calibration,0
s03,331,1.2042901991349793,calibration,0
s03,332,1.6167580801304575,calibration,0
s03,333,1.822830144192167,calibration,0
s03,334,1.8397293856423691,calibration,0
s03,335,1.6557799566071725,calibration,0
s03,336,1.536056704644611,calibration,0
s03,337,1.7065794980708346,calibration,0
s03,338,1.6177605562711777,calibration,0
s03,339,1.4581316107947497,calibration,0
s03,340,1.1955823012293083,calibration,0
s03,341,1.2642822742002202,calibration,0
s03,342,1.342429871634566,calibration,0
s03,343,1.5445708985470632,calibration,0
s03,344,1.5487312316254636,calibration,0
s03,345,1.8752468454499225,calibration,0
s03,346,1.8915130625159475,calibration,0
s03,347,2.0127454968600471,calibration,0
s03,348,1.7510909822850189,calibration,0
s03,349,1.6909806703425223,calibration,0
s03,350,1.3363533683628033,test,0
s03,351,1.5066094080982473,test,0
s03,352,1.2479795231196911,test,0
s03,353,1.2249289777577705,test,0
s03,354,1.2758280180181969,test,0
s03,355,1.2163624483132414,test,0
s03,356,1.0254321482485171,test,0
s03,357,1.2817847463367338,test,0
s03,358,1.4155564376736809,test,0
s03,359,1.7797776782148971,test,0
s03,360,2.0171983824309585,test,0
s03,361,1.8308410073193153,test,0
s03,362,1.7527436994521988,test,0
s03,363,1.4658319018326851,test,0
s03,364,1.1285903562539787,test,0
s03,365,0.95664174604023144,test,0
s03,366,1.0898178599908139,test,0
s03,367,1.1718753946326468,test,0
s03,368,1.8323143856871853,test,0
s03,369,1.7504119392052879,test,0
s03,370,2.2816270604494662,test,0
s03,371,2.2991473404964848,test,0
s03,372,2.0831388980853318,test,0
s03,373,1.9987955447363108,test,0
s03,374,2.096325246792285,test,0
s03,375,1.8234786765237647,test,1
s03,376,1.8449181162087018,test,1
s03,377,1.6834114157174784,test,1
s03,378,1.9266228251816289,test,1
s03,379,1.9935797024973672,test,1
s03,380,1.7297339842889765,test,1
s03,381,1.8118432531000148,test,1
s03,382,2.1026739808436248,test,1
s03,383,1.5422060587529243,test,1
s03,384,1.6122456777584675,test,1
s03,385,1.7122476715989392,test,1
s03,386,1.4940874681181198,test,1
s03,387,1.3677769719500115,test,1
s03,388,1.7607417469320108,test,1
s03,389,1.7498140472660941,test,1
s03,390,2.2315312350385206,test,1
s03,391,2.5204062883935165,test,1
s03,392,2.2101844764401837,test,1
s03,393,3.1077421582360074,test,1
s03,394,3.0527345243763788,test,1
s03,395,2.5904625400575925,test,1
s03,396,2.737596561938612,test,1
s03,397,2.1628151774777518,test,1
s03,398,2.0245890459220641,test,1
s03,399,1.8214823331688101,test,1
s03,400,1.7380630013694363,test,1
s03,401,1.7128875655739275,test,1
s03,402,1.6999199345219367,test,1
s03,403,1.3180578256535689,test,1
s03,404,1.150209314090497,test,1
s03,405,1.5250030653685973,test,1
s03,406,1.016840541069608,test,1
s03,407,0.79156643961498019,test,1
s03,408,0.49305443945584909,test,1
s03,409,0.23779156966667631,test,1
s03,410,0.42295237700600552,test,1
s03,411,0.049410679017673986,test,1
s03,412,0.57831120838792049,test,1
s03,413,0.33180393044943557,test,1
s03,414,0.52786231543873308,test,1
s03,415,0.16916157885474942,test,1
s03,416,-0.046904718800513251,test,1
s03,417,0.20782136426882489,test,1
s03,418,-0.098634607173060718,test,1
s03,419,-0.20488705347569625,test,1
s03,420,-0.034274121162091276,test,1
s03,421,-0.28323776676839491,test,1
s03,422,-0.15667950103598055,test,1
s03,423,-0.1024879944240788,test,1
s03,424,-0.23043143484988204,test,1
s03,425,-0.22853585307019819,test,1
s03,426,0.14413620443774705,test,1
s03,427,-0.1856375315793265,test,1
s03,428,-0.74262475019430196,test,1
s03,429,-0.61156344989358813,test,1
s03,430,0.16050473670498411,test,1
s03,431,-0.48684526919574295,test,1
s03,432,0.11438678704934913,test,1
s03,433,-0.1621682445743716,test,1
s03,434,-0.66962622841487707,test,1
s03,435,-0.4243039160995507,test,1
s03,436,0.037519947091095796,test,1
s03,437,-0.041714527198715649,test,1
s03,438,-0.076038746026242471,test,1
s03,439,-0.013120158790374425,test,1
s03,440,-0.17325795770669392,test,1
s03,441,0.63455764185881691,test,1
s03,442,0.73944809456110927,test,1
s03,443,0.35479854765965679,test,1
s03,444,-0.1476680881925706,test,1
s03,445,-0.81341524900449436,test,1
s03,446,-1.0946645124638279,test,1
s03,447,-0.95952858703821509,test,1
s03,448,-0.40264763570074014,test,1
s03,449,-0.55139195651173278,test,1
s03,450,-0.42869508891580943,test,1
s03,451,-0.15140020266921411,test,1
s03,452,-0.18518047739203833,test,1
s03,453,0.53656789493308665,test,1
s03,454,-0.18045043081721035,test,1
s03,455,-0.71014245278969557,test,1
s03,456,0.011379844527046101,test,1
s03,457,-0.25022923309906681,test,1
s03,458,-0.45221542936505932,test,1
s03,459,-1.1074063685691655,test,1
s03,460,-2.0366723599395526,test,1
s03,461,-2.2561873522565636,test,1
s03,462,-1.6741243377921911,test,1
s03,463,-1.3768051440922773,test,1
s03,464,-1.1570599873067942,test,1
s03,465,-1.4678915729079907,test,1
s03,466,-1.9180993414010021,test,1
s03,467,-1.8683695913384515,test,1
s03,468,-1.7564395487458146,test,1
s03,469,-1.6461369934480539,test,1
s03,470,-1.7454861276940774,test,1
s03,471,-1.7752375320918308,test,1
s03,472,-1.7188077244854227,test,1
s03,473,-1.7055743286844198,test,1
s03,474,-1.2212611939430884,test,1
s03,475,-1.6080800669770221,test,1
s03,476,-2.0531660973852541,test,1
s03,477,-2.451105782183999,test,1
s03,478,-2.5425257916597981,test,1
s03,479,-2.5932800358532622,test,1
s03,480,-2.7223399692995676,test,1
s03,481,-2.6022704095734084,test,1
s03,482,-2.0218454067102161,test,1
s03,483,-1.9278290349266212,test,1
s03,484,-1.9569024795597054,test,1
s03,485,-1.8465708567889694,test,1
s03,486,-1.5467188610133373,test,1
s03,487,-2.3258524683297801,test,1
s03,488,-2.1176255619554105,test,1
s03,489,-2.3208049546512313,test,1
s03,490,-2.3189511049445861,test,1
s03,491,-2.0660160189795591,test,1
s03,492,-2.3203979713404643,test,1
s03,493,-1.5873175193002096,test,1
s03,494,-1.279305530817104,test,1
s03,495,-1.041140700141534,test,1
s03,496,-1.418739244071719,test,1
s03,497,-1.9049334685316917,test,1
s03,498,-2.35873039722828,test,1
s03,499,-2.3331840453805386,test,1
s03,500,-3.0094146676857227,test,1
s03,501,-3.128414120353566,test,1
s03,502,-3.4146185341790871,test,1
s03,503,-3.1082774304776666,test,1
s03,504,-3.1767669505360625,test,1
s03,505,-2.6545399662754932,test,1
s03,506,-3.2165372009197797,test,1
s03,507,-3.0170243128537022,test,1
s03,508,-3.243523670345327,test,1
s03,509,-3.4431761494936155,test,1
s03,510,-3.2605989990859952,test,1
s03,511,-3.384678268904131,test,1
s03,512,-3.4241028597120469,test,1
s03,513,-3.4536370500044598,test,1
s03,514,-3.5623666375686134,test,1
s03,515,-3.4765330304390205,test,1
s03,516,-2.907582141095312,test,1
s03,517,-3.2771220392110161,test,1
s03,518,-3.5511461064718004,test,1
s03,519,-3.8841919213542395,test,1
s03,520,-3.7539497800242612,test,1
s03,521,-3.3729651780797081,test,1
s03,522,-3.7702061663796189,test,1
s03,523,-3.7405646430325183,test,1
s03,524,-3.0279239211600366,test,1
s03,525,-3.0027425228209421,test,1
s03,526,-3.4486065973756879,test,1
s03,527,-3.445502530817838,test,1
s03,528,-3.4419192951736139,test,1
s03,529,-3.7218277402318112,test,1
s03,530,-3.0049750224390195,test,1
s03,531,-3.1081114279973518,test,1
s03,532,-2.9795028236487489,test,1
s03,533,-3.3017612627112807,test,1
s03,534,-3.3585513806394616,test,1
s03,535,-2.9411342778528091,test,1
s03,536,-3.2146162050121165,test,1
s03,537,-3.3316572425985824,test,1
s03,538,-3.6470624832841896,test,1
s03,539,-3.5568211364166156,test,1
s03,540,-3.9264155454702196,test,1
s03,541,-3.9144599645419071,test,1
s03,542,-3.8631952952034196,test,1
s03,543,-3.8429204783124251,test,1
s03,544,-3.9793599672636444,test,1
s03,545,-4.2897904946235039,test,1
s03,546,-4.587685654520623,test,1
s03,547,-4.3732224380729621,test,1
s03,548,-3.7276744522069292,test,1
s03,549,-3.8658216468285431,test,1
s03,550,-3.5730628120762598,test,1
s03,551,-3.8183972298688493,test,1
s03,552,-3.5761307474903941,test,1
s03,553,-3.5812454437977514,test,1
s03,554,-3.2765018409800426,test,1
s03,555,-3.2450946782528587,test,1
s03,556,-3.1228080176355832,test,1
s03,557,-3.1198937793674388,test,1
s03,558,-3.1856384555502157,test,1
s03,559,-3.2582592348221637,test,1
s03,560,-3.1118250769359115,test,1
s03,561,-2.8773997164187959,test,1
s03,562,-3.6749178087886527,test,1
s03,563,-4.4139194653974485,test,1
s03,564,-4.6689862720139441,test,1
s03,565,-4.3010479747228878,test,1
s03,566,-4.5477428121813057,test,1
s03,567,-4.0600740633332206,test,1
s03,568,-3.725142409067653,test,1
s03,569,-3.7031969957429842,test,1
s03,570,-4.5439563986749887,test,1
s03,571,-4.6870242453463664,test,1
s03,572,-4.4559961809155491,test,1
s03,573,-4.4015218084832419,test,1
s03,574,-4.469498720786631,test,1
s03,575,-4.3346722492801062,test,1
s03,576,-4.7979510799520897,test,1
s03,577,-5.2936899060373532,test,1
s03,578,-5.3031748583760248,test,1
s03,579,-4.9225436584645568,test,1
s03,580,-5.2145565609939153,test,1
s03,581,-5.4670952905544183,test,1
s03,582,-5.2194615159589546,test,1
s03,583,-4.6177594184752513,test,1
s03,584,-4.6433782400218639,test,1
s03,585,-4.2041152990768698,test,1
s03,586,-4.4689916020734808,test,1
s03,587,-4.898826660769906,test,1
s03,588,-4.6511639685935142,test,1
s03,589,-4.7238104836366572,test,1
s03,590,-4.9917954291532309,test,1
s03,591,-4.8622277231892399,test,1
s03,592,-4.6139885810847119,test,1
s03,593,-4.4766656358078363,test,1
s03,594,-4.3524215953929311,test,1
s03,595,-4.453431132398733,test,1
s03,596,-4.1323565514061773,test,1
s03,597,-4.8897522715324913,test,1
s03,598,-5.0802792478502177,test,1
s03,599,-5.315139209452532,test,1
s04,0,-0.035472670290631947,train,0
s04,1,0.44907083334956632,train,0
s04,2,0.49985519650237942,train,0
s04,3,0.75449161735450077,train,0
s04,4,0.72368834186099995,train,0
s04,5,1.1430991246398821,train,0
s04,6,1.3597419768190913,train,0
s04,7,1.5586219803385388,train,0
s04,8,1.33502477041912,train,0
s04,9,1.3775029851997187,train,0
s04,10,1.6130987641472831,train,0
s04,11,1.5948625740782896,train,0
s04,12,1.4673927473357455,train,0
s04,13,1.8995279580056668,train,0
s04,14,1.8435778198000254,train,0
s04,15,1.5850365526781385,train,0
s04,16,1.8977542749170238,train,0
s04,17,2.1463048293414069,train,0
s04,18,2.5137331351611722,train,0
s04,19,2.4135161769911635,train,0
s04,20,2.5645426550949009,train,0
s04,21,2.4124287602842056,train,0
s04,22,2.1883801257866113,train,0
s04,23,2.2125081466984158,train,0
s04,24,2.0653038619221431,train,0
s04,25,2.4755201593051264,train,0
s04,26,2.3713921259397561,train,0
s04,27,1.9186456165347932,train,0
s04,28,1.9995643884000958,train,0
s04,29,2.3545157541548902,train,0
s04,30,1.9307368359228128,train,0
s04,31,2.08718231440483,train,0
s04,32,2.2081239071813012,train,0
s04,33,2.0400075367982757,train,0
s04,34,1.7481248064696042,train,0
s04,35,1.8801943442186726,train,0
s04,36,1.2741195519884081,train,0
s04,37,1.3372465722853721,train,0
s04,38,1.6634103482532054,train,0
s04,39,1.9054132081233683,train,0
s04,40,2.0081979423109488,train,0
s04,41,1.3619010962327016,train,0
s04,42,1.3199214619016968,train,0
s04,43,1.0274130345866985,train,0
s04,44,1.1192942930809515,train,0
s04,45,1.2096896509480966,train,0
s04,46,1.3285178137642359,train,0
s04,47,1.4820358798862412,train,0
s04,48,0.86339449082956432,train,0
s04,49,1.214368464393327,train,0
s04,50,0.95572832917902861,train,0
s04,51,0.55255359573116947,train,0
s04,52,0.41355029364905277,train,0
s04,53,0.82445356648032164,train,0
s04,54,0.66194190024165955,train,0
s04,55,1.2633856798633316,train,0
s04,56,1.0607307130455887,train,0
s04,57,0.96098496356981888,train,0
s04,58,1.3220350377762293,train,0
s04,59,1.5222946468301102,train,0
s04,60,1.0487545803225835,train,0
s04,61,1.6288454238848504,train,0
s04,62,1.6383997161601851,train,0
s04,63,1.6194534879241742,train,0
s04,64,1.6320846216251674,train,0
s04,65,2.0919408059825355,train,0
s04,66,1.9059141267658997,train,0
s04,67,1.492349038730362,train,0
s04,68,1.1114734364494834,train,0
s04,69,1.1423824516562862,train,0
s04,70,1.1207584575045901,train,0
s04,71,0.83683221848364786,train,0
s04,72,0.6574349353401614,train,0
s04,73,0.85404189598134617,train,0
s04,74,0.85527689593139411,train,0
s04,75,1.246987612367467,train,0
s04,76,1.2692188935426498,train,0
s04,77,1.3849942294851911,train,0
s04,78,1.1502509178054718,train,0
s04,79,0.59646808536230367,train,0
s04,80,0.85728871827187159,train,0
s04,81,1.3441677762628899,train,0
s04,82,1.7154911330897273,train,0
s04,83,1.8215377474913577,train,0
s04,84,2.1013801866153585,train,0
s04,85,1.6478881738870912,train,0
s04,86,1.7779281780160268,train,0
s04,87,1.7650084113501996,train,0
s04,88,1.759107317833762,train,0
s04,89,1.4331861409726192,train,0
s04,90,1.5313519739109911,train,0
s04,91,1.8824186916774122,train,0
s04,92,2.2854213466367272,train,0
s04,93,2.2587554107366876,train,0
s04,94,2.4178949954691689,train,0
s04,95,2.1637437825407995,train,0
s04,96,2.1356355649885344,train,0
s04,97,2.5751001875509161,train,0
s04,98,1.793495420452996,train,0
s04,99,1.3996173675482972,train,0
s04,100,1.9090316004807353,train,0
s04,101,1.8801555184312249,train,0
s04,102,2.0535603808583152,train,0
s04,103,2.387087662844535,train,0
s04,104,2.0474234575373531,train,0
s04,105,1.8415595436169769,train,0
s04,106,1.3424493466704164,train,0
s04,107,1.1548918400412327,train,0
s04,108,1.3270226972004526,train,0
s04,109,1.3396396074296986,train,0
s04,110,1.2124609278714122,train,0
s04,111,1.5611862951742961,train,0
s04,112,1.7966507724208032,train,0
s04,113,1.6089884435913377,train,0
s04,114,1.8376244971878433,train,0
s04,115,1.7276950270677076,train,0
s04,116,1.9098756856271295,train,0
s04,117,1.8272679989365819,train,0
s04,118,2.2999703096854081,train,0
s04,119,2.4237779017518153,train,0
s04,120,2.2647586121064425,train,0
s04,121,1.9606842707222409,train,0
s04,122,1.7586832522687823,train,0
s04,123,1.7168845447526797,train,0
s04,124,1.5692135227181085,train,0
s04,125,1.4364437845193065,train,0
s04,126,1.4410019908459983,train,0
s04,127,1.3207577190296862,train,0
s04,128,1.4232985050251314,train,0
s04,129,1.7960560067287581,train,0
s04,130,1.9402013635186091,train,0
s04,131,2.0087429826559315,train,0
s04,132,1.5526664440097471,train,0
s04,133,1.5410006516299175,train,0
s04,134,1.809127801831216,train,0
s04,135,1.6584977068714981,train,0
s04,136,2.0524639456547691,train,0
s04,137,2.3675915515158144,train,0
s04,138,2.11136361751959,train,0
s04,139,2.0676992790982576,train,0
s04,140,2.3012245068825714,train,0
s04,141,2.4627629183304407,train,0
s04,142,2.3407972193264177,train,0
s04,143,2.5163178970972084,train,0
s04,144,2.291797761375264,train,0
s04,145,2.3312438436140903,train,0
s04,146,2.3356601525341425,train,0
s04,147,2.3345476044488862,train,0
s04,148,1.8671144311475811,train,0
s04,149,1.5827608666028596,train,0
s04,150,1.4413069866203798,train,0
s04,151,1.1963626018199642,train,0
s04,152,1.3383020653401136,train,0
s04,153,1.5649128069841824,train,0
s04,154,1.8934735993737228,train,0
s04,155,1.5679620136068646,train,0
s04,156,1.9602525643880377,train,0
s04,157,2.5091960549167567,train,0
s04,158,2.5437651058324215,train,0
s04,159,1.9027769879199974,train,0
s04,160,2.3340144351369116,train,0
s04,161,2.2953436730671841,train,0
s04,162,2.2939235010613568,train,0
s04,163,1.8609722602663141,train,0
s04,164,1.7012282360445026,train,0
s04,165,1.2527407529798436,train,0
s04,166,1.7318441324897025,train,0
s04,167,1.6280311360598114,train,0
s04,168,1.699566225514723,train,0
s04,169,1.9169734484042908,train,0
s04,170,2.0819928878540694,train,0
s04,171,1.9477374072325568,train,0
s04,172,1.9253574067966734,train,0
s04,173,2.190074650426975,train,0
s04,174,2.3149018170151816,train,0
s04,175,2.6537281703675211,train,0
s04,176,2.447207605495985,train,0
s04,177,2.127055924958968,train,0
s04,178,2.2393636974303339,train,0
s04,179,2.5101037283924965,train,0
s04,180,2.1072197947443034,train,0
s04,181,1.7108182931117644,train,0
s04,182,1.9302215770539077,train,0
s04,183,1.4675929487721735,train,0
s04,184,1.4525050395597803,train,0
s04,185,1.0689880153731579,train,0
s04,186,1.1320810496910818,train,0
s04,187,1.1468389733582669,train,0
s04,188,1.6807123497836298,train,0
s04,189,0.76454326599761646,train,0
s04,190,0.98549245931483309,train,0
s04,191,1.0881864016879303,train,0
s04,192,1.773491723367463,train,0
s04,193,2.4406787017108043,train,0
s04,194,2.1605677043004783,train,0
s04,195,1.5415365330806985,train,0
s04,196,1.7912439139682184,train,0
s04,197,0.98159325401566211,train,0
s04,198,1.8043615474021912,train,0
s04,199,1.8792546956118823,train,0
s04,200,1.3202685122232674,calibration,0
s04,201,1.3406349407948008,calibration,0
s04,202,1.5241834515756174,calibration,0
s04,203,1.6101052596285381,calibration,0
s04,204,1.8173933606537045,calibration,0
s04,205,2.2784816699946284,calibration,0
s04,206,2.6112575304204526,calibration,0
s04,207,2.5893667614955915,calibration,0
s04,208,1.8228369598748335,calibration,0
s04,209,2.0414910507509925,calibration,0
s04,210,2.3460078378173543,calibration,0
s04,211,2.5098796791748388,calibration,0
s04,212,2.5305989886387596,calibration,0
s04,213,2.654205569525347,calibration,0
s04,214,2.581320449224406,calibration,0
s04,215,2.3582748488030321,calibration,0
s04,216,2.1672794314605635,calibration,0
s04,217,2.0205146082093148,calibration,0
s04,218,2.1571884284437091,calibration,0
s04,219,2.0392852227015168,calibration,0
s04,220,1.839725296427694,calibration,0
s04,221,1.9702626358596635,calibration,0
s04,222,1.9767739290455479,calibration,0
s04,223,1.6493717833442141,calibration,0
s04,224,1.9135049288477965,calibration,0
s04,225,1.9063210755970643,calibration,0
s04,226,1.8788467619382789,calibration,0
s04,227,1.9545961334281696,calibration,0
s04,228,1.8603257725307458,calibration,0
s04,229,1.5771719167449829,calibration,0
s04,230,1.8003911987869752,calibration,0
s04,231,2.6744622255084205,calibration,0
s04,232,2.491411068121542,calibration,0
s04,233,2.4619200595757111,calibration,0
s04,234,3.028845645130275,calibration,0
s04,235,3.3204861527711254,calibration,0
s04,236,2.3365463582395107,calibration,0
s04,237,1.7885500480924001,calibration,0
s04,238,1.3062096924923932,calibration,0
s04,239,1.5350060599243496,calibration,0
s04,240,1.5088715624589271,calibration,0
s04,241,1.6211953216041417,calibration,0
s04,242,1.483655686274344,calibration,0
s04,243,1.7864245641257699,calibration,0
s04,244,1.7296844378768133,calibration,0
s04,245,1.2453989527951665,calibration,0
s04,246,1.5504045813296194,calibration,0
s04,247,1.7919068109364782,calibration,0
s04,248,1.5623537018411424,calibration,0
s04,249,1.7049789640592949,calibration,0
s04,250,1.6748586263448615,calibration,0
s04,251,1.3862746831784203,calibration,0
s04,252,1.3252201712041014,calibration,0
s04,253,1.300482581468553,calibration,0
s04,254,1.1528389014053548,calibration,0
s04,255,1.1148849233596543,calibration,0
s04,256,1.3748429364699724,calibration,0
s04,257,1.9616370845445279,calibration,0
s04,258,1.7036972272777848,calibration,0
s04,259,1.5154319310811661,calibration,0
s04,260,2.0190891693950928,calibration,0
s04,261,2.1345369456312286,calibration,0
s04,262,2.495138486635363,calibration,0
s04,263,2.1022400256979026,calibration,0
s04,264,2.000600470559557,calibration,0
s04,265,1.6290107280978465,calibration,0
s04,266,2.0305788426285076,calibration,0
s04,267,2.0648093009977009,calibration,0
s04,268,1.5220953438998466,calibration,0
s04,269,1.5786000017999071,calibration,0
s04,270,1.9070505971818603,calibration,0
s04,271,2.0810303091143521,calibration,0
s04,272,2.121397891529865,calibration,0
s04,273,2.1026263170320676,calibration,0
s04,274,1.607401847763241,calibration,0
s04,275,1.4264454839878267,calibration,0
s04,276,1.3437181076893776,calibration,0
s04,277,1.3445887745911236,calibration,0
s04,278,1.6894299140211724,calibration,0
s04,279,2.0631335131732036,calibration,0
s04,280,1.9304232941312454,calibration,0
s04,281,1.6587222487484781,calibration,0
s04,282,1.7441876876503344,calibration,0
s04,283,1.4971033775675098,calibration,0
s04,284,1.7848915583906666,calibration,0
s04,285,1.1940271954838693,calibration,0
s04,286,1.3207329573064974,calibration,0
s04,287,1.3641663137792084,calibration,0
s04,288,1.4261297714927526,calibration,0
s04,289,1.869246805594482,calibration,0
s04,290,1.7991516868580648,calibration,0
s04,291,2.2062391323231632,calibration,0
s04,292,2.2482622217322654,calibration,0
s04,293,2.2283387261512955,calibration,0
s04,294,2.3901376990761869,calibration,0
s04,295,1.7946537894607437,calibration,0
s04,296,1.3835628330646104,calibration,0
s04,297,1.3906179061472383,calibration,0
s04,298,1.9324246158815086,calibration,0
s04,299,2.0048572689808983,calibration,0
s04,300,1.7896029764711434,calibration,0
s04,301,1.9639886511790638,calibration,0
s04,302,1.8644123977738034,calibration,0
s04,303,1.7160335187264184,calibration,0
s04,304,1.9337765852913711,calibration,0
s04,305,2.2052635044750311,calibration,0
s04,306,1.9830949828703746,calibration,0
s04,307,2.5567155274204332,calibration,0
s04,308,2.4275066060007182,calibration,0
s04,309,2.204221124815831,calibration,0
s04,310,1.966361440693029,calibration,0
s04,311,1.8901683365803796,calibration,0
s04,312,1.7545227212901182,calibration,0
s04,313,1.9371756809686309,calibration,0
s04,314,1.6353463036366827,calibration,0
s04,315,1.3285246294200141,calibration,0
s04,316,1.2146218202192036,calibration,0
s04,317,1.5762024665869974,calibration,0
s04,318,1.8361831026655266,calibration,0
s04,319,1.7221826863819021,calibration,0
s04,320,1.6633182849958703,calibration,0
s04,321,1.7172296323364626,calibration,0
s04,322,1.4112296999857794,calibration,0
s04,323,1.369857015697906,calibration,0
s04,324,1.5230821679701223,calibration,0
s04,325,1.3282794564550124,calibration,0
s04,326,1.4418873830066612,calibration,0
s04,327,1.4922308487025253,calibration,0
s04,328,1.5085063432571073,calibration,0
s04,329,1.654244734555993,calibration,0
s04,330,1.5966019871454005,calibration,0
s04,331,1.6776073238552918,calibration,0
s04,332,1.8107256272919576,calibration,0
s04,333,1.8052462528177786,calibration,0
s04,334,1.6687366762350975,calibration,0
s04,335,1.3531203821940818,calibration,0
s04,336,1.6927257626887489,calibration,0
s04,337,2.0856913698170096,calibration,0
s04,338,2.0987270612990012,calibration,0
s04,339,2.2824705351068735,calibration,0
s04,340,2.5027707540448025,calibration,0
s04,341,2.2473404070569636,calibration,0
s04,342,1.5957618618167686,calibration,0
s04,343,1.8005159424436823,calibration,0
s04,344,1.663528032816967,calibration,0
s04,345,1.9944273715608289,calibration,0
s04,346,1.5735273641316685,calibration,0
s04,347,1.3011060037238518,calibration,0
s04,348,0.88247089204054663,calibration,0
s04,349,1.0848639270656537,calibration,0
s04,350,0.978302206095643,test,0
s04,351,1.1680752466274633,test,0
s04,352,1.4152521861390286,test,0
s04,353,1.6936853232381437,test,0
s04,354,1.4303428169865762,test,0
s04,355,1.3234401702034666,test,0
s04,356,1.2009916476756959,test,0
s04,357,1.0370959936363424,test,0
s04,358,1.7376973416725072,test,0
s04,359,1.8620229283906782,test,0
s04,360,1.5792396098444685,test,0
s04,361,1.9426707447307747,test,0
s04,362,1.5487645399852756,test,0
s04,363,0.95593765185762525,test,0
s04,364,1.4022455262263489,test,0
s04,365,1.3476605918400959,test,0
s04,366,1.6149567386092585,test,0
s04,367,1.9699948575533939,test,0
s04,368,1.688377599825059,test,0
s04,369,1.7120799577722021,test,0
s04,370,1.5871849191977616,test,0
s04,371,1.6357904272804806,test,0
s04,372,1.7400976841627145,test,0
s04,373,1.8505251981628554,test,0
s04,374,1.677480222753174,test,0
s04,375,1.7993864814601963,test,1
s04,376,1.7295904497094086,test,1
s04,377,1.8183392821996736,test,1
s04,378,1.9254698639698631,test,1
s04,379,1.9387224680500734,test,1
s04,380,1.886966547778828,test,1
s04,381,1.8940965844727422,test,1
s04,382,1.739326917661703,test,1
s04,383,2.1072588444737965,test,1
s04,384,1.9944406634083078,test,1
s04,385,2.1522745129785856,test,1
s04,386,1.6839322637942675,test,1
s04,387,1.4787674596478966,test,1
s04,388,2.1316282424701503,test,1
s04,389,2.1554124604803375,test,1
s04,390,2.5950060798770496,test,1
s04,391,2.3779041499386424,test,1
s04,392,2.334745434822505,test,1
s04,393,2.0472879396259209,test,1
s04,394,2.5018070343480998,test,1
s04,395,2.6355856633921602,test,1
s04,396,3.0129439102485058,test,1
s04,397,3.2916901928880011,test,1
s04,398,2.6823772669789694,test,1
s04,399,2.6361554565150911,test,1
s04,400,3.2654478646528888,test,1
s04,401,2.7843891681877797,test,1
s04,402,2.2980091454060214,test,1
s04,403,3.0860377744818965,test,1
s04,404,2.8748331037928896,test,1
s04,405,2.6527044968240867,test,1
s04,406,2.771142632017912,test,1
s04,407,2.9228268801610366,test,1
s04,408,2.4195645268803858,test,1
s04,409,2.4107290913319463,test,1
s04,410,2.5596744483937552,test,1
s04,411,2.652354755634958,test,1
s04,412,2.3825526906060435,test,1
s04,413,2.1086574526855371,test,1
s04,414,2.2435475601212369,test,1
s04,415,1.761377701456585,test,1
s04,416,1.9021624238371999,test,1
s04,417,1.7473346085878247,test,1
s04,418,2.4442815436947796,test,1
s04,419,2.7714548506563021,test,1
s04,420,2.6151776579398387,test,1
s04,421,2.9189157152759164,test,1
s04,422,3.7452433887900591,test,1
s04,423,3.4738014387880751,test,1
s04,424,3.6916245866553439,test,1
s04,425,3.3595328464688055,test,1
s04,426,3.3601842911789004,test,1
s04,427,3.6828727877269158,test,1
s04,428,3.4794365015799951,test,1
s04,429,3.6909052847206989,test,1
s04,430,3.8699961058252863,test,1
s04,431,4.0270219144149468,test,1
s04,432,4.1919753913340161,test,1
s04,433,3.8447777122087032,test,1
s04,434,4.0186839400214858,test,1
s04,435,3.9624182789748921,test,1
s04,436,4.5854825169570805,test,1
s04,437,4.4571040597299243,test,1
s04,438,4.4054775228091048,test,1
s04,439,4.5588976293328791,test,1
s04,440,5.0130707745990915,test,1
s04,441,4.6632056771806774,test,1
s04,442,4.4107432088218648,test,1
s04,443,4.1089081599975028,test,1
s04,444,4.7606895415309411,test,1
s04,445,4.456422923588983,test,1
s04,446,4.7019913044662189,test,1
s04,447,4.7917277378472773,test,1
s04,448,4.5137416436598805,test,1
s04,449,4.3200531956137489,test,1
s04,450,4.5284186836941558,test,1
s04,451,4.582519632103244,test,1
s04,452,4.8279654034616435,test,1
s04,453,4.732109121782444,test,1
s04,454,4.5796706901356394,test,1
s04,455,4.8664494658414679,test,1
s04,456,4.965127336565299,test,1
s04,457,4.6571315153612893,test,1
s04,458,4.3955415214583962,test,1
s04,459,4.2773522375605557,test,1
s04,460,4.1088032186755905,test,1
s04,461,4.1031214438262191,test,1
s04,462,4.2493180588791315,test,1
s04,463,4.0685542739073544,test,1
s04,464,4.2789779809378663,test,1
s04,465,3.807935842517189,test,1
s04,466,4.580924233045689,test,1
s04,467,4.4210500462385074,test,1
s04,468,4.1428001238088497,test,1
s04,469,4.8302780430037373,test,1
s04,470,4.6400039620602556,test,1
s04,471,4.5117988686582082,test,1
s04,472,4.9866732746362956,test,1
s04,473,5.062688908032646,test,1
s04,474,5.3206752648547697,test,1
s04,475,5.2230434070976282,test,1
s04,476,5.7120283948090238,test,1
s04,477,5.57509769355815,test,1
s04,478,5.9902897822099526,test,1
s04,479,5.7331709038654939,test,1
s04,480,6.0315313914208861,test,1
s04,481,5.3374241764125001,test,1
s04,482,5.6203185037132304,test,1
s04,483,5.0494711171325646,test,1
s04,484,4.6713707547522754,test,1
s04,485,4.2214446009547464,test,1
s04,486,4.1985766194214449,test,1
s04,487,4.765812925194262,test,1
s04,488,5.164834434131663,test,1
s04,489,5.3191018081186687,test,1
s04,490,5.654772145069674,test,1
s04,491,5.7793669324656447,test,1
s04,492,5.4363843842904229,test,1
s04,493,4.8011889632658145,test,1
s04,494,4.8065518734023414,test,1
s04,495,5.0717381354210334,test,1
s04,496,5.3538686080716724,test,1
s04,497,5.9178404982729589,test,1
s04,498,5.7820333756454509,test,1
s04,499,6.1573325039481599,test,1
s04,500,6.0157702994975359,test,1
s04,501,5.2308048121870216,test,1
s04,502,5.5923562778958482,test,1
s04,503,5.6309257320187927,test,1
s04,504,5.4257564486700023,test,1
s04,505,5.68750653572756,test,1
s04,506,5.5952392918113993,test,1
s04,507,5.8993297501441964,test,1
s04,508,6.2807330387494558,test,1
s04,509,6.3678087839109958,test,1
s04,510,6.2725569882124734,test,1
s04,511,6.0327327247712033,test,1
s04,512,5.9725630125206983,test,1
s04,513,5.7756853871709763,test,1
s04,514,5.7841923392631864,test,1
s04,515,5.6900865473394058,test,1
s04,516,5.8579572448564132,test,1
s04,517,5.7252756554807283,test,1
s04,518,5.9975212085895482,test,1
s04,519,5.4678342428688627,test,1
s04,520,5.8454789763895443,test,1
s04,521,5.727655890672283,test,1
s04,522,5.3714734443501557,test,1
s04,523,5.4148072394644622,test,1
s04,524,5.9039232296576909,test,1
s04,525,5.7478878785453915,test,1
s04,526,6.3610869626251292,test,1
s04,527,6.9612493888237861,test,1
s04,528,6.8757843818389297,test,1
s04,529,6.7356024253925426,test,1
s04,530,6.687984893009955,test,1
s04,531,6.3089926640080671,test,1
s04,532,6.7536064736453802,test,1
s04,533,6.8875556484391485,test,1
s04,534,6.6385719757767809,test,1
s04,535,6.3197870932612039,test,1
s04,536,6.1202649022344744,test,1
s04,537,6.6229059298038022,test,1
s04,538,7.3604651262599354,test,1
s04,539,7.1583540550354527,test,1
s04,540,7.312240233792453,test,1
s04,541,7.5238782866160046,test,1
s04,542,7.9000435823265125,test,1
s04,543,8.291090307691837,test,1
s04,544,8.2563554711169722,test,1
s04,545,8.195126883247374,test,1
s04,546,8.2286322376782337,test,1
s04,547,8.1586372751136675,test,1
s04,548,8.2101725067841738,test,1
s04,549,8.4938502350937686,test,1
s04,550,8.7756261693880226,test,1
s04,551,8.8304576426564232,test,1
s04,552,8.383186710774325,test,1
s04,553,8.6639542330763781,test,1
s04,554,8.2109441241030456,test,1
s04,555,7.9425597854369352,test,1
s04,556,7.961452617934671,test,1
s04,557,7.9954342930155695,test,1
s04,558,7.9449683236526996,test,1
s04,559,8.3546084810607315,test,1
s04,560,8.7792522727620401,test,1
s04,561,8.9849687632767772,test,1
s04,562,8.5796273100896343,test,1
s04,563,8.3781133269662948,test,1
s04,564,8.1613735575641471,test,1
s04,565,7.5504575009648986,test,1
s04,566,7.1253229706796137,test,1
s04,567,7.3694639638335682,test,1
s04,568,7.2015311834534526,test,1
s04,569,7.1638640474146147,test,1
s04,570,7.4583117227536153,test,1
s04,571,7.5269235735789293,test,1
s04,572,8.0911835424918159,test,1
s04,573,7.5669541606493045,test,1
s04,574,8.0988290111045167,test,1
s04,575,8.107705625972736,test,1
s04,576,8.460740518966384,test,1
s04,577,8.7412117349344012,test,1
s04,578,8.6158050696941029,test,1
s04,579,8.9172464068588155,test,1
s04,580,8.8846758873262637,test,1
s04,581,9.1004113854727979,test,1
s04,582,8.6672404091506454,test,1
s04,583,9.3766695193369465,test,1
s04,584,8.819730061555056,test,1
s04,585,9.0191838513809834,test,1
s04,586,9.5279392032959525,test,1
s04,587,9.7959770198675393,test,1
s04,588,9.8368850681922151,test,1
s04,589,9.6657037471306673,test,1
s04,590,9.2236441170348193,test,1
s04,591,9.253812179929227,test,1
s04,592,9.0909077643600131,test,1
s04,593,8.7875506775764798,test,1
s04,594,8.4908463479886152,test,1
s04,595,8.686652997058518,test,1
s04,596,8.7554924962815672,test,1
s04,597,9.1151381376128136,test,1
s04,598,9.0772534740361461,test,1
s04,599,9.1824992856229279,test,1
s05,0,0.49809423840848915,train,0
s05,1,0.95026761045609753,train,0
s05,2,0.93684721515670411,train,0
s05,3,0.69585221936557051,train,0
s05,4,0.7440641408767299,train,0
s05,5,0.99687321343124102,train,0
s05,6,1.1329177358458529,train,0
s05,7,1.3715988063911966,train,0
s05,8,1.5932441653415832,train,0
s05,9,1.3160282511928252,train,0
s05,10,1.2324811800194131,train,0
s05,11,1.1855217726946889,train,0
s05,12,0.60012207293216546,train,0
s05,13,0.804476100304227,train,0
s05,14,1.1859707540397655,train,0
s05,15,0.85629270795855184,train,0
s05,16,1.2576985681451103,train,0
s05,17,0.71472816722233035,train,0
s05,18,1.2383386768712441,train,0
s05,19,1.3605474988203581,train,0
s05,20,1.0189683868759807,train,0
s05,21,1.2886454067079249,train,0
s05,22,1.7033262644503708,train,0
s05,23,2.1014111572392045,train,0
s05,24,1.8984063132573894,train,0
s05,25,1.3495987521237089,train,0
s05,26,1.754875454005931,train,0
s05,27,1.805277275636477,train,0
s05,28,1.6891847438343177,train,0
s05,29,1.8528045600962004,train,0
s05,30,1.6307817195124847,train,0
s05,31,1.661597303557234,train,0
s05,32,0.86477485737513182,train,0
s05,33,0.76137122138814717,train,0
s05,34,1.1929773381243736,train,0
s05,35,1.3184591309226963,train,0
s05,36,1.7112576358841478,train,0
s05,37,1.3487472634856088,train,0
s05,38,0.7578256241717557,train,0
s05,39,0.90334159716956441,train,0
s05,40,1.3108188313267717,train,0
s05,41,1.372867164739606,train,0
s05,42,0.84243069589645492,train,0
s05,43,0.74712174390351849,train,0
s05,44,1.1422764533443293,train,0
s05,45,1.1148022478230293,train,0
s05,46,0.9208774891336462,train,0
s05,47,1.2857180932728745,train,0
s05,48,1.214866919888554,train,0
s05,49,1.7522402018112611,train,0
s05,50,1.4696173774327856,train,0
s05,51,1.0775506181422965,train,0
s05,52,1.3188126068888648,train,0
s05,53,1.5804515313665297,train,0
s05,54,1.2213375968134452,train,0
s05,55,1.2103119458502785,train,0
s05,56,1.4395327370901174,train,0
s05,57,1.3541112361709748,train,0
s05,58,0.93861393069012244,train,0
s05,59,1.6444175188301369,train,0
s05,60,1.5271084024058399,train,0
s05,61,1.6006094947605551,train,0
s05,62,0.86250806801493962,train,0
s05,63,1.0841693228689626,train,0
s05,64,1.6822252779571754,train,0
s05,65,1.3615063731492454,train,0
s05,66,1.6762120040989077,train,0
s05,67,1.8009649161705004,train,0
s05,68,1.6304213678582089,train,0
s05,69,1.4117609901758612,train,0
s05,70,2.0513881842348516,train,0
s05,71,1.4407173155170714,train,0
s05,72,1.2406052032861721,train,0
s05,73,1.0669271787636156,train,0
s05,74,0.70233873156554649,train,0
s05,75,1.1553593523237629,train,0
s05,76,1.2784050236758,train,0
s05,77,1.4054887837951653,train,0
s05,78,1.4924554938635974,train,0
s05,79,1.548081141989994,train,0
s05,80,1.9623660484200403,train,0
s05,81,1.8458082523624051,train,0
s05,82,1.9162103293910653,train,0
s05,83,1.5517024438352414,train,0
s05,84,1.3167497728345081,train,0
s05,85,1.4009247781162446,train,0
s05,86,1.7260132587082266,train,0
s05,87,1.8692755150550422,train,0
s05,88,1.991341062121559,train,0
s05,89,2.0543604965395637,train,0
s05,90,2.2718102291912139,train,0
s05,91,2.1192951995005962,train,0
s05,92,1.1399507558738933,train,0
s05,93,1.028321468165474,train,0
s05,94,1.0535383553355069,train,0
s05,95,1.080869766922083,train,0
s05,96,0.67319671468898112,train,0
s05,97,0.49582809833253355,train,0
s05,98,0.11972684705218473,train,0
s05,99,0.3401841464962877,train,0
s05,100,0.4466140084459278,train,0
s05,101,0.37487437974459814,train,0
s05,102,0.84844903229869673,train,0
s05,103,0.46569486623413359,train,0
s05,104,1.247069530554336,train,0
s05,105,1.775894782613622,train,0
s05,106,1.9252065880732141,train,0
s05,107,1.5696572325560036,train,0
s05,108,1.2360777072437605,train,0
s05,109,1.2745658566195666,train,0
s05,110,2.0936482647920656,train,0
s05,111,2.3622962791070954,train,0
s05,112,2.1534834695248382,train,0
s05,113,1.7914391117361983,train,0
s05,114,1.933832213770563,train,0
s05,115,1.8168318043348033,train,0
s05,116,2.3457630014874131,train,0
s05,117,2.5216420415429965,train,0
s05,118,2.2326842494434005,train,0
s05,119,1.8191348758344457,train,0
s05,120,1.4869682331142871,train,0
s05,121,1.8078756210223483,train,0
s05,122,1.686785046741591,train,0
s05,123,2.0673140500769511,train,0
s05,124,2.002223643363481,train,0
s05,125,2.2022583046264179,train,0
s05,126,1.8753104715743105,train,0
s05,127,2.2528410378075283,train,0
s05,128,2.277458484509312,train,0
s05,129,1.6984472774102066,train,0
s05,130,2.0014023194676507,train,0
s05,131,1.9300288707226616,train,0
s05,132,1.8759502195366502,train,0
s05,133,1.9022404588705613,train,0
s05,134,1.9106168658827298,train,0
s05,135,1.655981345594463,train,0
s05,136,1.8140023683567896,train,0
s05,137,1.9203670547237965,train,0
s05,138,1.5615707536835877,train,0
s05,139,1.733905728010108,train,0
s05,140,2.0841200077631488,train,0
s05,141,2.0611589448752574,train,0
s05,142,1.9786668601796404,train,0
s05,143,1.8098635201807791,train,0
s05,144,1.6272066653868504,train,0
s05,145,1.7000028836485845,train,0
s05,146,1.7160002588100047,train,0
s05,147,1.8393183355128706,train,0
s05,148,1.753791266493286,train,0
s05,149,1.9959249941260739,train,0
s05,150,1.7873857057565046,train,0
s05,151,1.6750977340374713,train,0
s05,152,2.0128050115736231,train,0
s05,153,1.9077951447580852,train,0
s05,154,2.0657332155404928,train,0
s05,155,2.2582902528009292,train,0
s05,156,2.0397612627421684,train,0
s05,157,2.3407707556888968,train,0
s05,158,2.5947682141768977,train,0
s05,159,3.190692296631525,train,0
s05,160,3.1902455174254829,train,0
s05,161,2.681087768575352,train,0
s05,162,2.5572747810708423,train,0
s05,163,2.6032962701494942,train,0
s05,164,2.3132116751303742,train,0
s05,165,2.2774482161514249,train,0
s05,166,2.2228782977385437,train,0
s05,167,1.9656826719439346,train,0
s05,168,1.8812470595991302,train,0
s05,169,1.4189901120810702,train,0
s05,170,1.5375097104496471,train,0
s05,171,1.629017212744873,train,0
s05,172,1.3615352661930811,train,0
s05,173,1.445548828339601,train,0
s05,174,1.4447652442931174,train,0
s05,175,1.9303293979279001,train,0
s05,176,1.6968140869009314,train,0
s05,177,1.2113565662397534,train,0
s05,178,1.629860567932176,train,0
s05,179,1.7469177309120871,train,0
s05,180,1.2152190300077004,train,0
s05,181,1.148999746277936,train,0
s05,182,0.9653891420663856,train,0
s05,183,1.1882454152160011,train,0
s05,184,0.925792137765726,train,0
s05,185,1.2118019428742377,train,0
s05,186,1.6347724935850634,train,0
s05,187,1.9283223006651387,train,0
s05,188,1.857853240247858,train,0
s05,189,2.1879285978010148,train,0
s05,190,1.5640227449276929,train,0
s05,191,1.3347183091189274,train,0
s05,192,1.4780312406980247,train,0
s05,193,1.3109998116939963,train,0
s05,194,1.388779662208927,train,0
s05,195,1.1408179532775091,train,0
s05,196,1.1658015929837517,train,0
s05,197,0.89551544402138117,train,0
s05,198,1.1315569826708947,train,0
s05,199,0.98211601275152538,train,0
s05,200,0.85910009631530548,calibration,0
s05,201,1.1723654361605971,calibration,0
s05,202,0.48181042838224131,calibration,0
s05,203,0.75555061113847577,calibration,0
s05,204,1.0645604592268347,calibration,0
s05,205,0.990340195178944,calibration,0
s05,206,1.0853302948422077,calibration,0
s05,207,1.1772686460278852,calibration,0
s05,208,1.3799566719170078,calibration,0
s05,209,1.8761321612262143,calibration,0
s05,210,1.9159499719194186,calibration,0
s05,211,2.2180658088224599,calibration,0
s05,212,2.0608635725329809,calibration,0
s05,213,1.6968425244737038,calibration,0
s05,214,1.6576023509744493,calibration,0
s05,215,1.3870801260306522,calibration,0
s05,216,1.5646077993844782,calibration,0
s05,217,1.3700643695766113,calibration,0
s05,218,1.3733539139158615,calibration,0
s05,219,1.7767786675859363,calibration,0
s05,220,1.3246806289788846,calibration,0
s05,221,1.7290993683260067,calibration,0
s05,222,1.3659007433097201,calibration,0
s05,223,1.2998495569837505,calibration,0
s05,224,1.1372444300065081,calibration,0
s05,225,1.0331092270115616,calibration,0
s05,226,1.2730014327817651,calibration,0
s05,227,1.6854651946697297,calibration,0
s05,228,2.0088100345778717,calibration,0
s05,229,1.7875908350952816,calibration,0
s05,230,1.6121515109028195,calibration,0
s05,231,1.882800746577854,calibration,0
s05,232,2.2264949789585611,calibration,0
s05,233,2.2760676356633844,calibration,0
s05,234,2.3571550603001596,calibration,0
s05,235,1.9074875368668678,calibration,0
s05,236,2.1216899196158576,calibration,0
s05,237,1.8156255791013405,calibration,0
s05,238,2.1043280477455593,calibration,0
s05,239,1.9093217989137909,calibration,0
s05,240,1.462227585530079,calibration,0
s05,241,1.7908119468020116,calibration,0
s05,242,1.8440492870723169,calibration,0
s05,243,2.1062579620124406,calibration,0
s05,244,1.8386529784355894,calibration,0
s05,245,2.052893738497314,calibration,0
s05,246,2.292477773610639,calibration,0
s05,247,1.8993327532363484,calibration,0
s05,248,1.9477920471037891,calibration,0
s05,249,1.4090136167659493,calibration,0
s05,250,2.2426015487058266,calibration,0
s05,251,2.0938054714763048,calibration,0
s05,252,1.8205560596326023,calibration,0
s05,253,1.9804974884899182,calibration,0
s05,254,1.8529550925312104,calibration,0
s05,255,1.7481942740733041,calibration,0
s05,256,1.8851064433015217,calibration,0
s05,257,1.8693018051464303,calibration,0
s05,258,1.7613515107764661,calibration,0
s05,259,1.7232931482199718,calibration,0
s05,260,1.8303581371375828,calibration,0
s05,261,1.8270997872791044,calibration,0
s05,262,1.4463010185430165,calibration,0
s05,263,1.9523156745497077,calibration,0
s05,264,1.9314118088192174,calibration,0
s05,265,1.6916931431757933,calibration,0
s05,266,1.4627016108157416,calibration,0
s05,267,1.6759696232860037,calibration,0
s05,268,1.3312632271499889,calibration,0
s05,269,1.4123271534487352,calibration,0
s05,270,1.229953171296964,calibration,0
s05,271,1.1623352659231461,calibration,0
s05,272,0.8782994315506516,calibration,0
s05,273,0.83302623675721976,calibration,0
s05,274,0.74204373602379081,calibration,0
s05,275,1.0494102729743546,calibration,0
s05,276,0.90109870561991312,calibration,0
s05,277,1.0399994897634215,calibration,0
s05,278,0.76316598451594508,calibration,0
s05,279,1.0096865149610958,calibration,0
s05,280,1.1506840283673703,calibration,0
s05,281,1.3822294188182251,calibration,0
s05,282,1.7410779083208727,calibration,0
s05,283,1.1947623200555442,calibration,0
s05,284,1.3207539804879445,calibration,0
s05,285,1.4331596906519533,calibration,0
s05,286,1.2976312646906862,calibration,0
s05,287,1.9270478999876213,calibration,0
s05,288,1.6112726659904517,calibration,0
s05,289,1.9084250392564246,calibration,0
s05,290,1.8124735989176053,calibration,0
s05,291,2.2990555272551774,calibration,0
s05,292,2.2177357760826757,calibration,0
s05,293,1.9161704352224165,calibration,0
s05,294,1.5122499477802056,calibration,0
s05,295,1.3318842118764567,calibration,0
s05,296,1.7699598532481324,calibration,0
s05,297,1.8302581799781654,calibration,0
s05,298,2.4326819841536063,calibration,0
s05,299,2.8064620490161083,calibration,0
s05,300,2.1122379289128421,calibration,0
s05,301,2.2011798174988759,calibration,0
s05,302,1.6600628051717765,calibration,0
s05,303,1.1637511684432258,calibration,0
s05,304,1.4311735742000264,calibration,0
s05,305,1.4975159323258147,calibration,0
s05,306,1.7617927102639577,calibration,0
s05,307,2.2910845718011013,calibration,0
s05,308,2.3246555054976343,calibration,0
s05,309,1.9113520385500589,calibration,0
s05,310,2.215512188082549,calibration,0
s05,311,2.1105786576048056,calibration,0
s05,312,1.9842876037834574,calibration,0
s05,313,2.1760329911796203,calibration,0
s05,314,1.6847628093570366,calibration,0
s05,315,1.1746984394903288,calibration,0
s05,316,1.0819817428561727,calibration,0
s05,317,1.2750101611430369,calibration,0
s05,318,1.7932604043748002,calibration,0
s05,319,1.7102506453275459,calibration,0
s05,320,1.5275915968700213,calibration,0
s05,321,1.4225911209696771,calibration,0
s05,322,1.7339006406878781,calibration,0
s05,323,1.0556421039311514,calibration,0
s05,324,1.2249261615331615,calibration,0
s05,325,1.4022060061469932,calibration,0
s05,326,1.7568731166615594,calibration,0
s05,327,0.93113867696699926,calibration,0
s05,328,1.0011306828486053,calibration,0
s05,329,1.0724339142645614,calibration,0
s05,330,0.82963837058200718,calibration,0
s05,331,0.7912441004398465,calibration,0
s05,332,0.29861231830736457,calibration,0
s05,333,0.38916007840491063,calibration,0
s05,334,0.60275849361473777,calibration,0
s05,335,1.008027956849874,calibration,0
s05,336,0.82692559993050674,calibration,0
s05,337,1.1804806794845779,calibration,0
s05,338,1.2476092861072197,calibration,0
s05,339,1.8081774278856202,calibration,0
s05,340,1.8001651648110892,calibration,0
s05,341,1.737397435992394,calibration,0
s05,342,1.4068894897275588,calibration,0
s05,343,1.2963066882548546,calibration,0
s05,344,0.97689806215460995,calibration,0
s05,345,0.55114738165328736,calibration,0
s05,346,0.74351385365018763,calibration,0
s05,347,1.0576824337379827,calibration,0
s05,348,1.6255534198704749,calibration,0
s05,349,2.1432002440481646,calibration,0
s05,350,1.751634628655764,test,0
s05,351,2.0629101835554984,test,0
s05,352,2.0555436022488975,test,0
s05,353,1.9841409756918804,test,0
s05,354,2.1330368765293137,test,0
s05,355,2.2485933507558857,test,0
s05,356,1.8603311930334829,test,0
s05,357,2.1456347426015672,test,0
s05,358,2.3794340512908896,test,0
s05,359,2.5563454424830203,test,0
s05,360,2.4275159622772184,test,0
s05,361,2.1529061323247944,test,0
s05,362,2.0702490267393605,test,0
s05,363,1.8752641205895262,test,0
s05,364,1.6200139251684347,test,0
s05,365,1.4649183154656673,test,0
s05,366,1.3783950171267811,test,0
s05,367,1.2810305766411971,test,0
s05,368,1.2276695508285962,test,0
s05,369,1.2516960757861988,test,0
s05,370,1.0779207633750596,test,0
s05,371,1.3015220181746276,test,0
s05,372,1.1479372033465716,test,0
s05,373,1.0612753920233575,test,0
s05,374,1.4347735218665154,test,0
s05,375,1.3376209271112125,test,1
s05,376,1.689280292066651,test,1
s05,377,1.4928956582479751,test,1
s05,378,1.4237193101378729,test,1
s05,379,1.0270457378432101,test,1
s05,380,1.5314844410975854,test,1
s05,381,1.5327509562427895,test,1
s05,382,1.4256715904255062,test,1
s05,383,1.1175962740954359,test,1
s05,384,1.2014268761173656,test,1
s05,385,1.3216934586891447,test,1
s05,386,1.1463850307509373,test,1
s05,387,1.4497141947981347,test,1
s05,388,0.946183734687296,test,1
s05,389,1.0846339065493134,test,1
s05,390,1.6153828708235189,test,1
s05,391,1.4109517217929433,test,1
s05,392,1.2304134190970661,test,1
s05,393,1.5562482714957595,test,1
s05,394,0.67269243967337389,test,1
s05,395,1.230916107980216,test,1
s05,396,1.4454608084409939,test,1
s05,397,0.96541146240653453,test,1
s05,398,1.3243830507659364,test,1
s05,399,1.0812688456083197,test,1
s05,400,1.2879500432145434,test,1
s05,401,1.0293161297979787,test,1
s05,402,0.67852144177835272,test,1
s05,403,0.7393846511443255,test,1
s05,404,0.4568586732969554,test,1
s05,405,0.52977959926513318,test,1
s05,406,0.57509836979605689,test,1
s05,407,0.73663213468403888,test,1
s05,408,0.33527563598912946,test,1
s05,409,0.46023859092248121,test,1
s05,410,1.0194654548726279,test,1
s05,411,1.2685958641281307,test,1
s05,412,1.1105325515476827,test,1
s05,413,0.71278470864190835,test,1
s05,414,0.2516593842501042,test,1
s05,415,0.088979312040931235,test,1
s05,416,0.0042790053542169498,test,1
s05,417,0.1607639818902567,test,1
s05,418,0.7600410013968838,test,1
s05,419,0.51125051621729334,test,1
s05,420,0.80127878901919836,test,1
s05,421,0.50260807519198925,test,1
s05,422,-0.11417283910461906,test,1
s05,423,-0.27748751337264005,test,1
s05,424,-0.062158414354675201,test,1
s05,425,0.23802634551056062,test,1
s05,426,0.46008484958582169,test,1
s05,427,-0.15575101372419681,test,1
s05,428,0.20326508324156192,test,1
s05,429,0.79578709228145339,test,1
s05,430,0.94654763217243998,test,1
s05,431,0.79180798550293596,test,1
s05,432,0.83459317208501571,test,1
s05,433,0.51437437713247225,test,1
s05,434,0.28151771801594883,test,1
s05,435,0.315135296243785,test,1
s05,436,-0.065273148368578948,test,1
s05,437,-0.37705982670109595,test,1
s05,438,-0.5500494543813752,test,1
s05,439,-0.76037512852903422,test,1
s05,440,-0.26921702784171991,test,1
s05,441,-0.057075982359133359,test,1
s05,442,-0.67621388112102809,test,1
s05,443,-0.87816692581087707,test,1
s05,444,-1.2318758342852913,test,1
s05,445,-1.206954915389773,test,1
s05,446,-1.0057790908708928,test,1
s05,447,-0.70276784652502489,test,1
s05,448,-0.60764361071423201,test,1
s05,449,-0.80458602226043718,test,1
s05,450,-1.0425377092953776,test,1
s05,451,-1.2193068126499542,test,1
s05,452,-0.91608167333510615,test,1
s05,453,-1.6597312690374477,test,1
s05,454,-1.9801874108331168,test,1
s05,455,-1.399599255835565,test,1
s05,456,-1.4736313372926717,test,1
s05,457,-1.267425982991949,test,1
s05,458,-0.70898101559779081,test,1
s05,459,-0.46279262251165842,test,1
s05,460,-0.81327328067943616,test,1
s05,461,-1.3738157986383044,test,1
s05,462,-1.4088932855243703,test,1
s05,463,-1.1374146121543143,test,1
s05,464,-0.79987285222984483,test,1
s05,465,-1.1363945892417182,test,1
s05,466,-0.32362044328066075,test,1
s05,467,-0.64777745815210663,test,1
s05,468,-0.90842502577145323,test,1
s05,469,-1.0121784909298823,test,1
s05,470,-0.99261357530021166,test,1
s05,471,-0.93962385928180081,test,1
s05,472,-0.91625218430811406,test,1
s05,473,-1.2301615882550632,test,1
s05,474,-1.2467605713431553,test,1
s05,475,-0.95424403328106455,test,1
s05,476,-1.1366113343305644,test,1
s05,477,-1.3743716571204416,test,1
s05,478,-0.9385125467730121,test,1
s05,479,-0.76485515022418182,test,1
s05,480,-0.53659021088832937,test,1
s05,481,-1.076965789461817,test,1
s05,482,-1.8624301978852933,test,1
s05,483,-2.2206799269594821,test,1
s05,484,-2.022849098868603,test,1
s05,485,-1.9474721882057968,test,1
s05,486,-2.027732416867325,test,1
s05,487,-1.9458413590086516,test,1
s05,488,-2.2352272444221764,test,1
s05,489,-2.3436732093069983,test,1
s05,490,-2.2921249695218715,test,1
s05,491,-2.2864686623472243,test,1
s05,492,-2.3754340782485861,test,1
s05,493,-1.9400185484220438,test,1
s05,494,-2.1550254909504223,test,1
s05,495,-2.1775805416137426,test,1
s05,496,-1.9813755103623312,test,1
s05,497,-1.973868688859588,test,1
s05,498,-2.1455735331938652,test,1
s05,499,-2.4377141724083065,test,1
s05,500,-3.0943664227901806,test,1
s05,501,-3.3418353770351996,test,1
s05,502,-3.4473381182100962,test,1
s05,503,-3.2779668412257559,test,1
s05,504,-3.088703613582553,test,1
s05,505,-2.9452657219834673,test,1
s05,506,-2.8170826445802604,test,1
s05,507,-2.4858753494958541,test,1
s05,508,-2.7694391205188604,test,1
s05,509,-2.7648938284917715,test,1
s05,510,-2.5881199563272013,test,1
s05,511,-2.6317124241702063,test,1
s05,512,-2.4190683488072193,test,1
s05,513,-2.7508688634242979,test,1
s05,514,-2.7477247753896479,test,1
s05,515,-3.1172910905828237,test,1
s05,516,-2.9473547698407705,test,1
s05,517,-2.4322363415580228,test,1
s05,518,-2.5603565139797695,test,1
s05,519,-2.7862630715478129,test,1
s05,520,-2.9599536013905619,test,1
s05,521,-2.579789894611094,test,1
s05,522,-2.7002422574549247,test,1
s05,523,-2.5740400917682607,test,1
s05,524,-3.1835911567159405,test,1
s05,525,-3.5888739389216719,test,1
s05,526,-3.5638172772638597,test,1
s05,527,-4.2245433451280139,test,1
s05,528,-3.7781654723902918,test,1
s05,529,-3.7504285867524594,test,1
s05,530,-3.8019195573441529,test,1
s05,531,-3.3199594945295599,test,1
s05,532,-3.8315060923471034,test,1
s05,533,-3.6275345018720868,test,1
s05,534,-3.7349477733114096,test,1
s05,535,-3.8611824929876555,test,1
s05,536,-3.9357335443449544,test,1
s05,537,-4.4763748452289001,test,1
s05,538,-4.2462481504779861,test,1
s05,539,-4.1470369035149437,test,1
s05,540,-4.0899602635748087,test,1
s05,541,-4.4239186116194844,test,1
s05,542,-4.4002605462809452,test,1
s05,543,-4.0667340356844743,test,1
s05,544,-4.3528411369063322,test,1
s05,545,-3.9866354825891026,test,1
s05,546,-3.9198564443214909,test,1
s05,547,-3.9912385087358855,test,1
s05,548,-4.0131063445435178,test,1
s05,549,-3.9324471983612597,test,1
s05,550,-4.0745814804197753,test,1
s05,551,-3.9188984214602964,test,1
s05,552,-3.5169460474876573,test,1
s05,553,-3.7935974865149142,test,1
s05,554,-3.9564642955451821,test,1
s05,555,-3.831030219218527,test,1
s05,556,-3.4044117100021518,test,1
s05,557,-3.4398467071478218,test,1
s05,558,-3.5553842497238675,test,1
s05,559,-3.5744510138232664,test,1
s05,560,-3.4713878807724412,test,1
s05,561,-3.535231398221395,test,1
s05,562,-4.0344769492847785,test,1
s05,563,-4.3702823948578065,test,1
s05,564,-4.3330467142817426,test,1
s05,565,-4.411594729898523,test,1
s05,566,-3.7173285145725385,test,1
s05,567,-3.7835970150962348,test,1
s05,568,-4.065281348733393,test,1
s05,569,-4.2392876690543186,test,1
s05,570,-4.2815722210627198,test,1
s05,571,-4.2477771906427,test,1
s05,572,-4.5781334456004519,test,1
s05,573,-4.1151924523611862,test,1
s05,574,-4.3199973693837439,test,1
s05,575,-4.7048995343773363,test,1
s05,576,-4.8662726302084387,test,1
s05,577,-4.7592515039938164,test,1
s05,578,-4.8037350685467395,test,1
s05,579,-4.8241433604705755,test,1
s05,580,-4.3538471772435816,test,1
s05,581,-4.6830823543887936,test,1
s05,582,-4.8753094095307548,test,1
s05,583,-4.6183304815420021,test,1
s05,584,-4.830940527245783,test,1
s05,585,-4.8146016129710105,test,1
s05,586,-4.944173061852708,test,1
s05,587,-5.1398944374891737,test,1
s05,588,-4.9524257126546445,test,1
s05,589,-5.4726742672915911,test,1
s05,590,-5.0918938421652182,test,1
s05,591,-4.9509093399628883,test,1
s05,592,-5.166132297075321,test,1
s05,593,-4.9635545290712066,test,1
s05,594,-5.8291524483511541,test,1
s05,595,-5.7889793700941921,test,1
s05,596,-5.5998978663998287,test,1
s05,597,-5.285156760334174,test,1
s05,598,-5.6873807448858207,test,1
s05,599,-6.3884848110603096,test,1
s06,0,0.28343290716143643,train,0
s06,1,0.10948806493551638,train,0
s06,2,-0.10642190363562481,train,0
s06,3,0.02181383761379263,train,0
s06,4,0.043365605775893878,train,0
s06,5,0.23756075628460452,train,0
s06,6,0.17111290735056023,train,0
s06,7,0.083931682934692886,train,0
s06,8,0.47435653099850822,train,0
s06,9,0.93799690399226121,train,0
s06,10,1.2940038427024156,train,0
s06,11,1.4251182447045421,train,0
s06,12,1.6506467653200751,train,0
s06,13,1.7714622855722693,train,0
s06,14,1.3908625539800337,train,0
s06,15,0.87924806199500305,train,0
s06,16,0.76146539968967475,train,0
s06,17,1.2039334990463038,train,0
s06,18,1.3851163733138709,train,0
s06,19,1.3941654632110603,train,0
s06,20,1.8992544627714634,train,0
s06,21,2.1131614923408328,train,0
s06,22,2.5607681848668404,train,0
s06,23,1.7167409814537531,train,0
s06,24,1.2208994735873984,train,0
s06,25,0.82612320039029319,train,0
s06,26,1.129622784036862,train,0
s06,27,1.6428428262340868,train,0
s06,28,2.1083268698649333,train,0
s06,29,1.7395731930582661,train,0
s06,30,2.0644651268121881,train,0
s06,31,2.0106247683322853,train,0
s06,32,1.8725438907995724,train,0
s06,33,1.6750507843059221,train,0
s06,34,1.0738963819071412,train,0
s06,35,0.38152918607768682,train,0
s06,36,0.071052006968857051,train,0
s06,37,-0.3462832865038652,train,0
s06,38,0.16928870268727339,train,0
s06,39,0.7365607093532931,train,0
s06,40,0.98526953237278536,train,0
s06,41,1.5160542543904534,train,0
s06,42,1.5759647586176668,train,0
s06,43,1.4592882706138148,train,0
s06,44,2.0266429546219591,train,0
s06,45,2.650649030702366,train,0
s06,46,2.4654850843874083,train,0
s06,47,2.6475849257077346,train,0
s06,48,2.4203754813653195,train,0
s06,49,2.4004816946608099,train,0
s06,50,2.2439390020766479,train,0
s06,51,2.0293421592771441,train,0
s06,52,1.8424026522166914,train,0
s06,53,2.104044915764343,train,0
s06,54,2.4389436052485145,train,0
s06,55,2.1385494848816196,train,0
s06,56,2.5943778546242982,train,0
s06,57,2.8773451802458112,train,0
s06,58,2.5866419874472926,train,0
s06,59,2.5992046589500264,train,0
s06,60,2.2594770640791269,train,0
s06,61,2.0871275656454364,train,0
s06,62,2.0201486319821389,train,0
s06,63,2.0280190302632173,train,0
s06,64,1.5823909051085803,train,0
s06,65,1.7663057517330594,train,0
s06,66,1.970702442075662,train,0
s06,67,1.9514763843919753,train,0
s06,68,1.8404077797735359,train,0
s06,69,1.9793913452138328,train,0
s06,70,1.9473484364251885,train,0
s06,71,2.2681601401382507,train,0
s06,72,2.0656277458004237,train,0
s06,73,2.0645386113740609,train,0
s06,74,2.4115005718404103,train,0
s06,75,2.4067235001297846,train,0
s06,76,2.9209897602272834,train,0
s06,77,2.1231012254168031,train,0
s06,78,2.366939469219532,train,0
s06,79,2.242614183239962,train,0
s06,80,2.1609621261229797,train,0
s06,81,1.8802685742226142,train,0
s06,82,1.6580916237005316,train,0
s06,83,1.7563218625251931,train,0
s06,84,1.7601469221460624,train,0
s06,85,1.7794864958246752,train,0
s06,86,1.7439274016117743,train,0
s06,87,1.8989146414626359,train,0
s06,88,1.8041313552700795,train,0
s06,89,1.8197738902518095,train,0
s06,90,1.5608619038278484,train,0
s06,91,1.4225268544650473,train,0
s06,92,1.2375123440133626,train,0
s06,93,1.2613125158407359,train,0
s06,94,0.92592795151693297,train,0
s06,95,1.2187863987179044,train,0
s06,96,1.5367407834306415,train,0
s06,97,1.2075178600567766,train,0
s06,98,0.46120184172634637,train,0
s06,99,0.91841680254288582,train,0
s06,100,1.0855763431289471,train,0
s06,101,1.5172106572435942,train,0
s06,102,1.591661898113607,train,0
s06,103,1.861330636940556,train,0
s06,104,1.5186418211734289,train,0
s06,105,1.2484350813346423,train,0
s06,106,1.3947042439824966,train,0
s06,107,1.413609893069748,train,0
s06,108,1.5879673704704151,train,0
s06,109,1.975133043185398,train,0
s06,110,1.6975274245853231,train,0
s06,111,1.3447045656765002,train,0
s06,112,1.4118376113936679,train,0
s06,113,2.1293045743114511,train,0
s06,114,2.1608884844256697,train,0
s06,115,2.4236333117976026,train,0
s06,116,1.8392961093565385,train,0
s06,117,2.1540628771058845,train,0
s06,118,1.8520167658279361,train,0
s06,119,1.7197898623254042,train,0
s06,120,1.5709219367894942,train,0
s06,121,1.4718236566010223,train,0
s06,122,1.3374824916077281,train,0
s06,123,1.1477557526323026,train,0
s06,124,1.089491665108465,train,0
s06,125,1.0197186018876494,train,0
s06,126,1.1985546583367468,train,0
s06,127,1.18294146291181,train,0
s06,128,1.218320107697455,train,0
s06,129,1.4375017679640738,train,0
s06,130,1.5583105323505035,train,0
s06,131,1.559621519567439,train,0
s06,132,2.2337761676691037,train,0
s06,133,2.4687642147382225,train,0
s06,134,2.6229996876629573,train,0
s06,135,2.4158332017272244,train,0
s06,136,2.4799827753499288,train,0
s06,137,2.2481897684428196,train,0
s06,138,2.0480392517098593,train,0
s06,139,2.4559600647427433,train,0
s06,140,1.768491533550796,train,0
s06,141,1.2725644112575172,train,0
s06,142,1.4567261445936701,train,0
s06,143,1.7078735802643981,train,0
s06,144,1.2830048694712224,train,0
s06,145,1.5493301309840786,train,0
s06,146,2.0213902140941999,train,0
s06,147,1.8689363025129579,train,0
s06,148,1.9626985786049005,train,0
s06,149,2.0113501005088223,train,0
s06,150,1.6295504275620964,train,0
s06,151,1.965303839394009,train,0
s06,152,2.4630123362048213,train,0
s06,153,2.1793435127974718,train,0
s06,154,1.8949225296784789,train,0
s06,155,2.0086475525090295,train,0
s06,156,2.1818118670411475,train,0
s06,157,1.9891386538081,train,0
s06,158,1.7352051307001295,train,0
s06,159,1.7127760761038529,train,0
s06,160,2.064266729364256,train,0
s06,161,1.5198171347840637,train,0
s06,162,1.9841484447741071,train,0
s06,163,2.2464284426029515,train,0
s06,164,1.7707949189830197,train,0
s06,165,1.299011888095462,train,0
s06,166,1.5650939869304865,train,0
s06,167,1.6934562050270798,train,0
s06,168,1.2409747250200893,train,0
s06,169,1.1238830733523888,train,0
s06,170,1.4107582520795914,train,0
s06,171,1.635194121731536,train,0
s06,172,1.4649213156195429,train,0
s06,173,2.1777769590790323,train,0
s06,174,1.8233204753399817,train,0
s06,175,1.5540016165033195,train,0
s06,176,1.7075662247830232,train,0
s06,177,1.9335889958465806,train,0
s06,178,1.9558498762879788,train,0
s06,179,1.2517193077059408,train,0
s06,180,1.5231777080457249,train,0
s06,181,1.7652670583781862,train,0
s06,182,1.473222102978647,train,0
s06,183,1.3504280504155317,train,0
s06,184,1.8008750763293526,train,0
s06,185,1.6254771473894749,train,0
s06,186,1.7271958128282885,train,0
s06,187,1.721627290123205,train,0
s06,188,2.0437646859122434,train,0
s06,189,2.7304330162066717,train,0
s06,190,2.365246515851037,train,0
s06,191,1.8991276972311257,train,0
s06,192,1.87511050634281,train,0
s06,193,1.9941610193429393,train,0
s06,194,2.2172692153950884,train,0
s06,195,2.0658654889874524,train,0
s06,196,2.3095827394580506,train,0
s06,197,2.1345311320611335,train,0
s06,198,1.8031273534293391,train,0
s06,199,1.5539789711876677,train,0
s06,200,0.89007817328220085,calibration,0
s06,201,1.274733191408687,calibration,0
s06,202,1.320696446183578,calibration,0
s06,203,1.1815323093746664,calibration,0
s06,204,1.2491370938022366,calibration,0
s06,205,1.8999836748416685,calibration,0
s06,206,2.0067469197230139,calibration,0
s06,207,1.6343131277611476,calibration,0
s06,208,1.4586209203152793,calibration,0
s06,209,1.2198038717539301,calibration,0
s06,210,1.8491577125939469,calibration,0
s06,211,1.5949829446384582,calibration,0
s06,212,1.744953237140503,calibration,0
s06,213,1.9841389561593621,calibration,0
s06,214,1.7765469488184504,calibration,0
s06,215,1.8179860411801858,calibration,0
s06,216,2.1217048578985236,calibration,0
s06,217,1.6924068115806135,calibration,0
s06,218,1.1934237434175634,calibration,0
s06,219,1.5508166140338173,calibration,0
s06,220,1.5753018561463665,calibration,0
s06,221,1.615867555337805,calibration,0
s06,222,1.2030669604461257,calibration,0
s06,223,1.7491595735283143,calibration,0
s06,224,1.4048806554291466,calibration,0
s06,225,0.95636432363403068,calibration,0
s06,226,0.82318798740280297,calibration,0
s06,227,1.0644989959707116,calibration,0
s06,228,1.9537079599819367,calibration,0
s06,229,1.3083994902301317,calibration,0
s06,230,1.8135053862697352,calibration,0
s06,231,1.6118685780256743,calibration,0
s06,232,1.6647155548598218,calibration,0
s06,233,1.6839185079186094,calibration,0
s06,234,1.8928564956259193,calibration,0
s06,235,2.178327545932464,calibration,0
s06,236,2.2682137038011185,calibration,0
s06,237,2.1879741594131001,calibration,0
s06,238,2.3063920374946356,calibration,0
s06,239,1.9799149289958176,calibration,0
s06,240,1.9808066111102438,calibration,0
s06,241,1.5532042509415311,calibration,0
s06,242,1.6206206944272428,calibration,0
s06,243,1.9989686234859969,calibration,0
s06,244,2.1362104965710165,calibration,0
s06,245,1.6522041489551331,calibration,0
s06,246,1.5062683978103433,calibration,0
s06,247,1.8712018770235721,calibration,0
s06,248,1.8735818332505463,calibration,0
s06,249,1.7103392969716644,calibration,0
s06,250,1.8138188557603552,calibration,0
s06,251,1.9781276831675572,calibration,0
s06,252,2.2111455464737815,calibration,0
s06,253,2.1625075257480262,calibration,0
s06,254,1.817460573559738,calibration,0
s06,255,2.1291962479172843,calibration,0
s06,256,1.8826869334615033,calibration,0
s06,257,2.4427562444573936,calibration,0
s06,258,1.841491992505027,calibration,0
s06,259,1.7775203690882544,calibration,0
s06,260,1.7328260619561142,calibration,0
s06,261,1.533808263287709,calibration,0
s06,262,1.8446796232758622,calibration,0
s06,263,1.780773102038955,calibration,0
s06,264,1.2590553606366153,calibration,0
s06,265,1.3070796060867824,calibration,0
s06,266,1.3810051137339572,calibration,0
s06,267,1.5812594144909899,calibration,0
s06,268,1.3346478266147834,calibration,0
s06,269,1.3885886640335874,calibration,0
s06,270,1.2911318798988747,calibration,0
s06,271,1.4180864777970228,calibration,0
s06,272,1.1816484667843707,calibration,0
s06,273,1.2013617634279976,calibration,0
s06,274,1.4081437254919069,calibration,0
s06,275,1.4847589549899667,calibration,0
s06,276,1.2344476880821906,calibration,0
s06,277,0.77498841889784964,calibration,0
s06,278,0.74285311119184627,calibration,0
s06,279,0.74770253451306079,calibration,0
s06,280,1.0714174548961044,calibration,0
s06,281,1.360738527427805,calibration,0
s06,282,1.4117835222625081,calibration,0
s06,283,0.99048566817813888,calibration,0
s06,284,0.58033457461487126,calibration,0
s06,285,0.32066609024001069,calibration,0
s06,286,0.17267333397620088,calibration,0
s06,287,-0.08913250208092427,calibration,0
s06,288,0.57647931494765625,calibration,0
s06,289,0.78042147029969555,calibration,0
s06,290,1.0286477918238515,calibration,0
s06,291,0.97168210621491125,calibration,0
s06,292,1.1303947327740866,calibration,0
s06,293,1.6736292640910875,calibration,0
s06,294,1.6108238664146128,calibration,0
s06,295,1.6000066188124633,calibration,0
s06,296,1.6777311772151897,calibration,0
s06,297,2.0000153326836441,calibration,0
s06,298,1.9521334710840172,calibration,0
s06,299,1.8717954127416945,calibration,0
s06,300,1.5777714220080274,calibration,0
s06,301,1.2761009992601557,calibration,0
s06,302,1.1508909899985107,calibration,0
s06,303,0.93959194517056466,calibration,0
s06,304,1.159575326828937,calibration,0
s06,305,1.0597801495569568,calibration,0
s06,306,1.5512729044914071,calibration,0
s06,307,1.8644313478852905,calibration,0
s06,308,1.6744604220476282,calibration,0
s06,309,1.774447521082664,calibration,0
s06,310,1.7849268526197013,calibration,0
s06,311,1.6155823668418645,calibration,0
s06,312,1.6210458874117759,calibration,0
s06,313,1.6684096114857359,calibration,0
s06,314,1.5867769148199833,calibration,0
s06,315,1.1237892593638992,calibration,0
s06,316,0.69108797470482364,calibration,0
s06,317,0.76905534356275418,calibration,0
s06,318,1.1528181427667819,calibration,0
s06,319,0.8096621312610891,calibration,0
s06,320,0.75623257759686513,calibration,0
s06,321,0.8858845860951351,calibration,0
s06,322,1.0714437984491592,calibration,0
s06,323,0.94522107864676086,calibration,0
s06,324,0.63782026837338801,calibration,0
s06,325,1.0753708355228941,calibration,0
s06,326,1.0202440787850733,calibration,0
s06,327,1.2507625743869104,calibration,0
s06,328,1.2291131335011138,calibration,0
s06,329,1.4342391612154806,calibration,0
s06,330,1.5983663118847009,calibration,0
s06,331,1.8375033103127367,calibration,0
s06,332,1.6432768858060598,calibration,0
s06,333,1.9415491776157603,calibration,0
s06,334,1.372908863893584,calibration,0
s06,335,2.1003420425987778,calibration,0
s06,336,1.8696764167575768,calibration,0
s06,337,1.4414140061395984,calibration,0
s06,338,1.1430040885057782,calibration,0
s06,339,1.0103520346002663,calibration,0
s06,340,0.97932958561171157,calibration,0
s06,341,1.0373690156153945,calibration,0
s06,342,0.70684308040252319,calibration,0
s06,343,1.3058733915224792,calibration,0
s06,344,1.7994219381109919,calibration,0
s06,345,1.686133526504388,calibration,0
s06,346,1.960043940105197,calibration,0
s06,347,2.2564527533691328,calibration,0
s06,348,2.3836398500388709,calibration,0
s06,349,1.986042130806184,calibration,0
s06,350,2.2333270712424449,test,0
s06,351,2.0105996891329845,test,0
s06,352,1.9425954272420769,test,0
s06,353,1.993751760603897,test,0
s06,354,2.1241113889681098,test,0
s06,355,2.278169362639507,test,0
s06,356,2.6721186455441091,test,0
s06,357,2.6137339063053937,test,0
s06,358,2.5579226035910314,test,0
s06,359,2.3294778138237566,test,0
s06,360,2.1524184965495974,test,0
s06,361,2.2225206157754269,test,0
s06,362,2.2567716679502405,test,0
s06,363,2.3939814870695586,test,0
s06,364,2.4328395308755355,test,0
s06,365,2.3961377974517686,test,0
s06,366,2.393346410769591,test,0
s06,367,1.7014150759610971,test,0
s06,368,2.3469750491495982,test,0
s06,369,2.2785600268864896,test,0
s06,370,2.2200946502448575,test,0
s06,371,2.2045149251321177,test,0
s06,372,1.7469323157532917,test,0
s06,373,1.682262975982868,test,0
s06,374,1.3501718119702315,test,0
s06,375,1.1574607800099976,test,1
s06,376,1.5271501737393622,test,1
s06,377,1.2854488689936572,test,1
s06,378,1.5105637022993395,test,1
s06,379,1.3942075252255846,test,1
s06,380,1.7589073000554067,test,1
s06,381,1.9975374720115389,test,1
s06,382,1.6055200566427292,test,1
s06,383,1.9023799731884845,test,1
s06,384,2.1731343699409313,test,1
s06,385,1.9518222976020259,test,1
s06,386,1.764255430862836,test,1
s06,387,1.5796059900233836,test,1
s06,388,1.6175773684341586,test,1
s06,389,1.6678688693068284,test,1
s06,390,1.5643215056542199,test,1
s06,391,1.8274030510144312,test,1
s06,392,1.1446689987694771,test,1
s06,393,1.2301640361990616,test,1
s06,394,1.6282276169852425,test,1
s06,395,1.9888458250194745,test,1
s06,396,1.7267313327508571,test,1
s06,397,2.2347288631985682,test,1
s06,398,2.0109276337013826,test,1
s06,399,1.9054725233562337,test,1
s06,400,2.4925409124003899,test,1
s06,401,2.622360070431351,test,1
s06,402,2.7725246905046377,test,1
s06,403,2.8695142498719677,test,1
s06,404,2.5350642536226955,test,1
s06,405,2.5288741005686917,test,1
s06,406,2.7018068170559442,test,1
s06,407,3.1286204725537825,test,1
s06,408,3.1342113171711872,test,1
s06,409,2.8403124150034871,test,1
s06,410,2.5234500459512499,test,1
s06,411,2.1967843517031924,test,1
s06,412,2.2583412481273997,test,1
s06,413,2.8814800544024353,test,1
s06,414,3.2446306232585189,test,1
s06,415,3.4041437584558016,test,1
s06,416,3.2993650972036797,test,1
s06,417,3.5022667105579082,test,1
s06,418,3.2241757692805457,test,1
s06,419,2.7110180761475253,test,1
s06,420,2.5447920643507738,test,1
s06,421,2.7729271219443783,test,1
s06,422,3.9378497262659766,test,1
s06,423,4.2275424651263194,test,1
s06,424,4.0579467944077843,test,1
s06,425,4.0543005217571064,test,1
s06,426,4.2326994761875145,test,1
s06,427,3.8313029784064594,test,1
s06,428,3.7520130633443465,test,1
s06,429,3.8191481478627125,test,1
s06,430,3.4781120358805779,test,1
s06,431,3.8878018221297195,test,1
s06,432,4.0729863134724251,test,1
s06,433,4.2398933363114599,test,1
s06,434,3.9093847789738687,test,1
s06,435,3.9041483275212272,test,1
s06,436,4.1245094064373555,test,1
s06,437,3.8816782060744086,test,1
s06,438,3.8455117505593437,test,1
s06,439,4.2803345143049443,test,1
s06,440,4.2927747638153093,test,1
s06,441,4.0997188176617083,test,1
s06,442,4.5627740439583562,test,1
s06,443,4.3559052350416811,test,1
s06,444,4.4041467270376877,test,1
s06,445,4.6175813590253636,test,1
s06,446,3.7325939804128323,test,1
s06,447,3.7177366661143121,test,1
s06,448,3.5376825731323316,test,1
s06,449,3.6936779466679588,test,1
s06,450,3.7311927950681212,test,1
s06,451,3.9437795732895897,test,1
s06,452,4.0532791732931779,test,1
s06,453,4.4915385000302281,test,1
s06,454,4.3154799125980077,test,1
s06,455,3.8551409014071591,test,1
s06,456,3.7305616496253968,test,1
s06,457,3.8663729628096077,test,1
s06,458,4.253291493017894,test,1
s06,459,4.5233693988701127,test,1
s06,460,4.494473687722591,test,1
s06,461,4.8754230794604512,test,1
s06,462,4.5732816934135192,test,1
s06,463,4.5847915386773943,test,1
s06,464,4.5441609709397675,test,1
s06,465,4.1941552352770168,test,1
s06,466,4.3116505578685915,test,1
s06,467,4.3304051547976909,test,1
s06,468,4.0985996332743895,test,1
s06,469,4.4464281094235734,test,1
s06,470,4.2969393783800376,test,1
s06,471,5.0715756995592649,test,1
s06,472,5.7088951190292185,test,1
s06,473,5.8211976265217169,test,1
s06,474,5.9978411744390208,test,1
s06,475,6.1857692318461366,test,1
s06,476,6.4519209944769695,test,1
s06,477,6.7392225640133576,test,1
s06,478,6.1599120461154602,test,1
s06,479,6.0764010708038336,test,1
s06,480,5.2140291955153,test,1
s06,481,5.022077198759975,test,1
s06,482,4.6530046114410837,test,1
s06,483,4.2969135058871908,test,1
s06,484,4.2441743335440458,test,1
s06,485,4.3443974142138702,test,1
s06,486,5.0523232385818782,test,1
s06,487,5.0330013021313258,test,1
s06,488,4.7223837083553279,test,1
s06,489,4.8522231033682477,test,1
s06,490,4.556465426457569,test,1
s06,491,4.3870584588807437,test,1
s06,492,4.3553668695491021,test,1
s06,493,5.2426264161891627,test,1
s06,494,4.6047350430585929,test,1
s06,495,4.6968991621095144,test,1
s06,496,4.8455857221166543,test,1
s06,497,5.2362824961883199,test,1
s06,498,5.1181434813040951,test,1
s06,499,4.8844486319816518,test,1
s06,500,5.2092530994867339,test,1
s06,501,5.4092077606437083,test,1
s06,502,5.5224411014467716,test,1
s06,503,5.6300571094813963,test,1
s06,504,5.3933820251710394,test,1
s06,505,5.4406197381910966,test,1
s06,506,5.6194003288879788,test,1
s06,507,5.5843094624056722,test,1
s06,508,5.7108209535498551,test,1
s06,509,6.1815591494316449,test,1
s06,510,6.421270839986331,test,1
s06,511,6.1551782386873315,test,1
s06,512,5.9271131585267796,test,1
s06,513,6.3008688275786513,test,1
s06,514,6.0480318134615398,test,1
s06,515,6.351793713412337,test,1
s06,516,6.0928855903523376,test,1
s06,517,6.3043439147086282,test,1
s06,518,6.3111602486352121,test,1
s06,519,6.6871712042835583,test,1
s06,520,6.7278627131978626,test,1
s06,521,6.9137857254886876,test,1
s06,522,6.9457537031138843,test,1
s06,523,7.3643710669416169,test,1
s06,524,7.4820855628377183,test,1
s06,525,6.937281635016987,test,1
s06,526,7.0737154478405788,test,1
s06,527,6.9032636293673928,test,1
s06,528,6.8203141762421637,test,1
s06,529,6.5871766057513081,test,1
s06,530,6.4708626174309067,test,1
s06,531,6.5631375883379164,test,1
s06,532,6.6922165409047114,test,1
s06,533,6.8978529456261262,test,1
s06,534,7.4392983577475862,test,1
s06,535,7.7778665975914318,test,1
s06,536,7.5272810501739942,test,1
s06,537,7.3930224833954474,test,1
s06,538,7.3021511670755679,test,1
s06,539,6.5916574378785526,test,1
s06,540,6.8747413535256561,test,1
s06,541,7.0440260931065239,test,1
s06,542,6.9633953218671607,test,1
s06,543,7.0762330651788101,test,1
s06,544,7.1253328371348363,test,1
s06,545,7.2905023205618624,test,1
s06,546,7.2877827338836374,test,1
s06,547,7.4835902274232211,test,1
s06,548,7.4284621759386056,test,1
s06,549,7.4550704872278226,test,1
s06,550,7.1915866411114111,test,1
s06,551,7.8685425043136652,test,1
s06,552,7.4876555308770847,test,1
s06,553,7.2508195841677781,test,1
s06,554,7.6349799915945438,test,1
s06,555,8.1221489697518425,test,1
s06,556,7.9661637993523939,test,1
s06,557,7.4655007843138153,test,1
s06,558,7.383902527214862,test,1
s06,559,7.2747949767578479,test,1
s06,560,7.6994033761178526,test,1
s06,561,8.3140530861060693,test,1
s06,562,8.5727281973993854,test,1
s06,563,8.4251207352588207,test,1
s06,564,8.8214028428658811,test,1
s06,565,8.4263590240799502,test,1
s06,566,8.0705211779259436,test,1
s06,567,8.3619243591993975,test,1
s06,568,8.2750893438787383,test,1
s06,569,8.1112312374702213,test,1
s06,570,8.1049334897107368,test,1
s06,571,7.9379715366336603,test,1
s06,572,8.0838895820519685,test,1
s06,573,7.8114136483575294,test,1
s06,574,7.6824689359946534,test,1
s06,575,7.9611350957471654,test,1
s06,576,8.0234975920687415,test,1
s06,577,8.2840640751276773,test,1
s06,578,8.689704726063324,test,1
s06,579,8.5853327184689849,test,1
s06,580,8.0384954037792511,test,1
s06,581,8.0139980732336529,test,1
s06,582,8.2009639969214483,test,1
s06,583,8.3316060972685761,test,1
s06,584,7.853485624438675,test,1
s06,585,8.2039022319697352,test,1
s06,586,8.4082322554779996,test,1
s06,587,8.2587762081919482,test,1
s06,588,8.0778084768114073,test,1
s06,589,8.0760932143948043,test,1
s06,590,8.061263079171848,test,1
s06,591,7.83537390351285,test,1
s06,592,8.563963923681067,test,1
s06,593,9.0044284316138636,test,1
s06,594,9.3136997719060606,test,1
s06,595,9.668167959126686,test,1
s06,596,9.4346258436705117,test,1
s06,597,9.0040091680981842,test,1
s06,598,8.6751851483758813,test,1
s06,599,8.4684804978428314,test,1
s07,0,0.16406118784518001,train,0
s07,1,-0.49097033827731196,train,0
s07,2,-0.046611310728634593,train,0
s07,3,0.58958581985263359,train,0
s07,4,0.75069782299304999,train,0
s07,5,0.75502698864140372,train,0
s07,6,0.66376073644929523,train,0
s07,7,0.79096078848074214,train,0
s07,8,0.45240795568597492,train,0
s07,9,-0.066202197520262573,train,0
s07,10,0.348448306649282,train,0
s07,11,0.58398861622182374,train,0
s07,12,0.54241852110413591,train,0
s07,13,0.56092975054545957,train,0
s07,14,0.69051960213457875,train,0
s07,15,0.95652165180425641,train,0
s07,16,1.0294289519999185,train,0
s07,17,1.64801053196592,train,0
s07,18,1.6875577404900945,train,0
s07,19,1.469895923772442,train,0
s07,20,1.7565913258067096,train,0
s07,21,1.7284234044581213,train,0
s07,22,1.2774162801630791,train,0
s07,23,1.7602872101002129,train,0
s07,24,1.823949218291615,train,0
s07,25,2.0894731086137948,train,0
s07,26,1.7464807381763485,train,0
s07,27,1.7359972869948599,train,0
s07,28,1.9282529432583979,train,0
s07,29,2.6089562412600413,train,0
s07,30,2.5364136282863163,train,0
s07,31,2.5750650053798876,train,0
s07,32,2.3623087575544046,train,0
s07,33,2.1679979093739177,train,0
s07,34,2.1649712506987737,train,0
s07,35,2.0602467232638766,train,0
s07,36,2.0718256134658541,train,0
s07,37,1.4780228859817359,train,0
s07,38,1.6141124164444793,train,0
s07,39,1.9309631059724612,train,0
s07,40,1.9406972695665012,train,0
s07,41,2.0519671639571238,train,0
s07,42,1.961477723696706,train,0
s07,43,1.8147839986642673,train,0
s07,44,1.607668400875053,train,0
s07,45,1.0321302421405991,train,0
s07,46,1.2292310362538827,train,0
s07,47,1.4681156529576718,train,0
s07,48,1.1348526422593257,train,0
s07,49,1.4504480016114183,train,0
s07,50,1.5995066442389079,train,0
s07,51,1.9994163867289623,train,0
s07,52,2.1580673415806584,train,0
s07,53,1.8398710596581003,train,0
s07,54,2.2326683604902842,train,0
s07,55,2.1242747244617424,train,0
s07,56,1.9046002767307135,train,0
s07,57,1.6805623887653218,train,0
s07,58,2.0573670783255138,train,0
s07,59,2.1052918468888606,train,0
s07,60,2.0364028157073011,train,0
s07,61,2.191348567769952,train,0
s07,62,2.4553445047868108,train,0
s07,63,2.861392162133253,train,0
s07,64,2.6042463496294888,train,0
s07,65,2.345925687396671,train,0
s07,66,2.7283445982253762,train,0
s07,67,2.5404184139887227,train,0
s07,68,2.4388079483761973,train,0
s07,69,2.4792709793639713,train,0
s07,70,2.2711288208746829,train,0
s07,71,2.4422678352372547,train,0
s07,72,2.1127478454272519,train,0
s07,73,1.7278601027420604,train,0
s07,74,1.228914765190068,train,0
s07,75,1.5504444252969325,train,0
s07,76,1.5465349307498681,train,0
s07,77,1.4619715887483631,train,0
s07,78,1.2567074185628615,train,0
s07,79,1.0911220039267548,train,0
s07,80,1.2080346552182497,train,0
s07,81,1.0577873028516744,train,0
s07,82,0.83423459776069864,train,0
s07,83,0.83233301325236753,train,0
s07,84,1.4362530606973729,train,0
s07,85,1.3305121465210945,train,0
s07,86,0.86192071142169324,train,0
s07,87,1.5220592803661237,train,0
s07,88,1.7695506304257929,train,0
s07,89,1.6020747752969571,train,0
s07,90,1.3820510894061255,train,0
s07,91,1.3556543014023026,train,0
s07,92,1.596081216898722,train,0
s07,93,1.7071734800813636,train,0
s07,94,1.6490515987724179,train,0
s07,95,1.2486864796064205,train,0
s07,96,0.93675312862155335,train,0
s07,97,1.1094896179547979,train,0
s07,98,1.5661878253267507,train,0
s07,99,1.1984135493577195,train,0
s07,100,1.3913846484665187,train,0
s07,101,1.2867591558783935,train,0
s07,102,1.6226537487173007,train,0
s07,103,2.2486556347580109,train,0
s07,104,2.4076633716219278,train,0
s07,105,1.6646788605265777,train,0
s07,106,0.83012920521812661,train,0
s07,107,0.66408581687873891,train,0
s07,108,0.42559202576369198,train,0
s07,109,0.52690141123087075,train,0
s07,110,0.91784006244137306,train,0
s07,111,1.6385988443538131,train,0
s07,112,1.5056458284774483,train,0
s07,113,0.67903557119475733,train,0
s07,114,0.81228413773875507,train,0
s07,115,0.64308784619555248,train,0
s07,116,0.50165306063231818,train,0
s07,117,0.53657747180111637,train,0
s07,118,1.2938410533704139,train,0
s07,119,0.90869194819866805,train,0
s07,120,1.8480658876167939,train,0
s07,121,1.6919163994622246,train,0
s07,122,1.4163137177397034,train,0
s07,123,2.1477318143335085,train,0
s07,124,1.795337248553885,train,0
s07,125,2.0030505795474269,train,0
s07,126,2.0441563946289487,train,0
s07,127,2.138585387299039,train,0
s07,128,1.9650812049566813,train,0
s07,129,2.1208203958481291,train,0
s07,130,2.0995486401097385,train,0
s07,131,2.1387537249221968,train,0
s07,132,2.1456405900080204,train,0
s07,133,2.0223871628731436,train,0
s07,134,1.5632082141377239,train,0
s07,135,1.4146094956895843,train,0
s07,136,1.5721632615568204,train,0
s07,137,1.978443784280417,train,0
s07,138,1.8815016447154631,train,0
s07,139,2.2552941682639585,train,0
s07,140,1.698861711908652,train,0
s07,141,1.6777643902346679,train,0
s07,142,1.4027453901542923,train,0
s07,143,1.0602634859395015,train,0
s07,144,1.4710425754815928,train,0
s07,145,1.2416435027346531,train,0
s07,146,0.98630431330737744,train,0
s07,147,1.2075574215306863,train,0
s07,148,1.2064926733953465,train,0
s07,149,0.58944094257827229,train,0
s07,150,0.62275290781310133,train,0
s07,151,1.0002001514420114,train,0
s07,152,1.5425412543903803,train,0
s07,153,1.1484188351049778,train,0
s07,154,1.1134877709779691,train,0
s07,155,1.3654517201264198,train,0
s07,156,1.5027074372752101,train,0
s07,157,1.8765684580830888,train,0
s07,158,1.5523627781490807,train,0
s07,159,1.315434891595656,train,0
s07,160,1.6606344602007901,train,0
s07,161,1.9432687373170023,train,0
s07,162,1.5371417350285712,train,0
s07,163,1.6324248209546353,train,0
s07,164,1.2453387852825006,train,0
s07,165,1.4475897404204856,train,0
s07,166,1.5868587090626478,train,0
s07,167,1.3957836225952478,train,0
s07,168,1.7339546013154445,train,0
s07,169,1.9371071827648427,train,0
s07,170,2.0350162252775297,train,0
s07,171,1.7769830340994031,train,0
s07,172,1.7213860486941459,train,0
s07,173,1.8703599959553006,train,0
s07,174,2.132134616748306,train,0
s07,175,1.6065366412943172,train,0
s07,176,1.878794495874319,train,0
s07,177,1.9989997794048295,train,0
s07,178,1.8727155386130978,train,0
s07,179,1.6633083957808807,train,0
s07,180,1.980276452715056,train,0
s07,181,1.9594034774813358,train,0
s07,182,2.2154317469431533,train,0
s07,183,2.170427978656146,train,0
s07,184,1.9037745291331654,train,0
s07,185,1.8373754652563883,train,0
s07,186,1.7664346564516902,train,0
s07,187,2.0316775009793773,train,0
s07,188,2.2081240581231234,train,0
s07,189,2.2974495260210492,train,0
s07,190,2.2806352927576699,train,0
s07,191,1.9414108601752433,train,0
s07,192,1.4804609486883384,train,0
s07,193,1.9948524477143477,train,0
s07,194,1.9920771662760655,train,0
s07,195,1.5816863548906515,train,0
s07,196,1.3223435480499632,train,0
s07,197,1.1512258460671332,train,0
s07,198,1.1414066019429339,train,0
s07,199,1.3924071845283708,train,0
s07,200,1.0826084657274082,calibration,0
s07,201,1.2121558537796064,calibration,0
s07,202,1.1525463184360865,calibration,0
s07,203,1.2351703247334189,calibration,0
s07,204,1.6829192995354245,calibration,0
s07,205,1.0703691649139087,calibration,0
s07,206,1.2301934784585604,calibration,0
s07,207,1.0564623904003569,calibration,0
s07,208,1.2790358857807369,calibration,0
s07,209,1.3943041428390723,calibration,0
s07,210,1.618917883935461,calibration,0
s07,211,1.641490265241879,calibration,0
s07,212,1.6220245239680693,calibration,0
s07,213,1.6641646020180327,calibration,0
s07,214,1.6722662519496583,calibration,0
s07,215,1.3460985648258825,calibration,0
s07,216,1.527315614639345,calibration,0
s07,217,1.639584141709326,calibration,0
s07,218,2.3357395398650653,calibration,0
s07,219,2.2338055290705849,calibration,0
s07,220,2.0950849260826843,calibration,0
s07,221,2.1499082840503592,calibration,0
s07,222,2.2837623189031127,calibration,0
s07,223,1.8470735080914915,calibration,0
s07,224,1.4395473710667064,calibration,0
s07,225,1.5300265637462394,calibration,0
s07,226,2.0485017525867306,calibration,0
s07,227,2.2143566947013773,calibration,0
s07,228,1.8874937250966024,calibration,0
s07,229,1.5895756384641779,calibration,0
s07,230,1.7411213031615222,calibration,0
s07,231,1.775908099796796,calibration,0
s07,232,2.1144117050892945,calibration,0
s07,233,1.9429248631088147,calibration,0
s07,234,1.6779236311447736,calibration,0
s07,235,1.5007689269156819,calibration,0
s07,236,1.9917671832575434,calibration,0
s07,237,2.369198766215578,calibration,0
s07,238,2.1229380847879873,calibration,0
s07,239,1.7904559532675099,calibration,0
s07,240,1.8259749860096925,calibration,0
s07,241,1.2153914110725366,calibration,0
s07,242,0.92565595094368647,calibration,0
s07,243,1.2663059414234064,calibration,0
s07,244,1.4248835000363644,calibration,0
s07,245,1.2667043799763489,calibration,0
s07,246,1.7181104499371169,calibration,0
s07,247,1.4071221509862855,calibration,0
s07,248,1.698613943383948,calibration,0
s07,249,1.7574238728740821,calibration,0
s07,250,1.8614212669266825,calibration,0
s07,251,1.7821031655445194,calibration,0
s07,252,1.5618873712172612,calibration,0
s07,253,1.5318923733662135,calibration,0
s07,254,1.4807734093006704,calibration,0
s07,255,1.9014144147583101,calibration,0
s07,256,1.6245662130761691,calibration,0
s07,257,1.8438762663883472,calibration,0
s07,258,1.4959702093141718,calibration,0
s07,259,1.4504020249965135,calibration,0
s07,260,1.3968281846414852,calibration,0
s07,261,1.5901448423216695,calibration,0
s07,262,1.123927875510891,calibration,0
s07,263,1.1089033500195191,calibration,0
s07,264,1.4939277391867578,calibration,0
s07,265,1.2828666803159843,calibration,0
s07,266,0.97962135512591475,calibration,0
s07,267,1.0096848192317021,calibration,0
s07,268,1.2286791000856863,calibration,0
s07,269,1.5956375441281609,calibration,0
s07,270,2.0833371788399502,calibration,0
s07,271,1.6695610508285288,calibration,0
s07,272,1.6626655171072162,calibration,0
s07,273,1.6645807813995352,calibration,0
s07,274,1.9171795677509889,calibration,0
s07,275,1.4696905100331297,calibration,0
s07,276,1.5172398654612245,calibration,0
s07,277,1.6999962075008772,calibration,0
s07,278,1.9518277832139044,calibration,0
s07,279,1.7543835692953642,calibration,0
s07,280,2.0714526298185723,calibration,0
s07,281,2.6499139385685524,calibration,0
s07,282,3.2007984873651618,calibration,0
s07,283,2.5908666164559655,calibration,0
s07,284,1.8910105636514083,calibration,0
s07,285,1.9461509704487654,calibration,0
s07,286,2.103580000629798,calibration,0
s07,287,1.9976007676341574,calibration,0
s07,288,1.8368974454213385,calibration,0
s07,289,1.8279633572349083,calibration,0
s07,290,1.8408475133321767,calibration,0
s07,291,1.6956934738762681,calibration,0
s07,292,1.5952273461600077,calibration,0
s07,293,1.8081932826131775,calibration,0
s07,294,1.890895391563757,calibration,0
s07,295,2.2085963512466504,calibration,0
s07,296,2.2785450369374391,calibration,0
s07,297,2.4018484806793343,calibration,0
s07,298,2.2670253479741063,calibration,0
s07,299,2.1709454279932956,calibration,0
s07,300,1.8517967654783787,calibration,0
s07,301,2.2771940289483172,calibration,0
s07,302,2.3499186201999187,calibration,0
s07,303,2.4767945143016163,calibration,0
s07,304,2.6109439066223858,calibration,0
s07,305,2.6186367079729007,calibration,0
s07,306,2.1906607374760312,calibration,0
s07,307,1.6504182927470914,calibration,0
s07,308,1.3465407784062087,calibration,0
s07,309,1.5187215524605566,calibration,0
s07,310,2.0296927025749016,calibration,0
s07,311,2.1310871868003236,calibration,0
s07,312,1.8680625839003824,calibration,0
s07,313,1.6221701187422628,calibration,0
s07,314,1.8786803623157546,calibration,0
s07,315,2.1773173702643183,calibration,0
s07,316,1.8130636193788805,calibration,0
s07,317,1.9838606556872063,calibration,0
s07,318,1.3893689997252541,calibration,0
s07,319,1.2593887377638842,calibration,0
s07,320,1.6508511779394177,calibration,0
s07,321,1.4860062408836647,calibration,0
s07,322,1.8802001117962153,calibration,0
s07,323,2.5181842631723592,calibration,0
s07,324,2.9374621787018582,calibration,0
s07,325,2.4619593248254659,calibration,0
s07,326,2.029840137005523,calibration,0
s07,327,2.6509004016174447,calibration,0
s07,328,2.7255033752319973,calibration,0
s07,329,2.0929532449602335,calibration,0
s07,330,1.7434418347329377,calibration,0
s07,331,1.9570084443074967,calibration,0
s07,332,1.988364267870099,calibration,0
s07,333,2.5213340627452525,calibration,0
s07,334,2.6283680971882326,calibration,0
s07,335,2.6848605932656726,calibration,0
s07,336,2.5241567506981872,calibration,0
s07,337,2.2015736964526158,calibration,0
s07,338,2.0563293466628587,calibration,0
s07,339,1.3965321786044305,calibration,0
s07,340,1.7307722712630809,calibration,0
s07,341,1.4473335089082575,calibration,0
s07,342,1.5742575333557804,calibration,0
s07,343,1.9209882198493415,calibration,0
s07,344,1.5608686396414406,calibration,0
s07,345,1.1044239720333717,calibration,0
s07,346,1.1991863205374362,calibration,0
s07,347,1.3242267020914231,calibration,0
s07,348,1.1881118572960616,calibration,0
s07,349,1.3697431716803306,calibration,0
s07,350,1.3009911745527025,test,0
s07,351,1.9266095115707949,test,0
s07,352,2.0124133870620446,test,0
s07,353,1.9349418493634178,test,0
s07,354,2.0971055666492395,test,0
s07,355,2.307838904274246,test,0
s07,356,2.2933666946642979,test,0
s07,357,2.4180846099038908,test,0
s07,358,2.4217903701198704,test,0
s07,359,2.583180517713862,test,0
s07,360,2.6791496715462118,test,0
s07,361,2.5986931111066194,test,0
s07,362,2.2848788660663222,test,0
s07,363,2.2238297773946765,test,0
s07,364,2.3342810889651071,test,0
s07,365,2.0600551535395315,test,0
s07,366,1.4863868335513262,test,0
s07,367,1.3890103327458572,test,0
s07,368,1.3360043837634357,test,0
s07,369,0.74925025438775994,test,0
s07,370,1.0374250653561725,test,0
s07,371,0.99463628698382134,test,0
s07,372,1.5251391182834406,test,0
s07,373,1.8673933946963184,test,0
s07,374,1.9314963418721691,test,0
s07,375,1.8962051764261803,test,1
s07,376,2.1848777659839183,test,1
s07,377,1.7083659394935866,test,1
s07,378,1.8553321283865283,test,1
s07,379,1.8419607527051594,test,1
s07,380,1.6484331555848857,test,1
s07,381,1.6443136576153741,test,1
s07,382,1.6359308688634639,test,1
s07,383,1.565695003992176,test,1
s07,384,1.0243479511934557,test,1
s07,385,0.47446305018238255,test,1
s07,386,0.75774210996026248,test,1
s07,387,1.0930463506901043,test,1
s07,388,0.73756294039248615,test,1
s07,389,0.9571572621008394,test,1
s07,390,1.0478655441198341,test,1
s07,391,1.0065872335345984,test,1
s07,392,1.0316028252261049,test,1
s07,393,0.59375093147815516,test,1
s07,394,0.91531630367978578,test,1
s07,395,1.10274944323502,test,1
s07,396,0.90104835420412066,test,1
s07,397,1.1673129758495076,test,1
s07,398,1.0127805652390751,test,1
s07,399,1.0240590890847083,test,1
s07,400,1.0837314034117662,test,1
s07,401,1.10960649213101,test,1
s07,402,1.3110827263365188,test,1
s07,403,1.0417684285515907,test,1
s07,404,0.60771920617144082,test,1
s07,405,0.83173620794279135,test,1
s07,406,0.39319778725353344,test,1
s07,407,0.51567252723684298,test,1
s07,408,0.4199136646786058,test,1
s07,409,0.65126662144506497,test,1
s07,410,0.54021607062931254,test,1
s07,411,0.482444948823672,test,1
s07,412,0.93581965698369207,test,1
s07,413,1.1617278897814334,test,1
s07,414,0.92746617983833335,test,1
s07,415,0.65920177008249359,test,1
s07,416,0.47397124528976375,test,1
s07,417,0.41860627534061617,test,1
s07,418,0.98575709203499173,test,1
s07,419,1.0518322978181063,test,1
s07,420,1.0060459598340945,test,1
s07,421,1.0000572411583093,test,1
s07,422,1.0550023622697138,test,1
s07,423,0.82118863345393522,test,1
s07,424,0.60131097061419903,test,1
s07,425,0.3338805628346373,test,1
s07,426,0.54533903550400098,test,1
s07,427,0.77185360765617583,test,1
s07,428,0.36062994642229845,test,1
s07,429,0.38043406697408311,test,1
s07,430,0.48979591057237221,test,1
s07,431,-0.18998413547244003,test,1
s07,432,0.23270267327522706,test,1
s07,433,0.91641132784924295,test,1
s07,434,1.2868169112417254,test,1
s07,435,0.74615068248318972,test,1
s07,436,0.46259764797629038,test,1
s07,437,-0.11306519340267435,test,1
s07,438,0.4543452017210548,test,1
s07,439,0.18848314527755525,test,1
s07,440,-0.2188749241183684,test,1
s07,441,-0.19426784890778553,test,1
s07,442,-0.72916328036313849,test,1
s07,443,-0.26736998956202201,test,1
s07,444,-0.37806614109286657,test,1
s07,445,-0.35364072286016979,test,1
s07,446,-0.61273507699395191,test,1
s07,447,-0.89665034168327362,test,1
s07,448,-0.62320558338703291,test,1
s07,449,-0.0010680554902035011,test,1
s07,450,-0.46588512542547983,test,1
s07,451,0.1608165333126621,test,1
s07,452,0.26922264614481373,test,1
s07,453,-0.17836768962404176,test,1
s07,454,-0.48606824516407521,test,1
s07,455,-0.60921228741621092,test,1
s07,456,-1.1049871172196406,test,1
s07,457,-0.86896867427397795,test,1
s07,458,-0.87465566066692579,test,1
s07,459,-0.83467513969911478,test,1
s07,460,-1.0776262779441717,test,1
s07,461,-1.1484169367602961,test,1
s07,462,-1.4654388864077486,test,1
s07,463,-1.6341527172415977,test,1
s07,464,-2.1555852256981498,test,1
s07,465,-2.2830605629126977,test,1
s07,466,-1.9302148310813252,test,1
s07,467,-2.3159941765212806,test,1
s07,468,-1.9254632274300756,test,1
s07,469,-1.4910277369516145,test,1
s07,470,-2.1308572615690804,test,1
s07,471,-2.2846125608636259,test,1
s07,472,-2.4513898718715628,test,1
s07,473,-2.0996552858107522,test,1
s07,474,-1.9754446030619901,test,1
s07,475,-2.5002403996426263,test,1
s07,476,-3.1040798361783208,test,1
s07,477,-3.4948315140982671,test,1
s07,478,-3.674099571766634,test,1
s07,479,-3.6026317630488514,test,1
s07,480,-2.734290265507977,test,1
s07,481,-2.403543096979829,test,1
s07,482,-2.2325164609068815,test,1
s07,483,-2.1066071396655404,test,1
s07,484,-2.1679404844732786,test,1
s07,485,-2.1797429567795734,test,1
s07,486,-1.8704243826390416,test,1
s07,487,-1.7684618489650756,test,1
s07,488,-1.5444971863247237,test,1
s07,489,-1.6832392191386134,test,1
s07,490,-2.341723369120984,test,1
s07,491,-2.294475754566514,test,1
s07,492,-2.8028646979282925,test,1
s07,493,-2.7562699902003294,test,1
s07,494,-2.8287155913991788,test,1
s07,495,-2.8673114337043977,test,1
s07,496,-3.2983493408405602,test,1
s07,497,-3.5299697894952793,test,1
s07,498,-3.4444872404842855,test,1
s07,499,-3.1497796348906406,test,1
s07,500,-2.8390567010303092,test,1
s07,501,-2.8372999610264245,test,1
s07,502,-2.1656997528261797,test,1
s07,503,-2.3555948516702143,test,1
s07,504,-2.3394979841113521,test,1
s07,505,-2.1057361989626369,test,1
s07,506,-2.7851146543129301,test,1
s07,507,-2.6746819140202343,test,1
s07,508,-2.3347922022133698,test,1
s07,509,-2.6500617912941258,test,1
s07,510,-2.8687406269360003,test,1
s07,511,-3.3632513330829199,test,1
s07,512,-3.2986691176358018,test,1
s07,513,-3.1781832312797893,test,1
s07,514,-3.9346446021056649,test,1
s07,515,-3.5257926671628574,test,1
s07,516,-3.0556523056059937,test,1
s07,517,-2.7748744429168748,test,1
s07,518,-2.8531558660007268,test,1
s07,519,-2.9104355187819486,test,1
s07,520,-2.91035288169128,test,1
s07,521,-3.2057355620602088,test,1
s07,522,-3.0991637556313858,test,1
s07,523,-3.3817329007076129,test,1
s07,524,-3.5966022367755497,test,1
s07,525,-3.7099909820359445,test,1
s07,526,-3.3438795096692067,test,1
s07,527,-3.3468743278699469,test,1
s07,528,-3.4609317836158642,test,1
s07,529,-3.2672083587707919,test,1
s07,530,-3.4735872747447316,test,1
s07,531,-3.4454028615344274,test,1
s07,532,-3.6617745169803335,test,1
s07,533,-3.9340627541814448,test,1
s07,534,-4.0596937071032855,test,1
s07,535,-4.1478869202631561,test,1
s07,536,-3.7434413930651278,test,1
s07,537,-3.9046935160700293,test,1
s07,538,-3.662758349697258,test,1
s07,539,-3.8606934853885537,test,1
s07,540,-4.4748992559956848,test,1
s07,541,-3.8465238524306913,test,1
s07,542,-3.9542064442498051,test,1
s07,543,-3.7802382009465028,test,1
s07,544,-3.7598998258594212,test,1
s07,545,-3.3993493059156448,test,1
s07,546,-3.9095788017222981,test,1
s07,547,-3.8138422091979018,test,1
s07,548,-3.8520876969541904,test,1
s07,549,-4.1313843560589003,test,1
s07,550,-3.6836049214693238,test,1
s07,551,-3.5529094636645322,test,1
s07,552,-3.5469551190068955,test,1
s07,553,-3.8869121709494796,test,1
s07,554,-4.1926584928308266,test,1
s07,555,-3.9645842856907487,test,1
s07,556,-4.2148574083889994,test,1
s07,557,-4.3054158766836652,test,1
s07,558,-4.7249070015920163,test,1
s07,559,-4.8259590580369602,test,1
s07,560,-4.6051193554347289,test,1
s07,561,-4.8719858086250909,test,1
s07,562,-5.0836988695111671,test,1
s07,563,-5.1352176216029815,test,1
s07,564,-5.081211235396502,test,1
s07,565,-5.3961373583833101,test,1
s07,566,-5.7105161250078869,test,1
s07,567,-5.5743251148176842,test,1
s07,568,-5.6675746092100354,test,1
s07,569,-4.9984786091114373,test,1
s07,570,-4.8355355366542261,test,1
s07,571,-4.8904314001954328,test,1
s07,572,-4.9612309335846261,test,1
s07,573,-4.8104521801121045,test,1
s07,574,-5.4276790898392004,test,1
s07,575,-5.1790323024500644,test,1
s07,576,-4.8346196087007609,test,1
s07,577,-4.7928975361610409,test,1
s07,578,-4.7947427667332683,test,1
s07,579,-4.6259325488921395,test,1
s07,580,-4.9442226665630349,test,1
s07,581,-5.3304247996637191,test,1
s07,582,-5.9281827556393436,test,1
s07,583,-6.1756109542914901,test,1
s07,584,-5.5832959207245185,test,1
s07,585,-5.3661482355637569,test,1
s07,586,-5.7756827028251161,test,1
s07,587,-5.8282183831455727,test,1
s07,588,-5.8432414635587921,test,1
s07,589,-5.7062392943812021,test,1
s07,590,-5.7384302967318339,test,1
s07,591,-5.3931579815283399,test,1
s07,592,-5.4181586182267445,test,1
s07,593,-5.0482050475853821,test,1
s07,594,-4.8498327820085425,test,1
s07,595,-4.8827453122020321,test,1
s07,596,-4.942494566766408,test,1
s07,597,-5.2529457120433802,test,1
s07,598,-4.6302923305612183,test,1
s07,599,-4.6830753492258816,test,1
s08,0,0.28771153199802474,train,0
s08,1,0.62930715991854524,train,0
s08,2,0.67093137030943217,train,0
s08,3,0.95605641607883285,train,0
s08,4,0.79869041279723463,train,0
s08,5,1.5362778756882358,train,0
s08,6,1.9635759900199863,train,0
s08,7,1.5362520663546444,train,0
s08,8,2.0611113772198695,train,0
s08,9,1.8655348687547231,train,0
s08,10,1.7874654941384807,train,0
s08,11,1.8026189245050592,train,0
s08,12,1.4801656871880224,train,0
s08,13,1.6012797547826276,train,0
s08,14,1.6845077425882096,train,0
s08,15,1.0006363071487216,train,0
s08,16,1.0598506825937875,train,0
s08,17,1.3902938690143949,train,0
s08,18,0.75509741635864203,train,0
s08,19,1.0479050151005207,train,0
s08,20,0.6074872357277773,train,0
s08,21,0.95817821157164729,train,0
s08,22,0.95427283686967768,train,0
s08,23,1.523701129409305,train,0
s08,24,1.72208997514677,train,0
s08,25,1.6332054504208477,train,0
s08,26,1.8255575496863274,train,0
s08,27,1.1401878068735471,train,0
s08,28,1.0601929715193619,train,0
s08,29,1.362241615781258,train,0
s08,30,1.4984875464503238,train,0
s08,31,2.0582364042412942,train,0
s08,32,2.2185503567988296,train,0
s08,33,2.263508791105052,train,0
s08,34,1.958493883144713,train,0
s08,35,2.0601896126775578,train,0
s08,36,2.525161909435008,train,0
s08,37,2.2738816790799929,train,0
s08,38,2.1351106445574288,train,0
s08,39,1.7829383440359332,train,0
s08,40,1.8562387758473848,train,0
s08,41,1.3596953621253154,train,0
s08,42,1.2924395242875442,train,0
s08,43,0.94760919421928003,train,0
s08,44,1.4381688940984652,train,0
s08,45,1.2659182810185066,train,0
s08,46,1.6312152850938777,train,0
s08,47,1.4096120305917794,train,0
s08,48,1.3504576996140791,train,0
s08,49,1.0335205671141405,train,0
s08,50,1.3222620736039712,train,0
s08,51,1.8339531756962915,train,0
s08,52,1.6124110867295718,train,0
s08,53,1.526468357591638,train,0
s08,54,1.6925950767409688,train,0
s08,55,2.2034974579666704,train,0
s08,56,2.4308774999436236,train,0
s08,57,1.9029743463261688,train,0
s08,58,1.449806106765144,train,0
s08,59,1.1258597799157406,train,0
s08,60,1.307031603479992,train,0
s08,61,1.1586637106396145,train,0
s08,62,1.4003113613218499,train,0
s08,63,1.235410835514767,train,0
s08,64,1.4233477934328618,train,0
s08,65,1.3584834070239415,train,0
s08,66,0.84300342646648152,train,0
s08,67,1.0478808975114722,train,0
s08,68,1.4017234593566763,train,0
s08,69,1.5342432986840275,train,0
s08,70,1.4860816329447299,train,0
s08,71,1.4219205097485299,train,0
s08,72,2.0351706690832376,train,0
s08,73,1.9316692847751575,train,0
s08,74,1.6120878381741908,train,0
s08,75,1.7764902834854039,train,0
s08,76,1.6960322964597863,train,0
s08,77,1.8356586935979813,train,0
s08,78,1.7700152275500001,train,0
s08,79,1.8799058368142616,train,0
s08,80,2.5176188034346447,train,0
s08,81,2.3843571237715451,train,0
s08,82,1.695382196956571,train,0
s08,83,2.4303949502588011,train,0
s08,84,2.4266617547292948,train,0
s08,85,2.195414580573753,train,0
s08,86,2.2387368000972687,train,0
s08,87,2.5303578421198996,train,0
s08,88,1.9273452467742966,train,0
s08,89,1.031550205056283,train,0
s08,90,1.5903031271916173,train,0
s08,91,2.0970549454249148,train,0
s08,92,2.0374315157923202,train,0
s08,93,1.5186961075666914,train,0
s08,94,1.0161835444280491,train,0
s08,95,1.6441912064973958,train,0
s08,96,1.812253375453946,train,0
s08,97,1.6218086465386599,train,0
s08,98,2.0062812732254316,train,0
s08,99,1.6259506762478362,train,0
s08,100,1.9076039247235588,train,0
s08,101,1.9548181072249113,train,0
s08,102,2.1699935874973963,train,0
s08,103,1.9318386727752002,train,0
s08,104,1.9577555119258614,train,0
s08,105,1.968649678031132,train,0
s08,106,2.3158669913798122,train,0
s08,107,2.5012603333014103,train,0
s08,108,2.5090657833313394,train,0
s08,109,1.9114390161183579,train,0
s08,110,2.3797246848831186,train,0
s08,111,2.2489686848565555,train,0
s08,112,1.7598930832224648,train,0
s08,113,1.2335568118935996,train,0
s08,114,0.8761911066021848,train,0
s08,115,1.0117736685549394,train,0
s08,116,1.0218338036249046,train,0
s08,117,1.4171185575742957,train,0
s08,118,0.69314471114056408,train,0
s08,119,0.82029970351123671,train,0
s08,120,0.53814997738143311,train,0
s08,121,0.67319294371988403,train,0
s08,122,1.2066644138092006,train,0
s08,123,1.2100766136211627,train,0
s08,124,2.1165181328453495,train,0
s08,125,2.2466871986793553,train,0
s08,126,1.9338419452419413,train,0
s08,127,1.2589027092101102,train,0
s08,128,1.1561500764909716,train,0
s08,129,1.1095032497143427,train,0
s08,130,1.2204535816770838,train,0
s08,131,0.88624983778557498,train,0
s08,132,0.51416797550746318,train,0
s08,133,0.77572521667891658,train,0
s08,134,1.6290981316567461,train,0
s08,135,1.3772087694351562,train,0
s08,136,1.2341997552613782,train,0
s08,137,1.9069825218682772,train,0
s08,138,1.5864630302697735,train,0
s08,139,1.4703290475124082,train,0
s08,140,2.0319272355342122,train,0
s08,141,2.3680715117958693,train,0
s08,142,2.0992297911799205,train,0
s08,143,2.0676280702293415,train,0
s08,144,1.9400243006764633,train,0
s08,145,1.8575344495958319,train,0
s08,146,1.7716645481488089,train,0
s08,147,1.2665660267331644,train,0
s08,148,1.8321229767477185,train,0
s08,149,1.5435020991809516,train,0
s08,150,1.3375609543725091,train,0
s08,151,1.4769573968116343,train,0
s08,152,1.0075199162478179,train,0
s08,153,0.69958417184569233,train,0
s08,154,1.071001806242613,train,0
s08,155,0.95075779054280174,train,0
s08,156,0.9037132254160678,train,0
s08,157,0.31511143123505758,train,0
s08,158,0.76598547174072951,train,0
s08,159,1.3502412933733001,train,0
s08,160,1.3116207148566021,train,0
s08,161,1.5489027851206383,train,0
s08,162,1.7288069468665519,train,0
s08,163,1.4814608090846306,train,0
s08,164,1.4936705675461317,train,0
s08,165,1.7861287547831126,train,0
s08,166,1.2224163506986303,train,0
s08,167,1.6615871964648961,train,0
s08,168,2.0465365658372505,train,0
s08,169,2.1446225558069036,train,0
s08,170,2.5231968421702171,train,0
s08,171,2.8798989908277255,train,0
s08,172,2.8130076892933236,train,0
s08,173,2.8953134619877559,train,0
s08,174,2.7539753303527674,train,0
s08,175,2.5313610700720379,train,0
s08,176,2.1580760536047032,train,0
s08,177,1.7804946845973464,train,0
s08,178,1.7021067572876785,train,0
s08,179,1.883114777982005,train,0
s08,180,1.9645777191994278,train,0
s08,181,2.2695412171092717,train,0
s08,182,2.025487705306416,train,0
s08,183,2.4781270734304122,train,0
s08,184,2.853250730418369,train,0
s08,185,2.899980837079811,train,0
s08,186,2.4632058360331919,train,0
s08,187,2.1542420380774709,train,0
s08,188,1.7691247820643421,train,0
s08,189,1.7327894651034155,train,0
s08,190,1.9543510635470307,train,0
s08,191,2.3484183096440137,train,0
s08,192,2.2150079873526995,train,0
s08,193,2.0905831002562518,train,0
s08,194,1.4321280238153786,train,0
s08,195,1.5297147226992005,train,0
s08,196,1.5326148919061702,train,0
s08,197,1.2973665580732632,train,0
s08,198,1.3782962201296936,train,0
s08,199,1.6355867359701386,train,0
s08,200,1.8753547769552084,calibration,0
s08,201,1.9720339653492525,calibration,0
s08,202,1.9737762473551907,calibration,0
s08,203,1.8398424264587621,calibration,0
s08,204,1.7879848171038835,calibration,0
s08,205,1.8208458809622077,calibration,0
s08,206,1.7783459553604186,calibration,0
s08,207,1.5654457423010268,calibration,0
s08,208,1.3993538192386672,calibration,0
s08,209,1.7485893279961178,calibration,0
s08,210,2.0800158369746109,calibration,0
s08,211,2.1582012227094856,calibration,0
s08,212,2.3066677835642331,calibration,0
s08,213,2.0196744414067167,calibration,0
s08,214,1.4747446875936296,calibration,0
s08,215,1.4792038718030114,calibration,0
s08,216,1.5356179823983707,calibration,0
s08,217,1.5643754345885414,calibration,0
s08,218,1.5849410328981757,calibration,0
s08,219,1.1834344424242098,calibration,0
s08,220,1.9104454681878489,calibration,0
s08,221,1.8472446837226457,calibration,0
s08,222,1.9157856538372888,calibration,0
s08,223,2.681297078674302,calibration,0
s08,224,2.5862048857660125,calibration,0
s08,225,1.8338362500358736,calibration,0
s08,226,1.8714309460510063,calibration,0
s08,227,2.0218260871763372,calibration,0
s08,228,2.4547567140368791,calibration,0
s08,229,2.9648113870317072,calibration,0
s08,230,2.9069525752425185,calibration,0
s08,231,2.4307515225230847,calibration,0
s08,232,2.2429786052024947,calibration,0
s08,233,2.2129072338792821,calibration,0
s08,234,2.0059895747860219,calibration,0
s08,235,1.7829629385832904,calibration,0
s08,236,1.2827396179226247,calibration,0
s08,237,0.95126593216217548,calibration,0
s08,238,0.45393014394588116,calibration,0
s08,239,0.56445506515977029,calibration,0
s08,240,0.48201406140421799,calibration,0
s08,241,1.4131132615854658,calibration,0
s08,242,1.5926385533987775,calibration,0
s08,243,1.4930883015505225,calibration,0
s08,244,0.95944635042873749,calibration,0
s08,245,1.093270152314662,calibration,0
s08,246,1.4649915699036318,calibration,0
s08,247,1.5292474916327048,calibration,0
s08,248,1.4954518939633208,calibration,0
s08,249,1.3594233336909811,calibration,0
s08,250,1.4873918328700393,calibration,0
s08,251,1.8796796871719046,calibration,0
s08,252,1.8082744089550415,calibration,0
s08,253,1.751733658813847,calibration,0
s08,254,1.3512752849316454,calibration,0
s08,255,1.3767508951418013,calibration,0
s08,256,1.1861554891862625,calibration,0
s08,257,1.1720323073479462,calibration,0
s08,258,1.5273869430925822,calibration,0
s08,259,1.7354348479157578,calibration,0
s08,260,2.0902918286303978,calibration,0
s08,261,2.1565551907426301,calibration,0
s08,262,2.2906955444709034,calibration,0
s08,263,2.1453633720638186,calibration,0
s08,264,2.3650766945478585,calibration,0
s08,265,2.2519876015181439,calibration,0
s08,266,2.0203616736713661,calibration,0
s08,267,1.8388453215729734,calibration,0
s08,268,1.9064585638589207,calibration,0
s08,269,1.8158589143832662,calibration,0
s08,270,1.3814120516472246,calibration,0
s08,271,1.3763011254183439,calibration,0
s08,272,1.2952173109797991,calibration,0
s08,273,0.92962060272063574,calibration,0
s08,274,0.73570069248827064,calibration,0
s08,275,1.0110612159371462,calibration,0
s08,276,1.3001431682492475,calibration,0
s08,277,1.2533601949238522,calibration,0
s08,278,1.6044230571851574,calibration,0
s08,279,2.275755973722279,calibration,0
s08,280,1.7078621675843344,calibration,0
s08,281,1.6199451481816505,calibration,0
s08,282,1.7195071184397814,calibration,0
s08,283,1.7469985540239319,calibration,0
s08,284,1.464148483790725,calibration,0
s08,285,1.5970371418753306,calibration,0
s08,286,1.4511218297094943,calibration,0
s08,287,1.5886914842652831,calibration,0
s08,288,1.6657243632926206,calibration,0
s08,289,1.4972124909847391,calibration,0
s08,290,2.1193676623727304,calibration,0
s08,291,1.9441177944451724,calibration,0
s08,292,1.5355324806271957,calibration,0
s08,293,1.7171622315143324,calibration,0
s08,294,2.4091157451317491,calibration,0
s08,295,2.5839824362976485,calibration,0
s08,296,2.7740820975873266,calibration,0
s08,297,2.1036729927659557,calibration,0
s08,298,2.2440689326963961,calibration,0
s08,299,2.5352579793424033,calibration,0
s08,300,2.3288586465678396,calibration,0
s08,301,2.4585969703593342,calibration,0
s08,302,2.2793550489062899,calibration,0
s08,303,2.9073833616219638,calibration,0
s08,304,3.259417604847731,calibration,0
s08,305,3.1400762516316418,calibration,0
s08,306,3.1947110525340165,calibration,0
s08,307,2.8551817192363216,calibration,0
s08,308,2.6835494052751834,calibration,0
s08,309,3.1647970338288909,calibration,0
s08,310,3.1878885561124335,calibration,0
s08,311,3.2411692385707656,calibration,0
s08,312,3.2292337705251914,calibration,0
s08,313,3.6253165307201165,calibration,0
s08,314,2.9312797945324678,calibration,0
s08,315,2.3912848150508088,calibration,0
s08,316,2.0333561571839205,calibration,0
s08,317,1.6209009220251587,calibration,0
s08,318,1.996784592336182,calibration,0
s08,319,2.076359298716945,calibration,0
s08,320,1.7453037933213225,calibration,0
s08,321,1.8205509302372527,calibration,0
s08,322,2.2003874736742386,calibration,0
s08,323,1.658192609076111,calibration,0
s08,324,2.0225483308062699,calibration,0
s08,325,1.9754616425718894,calibration,0
s08,326,2.1416232142325016,calibration,0
s08,327,1.9952511905156312,calibration,0
s08,328,2.1430708132054308,calibration,0
s08,329,2.0455516348973641,calibration,0
s08,330,1.8541848737660835,calibration,0
s08,331,1.6309981309543726,calibration,0
s08,332,1.7975283152741341,calibration,0
s08,333,1.9145374882780544,calibration,0
s08,334,1.7953252833705267,calibration,0
s08,335,1.700179700074788,calibration,0
s08,336,1.6208356269334185,calibration,0
s08,337,1.6819433534362631,calibration,0
s08,338,1.7777922858937096,calibration,0
s08,339,1.867342941563489,calibration,0
s08,340,1.2193307091384449,calibration,0
s08,341,1.3859514922675997,calibration,0
s08,342,1.8722575825466587,calibration,0
s08,343,2.057699261015447,calibration,0
s08,344,2.1913127253629141,calibration,0
s08,345,2.4224683679995489,calibration,0
s08,346,2.9043711786343391,calibration,0
s08,347,2.793020168857355,calibration,0
s08,348,2.9170902880176963,calibration,0
s08,349,2.6766177457601676,calibration,0
s08,350,2.2939954169080332,test,0
s08,351,1.8873622757987698,test,0
s08,352,1.7864489871788791,test,0
s08,353,1.5007776782386326,test,0
s08,354,1.385926435490364,test,0
s08,355,1.7798739098208505,test,0
s08,356,1.4143021644442646,test,0
s08,357,1.6735135331741378,test,0
s08,358,1.468258237682069,test,0
s08,359,1.1486520916825245,test,0
s08,360,1.2802370174372766,test,0
s08,361,1.4368491065724753,test,0
s08,362,1.2987155592711761,test,0
s08,363,0.88586740785909257,test,0
s08,364,1.0468057011363547,test,0
s08,365,1.0462283210919474,test,0
s08,366,1.2383612921644913,test,0
s08,367,1.0148689793329799,test,0
s08,368,0.94897636300192778,test,0
s08,369,0.69860003257145942,test,0
s08,370,0.99293138368083311,test,0
s08,371,1.0818974040548928,test,0
s08,372,1.0854534045280442,test,0
s08,373,1.7891704190584357,test,0
s08,374,2.3883575197000186,test,0
s08,375,2.3940354316526324,test,1
s08,376,1.9722399375291342,test,1
s08,377,2.244169921838397,test,1
s08,378,2.2342740902567209,test,1
s08,379,2.0291112869775327,test,1
s08,380,2.0811360035195552,test,1
s08,381,2.148039757735094,test,1
s08,382,2.3330090197879163,test,1
s08,383,2.6139241842023022,test,1
s08,384,2.824611110188417,test,1
s08,385,3.1251246130414341,test,1
s08,386,2.9210346607577362,test,1
s08,387,3.1088992122684251,test,1
s08,388,3.3878041090685906,test,1
s08,389,2.9259835030337418,test,1
s08,390,2.9486238601288064,test,1
s08,391,3.5227603930241775,test,1
s08,392,3.12838470143542,test,1
s08,393,3.5898214258735424,test,1
s08,394,3.4914980339528947,test,1
s08,395,3.3831331785004854,test,1
s08,396,3.2890927177000284,test,1
s08,397,2.8050881928782356,test,1
s08,398,2.7164157598805438,test,1
s08,399,2.5976000746280432,test,1
s08,400,2.5386031340196169,test,1
s08,401,2.9914901413879855,test,1
s08,402,3.6162441656777795,test,1
s08,403,3.3068272583205363,test,1
s08,404,3.3471319284738708,test,1
s08,405,3.0182223363194316,test,1
s08,406,2.9828363239895799,test,1
s08,407,2.8390120312356144,test,1
s08,408,2.7475959849099274,test,1
s08,409,2.8991481505032746,test,1
s08,410,2.5475814989258483,test,1
s08,411,2.4919438109843202,test,1
s08,412,3.3510867358114327,test,1
s08,413,3.1330949910235617,test,1
s08,414,3.3747283066365243,test,1
s08,415,3.3930526174760405,test,1
s08,416,4.1191875491564023,test,1
s08,417,3.8385954292249163,test,1
s08,418,3.5133913508905947,test,1
s08,419,3.0531354450289783,test,1
s08,420,3.7673179402852219,test,1
s08,421,3.9430953811172094,test,1
s08,422,4.3942131173918106,test,1
s08,423,4.7196926626175779,test,1
s08,424,4.5838611118492381,test,1
s08,425,4.4546476512174245,test,1
s08,426,4.3590955821403279,test,1
s08,427,4.0928618715378029,test,1
s08,428,3.645405801835921,test,1
s08,429,3.5480676735929526,test,1
s08,430,3.5241047459179153,test,1
s08,431,3.3550524275764024,test,1
s08,432,3.5153359180665316,test,1
s08,433,3.5432633941874756,test,1
s08,434,3.5772535490499631,test,1
s08,435,3.3646457755030368,test,1
s08,436,3.4297081139198475,test,1
s08,437,4.0320830632120703,test,1
s08,438,4.2565001934889191,test,1
s08,439,4.3554527761274029,test,1
s08,440,4.4549087465836168,test,1
s08,441,4.158402120326989,test,1
s08,442,4.2488077680791232,test,1
s08,443,3.7795214395387866,test,1
s08,444,4.3004942307656613,test,1
s08,445,4.1461089075218505,test,1
s08,446,3.9852418063945216,test,1
s08,447,4.2984115997757879,test,1
s08,448,4.5168256316273725,test,1
s08,449,4.2029259080459118,test,1
s08,450,4.2136491034325427,test,1
s08,451,3.489450824322291,test,1
s08,452,3.8534522020777136,test,1
s08,453,3.9362117549315534,test,1
s08,454,3.8234367438476391,test,1
s08,455,4.3335059287495197,test,1
s08,456,4.5952536137688655,test,1
s08,457,5.2968948888833856,test,1
s08,458,4.9350465125085536,test,1
s08,459,4.7104610756474541,test,1
s08,460,4.5455846983077359,test,1
s08,461,3.8644541293594723,test,1
s08,462,4.4345746494217675,test,1
s08,463,4.4233865205735654,test,1
s08,464,4.4524707345233816,test,1
s08,465,4.6704816926156214,test,1
s08,466,4.6413064974783955,test,1
s08,467,4.5107272866593116,test,1
s08,468,4.7485249500941862,test,1
s08,469,4.8169683297202726,test,1
s08,470,4.9077070798375786,test,1
s08,471,5.1656661212782087,test,1
s08,472,5.1569240904458962,test,1
s08,473,4.7170278174677911,test,1
s08,474,3.9482849885653613,test,1
s08,475,4.2139799007754517,test,1
s08,476,4.5779449718827907,test,1
s08,477,4.7592364945616579,test,1
s08,478,4.9455061477592306,test,1
s08,479,4.9457837217667926,test,1
s08,480,5.5707327132805498,test,1
s08,481,5.3569938919576279,test,1
s08,482,5.7408436709571466,test,1
s08,483,5.7811680957483942,test,1
s08,484,5.6582714140126491,test,1
s08,485,5.5653251645776738,test,1
s08,486,5.3518666121875427,test,1
s08,487,5.4981465127541895,test,1
s08,488,5.5929078024232544,test,1
s08,489,5.7982414853779281,test,1
s08,490,5.8836139717440954,test,1
s08,491,5.5604400055729535,test,1
s08,492,5.0366946482580186,test,1
s08,493,5.0954689858868418,test,1
s08,494,5.5699716269536808,test,1
s08,495,5.7389445189808308,test,1
s08,496,5.6783744243403937,test,1
s08,497,5.6355054168478906,test,1
s08,498,5.1588859298365968,test,1
s08,499,5.4519383614024095,test,1
s08,500,5.8991316175312525,test,1
s08,501,6.1113786345712207,test,1
s08,502,6.5034311331458285,test,1
s08,503,6.3137711685486977,test,1
s08,504,6.3205673708489636,test,1
s08,505,6.4115516134757433,test,1
s08,506,6.6712537772735923,test,1
s08,507,6.3605462110480975,test,1
s08,508,6.5329082733858019,test,1
s08,509,6.6928972684379691,test,1
s08,510,6.3313676748615482,test,1
s08,511,6.8226446206107161,test,1
s08,512,6.787117148198142,test,1
s08,513,6.5606827403845713,test,1
s08,514,6.59534132893444,test,1
s08,515,6.8953958322542279,test,1
s08,516,6.9907278053539406,test,1
s08,517,6.954031399257655,test,1
s08,518,6.4174028300154795,test,1
s08,519,6.8612940047101141,test,1
s08,520,7.1453354150915445,test,1
s08,521,7.3657625632487003,test,1
s08,522,7.1190229854653193,test,1
s08,523,7.2384166976290132,test,1
s08,524,6.8086979743650344,test,1
s08,525,7.2503926616350469,test,1
s08,526,7.5338829415956754,test,1
s08,527,7.3875215792526454,test,1
s08,528,6.5014020767645961,test,1
s08,529,6.2770913723242101,test,1
s08,530,6.5161335668023721,test,1
s08,531,6.638401418239491,test,1
s08,532,6.605576879648642,test,1
s08,533,6.6433151471861445,test,1
s08,534,6.9284446825448693,test,1
s08,535,6.5737743528286385,test,1
s08,536,6.859388523358148,test,1
s08,537,6.7301684632354455,test,1
s08,538,6.6434417615090009,test,1
s08,539,5.9511940374302892,test,1
s08,540,6.6166917718710119,test,1
s08,541,6.6656231544510893,test,1
s08,542,6.7733559117815316,test,1
s08,543,6.7700597764995516,test,1
s08,544,6.6755090017567547,test,1
s08,545,6.9469431850552779,test,1
s08,546,6.3498686996809734,test,1
s08,547,6.5737026963355847,test,1
s08,548,6.6303429975064496,test,1
s08,549,7.0681779495202175,test,1
s08,550,7.0367202682355625,test,1
s08,551,7.4928200811399552,test,1
s08,552,7.0241979258326968,test,1
s08,553,7.0641711620777539,test,1
s08,554,7.3670123068275934,test,1
s08,555,8.2382582086735194,test,1
s08,556,8.2652997872186802,test,1
s08,557,8.1694408013828141,test,1
s08,558,7.4638414016339159,test,1
s08,559,6.8171484413186665,test,1
s08,560,7.0816980226573678,test,1
s08,561,7.0783598336952771,test,1
s08,562,7.4004607494800201,test,1
s08,563,7.3995919709186326,test,1
s08,564,7.3430245347908008,test,1
s08,565,7.2687988070326925,test,1
s08,566,7.3307009000667422,test,1
s08,567,7.371077275472051,test,1
s08,568,7.896808903029636,test,1
s08,569,7.9242736281668433,test,1
s08,570,7.6466293130294529,test,1
s08,571,7.8498270831924506,test,1
s08,572,8.1804485953862809,test,1
s08,573,8.1256058023081259,test,1
s08,574,8.129665207685612,test,1
s08,575,8.1750121181016198,test,1
s08,576,7.7611500857176994,test,1
s08,577,7.9340573236399452,test,1
s08,578,8.0401233224794311,test,1
s08,579,8.4937274110175025,test,1
s08,580,8.0931108822915743,test,1
s08,581,8.2890854540148187,test,1
s08,582,8.5251496835928933,test,1
s08,583,8.3526947405938614,test,1
s08,584,8.6278292865626778,test,1
s08,585,8.7809374121639898,test,1
s08,586,8.4840916323994104,test,1
s08,587,8.6588946983639765,test,1
s08,588,8.8185482623353515,test,1
s08,589,8.9461739986953717,test,1
s08,590,8.5191284188937111,test,1
s08,591,8.3926307294477791,test,1
s08,592,8.2792510652743267,test,1
s08,593,8.225888382374869,test,1
s08,594,8.6626918289617159,test,1
s08,595,8.5382309066866462,test,1
s08,596,8.4567602862410336,test,1
s08,597,8.9095676012152083,test,1
s08,598,8.5645601209983049,test,1
s08,599,8.6185769593629882,test,1
s09,0,0.15575437021586575,train,0
s09,1,0.90655847613532325,train,0
s09,2,1.5197355840613254,train,0
s09,3,1.5250926087791841,train,0
s09,4,1.8699163492200312,train,0
s09,5,1.3669960760265503,train,0
s09,6,1.3448194659753225,train,0
s09,7,1.483471743074686,train,0
s09,8,1.7507623237849572,train,0
s09,9,1.8425113944388749,train,0
s09,10,1.5072422146273325,train,0
s09,11,1.4757824827976576,train,0
s09,12,1.3063334545422982,train,0
s09,13,0.93302108039264331,train,0
s09,14,1.2325166607154685,train,0
s09,15,1.3247745363659165,train,0
s09,16,1.8278358155604923,train,0
s09,17,1.910536074367063,train,0
s09,18,2.3513587877978228,train,0
s09,19,2.2347403433120872,train,0
s09,20,1.9707075543350761,train,0
s09,21,1.6414161211381846,train,0
s09,22,1.6857142180226126,train,0
s09,23,1.9475395155536113,train,0
s09,24,1.4661352786370911,train,0
s09,25,0.99506773717707342,train,0
s09,26,1.4779852309544095,train,0
s09,27,1.4302010169901833,train,0
s09,28,1.7298618567397401,train,0
s09,29,2.0265438151294957,train,0
s09,30,1.8949925482912864,train,0
s09,31,2.001783972909732,train,0
s09,32,2.1255708512242792,train,0
s09,33,1.9181730138947495,train,0
s09,34,1.7134941467358487,train,0
s09,35,1.7408365205015439,train,0
s09,36,1.707841077297233,train,0
s09,37,1.2312920606894218,train,0
s09,38,1.6443420538170248,train,0
s09,39,1.7423970236386397,train,0
s09,40,1.835353970849583,train,0
s09,41,1.9784845653753074,train,0
s09,42,1.1459514297054487,train,0
s09,43,1.4633741544206558,train,0
s09,44,1.9547509183067149,train,0
s09,45,2.3160108288826482,train,0
s09,46,2.2680153025467211,train,0
s09,47,2.5104950990733443,train,0
s09,48,2.6095786616320948,train,0
s09,49,2.6582484754240934,train,0
s09,50,2.9521081703734158,train,0
s09,51,3.3212667534375306,train,0
s09,52,3.0937415282577461,train,0
s09,53,2.8460605798278875,train,0
s09,54,2.7645132759699167,train,0
s09,55,2.7656521933511202,train,0
s09,56,2.6738562742375942,train,0
s09,57,2.3270183176732364,train,0
s09,58,1.8992080323757041,train,0
s09,59,1.7251500582334598,train,0
s09,60,1.8477044424372988,train,0
s09,61,1.603782643657004,train,0
s09,62,1.5852736249431822,train,0
s09,63,1.7797377236796781,train,0
s09,64,1.8238678487972846,train,0
s09,65,1.9468226645837527,train,0
s09,66,2.1258899866086907,train,0
s09,67,1.9055085797279445,train,0
s09,68,2.1162194197109576,train,0
s09,69,2.0849443147344711,train,0
s09,70,2.0353519954230146,train,0
s09,71,2.6375360979592855,train,0
s09,72,2.45501650077526,train,0
s09,73,2.727522230137192,train,0
s09,74,2.7202140331739995,train,0
s09,75,3.3608654508582241,train,0
s09,76,3.0015997241541386,train,0
s09,77,2.7687491105296616,train,0
s09,78,2.8155448427211276,train,0
s09,79,2.4168165108402215,train,0
s09,80,2.2233568130087624,train,0
s09,81,2.3329684219545146,train,0
s09,82,2.1547117306528865,train,0
s09,83,1.6756550145418347,train,0
s09,84,1.771406484725079,train,0
s09,85,1.428937786933713,train,0
s09,86,1.3945709341030064,train,0
s09,87,1.5154381334073466,train,0
s09,88,1.98507336974116,train,0
s09,89,2.243045324303683,train,0
s09,90,2.3101288482056521,train,0
s09,91,2.0781959067712696,train,0
s09,92,2.0793585842515592,train,0
s09,93,1.8373247511343018,train,0
s09,94,1.7878258638654023,train,0
s09,95,1.6877095072411679,train,0
s09,96,2.2954024377540145,train,0
s09,97,2.3118553896508294,train,0
s09,98,1.8639151550762039,train,0
s09,99,1.2910547750436603,train,0
s09,100,1.0934102991431596,train,0
s09,101,1.4776897007566783,train,0
s09,102,2.3193099781302151,train,0
s09,103,2.4989359826089697,train,0
s09,104,1.7850623954815505,train,0
s09,105,1.481381269150662,train,0
s09,106,1.6312892400549439,train,0
s09,107,1.4641077796212401,train,0
s09,108,1.4437439933913516,train,0
s09,109,0.87554431556467316,train,0
s09,110,1.0533426517606723,train,0
s09,111,1.1573824894184697,train,0
s09,112,0.84415625944798656,train,0
s09,113,1.0243022054848925,train,0
s09,114,0.96281845005538758,train,0
s09,115,1.165459157222563,train,0
s09,116,0.6771983978887558,train,0
s09,117,0.82670399932040328,train,0
s09,118,0.49062415417646843,train,0
s09,119,0.83373326025574568,train,0
s09,120,0.74607978323052349,train,0
s09,121,1.2275233131574295,train,0
s09,122,1.237084659033826,train,0
s09,123,1.4366776041045626,train,0
s09,124,1.4982339709969479,train,0
s09,125,1.7856526266218251,train,0
s09,126,2.0914008307042637,train,0
s09,127,2.1518357997681945,train,0
s09,128,2.1704547885118788,train,0
s09,129,1.8004267577424615,train,0
s09,130,2.1418064265750152,train,0
s09,131,2.0269817827048224,train,0
s09,132,1.6187958638659765,train,0
s09,133,1.5789727442915036,train,0
s09,134,0.87362490316995733,train,0
s09,135,1.4529108331076706,train,0
s09,136,1.2400415665930926,train,0
s09,137,1.4513429762137697,train,0
s09,138,1.6949958908626375,train,0
s09,139,1.8924712407863,train,0
s09,140,1.6935501732577427,train,0
s09,141,1.8427195532184695,train,0
s09,142,1.318224414195925,train,0
s09,143,1.4504363190807736,train,0
s09,144,1.9599459178209993,train,0
s09,145,2.1582842932364024,train,0
s09,146,2.2001576112271688,train,0
s09,147,2.2463558349607737,train,0
s09,148,1.9727591557115709,train,0
s09,149,2.1122211874133212,train,0
s09,150,2.4047050680068565,train,0
s09,151,2.4727891147292658,train,0
s09,152,1.6463315007803714,train,0
s09,153,1.6970331529864631,train,0
s09,154,1.6015956917341352,train,0
s09,155,1.4648700354914255,train,0
s09,156,0.99121242217641137,train,0
s09,157,0.90475366618461417,train,0
s09,158,1.6084961567839764,train,0
s09,159,1.6672465622561345,train,0
s09,160,1.2478695330033691,train,0
s09,161,1.5881444147438502,train,0
s09,162,1.8224169829988297,train,0
s09,163,1.7936687734306287,train,0
s09,164,2.3482352566638967,train,0
s09,165,1.7009393305952187,train,0
s09,166,2.1347513731816607,train,0
s09,167,1.9788054543442459,train,0
s09,168,1.6922861019302187,train,0
s09,169,1.441515077182602,train,0
s09,170,1.5468082009417707,train,0
s09,171,1.6555511247734576,train,0
s09,172,1.7320694992625012,train,0
s09,173,1.5778416872554764,train,0
s09,174,1.7842609225800785,train,0
s09,175,2.0616171570579076,train,0
s09,176,1.8317690544977685,train,0
s09,177,1.8890513418371455,train,0
s09,178,1.9654547243051732,train,0
s09,179,1.8203363108853468,train,0
s09,180,1.4886223909631777,train,0
s09,181,1.7777812275444973,train,0
s09,182,1.4251839005091631,train,0
s09,183,1.1671985259623767,train,0
s09,184,1.1798947826296089,train,0
s09,185,1.5186017811296839,train,0
s09,186,1.6983788639019604,train,0
s09,187,1.5464421517456206,train,0
s09,188,1.6545561598981648,train,0
s09,189,1.8443010831590438,train,0
s09,190,1.7177046822862352,train,0
s09,191,1.0948666099605684,train,0
s09,192,0.95801527045242985,train,0
s09,193,1.5584541610783791,train,0
s09,194,1.1415403518076448,train,0
s09,195,1.1647473264500101,train,0
s09,196,1.6135720795346049,train,0
s09,197,1.4031813846258709,train,0
s09,198,2.1059267278364215,train,0
s09,199,2.117525649397459,train,0
s09,200,1.8612915100091929,calibration,0
s09,201,1.3601839474211284,calibration,0
s09,202,1.0203439397177876,calibration,0
s09,203,1.2950977448693699,calibration,0
s09,204,1.5644821131818694,calibration,0
s09,205,1.0006010982780247,calibration,0
s09,206,1.6843204461714012,calibration,0
s09,207,1.5032501279239221,calibration,0
s09,208,1.8340339920116833,calibration,0
s09,209,1.1545174256405024,calibration,0
s09,210,1.2084194393679526,calibration,0
s09,211,1.0331983180192152,calibration,0
s09,212,1.5047733800997676,calibration,0
s09,213,1.9613357150691402,calibration,0
s09,214,1.5855717067589468,calibration,0
s09,215,1.5322497432720072,calibration,0
s09,216,0.98016354812528694,calibration,0
s09,217,1.128398963404182,calibration,0
s09,218,0.65735322247622863,calibration,0
s09,219,0.74692929950292297,calibration,0
s09,220,0.53552755591232892,calibration,0
s09,221,0.77213668797805135,calibration,0
s09,222,0.88310325750770269,calibration,0
s09,223,0.5819646947773347,calibration,0
s09,224,0.81327329331868992,calibration,0
s09,225,0.47855744408643464,calibration,0
s09,226,0.80009103654509195,calibration,0
s09,227,1.1542841754026809,calibration,0
s09,228,0.88106382872052591,calibration,0
s09,229,1.0889361291990798,calibration,0
s09,230,1.3107084366030652,calibration,0
s09,231,1.4595251090572685,calibration,0
s09,232,1.3727305060276236,calibration,0
s09,233,1.2716997448936791,calibration,0
s09,234,1.418301824605239,calibration,0
s09,235,1.2677252052670194,calibration,0
s09,236,1.3665950840866872,calibration,0
s09,237,1.1444069638489802,calibration,0
s09,238,1.0527727348919218,calibration,0
s09,239,1.086105323875594,calibration,0
s09,240,1.2473459479935478,calibration,0
s09,241,0.98044240313651787,calibration,0
s09,242,1.2653128660555484,calibration,0
s09,243,0.98801120924515984,calibration,0
s09,244,0.78179794708599859,calibration,0
s09,245,0.37336330014644092,calibration,0
s09,246,0.67153415804570904,calibration,0
s09,247,1.4275319780479891,calibration,0
s09,248,1.1176519160846452,calibration,0
s09,249,1.0200991132106885,calibration,0
s09,250,1.151868992010435,calibration,0
s09,251,1.5170686817123658,calibration,0
s09,252,1.6082689029672441,calibration,0
s09,253,1.898874749537989,calibration,0
s09,254,1.8262605025448235,calibration,0
s09,255,2.0659400284036509,calibration,0
s09,256,2.0078829036004247,calibration,0
s09,257,2.0017586878709177,calibration,0
s09,258,1.5049487481269246,calibration,0
s09,259,2.0089891597064904,calibration,0
s09,260,1.9551343688847918,calibration,0
s09,261,1.8957346673776283,calibration,0
s09,262,2.0655178182829732,calibration,0
s09,263,2.1619384733677451,calibration,0
s09,264,1.9543712747770452,calibration,0
s09,265,2.2099504249864133,calibration,0
s09,266,2.1271167600968917,calibration,0
s09,267,2.007000827310061,calibration,0
s09,268,1.8011421329163142,calibration,0
s09,269,1.8919991584783225,calibration,0
s09,270,1.9951000693362968,calibration,0
s09,271,1.6366318037462229,calibration,0
s09,272,1.8197347049733898,calibration,0
s09,273,2.2704104994706191,calibration,0
s09,274,1.9053893787487399,calibration,0
s09,275,1.4776617678574968,calibration,0
s09,276,1.7551538208636246,calibration,0
s09,277,2.1459717983397995,calibration,0
s09,278,1.9071093329615716,calibration,0
s09,279,1.8307874212300819,calibration,0
s09,280,1.9585620662179695,calibration,0
s09,281,1.6621937730153684,calibration,0
s09,282,1.7887904683218325,calibration,0
s09,283,2.2296835931425343,calibration,0
s09,284,2.2428084770428889,calibration,0
s09,285,2.4685420896864492,calibration,0
s09,286,3.0337485312027548,calibration,0
s09,287,3.0579851996016654,calibration,0
s09,288,2.6394416461286663,calibration,0
s09,289,1.9177399288330041,calibration,0
s09,290,1.8778816697166285,calibration,0
s09,291,1.9807368283049724,calibration,0
s09,292,1.7454499201709728,calibration,0
s09,293,1.937046099281694,calibration,0
s09,294,2.1222206827798251,calibration,0
s09,295,2.4667137473863323,calibration,0
s09,296,2.1828571019681458,calibration,0
s09,297,2.2939564009531779,calibration,0
s09,298,1.9952511126942809,calibration,0
s09,299,1.6246085315922865,calibration,0
s09,300,1.9617122911062772,calibration,0
s09,301,2.1497377430378468,calibration,0
s09,302,2.3165430607943023,calibration,0
s09,303,2.3155493280623984,calibration,0
s09,304,2.4889780185438881,calibration,0
s09,305,1.9374919173720122,calibration,0
s09,306,1.9067112169038953,calibration,0
s09,307,1.8683754303236768,calibration,0
s09,308,1.8626698418933332,calibration,0
s09,309,1.4364177277477919,calibration,0
s09,310,1.5007285273941415,calibration,0
s09,311,2.0704425355849869,calibration,0
s09,312,2.0319844789483708,calibration,0
s09,313,1.0139321051165446,calibration,0
s09,314,1.0703547436291485,calibration,0
s09,315,1.2466300521381339,calibration,0
s09,316,0.75923238575081808,calibration,0
s09,317,1.1660498322309585,calibration,0
s09,318,0.9786179552772194,calibration,0
s09,319,0.8996362665476707,calibration,0
s09,320,1.6252071507291579,calibration,0
s09,321,1.3865141600363129,calibration,0
s09,322,1.4476831336655434,calibration,0
s09,323,1.3076759614661304,calibration,0
s09,324,0.8889323183961414,calibration,0
s09,325,1.649802251826185,calibration,0
s09,326,1.3018154148664893,calibration,0
s09,327,1.5790297345270803,calibration,0
s09,328,1.6367909783321863,calibration,0
s09,329,1.9066373552714011,calibration,0
s09,330,1.7420805849890304,calibration,0
s09,331,1.5858716192768829,calibration,0
s09,332,1.231979623963483,calibration,0
s09,333,1.7293630654389966,calibration,0
s09,334,1.6801986810786176,calibration,0
s09,335,1.5020602071633193,calibration,0
s09,336,1.5051164504837504,calibration,0
s09,337,1.2710694816527817,calibration,0
s09,338,1.4668302710567507,calibration,0
s09,339,1.6192629465240869,calibration,0
s09,340,1.9539293379462057,calibration,0
s09,341,1.7940400477017013,calibration,0
s09,342,1.4402550526711893,calibration,0
s09,343,1.2287583655647587,calibration,0
s09,344,1.1131970191016065,calibration,0
s09,345,0.73056518751287891,calibration,0
s09,346,1.167748588476865,calibration,0
s09,347,1.5022099591907088,calibration,0
s09,348,1.5757093596255214,calibration,0
s09,349,1.4239232850215866,calibration,0
s09,350,1.4352657313571129,test,0
s09,351,1.1703387235093863,test,0
s09,352,1.3954318826200178,test,0
s09,353,1.6065062808656025,test,0
s09,354,1.7996213156648726,test,0
s09,355,1.7359937573814712,test,0
s09,356,1.5192561412417767,test,0
s09,357,1.4110836857429243,test,0
s09,358,1.3729085795024827,test,0
s09,359,1.4696672370807673,test,0
s09,360,1.1696615105731885,test,0
s09,361,1.2753330561736629,test,0
s09,362,0.85962903388060907,test,0
s09,363,1.1176747765958333,test,0
s09,364,1.9777669187475948,test,0
s09,365,2.1883804560306248,test,0
s09,366,1.8571723315108439,test,0
s09,367,1.6537836409825153,test,0
s09,368,1.8039490343734488,test,0
s09,369,1.6545941417947838,test,0
s09,370,2.1401353333720916,test,0
s09,371,2.3242146391389245,test,0
s09,372,1.9950026991425385,test,0
s09,373,1.7503174720247989,test,0
s09,374,2.0294378686444881,test,0
s09,375,1.0779567496286018,test,1
s09,376,1.296336265448734,test,1
s09,377,1.5881296586405191,test,1
s09,378,0.99106337461253369,test,1
s09,379,1.1530406157214892,test,1
s09,380,0.9966950589143857,test,1
s09,381,1.5441663766255984,test,1
s09,382,1.9765655235998538,test,1
s09,383,1.9781925734111805,test,1
s09,384,2.2926149425104074,test,1
s09,385,1.989280003901871,test,1
s09,386,1.9225869746474997,test,1
s09,387,2.1605205898777387,test,1
s09,388,2.0315929842438445,test,1
s09,389,2.0351803310841334,test,1
s09,390,1.7462008998594454,test,1
s09,391,1.2930008980561989,test,1
s09,392,0.63477107768638119,test,1
s09,393,0.37905314842322313,test,1
s09,394,0.49376325179754593,test,1
s09,395,0.51072375390242375,test,1
s09,396,1.2892439407157901,test,1
s09,397,0.99091921363106472,test,1
s09,398,1.7308130577783711,test,1
s09,399,1.2018300554274541,test,1
s09,400,1.7425076115561653,test,1
s09,401,1.1684301922309921,test,1
s09,402,1.5949216102938237,test,1
s09,403,1.4524371534742666,test,1
s09,404,1.0827333148659362,test,1
s09,405,1.1204536307769346,test,1
s09,406,0.58171312802576369,test,1
s09,407,0.86076583980193955,test,1
s09,408,0.59321749571611926,test,1
s09,409,0.74240132894424549,test,1
s09,410,0.84641342695237209,test,1
s09,411,0.44839843753973918,test,1
s09,412,0.4333263171551911,test,1
s09,413,0.39806106154067999,test,1
s09,414,0.27323721386211636,test,1
s09,415,0.54941359372419651,test,1
s09,416,0.46565870800931014,test,1
s09,417,0.65891378328190697,test,1
s09,418,0.78190712980798793,test,1
s09,419,0.53545742026016929,test,1
s09,420,0.41778686742344689,test,1
s09,421,0.40459102025605964,test,1
s09,422,0.48313126068022771,test,1
s09,423,-0.31649587031777993,test,1
s09,424,-0.1805586397701153,test,1
s09,425,0.16718775754669271,test,1
s09,426,0.7843675660412619,test,1
s09,427,0.69129141892881618,test,1
s09,428,0.41681482456216767,test,1
s09,429,-0.28123161063705099,test,1
s09,430,-0.17724304590624101,test,1
s09,431,-0.046939057033671711,test,1
s09,432,-0.14573702361448906,test,1
s09,433,-0.30938281028835457,test,1
s09,434,0.083632001005862489,test,1
s09,435,-0.029217031644762026,test,1
s09,436,-0.18661320278807694,test,1
s09,437,-0.20994066780663456,test,1
s09,438,-0.0813454026633324,test,1
s09,439,0.33891728875903138,test,1
s09,440,0.18897396491691854,test,1
s09,441,0.17617216634497518,test,1
s09,442,0.26282935367305238,test,1
s09,443,0.50327048416993025,test,1
s09,444,0.67956661383810446,test,1
s09,445,0.18842896866977829,test,1
s09,446,0.010323850119595763,test,1
s09,447,0.17636881892737194,test,1
s09,448,-0.1772501862505978,test,1
s09,449,-0.13233884713884556,test,1
s09,450,0.25240473860521662,test,1
s09,451,-0.10328176063648115,test,1
s09,452,-0.44941759165957929,test,1
s09,453,-0.2629737991558056,test,1
s09,454,-0.45810574869014126,test,1
s09,455,-0.78004578444314254,test,1
s09,456,-0.82235674221145028,test,1
s09,457,-0.97387897873648277,test,1
s09,458,-1.1534495471893285,test,1
s09,459,-1.0729894237556883,test,1
s09,460,-1.0280604555645241,test,1
s09,461,-0.91421109364022513,test,1
s09,462,-1.3738390816124642,test,1
s09,463,-1.4744136174572775,test,1
s09,464,-1.2442670303347956,test,1
s09,465,-0.57553557680163125,test,1
s09,466,-0.31605105244551007,test,1
s09,467,-0.62053864511757872,test,1
s09,468,-0.29182435403793883,test,1
s09,469,-0.5633781341352051,test,1
s09,470,-0.82332054157968126,test,1
s09,471,-0.38649070027286625,test,1
s09,472,-0.66091461838293331,test,1
s09,473,-0.82115962927306096,test,1
s09,474,-0.71281880905980455,test,1
s09,475,-1.1247128456876083,test,1
s09,476,-1.5220944157246401,test,1
s09,477,-1.5911029061208073,test,1
s09,478,-1.7927410237168731,test,1
s09,479,-1.704277611473918,test,1
s09,480,-1.9154814778505997,test,1
s09,481,-1.3125507604381008,test,1
s09,482,-1.8827694433476827,test,1
s09,483,-1.5459855809714116,test,1
s09,484,-1.6455450786749668,test,1
s09,485,-1.4451117976657011,test,1
s09,486,-1.7031958221272416,test,1
s09,487,-1.8569982496677242,test,1
s09,488,-2.0627773001664145,test,1
s09,489,-2.0370303830518965,test,1
s09,490,-2.4215938686381127,test,1
s09,491,-2.0517509968186447,test,1
s09,492,-2.5697735719189767,test,1
s09,493,-2.6429593808847862,test,1
s09,494,-2.756760141809234,test,1
s09,495,-2.4578257463820448,test,1
s09,496,-2.2613657422728761,test,1
s09,497,-2.5404904315770143,test,1
s09,498,-2.9325963640613861,test,1
s09,499,-2.6715826920655132,test,1
s09,500,-2.8893000980159469,test,1
s09,501,-2.2260403190219038,test,1
s09,502,-2.4500862949784858,test,1
s09,503,-2.1047337174618974,test,1
s09,504,-2.4981791372601783,test,1
s09,505,-2.6845652314995858,test,1
s09,506,-1.8217179208981118,test,1
s09,507,-1.9380881674325621,test,1
s09,508,-1.8973457342609177,test,1
s09,509,-1.7429891154577941,test,1
s09,510,-2.0703401937698693,test,1
s09,511,-2.5615666588349311,test,1
s09,512,-2.6174311140309405,test,1
s09,513,-2.7217593494188055,test,1
s09,514,-2.2294849291691476,test,1
s09,515,-2.9526115874026999,test,1
s09,516,-2.7244930881323874,test,1
s09,517,-3.2997873169621865,test,1
s09,518,-3.54126731622345,test,1
s09,519,-3.4782555729231861,test,1
s09,520,-4.0324227022775672,test,1
s09,521,-3.9184614641230375,test,1
s09,522,-3.5693977513222066,test,1
s09,523,-3.5604945944807067,test,1
s09,524,-3.7688271928459174,test,1
s09,525,-3.4761955866493688,test,1
s09,526,-3.6576615610604115,test,1
s09,527,-3.1131786246432993,test,1
s09,528,-2.4420256640949978,test,1
s09,529,-2.1110118805174518,test,1
s09,530,-2.5057814546764279,test,1
s09,531,-2.6661222100560562,test,1
s09,532,-2.8815341016848195,test,1
s09,533,-3.0324537899733692,test,1
s09,534,-3.4485252372458608,test,1
s09,535,-3.3246065100310673,test,1
s09,536,-3.2446903143705148,test,1
s09,537,-3.6536935436733828,test,1
s09,538,-3.8518700584657051,test,1
s09,539,-3.6693196916238158,test,1
s09,540,-3.5993589308308231,test,1
s09,541,-3.1740762987290352,test,1
s09,542,-3.5304175577989816,test,1
s09,543,-3.6574105490656068,test,1
s09,544,-3.7936191164937685,test,1
s09,545,-4.1019828717421332,test,1
s09,546,-4.3609520288830792,test,1
s09,547,-3.9899130033489363,test,1
s09,548,-4.1532758727921344,test,1
s09,549,-4.0690499997554497,test,1
s09,550,-3.6668350485584185,test,1
s09,551,-4.1164543310389208,test,1
s09,552,-3.6085596984432193,test,1
s09,553,-3.6090623528996728,test,1
s09,554,-4.2203916276270146,test,1
s09,555,-4.5380572397904837,test,1
s09,556,-4.7209921153601391,test,1
s09,557,-4.7111070056370865,test,1
s09,558,-4.330173398474626,test,1
s09,559,-4.3187363278655466,test,1
s09,560,-4.3333246651107302,test,1
s09,561,-4.636804361865912,test,1
s09,562,-4.3727815560122583,test,1
s09,563,-4.1186718359875991,test,1
s09,564,-3.3503737033129921,test,1
s09,565,-3.6145619805003677,test,1
s09,566,-4.2255803592421817,test,1
s09,567,-4.1582816425964504,test,1
s09,568,-4.0011291949138972,test,1
s09,569,-3.8882002727539708,test,1
s09,570,-4.2213575643401304,test,1
s09,571,-4.3873717994219383,test,1
s09,572,-4.9170865597585109,test,1
s09,573,-5.2701743161157371,test,1
s09,574,-5.3234368263265974,test,1
s09,575,-5.2234111960203853,test,1
s09,576,-5.1481719222292517,test,1
s09,577,-5.6031179142517349,test,1
s09,578,-5.761219547130878,test,1
s09,579,-5.9211349696814448,test,1
s09,580,-6.1347952739161515,test,1
s09,581,-5.8807332984181553,test,1
s09,582,-5.6166296908565627,test,1
s09,583,-5.6111812011386268,test,1
s09,584,-5.8933043514022607,test,1
s09,585,-6.2653743123844041,test,1
s09,586,-5.5580448320279832,test,1
s09,587,-5.4510245292205379,test,1
s09,588,-5.5838523370401543,test,1
s09,589,-5.5650287053018959,test,1
s09,590,-5.6577298603328927,test,1
s09,591,-5.1550764825410385,test,1
s09,592,-5.3062558279594265,test,1
s09,593,-5.3219948819500376,test,1
s09,594,-5.6085464121777431,test,1
s09,595,-5.8700401475497408,test,1
s09,596,-6.4441714831337906,test,1
s09,597,-5.9668488166177243,test,1
s09,598,-5.8059402812315941,test,1
s09,599,-5.8567934235094992,test,1
s10,0,-0.037822329905705332,train,0
s10,1,-0.021971176430677253,train,0
s10,2,0.54023143723134803,train,0
s10,3,0.790284309603694,train,0
s10,4,0.65762852067247857,train,0
s10,5,0.92689071343664931,train,0
s10,6,1.0061746295047003,train,0
s10,7,1.790967220613342,train,0
s10,8,2.106720277815691,train,0
s10,9,2.1592469195754118,train,0
s10,10,2.3803655138067366,train,0
s10,11,2.0991987215972809,train,0
s10,12,1.8233173896190404,train,0
s10,13,1.6842017259036983,train,0
s10,14,1.9290996003735252,train,0
s10,15,2.2344898793427266,train,0
s10,16,1.6758005488252732,train,0
s10,17,2.011345710727567,train,0
s10,18,1.53654861014706,train,0
s10,19,1.3669867485572318,train,0
s10,20,1.4135427097429736,train,0
s10,21,1.5584915503285444,train,0
s10,22,1.4466114627130964,train,0
s10,23,1.7880620798164328,train,0
s10,24,1.9406181922619055,train,0
s10,25,2.0411083535332928,train,0
s10,26,2.1695243471198795,train,0
s10,27,2.1927075311111142,train,0
s10,28,1.9690175211757825,train,0
s10,29,2.0767514425412159,train,0
s10,30,2.028686469104076,train,0
s10,31,1.6187294734328408,train,0
s10,32,1.7106077507403472,train,0
s10,33,2.2152557415074328,train,0
s10,34,2.1846887533509993,train,0
s10,35,2.589561131141326,train,0
s10,36,2.2238539115671832,train,0
s10,37,2.3572231062466136,train,0
s10,38,2.0832547856891677,train,0
s10,39,2.3845558484962606,train,0
s10,40,1.8303382685592637,train,0
s10,41,1.5538154057045324,train,0
s10,42,1.3705245528496655,train,0
s10,43,1.1997145233383539,train,0
s10,44,1.2337725054501536,train,0
s10,45,0.89843580931466682,train,0
s10,46,1.2069555508552385,train,0
s10,47,1.0558132008582475,train,0
s10,48,1.7475261686183547,train,0
s10,49,1.624386753465384,train,0
s10,50,1.8223304943305763,train,0
s10,51,1.5974396289113413,train,0
s10,52,1.6718853812364254,train,0
s10,53,2.0230308359600917,train,0
s10,54,2.0832943606795213,train,0
s10,55,2.3584364107863891,train,0
s10,56,2.6726933790258856,train,0
s10,57,3.0005846614958687,train,0
s10,58,2.749529479981943,train,0
s10,59,2.7579113794312309,train,0
s10,60,2.3563702617613282,train,0
s10,61,2.0481253028924411,train,0
s10,62,1.6639055871390072,train,0
s10,63,1.6976830659561943,train,0
s10,64,1.8892461812816008,train,0
s10,65,1.7600171555272854,train,0
s10,66,1.6722368600239463,train,0
s10,67,1.3095735267471884,train,0
s10,68,1.3007568996916747,train,0
s10,69,1.4460351357786936,train,0
s10,70,1.5286492056102681,train,0
s10,71,1.4876792396469893,train,0
s10,72,1.3147176352048293,train,0
s10,73,1.8084208322107853,train,0
s10,74,2.1314412181153348,train,0
s10,75,2.0662646991746123,train,0
s10,76,1.318674720183219,train,0
s10,77,1.8214444454705061,train,0
s10,78,1.925326556665321,train,0
s10,79,1.5933792544096252,train,0
s10,80,1.9818512721509298,train,0
s10,81,2.2305439035067196,train,0
s10,82,1.93701951685907,train,0
s10,83,1.9676451914537576,train,0
s10,84,2.1227994723620274,train,0
s10,85,2.0980270722846632,train,0
s10,86,1.5294811365206864,train,0
s10,87,1.4581836272077544,train,0
s10,88,1.8483652546358691,train,0
s10,89,1.8691052600829225,train,0
s10,90,1.6220223987361981,train,0
s10,91,1.4356663016805646,train,0
s10,92,1.5739291409452818,train,0
s10,93,1.5723653056031901,train,0
s10,94,1.7016788558240492,train,0
s10,95,1.7837208181599398,train,0
s10,96,1.9472020905011787,train,0
s10,97,1.2531767644353531,train,0
s10,98,1.7386479504621706,train,0
s10,99,2.0931169671811047,train,0
s10,100,1.9951042190216992,train,0
s10,101,1.4361917633295169,train,0
s10,102,1.7668303803868572,train,0
s10,103,2.1228210450140796,train,0
s10,104,1.8008705591145502,train,0
s10,105,2.0001203195776731,train,0
s10,106,1.9260926716642885,train,0
s10,107,1.3685494184257523,train,0
s10,108,1.3089022476937189,train,0
s10,109,1.3195396198882701,train,0
s10,110,0.87347390721202511,train,0
s10,111,0.70693988756726833,train,0
s10,112,0.74693427094351228,train,0
s10,113,1.4569176406306474,train,0
s10,114,1.8174588880644091,train,0
s10,115,1.9562424433832213,train,0
s10,116,1.8923809094946293,train,0
s10,117,1.8942533299410533,train,0
s10,118,2.1355683387607347,train,0
s10,119,2.4750326454902316,train,0
s10,120,2.2047664223755667,train,0
s10,121,1.6855871976649268,train,0
s10,122,2.2232641127483017,train,0
s10,123,1.7977943310472511,train,0
s10,124,2.4527597406814259,train,0
s10,125,2.46377946571427,train,0
s10,126,2.4261674077958544,train,0
s10,127,2.5606913757130427,train,0
s10,128,2.7378985193509426,train,0
s10,129,2.5944914824396252,train,0
s10,130,2.23211697803033,train,0
s10,131,2.3156365846013971,train,0
s10,132,2.5360520965899651,train,0
s10,133,2.5814943993031911,train,0
s10,134,2.2446012659217187,train,0
s10,135,2.3520523857176694,train,0
s10,136,2.0673480468586067,train,0
s10,137,1.2466599616524481,train,0
s10,138,0.89642513465035001,train,0
s10,139,1.3611249024825491,train,0
s10,140,1.1777857161604066,train,0
s10,141,1.2945898128655207,train,0
s10,142,1.1974105462094811,train,0
s10,143,1.3421373389588036,train,0
s10,144,1.4630592339089863,train,0
s10,145,1.6313446839829229,train,0
s10,146,1.7878021963853841,train,0
s10,147,1.1939380154046195,train,0
s10,148,1.0437692799339608,train,0
s10,149,0.71788811985546963,train,0
s10,150,1.1315238631019826,train,0
s10,151,1.4726637945597081,train,0
s10,152,1.9082284779242955,train,0
s10,153,2.3392842204294788,train,0
s10,154,2.8324215509093542,train,0
s10,155,2.7083542590704255,train,0
s10,156,2.4170321030897632,train,0
s10,157,2.4687440514653622,train,0
s10,158,2.2965373763960426,train,0
s10,159,2.1069842188950294,train,0
s10,160,2.3785695915958169,train,0
s10,161,2.2554546097119217,train,0
s10,162,2.8188028086742474,train,0
s10,163,2.4181993797601327,train,0
s10,164,2.0078932585461957,train,0
s10,165,2.2752127501457244,train,0
s10,166,2.192231827676606,train,0
s10,167,1.9383740295774681,train,0
s10,168,1.4844080843302152,train,0
s10,169,1.2913803301914288,train,0
s10,170,1.3321466730499911,train,0
s10,171,1.3981631909554504,train,0
s10,172,1.5440169405796955,train,0
s10,173,1.1913888122861132,train,0
s10,174,2.1552958591847502,train,0
s10,175,2.1925332451720108,train,0
s10,176,2.2764159802171453,train,0
s10,177,2.1626283057715172,train,0
s10,178,2.0245526904170208,train,0
s10,179,1.870290596781794,train,0
s10,180,1.5503006231724266,train,0
s10,181,1.5000176460441279,train,0
s10,182,1.4868352918401335,train,0
s10,183,1.4433788664774394,train,0
s10,184,1.3659595900567347,train,0
s10,185,0.93029536501515997,train,0
s10,186,1.6569118185837257,train,0
s10,187,1.5008975436673262,train,0
s10,188,1.1027761542931303,train,0
s10,189,0.97665892797996701,train,0
s10,190,0.70049189900444131,train,0
s10,191,0.70152777745596184,train,0
s10,192,0.99138555909097981,train,0
s10,193,1.0991181959279159,train,0
s10,194,0.94380753335021739,train,0
s10,195,1.035395536386811,train,0
s10,196,1.3745885249321845,train,0
s10,197,1.2028704046152345,train,0
s10,198,1.3961731661018866,train,0
s10,199,1.6851624156338201,train,0
s10,200,1.3902476526549361,calibration,0
s10,201,1.6763175211922463,calibration,0
s10,202,1.3813822650445267,calibration,0
s10,203,1.3417471496512938,calibration,0
s10,204,1.5618956718660555,calibration,0
s10,205,1.434493597341993,calibration,0
s10,206,1.2681288741888659,calibration,0
s10,207,1.3909851298184222,calibration,0
s10,208,1.8188379082414938,calibration,0
s10,209,1.7654743415554903,calibration,0
s10,210,1.3818486921379232,calibration,0
s10,211,1.3523370724132724,calibration,0
s10,212,1.2790740859046785,calibration,0
s10,213,1.7093129920704908,calibration,0
s10,214,1.7553563762001694,calibration,0
s10,215,1.6182906504321359,calibration,0
s10,216,1.6136145410520124,calibration,0
s10,217,1.5940760711042323,calibration,0
s10,218,1.1622207976301664,calibration,0
s10,219,1.64668829922697,calibration,0
s10,220,1.5174147370267237,calibration,0
s10,221,1.3735091818763434,calibration,0
s10,222,1.845824027527587,calibration,0
s10,223,1.801172969699619,calibration,0
s10,224,1.3921644452429751,calibration,0
s10,225,1.0939648872716328,calibration,0
s10,226,1.1416841320835867,calibration,0
s10,227,0.76934825802750484,calibration,0
s10,228,1.2249378038602026,calibration,0
s10,229,1.2520250408804532,calibration,0
s10,230,1.0838797352359308,calibration,0
s10,231,1.0179772914571599,calibration,0
s10,232,1.193459316465078,calibration,0
s10,233,1.2219855902350836,calibration,0
s10,234,1.0282716526671982,calibration,0
s10,235,1.2848488140933914,calibration,0
s10,236,1.671633504208323,calibration,0
s10,237,1.512589542221451,calibration,0
s10,238,1.9298049321023398,calibration,0
s10,239,2.1717836966307198,calibration,0
s10,240,1.9477610358499735,calibration,0
s10,241,1.7885105733152054,calibration,0
s10,242,1.2944350070331674,calibration,0
s10,243,1.5082026062543687,calibration,0
s10,244,1.4569115108394612,calibration,0
s10,245,1.8943722720497451,calibration,0
s10,246,1.9243707675313577,calibration,0
s10,247,1.6378760643680044,calibration,0
s10,248,1.0597093369495751,calibration,0
s10,249,0.83942663426184994,calibration,0
s10,250,0.89404092286047643,calibration,0
s10,251,0.74654093158738111,calibration,0
s10,252,1.2746069568847727,calibration,0
s10,253,1.535066332642915,calibration,0
s10,254,0.9928708185341254,calibration,0
s10,255,0.95233992893519093,calibration,0
s10,256,0.83147970669537685,calibration,0
s10,257,1.05061521310275,calibration,0
s10,258,1.013279837429417,calibration,0
s10,259,1.4850938706043566,calibration,0
s10,260,1.3645857168043567,calibration,0
s10,261,1.2668502532201165,calibration,0
s10,262,1.8236240969273747,calibration,0
s10,263,1.4322962046461569,calibration,0
s10,264,1.3311231831369701,calibration,0
s10,265,1.9747932556112637,calibration,0
s10,266,1.2323888553624944,calibration,0
s10,267,1.0925727350976016,calibration,0
s10,268,0.83327639522178654,calibration,0
s10,269,0.90850183162177056,calibration,0
s10,270,0.98025936334458097,calibration,0
s10,271,0.85151604128268876,calibration,0
s10,272,1.0550621330464034,calibration,0
s10,273,1.2067697500267089,calibration,0
s10,274,1.8326554223508504,calibration,0
s10,275,1.7623988095786871,calibration,0
s10,276,1.5592288391200559,calibration,0
s10,277,1.724334028693058,calibration,0
s10,278,1.9981842244879906,calibration,0
s10,279,1.7438590080172371,calibration,0
s10,280,1.8488660720675356,calibration,0
s10,281,1.7527564254594488,calibration,0
s10,282,1.4363731281299121,calibration,0
s10,283,1.7572085569119409,calibration,0
s10,284,1.4877172680106543,calibration,0
s10,285,1.6030565328239856,calibration,0
s10,286,1.1983491593057631,calibration,0
s10,287,1.3208196449555238,calibration,0
s10,288,1.1747132231022717,calibration,0
s10,289,0.72760245950628744,calibration,0
s10,290,0.66736424565229191,calibration,0
s10,291,0.50890118796246087,calibration,0
s10,292,0.76922129166224196,calibration,0
s10,293,1.7080394915507409,calibration,0
s10,294,1.7028657022878053,calibration,0
s10,295,1.5487075000858885,calibration,0
s10,296,1.6134666457677707,calibration,0
s10,297,1.2905783011678342,calibration,0
s10,298,1.6163511153580699,calibration,0
s10,299,1.6680101473074322,calibration,0
s10,300,2.0205767783699331,calibration,0
s10,301,2.3100639200799091,calibration,0
s10,302,2.4238360490169129,calibration,0
s10,303,2.269586866307796,calibration,0
s10,304,2.4431406518245162,calibration,0
s10,305,1.7533808031584659,calibration,0
s10,306,1.5153035163724258,calibration,0
s10,307,1.0210759713951711,calibration,0
s10,308,1.2067824128537827,calibration,0
s10,309,1.0032982073195829,calibration,0
s10,310,1.3879200555734466,calibration,0
s10,311,0.98446019398707751,calibration,0
s10,312,0.96179635132658103,calibration,0
s10,313,1.2056315492342842,calibration,0
s10,314,0.92867434616927902,calibration,0
s10,315,1.0075633468423273,calibration,0
s10,316,0.56729415392295979,calibration,0
s10,317,0.98683366688324348,calibration,0
s10,318,0.86572807780454042,calibration,0
s10,319,0.8063917595753971,calibration,0
s10,320,0.73662057611999976,calibration,0
s10,321,1.0146682322871383,calibration,0
s10,322,0.6879719901210869,calibration,0
s10,323,0.62904787601079903,calibration,0
s10,324,0.95760109743120625,calibration,0
s10,325,1.1921567039705399,calibration,0
s10,326,1.5830910166897618,calibration,0
s10,327,1.2063117997287103,calibration,0
s10,328,1.4123354054936998,calibration,0
s10,329,1.2306396919443272,calibration,0
s10,330,1.4546682179681694,calibration,0
s10,331,1.604587895302553,calibration,0
s10,332,1.9607623240505994,calibration,0
s10,333,2.0780127348554784,calibration,0
s10,334,2.0487979659228635,calibration,0
s10,335,2.6511409920108751,calibration,0
s10,336,2.5513678700178142,calibration,0
s10,337,2.5695870414634232,calibration,0
s10,338,2.384180336286148,calibration,0
s10,339,2.2924928351356337,calibration,0
s10,340,2.630649977654238,calibration,0
s10,341,2.3262396474342077,calibration,0
s10,342,1.7188159276210193,calibration,0
s10,343,1.4629224769623641,calibration,0
s10,344,1.3538395067888054,calibration,0
s10,345,1.3103137729164112,calibration,0
s10,346,0.78767298436620292,calibration,0
s10,347,1.1265105107555817,calibration,0
s10,348,1.3391031729122089,calibration,0
s10,349,1.6009568459296102,calibration,0
s10,350,1.4886873566364911,test,0
s10,351,1.312154169310759,test,0
s10,352,1.3522806268573055,test,0
s10,353,1.4100028616352749,test,0
s10,354,1.289885132575838,test,0
s10,355,1.8858841925665846,test,0
s10,356,1.7591963606932637,test,0
s10,357,1.5774623190665547,test,0
s10,358,1.0732474314593725,test,0
s10,359,1.6628482642731008,test,0
s10,360,1.205737854103714,test,0
s10,361,1.6732303037246452,test,0
s10,362,1.2260689993467686,test,0
s10,363,0.97888828043578568,test,0
s10,364,0.50270504462940802,test,0
s10,365,0.5038175409235407,test,0
s10,366,0.5809380189671276,test,0
s10,367,0.700998201387937,test,0
s10,368,0.70539854966819138,test,0
s10,369,1.1338927923925031,test,0
s10,370,1.1031630103817793,test,0
s10,371,1.4174539557128458,test,0
s10,372,1.1845100128248336,test,0
s10,373,1.6324489449233948,test,0
s10,374,1.8774256946495029,test,0
s10,375,1.625698251515177,test,1
s10,376,1.6007121435507656,test,1
s10,377,1.5158581418091917,test,1
s10,378,1.5338407089873936,test,1
s10,379,1.6626897436008263,test,1
s10,380,1.5495108337470496,test,1
s10,381,2.0154184191029612,test,1
s10,382,1.5982453062096653,test,1
s10,383,1.6475938809946671,test,1
s10,384,1.8612911401682102,test,1
s10,385,1.9401743779356428,test,1
s10,386,2.4542532945602789,test,1
s10,387,2.8709072778609452,test,1
s10,388,2.6590766421359087,test,1
s10,389,2.7419815064835484,test,1
s10,390,2.8457063579211068,test,1
s10,391,3.1590744517940301,test,1
s10,392,2.7447709818950887,test,1
s10,393,2.6088761120615209,test,1
s10,394,2.3653073048623292,test,1
s10,395,2.1346942769236805,test,1
s10,396,2.6152761739585557,test,1
s10,397,2.953626551484918,test,1
s10,398,2.9786292983868154,test,1
s10,399,2.900093545597437,test,1
s10,400,2.6263406866568078,test,1
s10,401,1.9833497390135695,test,1
s10,402,1.9483034488074882,test,1
s10,403,1.716641785453483,test,1
s10,404,1.8209155919107227,test,1
s10,405,2.2943044058825897,test,1
s10,406,2.8799526674123044,test,1
s10,407,2.8997139180685858,test,1
s10,408,2.3050613677600889,test,1
s10,409,2.3323481852299155,test,1
s10,410,2.1274184553922866,test,1
s10,411,1.8466205138491507,test,1
s10,412,2.5211008012880924,test,1
s10,413,2.5246491008098193,test,1
s10,414,2.4478825018463324,test,1
s10,415,2.7022777917296557,test,1
s10,416,2.7103288342534126,test,1
s10,417,2.7503406787641613,test,1
s10,418,2.793932352932385,test,1
s10,419,2.5110424559963258,test,1
s10,420,2.8817196522579458,test,1
s10,421,3.150310631815163,test,1
s10,422,3.126902781604735,test,1
s10,423,2.9019872538488345,test,1
s10,424,3.1407567607450382,test,1
s10,425,2.3529657119312115,test,1
s10,426,2.9768793313702346,test,1
s10,427,3.0815758941146507,test,1
s10,428,3.3131492368733144,test,1
s10,429,3.7898030675343692,test,1
s10,430,4.2864936364379123,test,1
s10,431,3.9820007961328678,test,1
s10,432,3.643967392171374,test,1
s10,433,3.6206871834659289,test,1
s10,434,3.8246122289561715,test,1
s10,435,4.1409848212045528,test,1
s10,436,4.5545096273713845,test,1
s10,437,5.2008236612618663,test,1
s10,438,5.137418713669561,test,1
s10,439,5.0173555782134658,test,1
s10,440,4.9739405947103981,test,1
s10,441,4.3452054540443763,test,1
s10,442,4.1626320908724832,test,1
s10,443,3.3314493423561053,test,1
s10,444,2.7728009967899454,test,1
s10,445,3.5793900457804111,test,1
s10,446,3.5857757145860054,test,1
s10,447,3.142132094192049,test,1
s10,448,3.5027973279363493,test,1
s10,449,3.641388613937262,test,1
s10,450,3.2164132260152014,test,1
s10,451,3.3909159087812899,test,1
s10,452,2.7392145456450843,test,1
s10,453,2.755768400215663,test,1
s10,454,2.8845633528182653,test,1
s10,455,3.0197212633161206,test,1
s10,456,3.0987515559034864,test,1
s10,457,3.7293918640484272,test,1
s10,458,3.5594766393963089,test,1
s10,459,3.6799214631675032,test,1
s10,460,4.3438026009667512,test,1
s10,461,4.0553211843324579,test,1
s10,462,4.2121770473501625,test,1
s10,463,4.4379312203020405,test,1
s10,464,4.6148247604272692,test,1
s10,465,4.6830291104887998,test,1
s10,466,4.6060093090970922,test,1
s10,467,4.6707244538816619,test,1
s10,468,4.5557240170893731,test,1
s10,469,4.8782327964266949,test,1
s10,470,4.9773512938897646,test,1
s10,471,5.2350249267902935,test,1
s10,472,5.2330559528646328,test,1
s10,473,4.736739316666382,test,1
s10,474,4.6429330212000535,test,1
s10,475,4.6690157807730133,test,1
s10,476,4.8850739768290667,test,1
s10,477,4.7170317765117149,test,1
s10,478,4.7877705290922234,test,1
s10,479,5.616855731960265,test,1
s10,480,5.5839242526541994,test,1
s10,481,5.3424393048971615,test,1
s10,482,5.2194947007828114,test,1
s10,483,5.1262497966998772,test,1
s10,484,4.9637517317854059,test,1
s10,485,4.946626057902761,test,1
s10,486,5.7552941263135002,test,1
s10,487,5.8181916677292316,test,1
s10,488,5.4907681675718649,test,1
s10,489,5.3086596953040894,test,1
s10,490,5.4025519439276577,test,1
s10,491,5.2868234912815018,test,1
s10,492,5.885031161097344,test,1
s10,493,5.6630166384451535,test,1
s10,494,5.362136429486605,test,1
s10,495,5.7440914138709891,test,1
s10,496,5.7794123076569965,test,1
s10,497,5.4904128636031952,test,1
s10,498,5.560699408629338,test,1
s10,499,5.981370960524778,test,1
s10,500,5.9188314955528716,test,1
s10,501,6.2006319788925932,test,1
s10,502,6.2221245120102937,test,1
s10,503,6.3436550885744563,test,1
s10,504,6.4721664458323822,test,1
s10,505,6.4069794589854059,test,1
s10,506,6.145046400277983,test,1
s10,507,6.5845661609814305,test,1
s10,508,6.3903979164893387,test,1
s10,509,6.2095852449724704,test,1
s10,510,6.3249747793163804,test,1
s10,511,6.2874980324826515,test,1
s10,512,6.5872797855299536,test,1
s10,513,6.4427625493291503,test,1
s10,514,6.3280318142388783,test,1
s10,515,6.8285801466433833,test,1
s10,516,6.7014092553883593,test,1
s10,517,6.4180150157817497,test,1
s10,518,5.9404443753139109,test,1
s10,519,5.626718699592077,test,1
s10,520,5.8765054578830966,test,1
s10,521,6.2352720524116902,test,1
s10,522,6.6024079003705358,test,1
s10,523,6.3635514269949986,test,1
s10,524,6.4234403587262605,test,1
s10,525,6.2431230752877056,test,1
s10,526,6.8679139374289884,test,1
s10,527,6.7075306171888327,test,1
s10,528,6.9697002425175958,test,1
s10,529,7.237666782488839,test,1
s10,530,6.7448024865687861,test,1
s10,531,7.1174062877940107,test,1
s10,532,7.4012235775902564,test,1
s10,533,7.4341306610091031,test,1
s10,534,7.6020854795268917,test,1
s10,535,7.2350970511079415,test,1
s10,536,7.516595378403033,test,1
s10,537,7.5646361681741761,test,1
s10,538,7.1784923571817671,test,1
s10,539,7.5352844090943121,test,1
s10,540,7.1519952743115027,test,1
s10,541,6.9747288685260287,test,1
s10,542,7.0768252153290589,test,1
s10,543,7.2615146295747621,test,1
s10,544,7.4193131838639612,test,1
s10,545,7.2667437578354157,test,1
s10,546,6.8409067948980216,test,1
s10,547,6.9339240492056966,test,1
s10,548,7.2262515980824418,test,1
s10,549,7.3404707943846752,test,1
s10,550,7.6541019044291225,test,1
s10,551,7.7357181574432188,test,1
s10,552,7.6022602975387166,test,1
s10,553,8.0471832811604074,test,1
s10,554,8.2115590088112747,test,1
s10,555,8.0888871990655478,test,1
s10,556,8.4428884482694926,test,1
s10,557,8.4449640213433863,test,1
s10,558,8.7961300762044612,test,1
s10,559,9.1149104421125653,test,1
s10,560,9.1383238567748268,test,1
s10,561,8.6781045962431929,test,1
s10,562,8.3369814524531165,test,1
s10,563,7.9462234230206334,test,1
s10,564,8.1506567401871859,test,1
s10,565,8.1628016310516003,test,1
s10,566,8.0478920073704785,test,1
s10,567,7.4365865371093065,test,1
s10,568,7.6827865354205578,test,1
s10,569,8.0875296825574505,test,1
s10,570,8.7478105432267945,test,1
s10,571,8.7931296268449266,test,1
s10,572,8.6564560694513037,test,1
s10,573,8.7175977842283867,test,1
s10,574,8.5555587559187209,test,1
s10,575,8.3960862433392602,test,1
s10,576,7.9665658940660524,test,1
s10,577,7.8010032675144876,test,1
s10,578,7.4106634699558347,test,1
s10,579,7.7242164814087158,test,1
s10,580,8.0724892483766659,test,1
s10,581,8.0300169448093683,test,1
s10,582,8.08714002972029,test,1
s10,583,8.1997138806917516,test,1
s10,584,8.1213591948316353,test,1
s10,585,8.0149337118570667,test,1
s10,586,8.1759717963636263,test,1
s10,587,7.8476971424162238,test,1
s10,588,7.9756361580610253,test,1
s10,589,8.2648576490893948,test,1
s10,590,8.4469369770035243,test,1
s10,591,7.9845788329450782,test,1
s10,592,8.5185202785244787,test,1
s10,593,8.588108749894575,test,1
s10,594,8.971429142231834,test,1
s10,595,9.2593868266497061,test,1
s10,596,9.2430224835750856,test,1
s10,597,9.1684839461303742,test,1
s10,598,9.3735675476660614,test,1
s10,599,9.6139284931637086,test,1
s11,0,0.087213354791682046,train,0
s11,1,0.63301266856822935,train,0
s11,2,0.93202385335697258,train,0
s11,3,1.2114359211186245,train,0
s11,4,1.1026648699836421,train,0
s11,5,1.4800004154683075,train,0
s11,6,1.5984598370606511,train,0
s11,7,1.6652289622499541,train,0
s11,8,1.6103755224551939,train,0
s11,9,1.0642669500962609,train,0
s11,10,1.7894238634993571,train,0
s11,11,1.8180923763852226,train,0
s11,12,1.6766907924812475,train,0
s11,13,1.5898289824487102,train,0
s11,14,1.3232510763363452,train,0
s11,15,0.99261859306529043,train,0
s11,16,1.2950967884284355,train,0
s11,17,1.2534540206983842,train,0
s11,18,0.88860827790538699,train,0
s11,19,0.74083966585689409,train,0
s11,20,0.47052379508622727,train,0
s11,21,1.1973983761680045,train,0
s11,22,1.7483571121534673,train,0
s11,23,2.1205166582000849,train,0
s11,24,2.4025445289038645,train,0
s11,25,2.0586432016588194,train,0
s11,26,1.3949782402033031,train,0
s11,27,1.6352220112495564,train,0
s11,28,1.4896687836772808,train,0
s11,29,1.2769711287622227,train,0
s11,30,1.1403304807366608,train,0
s11,31,1.2795710449353543,train,0
s11,32,1.4275555932476587,train,0
s11,33,0.81898342538468671,train,0
s11,34,1.3520245491244507,train,0
s11,35,1.4344306680632655,train,0
s11,36,1.431744547057763,train,0
s11,37,1.1194945532511276,train,0
s11,38,1.4395286934800509,train,0
s11,39,1.5199716866704214,train,0
s11,40,1.3865145054748289,train,0
s11,41,1.4412477629091021,train,0
s11,42,1.6457429096125875,train,0
s11,43,1.6667754084889652,train,0
s11,44,2.0266367807259122,train,0
s11,45,2.0853217590778099,train,0
s11,46,1.8032834096020365,train,0
s11,47,1.5972369059080649,train,0
s11,48,0.99700210830277636,train,0
s11,49,0.86561455467124671,train,0
s11,50,0.7152854104846289,train,0
s11,51,0.85699915961720385,train,0
s11,52,1.4810712268942372,train,0
s11,53,1.0844060798957715,train,0
s11,54,1.5124864795856456,train,0
s11,55,1.9479498824248416,train,0
s11,56,2.0633557509056493,train,0
s11,57,2.029463310991964,train,0
s11,58,1.8229612184690476,train,0
s11,59,1.5187323965170327,train,0
s11,60,1.6241028424945971,train,0
s11,61,1.8410433991372377,train,0
s11,62,1.8102800172890374,train,0
s11,63,1.9909233963074324,train,0
s11,64,2.4757649533280519,train,0
s11,65,2.4260242388074937,train,0
s11,66,2.3661834855553727,train,0
s11,67,2.0492468885729913,train,0
s11,68,1.8319072292598741,train,0
s11,69,1.2097350999494574,train,0
s11,70,1.2987867757830938,train,0
s11,71,1.6830223998142126,train,0
s11,72,1.0988700913847205,train,0
s11,73,1.6073372120939133,train,0
s11,74,1.8372334655304694,train,0
s11,75,2.0594945303473504,train,0
s11,76,2.3013176017201031,train,0
s11,77,2.1724008538034276,train,0
s11,78,2.3104981163204079,train,0
s11,79,2.5741810135407817,train,0
s11,80,2.7518510231289053,train,0
s11,81,2.9412899083270778,train,0
s11,82,2.656999897047263,train,0
s11,83,2.2708087806047255,train,0
s11,84,2.3572356064299846,train,0
s11,85,2.1982745641178258,train,0
s11,86,1.6862005036738392,train,0
s11,87,1.6120354711828848,train,0
s11,88,1.5318333525667049,train,0
s11,89,1.5020927614845772,train,0
s11,90,1.424550799753495,train,0
s11,91,1.0006081504971327,train,0
s11,92,1.3588829976623069,train,0
s11,93,1.3854517754097868,train,0
s11,94,1.189542350934329,train,0
s11,95,1.4892185066104011,train,0
s11,96,1.4196334799945955,train,0
s11,97,1.5536858898335202,train,0
s11,98,1.4326333604287953,train,0
s11,99,1.5456501653759094,train,0
s11,100,1.3929891415184923,train,0
s11,101,1.7141535361091165,train,0
s11,102,1.2871321743479989,train,0
s11,103,1.754200509641799,train,0
s11,104,1.4957552726984678,train,0
s11,105,1.6698683512358947,train,0
s11,106,1.7359252458593062,train,0
s11,107,1.9506550715234756,train,0
s11,108,1.3596256963370226,train,0
s11,109,1.3814866645070749,train,0
s11,110,1.4079513033953892,train,0
s11,111,1.6670896684536567,train,0
s11,112,2.0792877036446362,train,0
s11,113,2.4387815224447484,train,0
s11,114,2.4253485777713713,train,0
s11,115,2.1617939940454618,train,0
s11,116,2.0786555444456725,train,0
s11,117,1.9390497458666569,train,0
s11,118,1.804319303225514,train,0
s11,119,2.1770372603148904,train,0
s11,120,2.0370891529847528,train,0
s11,121,1.7400642532992698,train,0
s11,122,2.0374588774609665,train,0
s11,123,2.2338451773255077,train,0
s11,124,2.0318386961288688,train,0
s11,125,1.9575478393042658,train,0
s11,126,1.9069238900969445,train,0
s11,127,1.662482289238659,train,0
s11,128,2.0944910543381625,train,0
s11,129,2.0666056337506666,train,0
s11,130,1.7132804705961009,train,0
s11,131,1.9990346567512802,train,0
s11,132,2.2318596662304766,train,0
s11,133,2.238200977410048,train,0
s11,134,2.3094049044686797,train,0
s11,135,2.1128017840339179,train,0
s11,136,2.0021096729563568,train,0
s11,137,2.0702098385007273,train,0
s11,138,1.6067922241997721,train,0
s11,139,1.7212799778088281,train,0
s11,140,1.5405455104981713,train,0
s11,141,1.5703571080229868,train,0
s11,142,1.6940150559582368,train,0
s11,143,2.0877162531156692,train,0
s11,144,2.3020685123956839,train,0
s11,145,2.4600560134485918,train,0
s11,146,2.3688257896522655,train,0
s11,147,1.8932074027568198,train,0
s11,148,2.0126285059059659,train,0
s11,149,2.2020484451352997,train,0
s11,150,1.4058956472854345,train,0
s11,151,1.3665543056214606,train,0
s11,152,1.1179990408207177,train,0
s11,153,1.1747126513941824,train,0
s11,154,1.4454204464300675,train,0
s11,155,1.8798619010978554,train,0
s11,156,1.6755609696133151,train,0
s11,157,1.9178082763300108,train,0
s11,158,1.5421124156320134,train,0
s11,159,1.941721780453304,train,0
s11,160,1.5302590147343564,train,0
s11,161,1.6685181313334598,train,0
s11,162,1.5588639919256781,train,0
s11,163,0.79141438733309055,train,0
s11,164,0.90305857910697052,train,0
s11,165,0.90560382687542662,train,0
s11,166,1.1617854468778519,train,0
s11,167,1.370267455983962,train,0
s11,168,0.76642318961101819,train,0
s11,169,1.2620973266152327,train,0
s11,170,1.0252202952919782,train,0
s11,171,0.93947927927324026,train,0
s11,172,1.4981341313391803,train,0
s11,173,1.8669016965603105,train,0
s11,174,1.8663870342314375,train,0
s11,175,1.4816168630004602,train,0
s11,176,1.6562280868670103,train,0
s11,177,1.5082601376911318,train,0
s11,178,1.2098172192988952,train,0
s11,179,1.2470109399122176,train,0
s11,180,1.2016914172559232,train,0
s11,181,1.4450605611903791,train,0
s11,182,1.4349040499570305,train,0
s11,183,1.833905161450702,train,0
s11,184,1.1748055149790582,train,0
s11,185,1.1138685451983761,train,0
s11,186,0.9082584305115482,train,0
s11,187,1.7774335443240048,train,0
s11,188,2.1055185866424089,train,0
s11,189,2.7275464973225731,train,0
s11,190,2.4529143781744263,train,0
s11,191,2.4389710954923225,train,0
s11,192,2.5944255221493844,train,0
s11,193,2.5935345181838274,train,0
s11,194,2.2578408355475892,train,0
s11,195,1.859226843277326,train,0
s11,196,1.373119617907135,train,0
s11,197,1.5232632665835313,train,0
s11,198,1.3766015959087903,train,0
s11,199,1.3005217703300094,train,0
s11,200,1.4849254990665464,calibration,0
s11,201,1.1684521232820937,calibration,0
s11,202,1.7046596866355603,calibration,0
s11,203,1.7536862188547138,calibration,0
s11,204,1.7737197955572721,calibration,0
s11,205,1.7264311174877678,calibration,0
s11,206,1.1775356146810756,calibration,0
s11,207,1.1284376452929856,calibration,0
s11,208,1.2760455765113505,calibration,0
s11,209,2.01491949808864,calibration,0
s11,210,2.2706048667129455,calibration,0
s11,211,2.446385873295061,calibration,0
s11,212,2.2550290757553224,calibration,0
s11,213,2.2561163329157714,calibration,0
s11,214,2.3004173081172041,calibration,0
s11,215,2.497040090034198,calibration,0
s11,216,1.866052085504839,calibration,0
s11,217,1.3163881891853255,calibration,0
s11,218,1.4942229750997036,calibration,0
s11,219,1.5968718603981173,calibration,0
s11,220,1.9955202172598634,calibration,0
s11,221,2.1220561721838784,calibration,0
s11,222,1.7381949659727864,calibration,0
s11,223,1.5605628617027518,calibration,0
s11,224,1.8858452795704876,calibration,0
s11,225,1.8480035917593343,calibration,0
s11,226,1.9552874702811318,calibration,0
s11,227,1.9249352569940714,calibration,0
s11,228,1.7422320875667783,calibration,0
s11,229,1.4587047634939658,calibration,0
s11,230,1.7458727425921148,calibration,0
s11,231,1.3752382976318316,calibration,0
s11,232,1.3942927045425448,calibration,0
s11,233,1.2842722452455535,calibration,0
s11,234,1.177690045976177,calibration,0
s11,235,0.64230496909505219,calibration,0
s11,236,0.67646652330480528,calibration,0
s11,237,1.0383029767013556,calibration,0
s11,238,1.5329178296540082,calibration,0
s11,239,1.6389369223568762,calibration,0
s11,240,2.166652858039936,calibration,0
s11,241,2.1482344474862849,calibration,0
s11,242,1.9530090095946389,calibration,0
s11,243,1.9242143171175601,calibration,0
s11,244,1.1426822388332645,calibration,0
s11,245,1.1662153085442102,calibration,0
s11,246,1.6524835138277476,calibration,0
s11,247,1.2913860925075293,calibration,0
s11,248,0.98111326687492162,calibration,0
s11,249,1.1271195860300756,calibration,0
s11,250,1.3445827154888088,calibration,0
s11,251,1.0739856491327644,calibration,0
s11,252,1.1989275660618393,calibration,0
s11,253,1.1285742394224745,calibration,0
s11,254,1.2674651367785768,calibration,0
s11,255,1.9247791988644205,calibration,0
s11,256,1.4242104573834573,calibration,0
s11,257,1.6031193936274546,calibration,0
s11,258,1.5279293488269365,calibration,0
s11,259,1.7874489572548193,calibration,0
s11,260,2.3876403388724938,calibration,0
s11,261,1.885459266779431,calibration,0
s11,262,1.8146860388757682,calibration,0
s11,263,2.0091850947478447,calibration,0
s11,264,1.2383456874209764,calibration,0
s11,265,1.4196661645404531,calibration,0
s11,266,1.5783881425224977,calibration,0
s11,267,1.8929873705829374,calibration,0
s11,268,2.1520822266210557,calibration,0
s11,269,1.6241878067991395,calibration,0
s11,270,1.6851615899205017,calibration,0
s11,271,2.2053685880630995,calibration,0
s11,272,1.7506960652277863,calibration,0
s11,273,1.6146578735028587,calibration,0
s11,274,1.1010080456858482,calibration,0
s11,275,0.82096400517692913,calibration,0
s11,276,0.93047842427013538,calibration,0
s11,277,1.0287802795473562,calibration,0
s11,278,0.34711351779769883,calibration,0
s11,279,0.83391950188555475,calibration,0
s11,280,0.8935395377714479,calibration,0
s11,281,0.73494758426074724,calibration,0
s11,282,1.4966122841259035,calibration,0
s11,283,1.6223312429628494,calibration,0
s11,284,1.5570606268227909,calibration,0
s11,285,1.9485680530551805,calibration,0
s11,286,1.7908796845355421,calibration,0
s11,287,1.6010662188312907,calibration,0
s11,288,1.9075402471092375,calibration,0
s11,289,2.2097785999760022,calibration,0
s11,290,1.9387344887844054,calibration,0
s11,291,2.0649830636093616,calibration,0
s11,292,1.5274027233802043,calibration,0
s11,293,2.0531801760967814,calibration,0
s11,294,1.5725708334296737,calibration,0
s11,295,1.4243602272517446,calibration,0
s11,296,1.5444300089177019,calibration,0
s11,297,1.8306850723540253,calibration,0
s11,298,1.6162012930820677,calibration,0
s11,299,1.5490154745861568,calibration,0
s11,300,1.7038036105698533,calibration,0
s11,301,1.1387502040010926,calibration,0
s11,302,1.2016002324402517,calibration,0
s11,303,1.1192339389774184,calibration,0
s11,304,1.2009321459757887,calibration,0
s11,305,1.6941395485073409,calibration,0
s11,306,2.0652532446066161,calibration,0
s11,307,1.5324346603846724,calibration,0
s11,308,1.2781391535572655,calibration,0
s11,309,1.312131470843324,calibration,0
s11,310,1.5406540736626573,calibration,0
s11,311,1.9549607352573886,calibration,0
s11,312,1.5851269126286855,calibration,0
s11,313,1.2909992660145457,calibration,0
s11,314,1.4169155147739512,calibration,0
s11,315,1.1914861230141642,calibration,0
s11,316,1.2911436266318261,calibration,0
s11,317,1.4355794652409801,calibration,0
s11,318,1.7249916752996453,calibration,0
s11,319,2.0061631453456856,calibration,0
s11,320,1.9674381268127692,calibration,0
s11,321,1.7519687576349412,calibration,0
s11,322,1.8667401834914719,calibration,0
s11,323,1.7852748725131951,calibration,0
s11,324,1.7998472479676937,calibration,0
s11,325,1.2610454606379373,calibration,0
s11,326,1.4764162320889258,calibration,0
s11,327,1.4761481368968099,calibration,0
s11,328,1.7639016348318068,calibration,0
s11,329,1.5387372386612925,calibration,0
s11,330,1.1856728936795502,calibration,0
s11,331,1.2960925743496441,calibration,0
s11,332,1.828149754207181,calibration,0
s11,333,1.6055925791054488,calibration,0
s11,334,1.3414285188569524,calibration,0
s11,335,1.1624899529957411,calibration,0
s11,336,1.5716890614970676,calibration,0
s11,337,1.6432072704268468,calibration,0
s11,338,1.6223236698906205,calibration,0
s11,339,1.6064439089038669,calibration,0
s11,340,1.7726554104296142,calibration,0
s11,341,2.3434499822063448,calibration,0
s11,342,2.4794449358010331,calibration,0
s11,343,2.3311329569057793,calibration,0
s11,344,1.8723839695489248,calibration,0
s11,345,1.4970177458457588,calibration,0
s11,346,1.7832747568564788,calibration,0
s11,347,1.544424620652296,calibration,0
s11,348,1.1125860159197067,calibration,0
s11,349,1.3459392014607265,calibration,0
s11,350,1.578961362371649,test,0
s11,351,1.6479085204736927,test,0
s11,352,1.6800477879672733,test,0
s11,353,1.7292247358967656,test,0
s11,354,1.3912571363430675,test,0
s11,355,1.5450974697504412,test,0
s11,356,1.4054001262697566,test,0
s11,357,1.3957778636449112,test,0
s11,358,1.6037435203558932,test,0
s11,359,2.1154948923037287,test,0
s11,360,1.9917013497965739,test,0
s11,361,1.8362768132030336,test,0
s11,362,2.1044741726134193,test,0
s11,363,1.9734134267663124,test,0
s11,364,1.6292828925617762,test,0
s11,365,1.4827535083461449,test,0
s11,366,0.88306950876273216,test,0
s11,367,1.035318088603739,test,0
s11,368,1.004964617375101,test,0
s11,369,1.0762251548084649,test,0
s11,370,1.0322986654520356,test,0
s11,371,0.69890771424296672,test,0
s11,372,1.1133737507338026,test,0
s11,373,1.2033367578077325,test,0
s11,374,1.4543346136742483,test,0
s11,375,1.1561408941373665,test,1
s11,376,0.95124219365316076,test,1
s11,377,0.68582829416683289,test,1
s11,378,0.88615854233675595,test,1
s11,379,0.84399871880113442,test,1
s11,380,0.43621966633381337,test,1
s11,381,0.97206584464764612,test,1
s11,382,1.2858285854987181,test,1
s11,383,1.1580936666808328,test,1
s11,384,1.5534163409101729,test,1
s11,385,0.82366903294258265,test,1
s11,386,0.96290297173189887,test,1
s11,387,1.089101810494657,test,1
s11,388,0.89856495619990262,test,1
s11,389,0.70065807656721857,test,1
s11,390,0.73048353809061572,test,1
s11,391,1.1254633105238909,test,1
s11,392,0.84796817502180422,test,1
s11,393,0.74940681462933989,test,1
s11,394,0.56945760552358893,test,1
s11,395,0.9303156552528189,test,1
s11,396,0.52047746625820701,test,1
s11,397,0.61000752666544922,test,1
s11,398,1.0797869054288434,test,1
s11,399,0.96042502368892879,test,1
s11,400,0.43418248288146588,test,1
s11,401,0.51113513756875273,test,1
s11,402,0.73397745363472999,test,1
s11,403,1.0727281841638825,test,1
s11,404,1.4083797410306271,test,1
s11,405,1.5321719891403842,test,1
s11,406,1.4558006633919347,test,1
s11,407,0.8650140224928704,test,1
s11,408,0.8223420212867022,test,1
s11,409,0.9846118725752866,test,1
s11,410,1.4658943312901158,test,1
s11,411,1.2398416366812941,test,1
s11,412,1.2464354133019317,test,1
s11,413,1.4602197488446844,test,1
s11,414,0.98455160260462615,test,1
s11,415,0.71972307514865896,test,1
s11,416,0.62839537540770363,test,1
s11,417,0.99295684985934218,test,1
s11,418,1.0228650433152042,test,1
s11,419,0.57081344463878869,test,1
s11,420,0.76148734963257114,test,1
s11,421,0.42195454797185344,test,1
s11,422,0.45259999394510103,test,1
s11,423,0.61554682184689358,test,1
s11,424,0.35142208198773206,test,1
s11,425,0.7527216561506207,test,1
s11,426,0.52464929120742565,test,1
s11,427,0.42300376977107607,test,1
s11,428,0.26921017568173167,test,1
s11,429,0.0069215663148276818,test,1
s11,430,-0.43967963660760201,test,1
s11,431,-0.38479355298237328,test,1
s11,432,-0.49049628924792332,test,1
s11,433,-0.25704410736027128,test,1
s11,434,0.10776029600437692,test,1
s11,435,0.085969398004883943,test,1
s11,436,-0.056116393165772931,test,1
s11,437,-0.13030746546154426,test,1
s11,438,-0.59349022413345232,test,1
s11,439,-0.49733063664696187,test,1
s11,440,-0.82169602423092658,test,1
s11,441,-1.0449179457185067,test,1
s11,442,-0.32498483632058117,test,1
s11,443,-0.90091800965891233,test,1
s11,444,-0.51928407097809404,test,1
s11,445,-0.65718122633124865,test,1
s11,446,-0.97732761503984822,test,1
s11,447,-0.77850812318035134,test,1
s11,448,-0.816829620091717,test,1
s11,449,-0.98851048825175025,test,1
s11,450,-0.70250941600752959,test,1
s11,451,-0.839013571997411,test,1
s11,452,-0.69350052624006076,test,1
s11,453,-0.93769010646663209,test,1
s11,454,-0.78177189908564237,test,1
s11,455,-1.0726156980923429,test,1
s11,456,-0.96373551579999361,test,1
s11,457,-0.69958040503539043,test,1
s11,458,-0.53047624683700634,test,1
s11,459,-0.48303651264499847,test,1
s11,460,-0.55608257356791724,test,1
s11,461,-0.74443202815982334,test,1
s11,462,-0.69592046435963772,test,1
s11,463,-0.82809632842643566,test,1
s11,464,-1.3805299170256202,test,1
s11,465,-0.90570455232254587,test,1
s11,466,-1.195856406225462,test,1
s11,467,-0.91002529623989492,test,1
s11,468,-0.77670661796538509,test,1
s11,469,-1.1999438492629351,test,1
s11,470,-1.5293419991950987,test,1
s11,471,-1.9727303630675188,test,1
s11,472,-1.8168686781934726,test,1
s11,473,-1.9243056327133956,test,1
s11,474,-1.6055258213026078,test,1
s11,475,-1.2908945374173468,test,1
s11,476,-1.6093990314489435,test,1
s11,477,-1.2451617811236526,test,1
s11,478,-1.0863248865326425,test,1
s11,479,-1.8835619105787824,test,1
s11,480,-2.0467000251469392,test,1
s11,481,-2.1891339837466823,test,1
s11,482,-2.5402371497955221,test,1
s11,483,-2.2446344703287293,test,1
s11,484,-2.0774458587165419,test,1
s11,485,-2.0536871362430897,test,1
s11,486,-2.0919450576526866,test,1
s11,487,-2.4314465542492472,test,1
s11,488,-2.2635392715523572,test,1
s11,489,-1.7047558164972494,test,1
s11,490,-1.8729272284741776,test,1
s11,491,-2.22922066885637,test,1
s11,492,-1.5289719666987813,test,1
s11,493,-2.0391787389880101,test,1
s11,494,-2.4373487284196997,test,1
s11,495,-2.0145988902965515,test,1
s11,496,-2.2414735078562131,test,1
s11,497,-2.4416527181261842,test,1
s11,498,-2.5116501168313934,test,1
s11,499,-2.5447544178102377,test,1
s11,500,-2.5409479872413754,test,1
s11,501,-2.4096435057178991,test,1
s11,502,-2.1480397458579277,test,1
s11,503,-1.7492368407227161,test,1
s11,504,-1.8361890586755885,test,1
s11,505,-2.1548734070439148,test,1
s11,506,-2.3883086529304927,test,1
s11,507,-3.4365384623284876,test,1
s11,508,-3.9336364555565524,test,1
s11,509,-3.4752542364244596,test,1
s11,510,-3.0216973837966981,test,1
s11,511,-2.9964249559201441,test,1
s11,512,-3.0728765726234797,test,1
s11,513,-3.0960998328814893,test,1
s11,514,-3.8389460902320867,test,1
s11,515,-3.715633035849891,test,1
s11,516,-3.404333111225549,test,1
s11,517,-3.6783430624372908,test,1
s11,518,-3.7277631138229759,test,1
s11,519,-3.8817883289203636,test,1
s11,520,-4.0176470638427153,test,1
s11,521,-3.5895940281688632,test,1
s11,522,-3.4822753822477881,test,1
s11,523,-2.9009943262025053,test,1
s11,524,-2.9294742873812303,test,1
s11,525,-2.800511298339559,test,1
s11,526,-2.6623842736363303,test,1
s11,527,-2.5964555485401744,test,1
s11,528,-2.3026989783465455,test,1
s11,529,-2.4734894124827251,test,1
s11,530,-2.2192268522635565,test,1
s11,531,-2.4022825522117683,test,1
s11,532,-3.0227200044539324,test,1
s11,533,-3.3303444274618235,test,1
s11,534,-3.1108244907357827,test,1
s11,535,-3.120505888745837,test,1
s11,536,-3.749835763746856,test,1
s11,537,-3.7387010814543542,test,1
s11,538,-3.3842205209505192,test,1
s11,539,-3.0730592427207069,test,1
s11,540,-2.9794426404554435,test,1
s11,541,-3.0444824368856871,test,1
s11,542,-3.699311642283031,test,1
s11,543,-4.1108833370988593,test,1
s11,544,-4.2035542478832628,test,1
s11,545,-3.9116515658171482,test,1
s11,546,-4.403459968359102,test,1
s11,547,-3.8231384382237863,test,1
s11,548,-3.8699567009521787,test,1
s11,549,-3.7282629591522967,test,1
s11,550,-3.7531134402931801,test,1
s11,551,-4.1657181947879973,test,1
s11,552,-4.2727171019804198,test,1
s11,553,-4.1364332436484554,test,1
s11,554,-4.1432187666818754,test,1
s11,555,-4.5901081278833926,test,1
s11,556,-4.6265046994932604,test,1
s11,557,-4.4786531699422536,test,1
s11,558,-4.5060915286412699,test,1
s11,559,-4.7688580147485853,test,1
s11,560,-5.1753956731660473,test,1
s11,561,-5.1232464125805173,test,1
s11,562,-4.8085275221697303,test,1
s11,563,-4.6120128293928824,test,1
s11,564,-4.6182770307371817,test,1
s11,565,-4.0644773190525951,test,1
s11,566,-4.2537613413774311,test,1
s11,567,-4.070094075481987,test,1
s11,568,-4.4725072030190152,test,1
s11,569,-4.9000714969283878,test,1
s11,570,-4.7054233422101772,test,1
s11,571,-4.7212985911660663,test,1
s11,572,-4.8532385766044897,test,1
s11,573,-4.8085956350357666,test,1
s11,574,-4.9360842043111202,test,1
s11,575,-5.0845909625840928,test,1
s11,576,-4.7480836529764758,test,1
s11,577,-4.9166140621376782,test,1
s11,578,-4.9604736714100461,test,1
s11,579,-4.7958863799410878,test,1
s11,580,-4.4693164304617881,test,1
s11,581,-4.9433783186007556,test,1
s11,582,-4.9079205232832726,test,1
s11,583,-4.3791945489163204,test,1
s11,584,-4.5387243355834928,test,1
s11,585,-5.1025614469096672,test,1
s11,586,-4.4406955170484155,test,1
s11,587,-4.7472292055687495,test,1
s11,588,-4.7233409313854677,test,1
s11,589,-5.2897720597790858,test,1
s11,590,-5.9356735537270797,test,1
s11,591,-5.4984112210844458,test,1
s11,592,-5.4435469640376093,test,1
s11,593,-4.5617905592668588,test,1
s11,594,-4.4681813276911546,test,1
s11,595,-4.7748798246110207,test,1
s11,596,-4.6476738274113076,test,1
s11,597,-5.2053514010406179,test,1
s11,598,-4.9994359704416578,test,1
s11,599,-4.7485149838103196,test,1
