series,time,y,split,event
s00,0,0.40256690650072136,train,0
s00,1,0.53219423208503469,train,0
s00,2,0.94584129481557011,train,0
s00,3,0.54647456294079255,train,0
s00,4,0.83742723554008047,train,0
s00,5,0.65048690716558077,train,0
s00,6,0.55109698219388359,train,0
s00,7,0.65657696570512447,train,0
s00,8,1.2549049257019393,train,0
s00,9,1.4182916971522532,train,0
s00,10,1.7679478942436171,train,0
s00,11,1.5652845647804254,train,0
s00,12,1.4768542377455534,train,0
s00,13,1.993057050016656,train,0
s00,14,1.7979716591731492,train,0
s00,15,2.2761322525454091,train,0
s00,16,2.8039986665383023,train,0
s00,17,2.4902009050381073,train,0
s00,18,2.4285751624181047,train,0
s00,19,2.305053278849261,train,0
s00,20,2.3132323048109118,train,0
s00,21,2.3317588581380297,train,0
s00,22,2.0757780368014851,train,0
s00,23,2.0751041700975059,train,0
s00,24,2.3255579501216159,train,0
s00,25,1.8438844324435151,train,0
s00,26,1.8267254051961355,train,0
s00,27,1.84750675740101,train,0
s00,28,2.1256604185022709,train,0
s00,29,1.770927909654562,train,0
s00,30,1.8957374664937883,train,0
s00,31,2.149488518108269,train,0
s00,32,1.5418629998597422,train,0
s00,33,1.1425718509748046,train,0
s00,34,1.0199658904794444,train,0
s00,35,1.131192384245177,train,0
s00,36,1.6618781565891474,train,0
s00,37,2.0465217206242889,train,0
s00,38,2.019958635325136,train,0
s00,39,1.6724045150282361,train,0
s00,40,1.3278352770645925,train,0
s00,41,1.0163454781706123,train,0
s00,42,1.4407822093262028,train,0
s00,43,1.0343221568099918,train,0
s00,44,1.1303727086964734,train,0
s00,45,0.7325227506433285,train,0
s00,46,0.78727947352799266,train,0
s00,47,1.295181827445137,train,0
s00,48,1.0499426507307326,train,0
s00,49,1.112279929988127,train,0
s00,50,1.1966163505241982,train,0
s00,51,1.6678845975673271,train,0
s00,52,1.8028924106737478,train,0
s00,53,1.900385244196771,train,0
s00,54,1.5444370617121137,train,0
s00,55,1.4734204791027055,train,0
s00,56,1.874507567653442,train,0
s00,57,2.2188327007864066,train,0
s00,58,2.2813848410168398,train,0
s00,59,1.7440383900006744,train,0
s00,60,1.6575688263111523,train,0
s00,61,1.3096784635883008,train,0
s00,62,1.3707844222409418,train,0
s00,63,1.4904902457991276,train,0
s00,64,1.3551449763891177,train,0
s00,65,1.3322110048080367,train,0
s00,66,1.1872985025454752,train,0
s00,67,1.4230508705931726,train,0
s00,68,1.3088102021389709,train,0
s00,69,1.2122216126430727,train,0
s00,70,1.0979666968930197,train,0
s00,71,1.6714525095488681,train,0
s00,72,1.8473129356337861,train,0
s00,73,2.0477365906847922,train,0
s00,74,1.8799501136106462,train,0
s00,75,0.94689010747512969,train,0
s00,76,0.7643959462805896,train,0
s00,77,1.1073622791777311,train,0
s00,78,1.1532580287428047,train,0
s00,79,1.3653271201631574,train,0
s00,80,1.1371213674545031,train,0
s00,81,1.8077766748132948,train,0
s00,82,1.5181483313001018,train,0
s00,83,1.4650132135531977,train,0
s00,84,1.4334927834721438,train,0
s00,85,1.4295375361681115,train,0
s00,86,1.7412036496954422,train,0
s00,87,1.8017192656634038,train,0
s00,88,2.3191600384089872,train,0
s00,89,2.2077604426702497,train,0
s00,90,1.6936948085012931,train,0
s00,91,2.0481991472536616,train,0
s00,92,1.8237446623264828,train,0
s00,93,2.4386693794333341,train,0
s00,94,2.2326221209349519,train,0
s00,95,1.3482938750245959,train,0
s00,96,1.0921269982028661,train,0
s00,97,1.0363419046697173,train,0
s00,98,1.136513331198532,train,0
s00,99,1.237646107790602,train,0
s00,100,1.3256304243627746,train,0
s00,101,1.0692838184431372,train,0
s00,102,1.1514253717564582,train,0
s00,103,1.4583318083005528,train,0
s00,104,1.3553190350173372,train,0
s00,105,1.4133347330815118,train,0
s00,106,1.6488307111625831,train,0
s00,107,2.1349049061871801,train,0
s00,108,1.8239197187399283,train,0
s00,109,2.1228311284836399,train,0
s00,110,2.3795080084791027,train,0
s00,111,2.333908863205568,train,0
s00,112,2.2369376650263408,train,0
s00,113,1.7019756621515458,train,0
s00,114,1.1520639883175647,train,0
s00,115,0.87906876549959212,train,0
s00,116,0.9414310225327347,train,0
s00,117,1.0171704353998976,train,0
s00,118,1.5544296743681632,train,0
s00,119,1.8326852042954087,train,0
s00,120,1.3956623759792075,train,0
s00,121,0.7163377664635926,train,0
s00,122,1.3259827233285146,train,0
s00,123,0.72066271125051551,train,0
s00,124,0.91214162676902144,train,0
s00,125,1.3463414365411634,train,0
s00,126,1.5588767834410731,train,0
s00,127,1.6467186737511192,train,0
s00,128,2.2298210526731923,train,0
s00,129,2.6147626023486166,train,0
s00,130,2.7175692702743248,train,0
s00,131,2.4150224541190575,train,0
s00,132,2.5469319238756118,train,0
s00,133,2.596354419606683,train,0
s00,134,2.4943253673860601,train,0
s00,135,2.4054704865867671,train,0
s00,136,2.1671225329991435,train,0
s00,137,2.0768481676881869,train,0
s00,138,2.4706199347099105,train,0
s00,139,2.5092256391523078,train,0
s00,140,2.1641322332346498,train,0
s00,141,2.6243223325631631,train,0
s00,142,2.4413384134040248,train,0
s00,143,2.081924645312597,train,0
s00,144,1.6854997127276019,train,0
s00,145,1.9996963287003695,train,0
s00,146,1.8953609431993543,train,0
s00,147,2.0846246142232472,train,0
s00,148,2.0961780209941296,train,0
s00,149,2.292897943188509,train,0
s00,150,2.1950590266375927,train,0
s00,151,2.3709423847644562,train,0
s00,152,2.1084910834709327,train,0
s00,153,1.7970103903751318,train,0
s00,154,1.6043691017659618,train,0
s00,155,1.5860134805733554,train,0
s00,156,2.1130085817303077,train,0
s00,157,1.832080617974813,train,0
s00,158,2.0671591265258678,train,0
s00,159,1.6180070327986722,train,0
s00,160,1.7439140748712618,train,0
s00,161,1.6896373955926767,train,0
s00,162,1.8851416005416111,train,0
s00,163,1.5955696574428098,train,0
s00,164,1.3480824174821304,train,0
s00,165,1.4544029737466195,train,0
s00,166,1.8495711808877646,train,0
s00,167,1.4527466943357144,train,0
s00,168,2.0525646065137262,train,0
s00,169,2.2398545516393611,train,0
s00,170,2.6671422445371582,train,0
s00,171,2.7796344707448815,train,0
s00,172,2.8460687879434174,train,0
s00,173,2.304190525249302,train,0
s00,174,2.0822087949893358,train,0
s00,175,2.1370631193407736,train,0
s00,176,1.7314750297420582,train,0
s00,177,1.701599762103529,train,0
s00,178,1.5212512712860788,train,0
s00,179,1.659733707684885,train,0
s00,180,1.1929535411427086,train,0
s00,181,0.97120536021220139,train,0
s00,182,1.0995126416596628,train,0
s00,183,1.8300935628152748,train,0
s00,184,2.0346855364068235,train,0
s00,185,2.3055961768200928,train,0
s00,186,1.96804674434675,train,0
s00,187,2.3308714631600282,train,0
s00,188,2.2003883809940326,train,0
s00,189,2.2625871488391076,train,0
s00,190,2.1308772113854944,train,0
s00,191,2.2296641886638997,train,0
s00,192,1.9681010194680157,train,0
s00,193,1.6609572460244115,train,0
s00,194,1.3967647607511284,train,0
s00,195,1.3775237311141677,train,0
s00,196,1.7688567391288665,train,0
s00,197,1.5732412109501261,train,0
s00,198,1.7916316098078169,train,0
s00,199,1.2217790513389022,train,0
s00,200,1.0112902888739117,calibration,0
s00,201,0.55380880453477122,calibration,0
s00,202,0.51435622924392199,calibration,0
s00,203,0.95326227300845501,calibration,0
s00,204,0.72747146733078161,calibration,0
s00,205,0.82649427058750602,calibration,0
s00,206,1.5350350477939847,calibration,0
s00,207,1.6082548048385763,calibration,0
s00,208,1.3316886997360728,calibration,0
s00,209,1.6458782521223063,calibration,0
s00,210,1.4710804014174903,calibration,0
s00,211,1.6482212357302872,calibration,0
s00,212,1.4856175371726326,calibration,0
s00,213,1.3909929744491727,calibration,0
s00,214,1.1251567411090244,calibration,0
s00,215,0.83544207613805821,calibration,0
s00,216,1.2306185210885914,calibration,0
s00,217,1.2154358012536643,calibration,0
s00,218,1.1991342034299755,calibration,0
s00,219,1.3243923029622668,calibration,0
s00,220,1.3117029851585575,calibration,0
s00,221,1.2805954476629644,calibration,0
s00,222,1.160812158629829,calibration,0
s00,223,1.3936918014207407,calibration,0
s00,224,1.2409566486649926,calibration,0
s00,225,1.3701935731205086,calibration,0
s00,226,1.6585168466092641,calibration,0
s00,227,1.6408630507839306,calibration,0
s00,228,1.2659715909687574,calibration,0
s00,229,1.3924911105304696,calibration,0
s00,230,1.4434462354061774,calibration,0
s00,231,1.9135216460282678,calibration,0
s00,232,1.6672842212605219,calibration,0
s00,233,1.5525268299599102,calibration,0
s00,234,1.5702324101164526,calibration,0
s00,235,1.4497329040575528,calibration,0
s00,236,1.8395530208139461,calibration,0
s00,237,2.0154964851305026,calibration,0
s00,238,2.2901952258116967,calibration,0
s00,239,2.2179286174891759,calibration,0
s00,240,2.1450694255758722,calibration,0
s00,241,2.1153631575315166,calibration,0
s00,242,2.1336306377573604,calibration,0
s00,243,2.4069459479537314,calibration,0
s00,244,2.0772909465911638,calibration,0
s00,245,2.0098294011604412,calibration,0
s00,246,1.7778909825027682,calibration,0
s00,247,1.9580565869012887,calibration,0
s00,248,1.2935544180395691,calibration,0
s00,249,1.9075900098507668,calibration,0
s00,250,1.5781351238653774,calibration,0
s00,251,1.2924206038360784,calibration,0
s00,252,1.2828022532635217,calibration,0
s00,253,1.4377617965701255,calibration,0
s00,254,1.8487515239045946,calibration,0
s00,255,1.5685548963559988,calibration,0
s00,256,1.107936491992314,calibration,0
s00,257,0.92185379657293487,calibration,0
s00,258,0.83216659639238699,calibration,0
s00,259,1.2666214835873817,calibration,0
s00,260,1.357474808756463,calibration,0
s00,261,1.387054915672763,calibration,0
s00,262,1.4442668441120043,calibration,0
s00,263,1.9110959872644635,calibration,0
s00,264,2.5647281024451449,calibration,0
s00,265,2.3260686146662373,calibration,0
s00,266,1.4734396879888334,calibration,0
s00,267,1.7336585482029805,calibration,0
s00,268,1.7327904895261288,calibration,0
s00,269,1.6965022568873096,calibration,0
s00,270,1.6470692755662637,calibration,0
s00,271,1.7797544471560658,calibration,0
s00,272,1.2121004783461025,calibration,0
s00,273,1.2406110812256996,calibration,0
s00,274,1.4320729599985877,calibration,0
s00,275,1.1544831818529053,calibration,0
s00,276,1.1984273937292871,calibration,0
s00,277,1.3583647321157184,calibration,0
s00,278,1.8476466835563221,calibration,0
s00,279,1.7761200307773219,calibration,0
s00,280,2.0707776814839347,calibration,0
s00,281,2.1010748686472409,calibration,0
s00,282,2.1936900324651356,calibration,0
s00,283,1.9017864019616144,calibration,0
s00,284,1.6448961738298793,calibration,0
s00,285,1.2700774044976195,calibration,0
s00,286,1.7443664630783642,calibration,0
s00,287,1.3939282037730707,calibration,0
s00,288,1.6486749540549555,calibration,0
s00,289,1.4957457124588787,calibration,0
s00,290,1.5095829064497674,calibration,0
s00,291,1.2918747145750944,calibration,0
s00,292,1.0464003985685806,calibration,0
s00,293,0.71297133259967094,calibration,0
s00,294,0.73550756179761412,calibration,0
s00,295,0.36436873973232076,calibration,0
s00,296,0.42507816054896574,calibration,0
s00,297,0.62301235876697836,calibration,0
s00,298,1.3738597626847366,calibration,0
s00,299,1.992039550959563,calibration,0
s00,300,1.6522891897704151,calibration,0
s00,301,2.0304663023625378,calibration,0
s00,302,1.8988561956646262,calibration,0
s00,303,1.7327623546167124,calibration,0
s00,304,1.3780969311593423,calibration,0
s00,305,1.6671080330888053,calibration,0
s00,306,1.5453606357386414,calibration,0
s00,307,1.7665382047212372,calibration,0
s00,308,1.9054014804421813,calibration,0
s00,309,2.4356870381058022,calibration,0
s00,310,1.9548307003485119,calibration,0
s00,311,1.9199844173090419,calibration,0
s00,312,1.8515373922553435,calibration,0
s00,313,1.7503972184840406,calibration,0
s00,314,2.2887494271453894,calibration,0
s00,315,2.2858051929295069,calibration,0
s00,316,2.0820477226424186,calibration,0
s00,317,2.2607402342950578,calibration,0
s00,318,2.2250841823365741,calibration,0
s00,319,1.9142904528774622,calibration,0
s00,320,2.1876676911617632,calibration,0
s00,321,2.2187569282971968,calibration,0
s00,322,2.0627825008843699,calibration,0
s00,323,1.6535075521429341,calibration,0
s00,324,1.1067124312663232,calibration,0
s00,325,1.1727262830574259,calibration,0
s00,326,0.9665373557805228,calibration,0
s00,327,0.88149298566840351,calibration,0
s00,328,0.73502288852748843,calibration,0
s00,329,1.2627062250922145,calibration,0
s00,330,1.165874519559625,calibration,0
s00,331,1.0512436110581924,calibration,0
s00,332,1.161247553775548,calibration,0
s00,333,0.60989946861143329,calibration,0
s00,334,0.65170048412291504,calibration,0
s00,335,0.331561705004223,calibration,0
s00,336,0.91255143287058227,calibration,0
s00,337,1.2465977981061398,calibration,0
s00,338,0.81899951796742232,calibration,0
s00,339,1.1096376575328069,calibration,0
s00,340,1.0631186524226295,calibration,0
s00,341,1.1661631147694203,calibration,0
s00,342,1.3359424626474155,calibration,0
s00,343,1.7192682070331728,calibration,0
s00,344,1.7574551451661178,calibration,0
s00,345,1.5324466994161303,calibration,0
s00,346,1.5754154268892366,calibration,0
s00,347,1.9966636914335507,calibration,0
s00,348,1.9251914100762335,calibration,0
s00,349,2.1287309952477349,calibration,0
s00,350,2.037976533223206,test,0
s00,351,1.5788715806562921,test,0
s00,352,1.9371333585518205,test,0
s00,353,2.2865742087117815,test,0
s00,354,2.8007926673629324,test,0
s00,355,2.8110151999486792,test,0
s00,356,2.4370651565928205,test,0
s00,357,2.2476118515104155,test,0
s00,358,2.5685377680698953,test,0
s00,359,2.3724242492073695,test,0
s00,360,2.2968169414158721,test,0
s00,361,1.9074973191030451,test,0
s00,362,1.4383741593692749,test,0
s00,363,1.2842565557244994,test,0
s00,364,1.183225601369241,test,0
s00,365,1.1986638571841071,test,0
s00,366,1.0803176649196657,test,0
s00,367,1.1887740597123559,test,0
s00,368,1.6054077841841115,test,0
s00,369,1.1359318307111141,test,0
s00,370,1.3986541967357236,test,0
s00,371,1.5611224237704688,test,0
s00,372,1.3758390450673754,test,0
s00,373,1.5778043938389221,test,0
s00,374,1.5087517513928448,test,0
s00,375,1.2859066296338675,test,0
s00,376,1.3646161018150351,test,0
s00,377,1.5226298106701868,test,0
s00,378,1.722930893014943,test,0
s00,379,1.4912944148206977,test,0
s00,380,1.7179783851331447,test,0
s00,381,1.8808406765109194,test,0
s00,382,1.944115329015184,test,0
s00,383,1.8026217778065832,test,0
s00,384,1.9044407880024579,test,0
s00,385,1.6767968964500575,test,0
s00,386,1.7440595706388464,test,0
s00,387,1.9397618273670441,test,0
s00,388,2.3177149190649184,test,0
s00,389,2.159732252522665,test,0
s00,390,2.4945492200560442,test,0
s00,391,2.664361463297356,test,0
s00,392,2.2234600470449633,test,0
s00,393,2.0283791935300717,test,0
s00,394,2.4609949520198628,test,0
s00,395,1.9307998037623029,test,0
s00,396,1.8044201871780521,test,0
s00,397,2.0627380988996085,test,0
s00,398,1.8692262545591052,test,0
s00,399,2.4855350157085367,test,0
s00,400,2.2844687531610792,test,0
s00,401,2.2624829488097329,test,0
s00,402,1.9043711544982358,test,0
s00,403,2.0037661117102235,test,0
s00,404,1.4622070234927456,test,0
s00,405,1.1256793475250111,test,0
s00,406,1.4960986965020933,test,0
s00,407,2.0146636257883141,test,0
s00,408,2.2522428531588932,test,0
s00,409,1.6192591245518799,test,0
s00,410,1.5643383321023827,test,0
s00,411,1.7409352713301867,test,0
s00,412,1.8081726567697358,test,0
s00,413,1.6437044325141772,test,0
s00,414,1.4912676890967516,test,0
s00,415,1.7242595144043877,test,0
s00,416,2.2901701529133316,test,0
s00,417,1.8350325720018892,test,0
s00,418,1.3931031397918643,test,0
s00,419,0.82383996279640936,test,0
s00,420,0.79725357313881751,test,0
s00,421,1.0941553866333289,test,0
s00,422,1.4325296949273891,test,0
s00,423,1.1976022203496948,test,0
s00,424,1.5513835176830368,test,0
s00,425,1.9580863904006252,test,0
s00,426,1.8829341838094256,test,0
s00,427,1.2250136287130573,test,0
s00,428,2.1132600821666974,test,0
s00,429,2.2912201860681067,test,0
s00,430,2.3140879896065778,test,0
s00,431,1.9479671155372087,test,0
s00,432,1.9818821961413706,test,0
s00,433,1.7714542536372975,test,0
s00,434,1.6260758450762489,test,0
s00,435,1.547761692410756,test,0
s00,436,1.9694833932845324,test,0
s00,437,2.0483844876637143,test,0
s00,438,2.3661426520965332,test,0
s00,439,1.7877926410014278,test,0
s00,440,1.7567883362778121,test,0
s00,441,2.0927718363684762,test,0
s00,442,2.067428264436554,test,0
s00,443,2.0926311266868143,test,0
s00,444,2.0644101546849254,test,0
s00,445,1.6173638928960636,test,0
s00,446,1.8058571671602475,test,0
s00,447,1.7914874262897542,test,0
s00,448,2.2885180578947502,test,0
s00,449,2.282487796041313,test,0
s00,450,2.2880552115439339,test,0
s00,451,2.4133304613120767,test,0
s00,452,1.9892043747193964,test,0
s00,453,1.7784310776159848,test,0
s00,454,1.5119658626388346,test,0
s00,455,1.7391472513400879,test,0
s00,456,1.8773691203993359,test,0
s00,457,1.6055840398356751,test,0
s00,458,1.5316383705968988,test,0
s00,459,1.6126087433057594,test,0
s00,460,1.5111073294645527,test,0
s00,461,1.6334684840411213,test,0
s00,462,1.3343887330311801,test,0
s00,463,1.0767083407768459,test,0
s00,464,1.954205661679929,test,0
s00,465,2.3511519796859166,test,0
s00,466,2.2561125750091131,test,0
s00,467,1.8969049932139068,test,0
s00,468,1.6722886412925646,test,0
s00,469,2.2654479476557978,test,0
s00,470,2.858470834713434,test,0
s00,471,2.8267947348357367,test,0
s00,472,1.8109184254540192,test,0
s00,473,1.8175034487586055,test,0
s00,474,0.89590895016450023,test,0
s00,475,0.91943300965762287,test,0
s00,476,0.79601736779760779,test,0
s00,477,1.3034018367593543,test,0
s00,478,1.3745403221493759,test,0
s00,479,1.2016572393076732,test,0
s00,480,1.4343161735949184,test,0
s00,481,1.4306982425251327,test,0
s00,482,1.515426833060336,test,0
s00,483,1.517059133566576,test,0
s00,484,1.1365224681096335,test,0
s00,485,1.4813989844707744,test,0
s00,486,1.9103669103183232,test,0
s00,487,1.9708112334006476,test,0
s00,488,1.330734423946784,test,0
s00,489,1.5883309506295669,test,0
s00,490,1.4295123146103592,test,0
s00,491,1.7594669827747285,test,0
s00,492,1.8136897885765633,test,0
s00,493,2.0325448566601372,test,0
s00,494,1.6851512759665641,test,0
s00,495,1.4695577383560559,test,0
s00,496,1.8527087189570444,test,0
s00,497,1.4088659031610027,test,0
s00,498,0.94216504356974262,test,0
s00,499,1.4034863919495162,test,0
s00,500,1.5290038002313648,test,0
s00,501,0.71569902987077338,test,0
s00,502,1.1318178106619767,test,0
s00,503,1.1752920245689806,test,0
s00,504,1.3142649117829037,test,0
s00,505,0.66784002620132121,test,0
s00,506,0.68516221098412955,test,0
s00,507,0.7651463404978428,test,0
s00,508,0.80416279465873897,test,0
s00,509,1.1945183958939825,test,0
s00,510,1.6088482375825159,test,0
s00,511,1.0222869984636955,test,0
s00,512,1.221684735218008,test,0
s00,513,1.5248198801510493,test,0
s00,514,1.6974258400436422,test,0
s00,515,1.805722958522809,test,0
s00,516,2.0061357767140269,test,0
s00,517,1.6161006247783127,test,0
s00,518,1.6217700030058539,test,0
s00,519,1.396774893529336,test,0
s00,520,0.89874012185030194,test,0
s00,521,0.51387985331280805,test,0
s00,522,0.86184060576911159,test,0
s00,523,1.0174640192111271,test,0
s00,524,1.2687677712350924,test,0
s00,525,1.8275442002557543,test,0
s00,526,1.754975655385723,test,0
s00,527,1.8150135908043559,test,0
s00,528,1.0521432475935872,test,0
s00,529,1.0787794224528331,test,0
s00,530,1.5090875759652416,test,0
s00,531,1.1675689360817085,test,0
s00,532,0.98700037871587587,test,0
s00,533,1.3154261277416284,test,0
s00,534,1.5244654065311027,test,0
s00,535,0.93640304763885096,test,0
s00,536,1.0027285912289499,test,0
s00,537,1.605659626288892,test,0
s00,538,1.6389042717920379,test,0
s00,539,1.3642034941368617,test,0
s00,540,1.7530415765055318,test,0
s00,541,1.7912280895249537,test,0
s00,542,1.467817289171502,test,0
s00,543,1.344745308361784,test,0
s00,544,1.5980409439611771,test,0
s00,545,1.8718413581646676,test,0
s00,546,1.7365969578145475,test,0
s00,547,1.2316110725551921,test,0
s00,548,1.0820458179184473,test,0
s00,549,1.2548053539012367,test,0
s00,550,1.1902484060310115,test,0
s00,551,1.2253133843322188,test,0
s00,552,0.91100702360402153,test,0
s00,553,1.2821305054064971,test,0
s00,554,1.5535479591636936,test,0
s00,555,1.9634026286897965,test,0
s00,556,2.1031420892003889,test,0
s00,557,2.0466696148960652,test,0
s00,558,2.2176347018088731,test,0
s00,559,1.6491588159233457,test,0
s00,560,1.7808949447340809,test,0
s00,561,1.4081576484381968,test,0
s00,562,1.4349287908049226,test,0
s00,563,1.3622548471433422,test,0
s00,564,1.3126292246235551,test,0
s00,565,1.8061679216055411,test,0
s00,566,1.6772497806619286,test,0
s00,567,1.4181143116714201,test,0
s00,568,1.0697115954104506,test,0
s00,569,1.3557358385189753,test,0
s00,570,0.93945144504542388,test,0
s00,571,1.2869829426101069,test,0
s00,572,1.3086226695261363,test,0
s00,573,1.4450128161600719,test,0
s00,574,1.0510498951291254,test,0
s00,575,1.4795794794207147,test,0
s00,576,1.3638904874383189,test,0
s00,577,1.6170205841873053,test,0
s00,578,1.4287269639391755,test,0
s00,579,1.2189113216357637,test,0
s00,580,1.6353014108665103,test,0
s00,581,1.8614305309663097,test,0
s00,582,1.6379931610321679,test,0
s00,583,1.406480660651795,test,0
s00,584,1.5699178155731979,test,0
s00,585,1.5866280952732104,test,0
s00,586,1.8389232255319941,test,0
s00,587,2.0563919632183838,test,0
s00,588,2.0781919466528387,test,0
s00,589,2.1524417586902884,test,0
s00,590,2.4005075132973848,test,0
s00,591,2.1333443530578577,test,0
s00,592,2.0824488292429462,test,0
s00,593,1.8477860700700535,test,0
s00,594,1.5229679471023325,test,0
s00,595,1.6433747089457824,test,0
s00,596,1.7063647763953107,test,0
s00,597,2.2608307626569948,test,0
s00,598,2.1729218348157593,test,0
s00,599,2.1196878423118033,test,0
s01,0,0.67129750674520894,train,0
s01,1,0.58817180267333491,train,0
s01,2,1.1067614535909298,train,0
s01,3,1.1947576084859328,train,0
s01,4,1.0590209102833057,train,0
s01,5,1.4670558882578162,train,0
s01,6,1.4644027943001992,train,0
s01,7,1.4159977987030319,train,0
s01,8,1.6188533117236759,train,0
s01,9,1.7837277961163727,train,0
s01,10,1.6627315270881839,train,0
s01,11,1.5772188290700817,train,0
s01,12,1.4850947077573,train,0
s01,13,1.3873037375090618,train,0
s01,14,1.4235409576554219,train,0
s01,15,1.3765122487776746,train,0
s01,16,1.4757386432374782,train,0
s01,17,1.8082596938137512,train,0
s01,18,1.060372047902987,train,0
s01,19,1.203312519723253,train,0
s01,20,1.8865440755969509,train,0
s01,21,1.4963838971538301,train,0
s01,22,1.0583842761141065,train,0
s01,23,0.60426208246739233,train,0
s01,24,0.71589261542118876,train,0
s01,25,0.74964222518675427,train,0
s01,26,0.84901304908006436,train,0
s01,27,1.1688329263431199,train,0
s01,28,1.2352591382997353,train,0
s01,29,1.6215059781626939,train,0
s01,30,1.9039229679088419,train,0
s01,31,1.9367760032678401,train,0
s01,32,2.2753628844686635,train,0
s01,33,2.5037841830440914,train,0
s01,34,2.1538753379792959,train,0
s01,35,2.4454595302588875,train,0
s01,36,2.5065634766414071,train,0
s01,37,2.2929761519249721,train,0
s01,38,2.5193822269538799,train,0
s01,39,2.7834574316675633,train,0
s01,40,2.853747234895716,train,0
s01,41,2.8814176294772471,train,0
s01,42,2.4901571565466929,train,0
s01,43,2.2388855694270413,train,0
s01,44,1.7665341434677468,train,0
s01,45,2.0670947029655538,train,0
s01,46,2.5618084243593411,train,0
s01,47,2.4863707958576273,train,0
s01,48,2.3348968650913808,train,0
s01,49,2.2926302205663385,train,0
s01,50,2.2177720860140799,train,0
s01,51,2.4244873293107805,train,0
s01,52,2.166574252281197,train,0
s01,53,2.0157912961252262,train,0
s01,54,2.1186593025511429,train,0
s01,55,2.4262717287249504,train,0
s01,56,2.7712873238960745,train,0
s01,57,2.8818798821066993,train,0
s01,58,2.3935599540993113,train,0
s01,59,2.1432141349491971,train,0
s01,60,1.6097477544442857,train,0
s01,61,1.995986434086144,train,0
s01,62,1.3885478170168515,train,0
s01,63,1.7198414149521555,train,0
s01,64,1.9936828596274723,train,0
s01,65,2.0882249250226588,train,0
s01,66,2.3241706656664847,train,0
s01,67,1.553730456352685,train,0
s01,68,1.6167431974980599,train,0
s01,69,1.6613653467791916,train,0
s01,70,1.6741760579266922,train,0
s01,71,1.1461281665985064,train,0
s01,72,1.0341896564177715,train,0
s01,73,0.88932286309301312,train,0
s01,74,1.1543880685520467,train,0
s01,75,1.6909867212287408,train,0
s01,76,1.8982955307521772,train,0
s01,77,1.7315579271746644,train,0
s01,78,1.4878889200628538,train,0
s01,79,1.216302114304991,train,0
s01,80,0.87050520978691082,train,0
s01,81,1.1535387815248865,train,0
s01,82,1.2993407244342512,train,0
s01,83,1.2969660858700229,train,0
s01,84,1.056849433808845,train,0
s01,85,1.150214943611884,train,0
s01,86,0.77534218361103791,train,0
s01,87,0.4425760029961382,train,0
s01,88,0.76729051423263583,train,0
s01,89,0.65600545587666437,train,0
s01,90,0.84964948669948037,train,0
s01,91,1.2631860842821057,train,0
s01,92,1.034429376909012,train,0
s01,93,0.81226663841340652,train,0
s01,94,0.7597711541073735,train,0
s01,95,1.0264354388387535,train,0
s01,96,1.611698111470758,train,0
s01,97,1.0876404061644842,train,0
s01,98,1.3747544156786367,train,0
s01,99,1.1912123489058866,train,0
s01,100,0.93372749141902811,train,0
s01,101,1.2672497499436075,train,0
s01,102,1.4978211852286953,train,0
s01,103,1.7955580473147152,train,0
s01,104,1.7796616949487638,train,0
s01,105,1.5561868357809141,train,0
s01,106,1.2151212894923826,train,0
s01,107,1.5426132312310015,train,0
s01,108,1.8120216410618624,train,0
s01,109,1.661990209114957,train,0
s01,110,1.3260664757958893,train,0
s01,111,1.1682667361863421,train,0
s01,112,0.97767956698998448,train,0
s01,113,0.94262066305276759,train,0
s01,114,0.88532896505737169,train,0
s01,115,0.30820484636582501,train,0
s01,116,0.71528195711149856,train,0
s01,117,0.88221048056449625,train,0
s01,118,1.3233311256947942,train,0
s01,119,1.4443952625678129,train,0
s01,120,1.2187239001166497,train,0
s01,121,1.4218258146214822,train,0
s01,122,1.2065011223888702,train,0
s01,123,1.1621245626726115,train,0
s01,124,1.3886299485436204,train,0
s01,125,1.3257703925029733,train,0
s01,126,1.2604070272469379,train,0
s01,127,1.2102828484984087,train,0
s01,128,1.2179486829262189,train,0
s01,129,1.2035655476757501,train,0
s01,130,1.2917663852667456,train,0
s01,131,1.599120292787068,train,0
s01,132,1.9193899975712416,train,0
s01,133,2.2321309063547963,train,0
s01,134,1.9525052579568043,train,0
s01,135,1.8437062300949034,train,0
s01,136,1.3346118329828436,train,0
s01,137,2.0710624545580711,train,0
s01,138,1.8817381439381342,train,0
s01,139,2.0573710828594032,train,0
s01,140,2.2866761957945712,train,0
s01,141,2.0910801440279259,train,0
s01,142,1.911542557447673,train,0
s01,143,2.1538968110890524,train,0
s01,144,2.100636186762908,train,0
s01,145,1.9151545543541313,train,0
s01,146,2.0056487130376204,train,0
s01,147,1.6717884629544719,train,0
s01,148,2.1627883290855934,train,0
s01,149,2.0264291694073009,train,0
s01,150,1.9906125660131624,train,0
s01,151,1.8123607528883012,train,0
s01,152,1.9302056100549516,train,0
s01,153,2.1236981868111693,train,0
s01,154,2.3348920040003676,train,0
s01,155,1.4723679065958639,train,0
s01,156,1.2648347532057571,train,0
s01,157,1.3329811563081266,train,0
s01,158,1.674292326079968,train,0
s01,159,1.3922916926026485,train,0
s01,160,1.4991902330825599,train,0
s01,161,1.9215012487773082,train,0
s01,162,2.051711523497993,train,0
s01,163,1.7611814258753808,train,0
s01,164,1.9918675473830749,train,0
s01,165,2.239448182015809,train,0
s01,166,2.6427507595137443,train,0
s01,167,2.8641630154290234,train,0
s01,168,2.5833445575038381,train,0
s01,169,2.1519719512705127,train,0
s01,170,2.3120972604609356,train,0
s01,171,2.5030452864857553,train,0
s01,172,2.3347654255691483,train,0
s01,173,2.3351372844258727,train,0
s01,174,1.9714091180008795,train,0
s01,175,2.5661940329428528,train,0
s01,176,3.3176354962646424,train,0
s01,177,2.4724079358367543,train,0
s01,178,2.5708088368627005,train,0
s01,179,2.4087967254071461,train,0
s01,180,2.2905845895075219,train,0
s01,181,1.2090751828247193,train,0
s01,182,1.1023954312590187,train,0
s01,183,1.2930593362451461,train,0
s01,184,1.4799042023826909,train,0
s01,185,1.2267314371737301,train,0
s01,186,1.0448132874051212,train,0
s01,187,1.1009643637556421,train,0
s01,188,1.2693801656271864,train,0
s01,189,1.1315482243129331,train,0
s01,190,1.437082209195446,train,0
s01,191,1.3145801030237159,train,0
s01,192,1.3794094679467117,train,0
s01,193,1.6185814284591611,train,0
s01,194,1.6314375167981396,train,0
s01,195,1.7890456536881154,train,0
s01,196,1.4727213281499483,train,0
s01,197,1.378856077356974,train,0
s01,198,1.6271802420378303,train,0
s01,199,1.9239005636162796,train,0
s01,200,1.7296627298284164,calibration,0
s01,201,2.1815653538188391,calibration,0
s01,202,2.2999309693122894,calibration,0
s01,203,2.3761680133830172,calibration,0
s01,204,2.0176951345360918,calibration,0
s01,205,2.1290452810920191,calibration,0
s01,206,2.478542470078307,calibration,0
s01,207,1.9165402815916455,calibration,0
s01,208,1.3842890703201758,calibration,0
s01,209,1.3969946908729269,calibration,0
s01,210,1.6550651058125196,calibration,0
s01,211,1.8234863501545586,calibration,0
s01,212,1.6201687843270856,calibration,0
s01,213,1.4956068937225946,calibration,0
s01,214,1.3238904556254898,calibration,0
s01,215,1.3836548337878296,calibration,0
s01,216,1.4436402291643873,calibration,0
s01,217,1.9692689679796684,calibration,0
s01,218,1.8353021331456718,calibration,0
s01,219,1.6592858340787708,calibration,0
s01,220,1.537475647732528,calibration,0
s01,221,1.7064971826066104,calibration,0
s01,222,1.565843965100723,calibration,0
s01,223,1.3338008785481636,calibration,0
s01,224,1.425330418149489,calibration,0
s01,225,1.7864471104272466,calibration,0
s01,226,1.566351698977785,calibration,0
s01,227,2.13368946621401,calibration,0
s01,228,1.8839055453640874,calibration,0
s01,229,1.6898340965606802,calibration,0
s01,230,1.2139324206344684,calibration,0
s01,231,1.7482958616870439,calibration,0
s01,232,1.4162265150007267,calibration,0
s01,233,1.1973007257151571,calibration,0
s01,234,1.3022662866718155,calibration,0
s01,235,1.7146677953900404,calibration,0
s01,236,1.8839591560236482,calibration,0
s01,237,2.1978766058757961,calibration,0
s01,238,2.4511752299485012,calibration,0
s01,239,2.3922486244832433,calibration,0
s01,240,2.2421480546089354,calibration,0
s01,241,2.8097624809816173,calibration,0
s01,242,2.7429937140110856,calibration,0
s01,243,2.3710772726075846,calibration,0
s01,244,2.046519244964438,calibration,0
s01,245,1.4380412284086881,calibration,0
s01,246,1.5240458155591596,calibration,0
s01,247,1.582510466448745,calibration,0
s01,248,1.5017193594705827,calibration,0
s01,249,2.0265984040771503,calibration,0
s01,250,1.7090774969716285,calibration,0
s01,251,1.6663656641989404,calibration,0
s01,252,1.7858205161216227,calibration,0
s01,253,1.886927631516303,calibration,0
s01,254,2.1527593077423388,calibration,0
s01,255,2.1622230659239658,calibration,0
s01,256,2.0196032257972605,calibration,0
s01,257,2.2428650354353699,calibration,0
s01,258,2.5656789942756304,calibration,0
s01,259,2.4278916311893295,calibration,0
s01,260,2.279770404706432,calibration,0
s01,261,2.1364641245004767,calibration,0
s01,262,1.9312749462130865,calibration,0
s01,263,1.3388003061361176,calibration,0
s01,264,1.5547257768914615,calibration,0
s01,265,1.3221278669489067,calibration,0
s01,266,2.0158094849767023,calibration,0
s01,267,1.9724466601456374,calibration,0
s01,268,1.8683467410148007,calibration,0
s01,269,1.8805457154588434,calibration,0
s01,270,2.0212572967230162,calibration,0
s01,271,1.6694645689184766,calibration,0
s01,272,1.8003162595573565,calibration,0
s01,273,2.0143174668801498,calibration,0
s01,274,1.4296620786236256,calibration,0
s01,275,1.5548947873402768,calibration,0
s01,276,2.0224532751792328,calibration,0
s01,277,1.9873899650610694,calibration,0
s01,278,2.1228995208314365,calibration,0
s01,279,2.0575120552983881,calibration,0
s01,280,2.0079222946182123,calibration,0
s01,281,1.8720192633540091,calibration,0
s01,282,1.627236683277316,calibration,0
s01,283,1.753755586499657,calibration,0
s01,284,1.5445795726309077,calibration,0
s01,285,1.749913003179014,calibration,0
s01,286,1.6183087908204294,calibration,0
s01,287,1.618956123897914,calibration,0
s01,288,1.092344966525594,calibration,0
s01,289,1.3875870531488039,calibration,0
s01,290,1.6684086140816026,calibration,0
s01,291,1.6494282017605681,calibration,0
s01,292,1.4620869341757845,calibration,0
s01,293,1.3573594223001344,calibration,0
s01,294,1.4593514451147516,calibration,0
s01,295,1.7554711021809253,calibration,0
s01,296,2.2142471999952456,calibration,0
s01,297,2.3940718806725618,calibration,0
s01,298,1.8907966012343935,calibration,0
s01,299,1.9879587102284981,calibration,0
s01,300,2.0827306949409441,calibration,0
s01,301,2.1147390670527062,calibration,0
s01,302,2.3575595229153103,calibration,0
s01,303,2.2452757090644861,calibration,0
s01,304,1.9875489414673608,calibration,0
s01,305,1.1918447826554934,calibration,0
s01,306,1.1273511824623768,calibration,0
s01,307,1.1581638739612954,calibration,0
s01,308,1.4777861105345953,calibration,0
s01,309,1.6597417505418655,calibration,0
s01,310,1.8956303105545891,calibration,0
s01,311,1.6352085156829932,calibration,0
s01,312,1.6074123249033649,calibration,0
s01,313,1.2568326795257758,calibration,0
s01,314,1.0263426652292689,calibration,0
s01,315,1.330846778469468,calibration,0
s01,316,1.535635921300788,calibration,0
s01,317,1.2101039979961508,calibration,0
s01,318,1.4358498404512312,calibration,0
s01,319,1.1299502593509596,calibration,0
s01,320,1.2826922427946945,calibration,0
s01,321,1.3042358212727274,calibration,0
s01,322,1.0246037073868108,calibration,0
s01,323,1.0797638380614278,calibration,0
s01,324,1.0978197356854413,calibration,0
s01,325,1.0923955712444142,calibration,0
s01,326,0.72183574094209457,calibration,0
s01,327,1.036334304734619,calibration,0
s01,328,1.3111807961655657,calibration,0
s01,329,1.2252819639513914,calibration,0
s01,330,0.6017644474094529,calibration,0
s01,331,0.9895606972732357,calibration,0
s01,332,1.5724626323669018,calibration,0
s01,333,1.0171591147636034,calibration,0
s01,334,0.9162861262751012,calibration,0
s01,335,1.6831607705699962,calibration,0
s01,336,1.8880303615980649,calibration,0
s01,337,1.8646793520562952,calibration,0
s01,338,1.4770484319676724,calibration,0
s01,339,1.2076693587048422,calibration,0
s01,340,1.091549608511001,calibration,0
s01,341,1.1918674096284754,calibration,0
s01,342,1.340286133398674,calibration,0
s01,343,1.4067486969331053,calibration,0
s01,344,1.0800167783281225,calibration,0
s01,345,0.98470218645916707,calibration,0
s01,346,1.2691858875185649,calibration,0
s01,347,1.6893083001995866,calibration,0
s01,348,1.5021111237629956,calibration,0
s01,349,1.622551829483843,calibration,0
s01,350,1.746610375897292,test,0
s01,351,1.9498359143337287,test,0
s01,352,2.0742180608572323,test,0
s01,353,2.2897373070344913,test,0
s01,354,2.6627972720445179,test,0
s01,355,2.6403773251960261,test,0
s01,356,1.8132172264335449,test,0
s01,357,2.4103584266846831,test,0
s01,358,1.8465130339900349,test,0
s01,359,1.738411383252966,test,0
s01,360,1.2772993399163002,test,0
s01,361,1.1832827268634425,test,0
s01,362,0.72925666505849573,test,0
s01,363,0.61690134026264354,test,0
s01,364,0.47106934466503714,test,0
s01,365,0.69426499202682912,test,0
s01,366,0.37393839809004281,test,0
s01,367,0.24587923443804666,test,0
s01,368,0.2835862062649076,test,0
s01,369,0.73449514607881039,test,0
s01,370,0.30585680603558585,test,0
s01,371,0.70796286548556153,test,0
s01,372,0.60308252602196011,test,0
s01,373,1.3755542275994233,test,0
s01,374,1.3544463616311018,test,0
s01,375,1.7428297220952937,test,0
s01,376,2.073112959549702,test,0
s01,377,2.2076605777429168,test,0
s01,378,2.0252356263193243,test,0
s01,379,1.3586926073066927,test,0
s01,380,1.2646287514402117,test,0
s01,381,1.550291039182595,test,0
s01,382,1.678961874097842,test,0
s01,383,1.9717696903783195,test,0
s01,384,1.9937221278763235,test,0
s01,385,1.8162314944438522,test,0
s01,386,1.6003864220569386,test,0
s01,387,1.6259332314027717,test,0
s01,388,1.8533322508446841,test,0
s01,389,1.6847594431963246,test,0
s01,390,1.5345470966763881,test,0
s01,391,1.4091668780182831,test,0
s01,392,1.3585386685686507,test,0
s01,393,1.13988597623277,test,0
s01,394,1.0537527499934072,test,0
s01,395,1.1829030234071631,test,0
s01,396,1.5510305511579179,test,0
s01,397,1.5208347255295396,test,0
s01,398,1.6132909126456063,test,0
s01,399,1.991690948763762,test,0
s01,400,1.837169510108094,test,0
s01,401,2.1185422281640167,test,0
s01,402,2.2287207515668341,test,0
s01,403,2.0064160918203156,test,0
s01,404,2.1024282480089256,test,0
s01,405,1.9494929439318995,test,0
s01,406,1.9368455415002639,test,0
s01,407,1.6146938738695997,test,0
s01,408,1.6285061235919789,test,0
s01,409,1.4017912974592202,test,0
s01,410,1.1153191726756058,test,0
s01,411,1.1318612034842075,test,0
s01,412,1.5482267125590199,test,0
s01,413,0.73585930395612886,test,0
s01,414,1.3125705728062913,test,0
s01,415,1.1362167719745124,test,0
s01,416,0.97216284758309512,test,0
s01,417,0.76502412310678602,test,0
s01,418,0.93762342464159154,test,0
s01,419,0.9013557565984156,test,0
s01,420,0.84718476831470912,test,0
s01,421,0.8717942340442173,test,0
s01,422,1.1530558710191179,test,0
s01,423,1.225846671723051,test,0
s01,424,0.92388236398628287,test,0
s01,425,0.76875363636679217,test,0
s01,426,0.64231656042890561,test,0
s01,427,0.79583091991778154,test,0
s01,428,1.0445427900488577,test,0
s01,429,0.46766804772935899,test,0
s01,430,0.8054757604750159,test,0
s01,431,0.83006300404519751,test,0
s01,432,0.52482186698781574,test,0
s01,433,0.53878876864389369,test,0
s01,434,1.1680446288239523,test,0
s01,435,1.0503990184936935,test,0
s01,436,0.74401526660628492,test,0
s01,437,0.56233539370168217,test,0
s01,438,0.59180300964984067,test,0
s01,439,0.73296324340740371,test,0
s01,440,1.0840093866039815,test,0
s01,441,1.4039042269285331,test,0
s01,442,1.5930992100955601,test,0
s01,443,1.5624124171094744,test,0
s01,444,1.6007361988546478,test,0
s01,445,1.7814901575873767,test,0
s01,446,1.6418923115805815,test,0
s01,447,1.9710837721451784,test,0
s01,448,2.3448670675456817,test,0
s01,449,2.4929231279837754,test,0
s01,450,2.4260154120627275,test,0
s01,451,1.9414806282378132,test,0
s01,452,1.6415486923482856,test,0
s01,453,1.6651198666382185,test,0
s01,454,1.0681030794694797,test,0
s01,455,1.4388968425801947,test,0
s01,456,1.3384863462147942,test,0
s01,457,1.3912219840538336,test,0
s01,458,1.2395334180333939,test,0
s01,459,0.97441090816127773,test,0
s01,460,0.52465259666749708,test,0
s01,461,0.81591040357743927,test,0
s01,462,0.77399909787420929,test,0
s01,463,0.64996365888991314,test,0
s01,464,1.0635839239665721,test,0
s01,465,0.7420071917378378,test,0
s01,466,0.7902173010755944,test,0
s01,467,1.1015562032257273,test,0
s01,468,1.3733531318213659,test,0
s01,469,1.3829645354931539,test,0
s01,470,0.63386046417056174,test,0
s01,471,0.86894589805013833,test,0
s01,472,1.0988719091298769,test,0
s01,473,0.96198109484295535,test,0
s01,474,0.9234155045618011,test,0
s01,475,1.3286676968217019,test,0
s01,476,1.3491272349379857,test,0
s01,477,1.7981824101827903,test,0
s01,478,2.386704992251814,test,0
s01,479,2.6624708349556974,test,0
s01,480,2.2611993994246431,test,0
s01,481,1.9029468693698566,test,0
s01,482,2.0889296099819044,test,0
s01,483,1.9937880095616307,test,0
s01,484,1.9190618451017045,test,0
s01,485,1.8178374628105722,test,0
s01,486,1.7696367961293213,test,0
s01,487,1.5404430462030978,test,0
s01,488,1.8259424517637863,test,0
s01,489,1.6062772652356947,test,0
s01,490,1.3019502547035988,test,0
s01,491,1.595058259803342,test,0
s01,492,1.521246838678793,test,0
s01,493,1.5628149946712449,test,0
s01,494,1.127400652086183,test,0
s01,495,1.1830455994408953,test,0
s01,496,0.92755477345895687,test,0
s01,497,1.2124301834677214,test,0
s01,498,1.545963841584838,test,0
s01,499,1.5430096756924716,test,0
s01,500,1.7563561006322319,test,0
s01,501,1.968819105932849,test,0
s01,502,1.6623836854745624,test,0
s01,503,2.4171313523599278,test,0
s01,504,2.4848807813070053,test,0
s01,505,2.5143603051217776,test,0
s01,506,1.9798619170452092,test,0
s01,507,1.873847311408434,test,0
s01,508,1.6784908783821604,test,0
s01,509,1.5068820464149639,test,0
s01,510,1.2187344828675895,test,0
s01,511,1.7571988810144115,test,0
s01,512,1.6970312524859399,test,0
s01,513,1.676668886631592,test,0
s01,514,1.8412878025845072,test,0
s01,515,2.0656120465154473,test,0
s01,516,1.356167160486522,test,0
s01,517,1.6628499404408648,test,0
s01,518,0.99127737391094339,test,0
s01,519,1.4983910302766106,test,0
s01,520,1.844980603902082,test,0
s01,521,2.0959885695488261,test,0
s01,522,2.4319652912546172,test,0
s01,523,2.2820648273836608,test,0
s01,524,2.4723933257138659,test,0
s01,525,2.4605111463446798,test,0
s01,526,2.8288092602254906,test,0
s01,527,2.1800909674595319,test,0
s01,528,2.2594575142183517,test,0
s01,529,1.9017773963836171,test,0
s01,530,1.9254565382329041,test,0
s01,531,1.623573961926553,test,0
s01,532,1.7014285731183039,test,0
s01,533,1.5200663997860029,test,0
s01,534,1.4942931015604939,test,0
s01,535,1.3779435882746245,test,0
s01,536,1.7281160801232591,test,0
s01,537,1.9380535087705053,test,0
s01,538,1.7417642004603704,test,0
s01,539,2.0474390512332912,test,0
s01,540,1.7088659283572263,test,0
s01,541,1.7299312878114874,test,0
s01,542,1.438387064287697,test,0
s01,543,1.4677847298908797,test,0
s01,544,1.3129664999090498,test,0
s01,545,1.2822645062106137,test,0
s01,546,1.7655357092314055,test,0
s01,547,1.4690516642429114,test,0
s01,548,1.2822757013586434,test,0
s01,549,1.0613914087223886,test,0
s01,550,1.4051805924313263,test,0
s01,551,1.4971160451227701,test,0
s01,552,1.2474818468090976,test,0
s01,553,0.77350077657799599,test,0
s01,554,0.6711456990051563,test,0
s01,555,0.97746990064820538,test,0
s01,556,0.64208627845811628,test,0
s01,557,0.75723332557241774,test,0
s01,558,0.7108799339124201,test,0
s01,559,1.1044914864082436,test,0
s01,560,1.1371467355265621,test,0
s01,561,1.3230678119975601,test,0
s01,562,1.6035916631082403,test,0
s01,563,1.2572865633351198,test,0
s01,564,1.3900660041989548,test,0
s01,565,1.5861527991959876,test,0
s01,566,1.7496090956396593,test,0
s01,567,1.8919985568944571,test,0
s01,568,1.9933723279845463,test,0
s01,569,1.6663934671751337,test,0
s01,570,1.4992487231033089,test,0
s01,571,1.667190184437197,test,0
s01,572,1.0133798181529032,test,0
s01,573,0.87588042955923751,test,0
s01,574,0.79173423280889177,test,0
s01,575,0.4494598837557523,test,0
s01,576,0.53866047855515131,test,0
s01,577,1.0139353410702709,test,0
s01,578,0.99070295174597045,test,0
s01,579,1.2434138765238367,test,0
s01,580,1.1982019064711489,test,0
s01,581,1.2090336289360752,test,0
s01,582,1.4092260033487316,test,0
s01,583,0.88175435400385382,test,0
s01,584,1.1443261481482205,test,0
s01,585,0.89547038732108886,test,0
s01,586,1.2688114846187744,test,0
s01,587,1.1921156180507761,test,0
s01,588,0.98636063076297531,test,0
s01,589,0.92496696788268207,test,0
s01,590,1.016000224050374,test,0
s01,591,0.96170743561109318,test,0
s01,592,0.48688178664881498,test,0
s01,593,-0.0033606331668227796,test,0
s01,594,0.13366674436219195,test,0
s01,595,0.47301799493215241,test,0
s01,596,0.35599407530745814,test,0
s01,597,0.29532255072117541,test,0
s01,598,0.88995082449322727,test,0
s01,599,0.58794938139468633,test,0
s02,0,0.40432614279164159,train,0
s02,1,1.0345158878716143,train,0
s02,2,1.436992600407919,train,0
s02,3,1.671118593604114,train,0
s02,4,1.5181263632667235,train,0
s02,5,0.90036665726639786,train,0
s02,6,0.94391393359812381,train,0
s02,7,0.93965738217310657,train,0
s02,8,1.6404160023344661,train,0
s02,9,1.6217654087278295,train,0
s02,10,1.6218279739633599,train,0
s02,11,1.9137778921883104,train,0
s02,12,1.6255712022932718,train,0
s02,13,1.479127737481772,train,0
s02,14,1.6039186359870863,train,0
s02,15,1.8472403856807162,train,0
s02,16,2.2385607874733,train,0
s02,17,1.8092095124391765,train,0
s02,18,1.7351223504209647,train,0
s02,19,2.2172546859245905,train,0
s02,20,2.5131323855389542,train,0
s02,21,2.6910575047546512,train,0
s02,22,2.6327868447061062,train,0
s02,23,2.3613243005387665,train,0
s02,24,2.6515960889781427,train,0
s02,25,2.7376692415826867,train,0
s02,26,3.1281038835444033,train,0
s02,27,3.1619727595446938,train,0
s02,28,3.1000452159782932,train,0
s02,29,3.2127100342926127,train,0
s02,30,3.1548868179746634,train,0
s02,31,2.8460053768816063,train,0
s02,32,2.9422384541059756,train,0
s02,33,2.153927810614384,train,0
s02,34,2.4756657332307102,train,0
s02,35,2.3998374411284864,train,0
s02,36,2.5414879049028567,train,0
s02,37,2.3972043664863638,train,0
s02,38,2.036499744073526,train,0
s02,39,1.7641781537914063,train,0
s02,40,1.7724841560554332,train,0
s02,41,1.7036596250959324,train,0
s02,42,1.7087259131721166,train,0
s02,43,1.1752356457342885,train,0
s02,44,0.95088888072546018,train,0
s02,45,1.1381816934017919,train,0
s02,46,1.6393940266490949,train,0
s02,47,1.7214669174685082,train,0
s02,48,1.9323521196429796,train,0
s02,49,2.0858955202059826,train,0
s02,50,1.8108003069617196,train,0
s02,51,1.4300012428024089,train,0
s02,52,1.4488860292186729,train,0
s02,53,1.4179502417453651,train,0
s02,54,1.0266785638966995,train,0
s02,55,0.88585981202508424,train,0
s02,56,0.9443984323545358,train,0
s02,57,0.88779204478801421,train,0
s02,58,0.92191973202660094,train,0
s02,59,1.0903301205380043,train,0
s02,60,1.6134059812502748,train,0
s02,61,1.2755826072330789,train,0
s02,62,1.7848712323696909,train,0
s02,63,1.581674432283279,train,0
s02,64,1.5337831490814868,train,0
s02,65,0.95108970084208133,train,0
s02,66,1.1801614900916848,train,0
s02,67,0.96737773325111365,train,0
s02,68,0.86304782590431595,train,0
s02,69,1.0802837490709856,train,0
s02,70,1.5384832565231845,train,0
s02,71,1.4976235887311586,train,0
s02,72,1.7982204895301765,train,0
s02,73,1.7976430892676307,train,0
s02,74,1.5445655903601798,train,0
s02,75,1.4195834101115725,train,0
s02,76,1.4075244389172481,train,0
s02,77,1.880331715985704,train,0
s02,78,1.5735007872960025,train,0
s02,79,1.2891248002039926,train,0
s02,80,1.0739012585544447,train,0
s02,81,1.7253940760872815,train,0
s02,82,1.3791199541797496,train,0
s02,83,1.4905191725269473,train,0
s02,84,1.8311131075422054,train,0
s02,85,2.0946725590250592,train,0
s02,86,2.4921281162964837,train,0
s02,87,2.6080277039123114,train,0
s02,88,2.2986268602467503,train,0
s02,89,1.9127221465172313,train,0
s02,90,1.515051456032902,train,0
s02,91,1.1488084491549879,train,0
s02,92,1.1885198924377682,train,0
s02,93,1.2511264399467548,train,0
s02,94,1.0058593733050589,train,0
s02,95,1.0299982375889138,train,0
s02,96,0.89186868437414801,train,0
s02,97,1.4054370997782855,train,0
s02,98,1.5331158950159289,train,0
s02,99,1.1808415816328357,train,0
s02,100,1.3632675544398436,train,0
s02,101,1.3611000009032075,train,0
s02,102,1.2499404027549967,train,0
s02,103,1.0531094942345662,train,0
s02,104,1.1110282881575204,train,0
s02,105,1.4077062718002336,train,0
s02,106,1.0770267281060484,train,0
s02,107,1.8005530729025603,train,0
s02,108,1.2287695208084521,train,0
s02,109,1.9898616408669443,train,0
s02,110,1.9596897540706884,train,0
s02,111,2.0303589702995755,train,0
s02,112,2.3475072172399472,train,0
s02,113,1.7951774897962594,train,0
s02,114,1.6906153231340191,train,0
s02,115,1.4539719909872191,train,0
s02,116,1.3978832645047989,train,0
s02,117,1.1011767399906298,train,0
s02,118,0.87833416439483192,train,0
s02,119,0.78729934614184605,train,0
s02,120,1.2405442324433702,train,0
s02,121,1.1835215719819783,train,0
s02,122,1.681088509635644,train,0
s02,123,2.343460781517535,train,0
s02,124,2.7392131946861276,train,0
s02,125,2.5819784973318742,train,0
s02,126,2.0074865895567515,train,0
s02,127,1.7408237523745418,train,0
s02,128,2.0994843327338861,train,0
s02,129,1.9502800365084043,train,0
s02,130,1.865461058324037,train,0
s02,131,2.0072136575808273,train,0
s02,132,1.6663920567423303,train,0
s02,133,1.5229028265763673,train,0
s02,134,1.188578763414637,train,0
s02,135,1.4609291251513923,train,0
s02,136,1.3791937704182082,train,0
s02,137,1.4193203006622992,train,0
s02,138,1.437185413155037,train,0
s02,139,1.1472248490064274,train,0
s02,140,1.1807324197064402,train,0
s02,141,1.4778023529167701,train,0
s02,142,2.1739481646824226,train,0
s02,143,2.359377017735218,train,0
s02,144,2.8359126941669204,train,0
s02,145,2.9261893838468027,train,0
s02,146,2.4830088097316438,train,0
s02,147,2.6112218387275323,train,0
s02,148,2.681267009069658,train,0
s02,149,2.5106213083259612,train,0
s02,150,2.4951827502454273,train,0
s02,151,2.2492832882099623,train,0
s02,152,2.0518435242369408,train,0
s02,153,1.889644514975352,train,0
s02,154,2.0315755519966232,train,0
s02,155,2.0590229439631438,train,0
s02,156,2.0769670925712909,train,0
s02,157,1.6692007596302565,train,0
s02,158,1.8746177727925146,train,0
s02,159,2.0252434057451754,train,0
s02,160,2.3803017143939527,train,0
s02,161,2.3738772721279644,train,0
s02,162,1.944400188759116,train,0
s02,163,2.0228369685672316,train,0
s02,164,1.8514235704994351,train,0
s02,165,2.011508098086062,train,0
s02,166,2.4100234068677104,train,0
s02,167,2.200190216056249,train,0
s02,168,2.4266346759925321,train,0
s02,169,2.1451336675505503,train,0
s02,170,2.4458290046793332,train,0
s02,171,2.1279224501589011,train,0
s02,172,1.4677921067743687,train,0
s02,173,2.0729650585668713,train,0
s02,174,2.1918915005369195,train,0
s02,175,1.9287703188361656,train,0
s02,176,1.9943620353627665,train,0
s02,177,1.7161997861296854,train,0
s02,178,1.7698487540191157,train,0
s02,179,2.200005212690733,train,0
s02,180,1.7995727274405404,train,0
s02,181,2.4843404117849248,train,0
s02,182,1.8287656545352893,train,0
s02,183,2.3286297669492484,train,0
s02,184,2.116129030921857,train,0
s02,185,1.8599390255899459,train,0
s02,186,1.9034073965427361,train,0
s02,187,1.9015465422418192,train,0
s02,188,1.5232290550749181,train,0
s02,189,1.5515750794445022,train,0
s02,190,2.1963979681835721,train,0
s02,191,2.7103389408919423,train,0
s02,192,2.5873342343869195,train,0
s02,193,3.0421603017658696,train,0
s02,194,2.5227258819891389,train,0
s02,195,2.6185016703079453,train,0
s02,196,2.1526355916308226,train,0
s02,197,1.4131015485479677,train,0
s02,198,1.6687563839508497,train,0
s02,199,1.4083466292463198,train,0
s02,200,1.1291169856711063,calibration,0
s02,201,1.3296195121784982,calibration,0
s02,202,0.83990084731094727,calibration,0
s02,203,0.92753478108151133,calibration,0
s02,204,1.1926651419886711,calibration,0
s02,205,0.58415740831530649,calibration,0
s02,206,0.57074549907719574,calibration,0
s02,207,0.26129891719611908,calibration,0
s02,208,0.44518627577797798,calibration,0
s02,209,0.41339962017258053,calibration,0
s02,210,0.93625090219432594,calibration,0
s02,211,0.92191020537541579,calibration,0
s02,212,0.63898142306227845,calibration,0
s02,213,1.0628853762933059,calibration,0
s02,214,0.76303540242417212,calibration,0
s02,215,0.87525909285574244,calibration,0
s02,216,1.1456264714390398,calibration,0
s02,217,1.3213344699789187,calibration,0
s02,218,1.8720828922796982,calibration,0
s02,219,2.0852528820120035,calibration,0
s02,220,2.2996586053899151,calibration,0
s02,221,2.6074676175288434,calibration,0
s02,222,2.2639966906602838,calibration,0
s02,223,2.2238763182276222,calibration,0
s02,224,2.1714386828123531,calibration,0
s02,225,2.2721516644505284,calibration,0
s02,226,1.8457719913794022,calibration,0
s02,227,1.5443315523573471,calibration,0
s02,228,1.4025790427728202,calibration,0
s02,229,1.0910512086148156,calibration,0
s02,230,1.0971300390933334,calibration,0
s02,231,1.1392131605983025,calibration,0
s02,232,1.3179638197872183,calibration,0
s02,233,1.3995330874826464,calibration,0
s02,234,1.4186527998882812,calibration,0
s02,235,2.243127764836867,calibration,0
s02,236,1.6815586541210596,calibration,0
s02,237,1.0522520440315906,calibration,0
s02,238,1.3847309614835006,calibration,0
s02,239,1.4171357029656833,calibration,0
s02,240,1.6435624370879443,calibration,0
s02,241,1.5963144926029156,calibration,0
s02,242,2.0599132888183815,calibration,0
s02,243,2.1048366089428527,calibration,0
s02,244,2.1916678291268457,calibration,0
s02,245,1.5633584677338219,calibration,0
s02,246,1.6887605391963076,calibration,0
s02,247,1.5112322505485696,calibration,0
s02,248,1.3329833666343793,calibration,0
s02,249,1.5392686752771452,calibration,0
s02,250,1.9076900306926374,calibration,0
s02,251,1.731975754479167,calibration,0
s02,252,1.3246609590924647,calibration,0
s02,253,1.2453004783668886,calibration,0
s02,254,1.5067281142777453,calibration,0
s02,255,1.7697948950204847,calibration,0
s02,256,1.5547513920712464,calibration,0
s02,257,1.8518560731210552,calibration,0
s02,258,1.7459494197515246,calibration,0
s02,259,1.4589657724561902,calibration,0
s02,260,0.75478534395139174,calibration,0
s02,261,0.74522022871018423,calibration,0
s02,262,1.0751148329829676,calibration,0
s02,263,0.42030444082266361,calibration,0
s02,264,0.48103488174847403,calibration,0
s02,265,0.49851790373138816,calibration,0
s02,266,0.47779551686129595,calibration,0
s02,267,1.0561541206533871,calibration,0
s02,268,1.2925796752837964,calibration,0
s02,269,1.1313405011635578,calibration,0
s02,270,1.8416583607721939,calibration,0
s02,271,1.4904684733640812,calibration,0
s02,272,1.8483754712945248,calibration,0
s02,273,1.6784921653154448,calibration,0
s02,274,2.0987629274630835,calibration,0
s02,275,2.5749934012593716,calibration,0
s02,276,2.228405310535138,calibration,0
s02,277,2.1884875054418451,calibration,0
s02,278,2.0202451422391876,calibration,0
s02,279,1.4822410427392287,calibration,0
s02,280,1.2351003396203342,calibration,0
s02,281,1.1499211300753822,calibration,0
s02,282,2.3339753182864946,calibration,0
s02,283,2.2725805538629542,calibration,0
s02,284,1.9965778616719214,calibration,0
s02,285,1.9566076965736505,calibration,0
s02,286,2.381103921708398,calibration,0
s02,287,2.7290581487019323,calibration,0
s02,288,2.7061509239936572,calibration,0
s02,289,2.3253960181467548,calibration,0
s02,290,2.1987188381591958,calibration,0
s02,291,2.0801548145538815,calibration,0
s02,292,2.0863864560153993,calibration,0
s02,293,1.9990766905069142,calibration,0
s02,294,1.8310529568848317,calibration,0
s02,295,1.9312854979320666,calibration,0
s02,296,2.1589558745085475,calibration,0
s02,297,2.1451816843377141,calibration,0
s02,298,2.111381801127711,calibration,0
s02,299,1.5914625373874367,calibration,0
s02,300,1.4686033770893838,calibration,0
s02,301,1.0514962884164774,calibration,0
s02,302,1.0037991838120777,calibration,0
s02,303,1.8566288022180961,calibration,0
s02,304,1.8107939436557454,calibration,0
s02,305,1.5738357921114794,calibration,0
s02,306,1.6483892424557018,calibration,0
s02,307,1.9226133107363963,calibration,0
s02,308,2.0953925395888375,calibration,0
s02,309,2.2054947508645708,calibration,0
s02,310,2.0170656359918566,calibration,0
s02,311,1.7164370976199415,calibration,0
s02,312,1.3874458591929431,calibration,0
s02,313,1.3120405383994969,calibration,0
s02,314,1.4964002669794418,calibration,0
s02,315,1.7733801579453543,calibration,0
s02,316,1.4926978540568878,calibration,0
s02,317,1.6752128811949032,calibration,0
s02,318,1.1025724478139431,calibration,0
s02,319,1.2783412401049328,calibration,0
s02,320,1.3887689349851478,calibration,0
s02,321,1.6440152133319683,calibration,0
s02,322,2.0991010573117501,calibration,0
s02,323,1.5314885639241533,calibration,0
s02,324,1.4427814857800598,calibration,0
s02,325,1.3476049186319399,calibration,0
s02,326,1.4799601649614851,calibration,0
s02,327,1.2360476759959287,calibration,0
s02,328,1.4748826212695316,calibration,0
s02,329,1.6014556651019847,calibration,0
s02,330,1.729793344784373,calibration,0
s02,331,1.2710438129901711,calibration,0
s02,332,0.74546004627117801,calibration,0
s02,333,0.96022513753789018,calibration,0
s02,334,0.88042234874753511,calibration,0
s02,335,0.88922282298143718,calibration,0
s02,336,1.024140377238461,calibration,0
s02,337,1.1192060426915225,calibration,0
s02,338,1.1849665099972653,calibration,0
s02,339,1.9381154989633824,calibration,0
s02,340,1.6380623645573578,calibration,0
s02,341,1.6831839285014942,calibration,0
s02,342,1.7328322673080934,calibration,0
s02,343,1.9632431222769853,calibration,0
s02,344,1.699556407133537,calibration,0
s02,345,1.2623732993672712,calibration,0
s02,346,1.8401541586268444,calibration,0
s02,347,1.781991868456396,calibration,0
s02,348,1.3212291357685244,calibration,0
s02,349,1.4883405169095723,calibration,0
s02,350,1.0888224420978432,test,0
s02,351,0.83510539422938868,test,0
s02,352,1.0514320248838027,test,0
s02,353,1.1623781342105757,test,0
s02,354,1.1702108353694876,test,0
s02,355,1.7059176261550235,test,0
s02,356,1.5232138285441756,test,0
s02,357,1.071950004273343,test,0
s02,358,1.527762600167099,test,0
s02,359,1.5228116087760761,test,0
s02,360,1.4435581672993008,test,0
s02,361,1.0459553946291065,test,0
s02,362,0.94483172357198408,test,0
s02,363,1.5203331353122627,test,0
s02,364,1.7004711328613424,test,0
s02,365,1.4688227517276535,test,0
s02,366,2.0027723998649258,test,0
s02,367,2.4616579828174667,test,0
s02,368,2.3705092722112644,test,0
s02,369,2.0630264877635809,test,0
s02,370,1.6355467247799695,test,0
s02,371,1.4031176852216651,test,0
s02,372,1.2479877004051803,test,0
s02,373,0.98246757762071768,test,0
s02,374,1.0478516023300202,test,0
s02,375,1.1510848837170429,test,0
s02,376,1.7542588071156318,test,0
s02,377,1.7868003094000979,test,0
s02,378,1.8817644828465439,test,0
s02,379,1.5560703693653699,test,0
s02,380,1.2051518792940918,test,0
s02,381,0.47867947855208337,test,0
s02,382,0.83385481311549814,test,0
s02,383,1.0113742425831516,test,0
s02,384,0.99173762881211325,test,0
s02,385,1.1706520817075226,test,0
s02,386,1.2129477262850044,test,0
s02,387,1.4837559915313043,test,0
s02,388,2.1180939487575361,test,0
s02,389,2.1654781446957108,test,0
s02,390,2.4272219261410886,test,0
s02,391,2.3017659699346376,test,0
s02,392,2.4395999498466407,test,0
s02,393,2.9644022420024996,test,0
s02,394,2.4283741582281291,test,0
s02,395,2.8109357011412248,test,0
s02,396,2.8161184549544682,test,0
s02,397,2.3912560510106866,test,0
s02,398,2.2932677647558939,test,0
s02,399,2.3152738178460757,test,0
s02,400,2.1895189554994183,test,0
s02,401,1.7442611013305844,test,0
s02,402,1.5706307395655428,test,0
s02,403,1.3920196429911686,test,0
s02,404,1.8057650592982424,test,0
s02,405,1.4873793161986015,test,0
s02,406,2.2042844915428281,test,0
s02,407,2.0538720711533571,test,0
s02,408,2.5766590435634145,test,0
s02,409,2.1986823160140747,test,0
s02,410,2.2787943304769258,test,0
s02,411,2.3337158804873797,test,0
s02,412,1.8517274639877301,test,0
s02,413,1.55937237983702,test,0
s02,414,1.3534076153979824,test,0
s02,415,1.5436030984239975,test,0
s02,416,1.5115082807795563,test,0
s02,417,1.6514114024940758,test,0
s02,418,1.6604743962236774,test,0
s02,419,1.4544680851993568,test,0
s02,420,1.838078440744527,test,0
s02,421,1.8363744455669224,test,0
s02,422,1.7586886858041653,test,0
s02,423,1.5167803132267434,test,0
s02,424,1.5864491311614708,test,0
s02,425,1.2384567035929661,test,0
s02,426,1.326092203969351,test,0
s02,427,1.0074116587640845,test,0
s02,428,1.2263401257009008,test,0
s02,429,0.38243708413199806,test,0
s02,430,0.55677082400222844,test,0
s02,431,0.97421954869515281,test,0
s02,432,1.1438198547351333,test,0
s02,433,0.81356486383542792,test,0
s02,434,0.5305573657973166,test,0
s02,435,1.0287981918259304,test,0
s02,436,1.2511527352739389,test,0
s02,437,1.2055399291074944,test,0
s02,438,1.2921819607003624,test,0
s02,439,1.7072710653402787,test,0
s02,440,2.0382278385440826,test,0
s02,441,2.3637215061536505,test,0
s02,442,1.856244145621508,test,0
s02,443,1.8723595446464998,test,0
s02,444,1.915448937263257,test,0
s02,445,1.4214595066710789,test,0
s02,446,1.4233441403856864,test,0
s02,447,1.8667413957322734,test,0
s02,448,1.6099012130226551,test,0
s02,449,1.9568613376511201,test,0
s02,450,1.5623878513624763,test,0
s02,451,1.7369317080748174,test,0
s02,452,2.1368990513274584,test,0
s02,453,1.9774691947879293,test,0
s02,454,2.4973013925923322,test,0
s02,455,2.0026573679905457,test,0
s02,456,2.1199345537451042,test,0
s02,457,2.6070531811256186,test,0
s02,458,2.3817978021887085,test,0
s02,459,1.9470972673132725,test,0
s02,460,1.9281329544084997,test,0
s02,461,1.4699936113523095,test,0
s02,462,1.5473999735535513,test,0
s02,463,1.8667442553801441,test,0
s02,464,1.9310283370787387,test,0
s02,465,1.9052747470605174,test,0
s02,466,1.7676931430188845,test,0
s02,467,1.1182730997277996,test,0
s02,468,1.0219073182820879,test,0
s02,469,1.3719359094134411,test,0
s02,470,1.5239005442140254,test,0
s02,471,1.1442365852646543,test,0
s02,472,1.3486256183889442,test,0
s02,473,1.4141304140507716,test,0
s02,474,1.4027318687665806,test,0
s02,475,0.99988751726280201,test,0
s02,476,0.95816069398247805,test,0
s02,477,1.1196927607595399,test,0
s02,478,1.3208251703972043,test,0
s02,479,1.1543327164480133,test,0
s02,480,1.4446247330360125,test,0
s02,481,1.1110469616518577,test,0
s02,482,1.2658418605816717,test,0
s02,483,1.3292274756121663,test,0
s02,484,1.700453119455682,test,0
s02,485,2.5408381916308511,test,0
s02,486,2.4404877598197054,test,0
s02,487,2.3641268964732993,test,0
s02,488,1.7297214543498012,test,0
s02,489,1.450963033905623,test,0
s02,490,1.360100877078295,test,0
s02,491,1.3067534650748278,test,0
s02,492,1.6697044115638635,test,0
s02,493,1.7510230465332959,test,0
s02,494,1.6716512595513473,test,0
s02,495,1.5144365361283552,test,0
s02,496,1.1310364357416531,test,0
s02,497,0.83962367559422002,test,0
s02,498,1.0790660531851264,test,0
s02,499,1.3483617280219276,test,0
s02,500,1.3118647969773898,test,0
s02,501,1.4571044935004054,test,0
s02,502,1.5287381665179318,test,0
s02,503,1.8289774265855763,test,0
s02,504,2.0122411816297165,test,0
s02,505,2.0310980551697346,test,0
s02,506,1.9788067120281834,test,0
s02,507,2.0931433222277041,test,0
s02,508,2.3346407483694436,test,0
s02,509,1.9195336955514044,test,0
s02,510,1.8949581126587987,test,0
s02,511,1.5980372158679903,test,0
s02,512,1.3578657510595311,test,0
s02,513,1.1851177129936046,test,0
s02,514,0.88473577135553882,test,0
s02,515,1.6183628374626611,test,0
s02,516,2.0338177706673255,test,0
s02,517,1.836362848782322,test,0
s02,518,1.8967139284332624,test,0
s02,519,1.7328801243075889,test,0
s02,520,1.8337893517270452,test,0
s02,521,1.8250570899444596,test,0
s02,522,1.9907262265447887,test,0
s02,523,1.9142983050783866,test,0
s02,524,1.9318234954717541,test,0
s02,525,1.8067662852734214,test,0
s02,526,1.8546948278334772,test,0
s02,527,1.8859105427923519,test,0
s02,528,1.658835183742728,test,0
s02,529,2.1259274803115185,test,0
s02,530,2.108359952254272,test,0
s02,531,2.1959042181243533,test,0
s02,532,2.1250207279396061,test,0
s02,533,2.08465371254717,test,0
s02,534,1.6034568706097962,test,0
s02,535,1.8393415636919039,test,0
s02,536,1.8490174709158775,test,0
s02,537,2.326479602240092,test,0
s02,538,2.2690768773154915,test,0
s02,539,2.1547597346497809,test,0
s02,540,2.670643678290888,test,0
s02,541,3.0255430580196876,test,0
s02,542,2.6910800959921923,test,0
s02,543,2.372672854523624,test,0
s02,544,2.3344257794518408,test,0
s02,545,1.8449566991690436,test,0
s02,546,1.8853929735653077,test,0
s02,547,1.8170372058826332,test,0
s02,548,1.6381308398678098,test,0
s02,549,1.0429090858093994,test,0
s02,550,1.2170748032987628,test,0
s02,551,1.1479090599097832,test,0
s02,552,1.0318467416398618,test,0
s02,553,0.97754754935766297,test,0
s02,554,1.0744909876818252,test,0
s02,555,0.95347799344412731,test,0
s02,556,1.1799226190737648,test,0
s02,557,0.99354267598294022,test,0
s02,558,1.3289427688235516,test,0
s02,559,1.6517745776336272,test,0
s02,560,1.6446671003537428,test,0
s02,561,1.7303573434455983,test,0
s02,562,2.3124988473807147,test,0
s02,563,2.0505006170216205,test,0
s02,564,2.2114087365235209,test,0
s02,565,2.3447167839366001,test,0
s02,566,1.9764165242443845,test,0
s02,567,1.1370538082428103,test,0
s02,568,0.77871689329218319,test,0
s02,569,0.93173949487363283,test,0
s02,570,1.195297749673393,test,0
s02,571,1.3754473308470594,test,0
s02,572,1.9023738711897038,test,0
s02,573,2.4978076837843828,test,0
s02,574,2.053903739107974,test,0
s02,575,2.3866676844847148,test,0
s02,576,2.1351209381035807,test,0
s02,577,1.7009858215911877,test,0
s02,578,1.7594929327767448,test,0
s02,579,2.1041742579109379,test,0
s02,580,2.0412602353802365,test,0
s02,581,2.1462711292037637,test,0
s02,582,1.7466468283172021,test,0
s02,583,1.9575242237767232,test,0
s02,584,1.9535473489459791,test,0
s02,585,1.9062673924295384,test,0
s02,586,1.9194014874576704,test,0
s02,587,1.7100458264452496,test,0
s02,588,1.3762527268068023,test,0
s02,589,1.7464044065545106,test,0
s02,590,1.6267924021511213,test,0
s02,591,1.8917418022012544,test,0
s02,592,2.1140301740190743,test,0
s02,593,1.9626658581721554,test,0
s02,594,2.0944490402069507,test,0
s02,595,2.4262536542908828,test,0
s02,596,2.0615720648279621,test,0
s02,597,1.4707467503702127,test,0
s02,598,1.3693116556160616,test,0
s02,599,1.0789724301966339,test,0
s03,0,-0.030295096057498028,train,0
s03,1,0.59482417654265607,train,0
s03,2,0.77036494997355753,train,0
s03,3,1.2405207071188824,train,0
s03,4,1.5848482933973336,train,0
s03,5,1.6871217468566511,train,0
s03,6,1.7963513700312839,train,0
s03,7,2.0446989854692883,train,0
s03,8,1.3624308582165563,train,0
s03,9,1.005947157516927,train,0
s03,10,1.7025316940918207,train,0
s03,11,2.188874275613462,train,0
s03,12,1.9497451080970798,train,0
s03,13,2.3439421811944006,train,0
s03,14,2.3185644612858916,train,0
s03,15,2.5413352460174985,train,0
s03,16,2.8030327192202016,train,0
s03,17,3.1400883995527598,train,0
s03,18,3.2746557918794732,train,0
s03,19,2.6917582871063299,train,0
s03,20,2.6391069150223125,train,0
s03,21,2.5577180781495503,train,0
s03,22,2.8520853800357409,train,0
s03,23,2.6428893966305407,train,0
s03,24,2.1023026104055007,train,0
s03,25,1.5746349069002528,train,0
s03,26,1.5649218762417829,train,0
s03,27,1.5507574841503802,train,0
s03,28,1.5860846859846807,train,0
s03,29,1.5484600288507342,train,0
s03,30,1.422772575347119,train,0
s03,31,1.1591625235222887,train,0
s03,32,1.3049263587584685,train,0
s03,33,1.2328471988195899,train,0
s03,34,1.0123618787092563,train,0
s03,35,1.6063852488991885,train,0
s03,36,1.5711188375638165,train,0
s03,37,1.3844955280977955,train,0
s03,38,1.4068057495728319,train,0
s03,39,1.8467319697857507,train,0
s03,40,1.3577386603061063,train,0
s03,41,1.3764308732790798,train,0
s03,42,1.1599506993336601,train,0
s03,43,1.4423907034467098,train,0
s03,44,1.7445906616818752,train,0
s03,45,2.0395354786983266,train,0
s03,46,1.846649876669157,train,0
s03,47,1.8282115119261981,train,0
s03,48,1.6546290364926173,train,0
s03,49,1.707281380063868,train,0
s03,50,1.9933726617420744,train,0
s03,51,1.7779279174597145,train,0
s03,52,1.4865014446928484,train,0
s03,53,1.3698364789124611,train,0
s03,54,0.65430034338461929,train,0
s03,55,0.78143479020979378,train,0
s03,56,0.72034691285621522,train,0
s03,57,0.87460316716237529,train,0
s03,58,1.3012815155198769,train,0
s03,59,1.3572852208673056,train,0
s03,60,1.8835010462580069,train,0
s03,61,1.5181497076437589,train,0
s03,62,1.6465071154112765,train,0
s03,63,1.7637233488661055,train,0
s03,64,1.5769679216555543,train,0
s03,65,1.3736246639712593,train,0
s03,66,1.6502434418081595,train,0
s03,67,1.505980002931832,train,0
s03,68,1.4261506541912929,train,0
s03,69,1.0923163985144888,train,0
s03,70,0.72207220682633588,train,0
s03,71,0.99898355533303873,train,0
s03,72,1.5205629728801084,train,0
s03,73,1.6704417600544588,train,0
s03,74,1.6249533749779843,train,0
s03,75,1.0670879412630163,train,0
s03,76,0.33629012303856265,train,0
s03,77,1.0305881564260606,train,0
s03,78,1.3384833269300891,train,0
s03,79,1.610534034137874,train,0
s03,80,1.4137220717566543,train,0
s03,81,1.4524330359874313,train,0
s03,82,1.4727413716477167,train,0
s03,83,1.3666764509061142,train,0
s03,84,1.2894891410050637,train,0
s03,85,1.245970867448678,train,0
s03,86,0.50585091555315964,train,0
s03,87,0.58755797437890256,train,0
s03,88,1.1046657133539348,train,0
s03,89,1.4582470087667176,train,0
s03,90,1.708332831921797,train,0
s03,91,1.3377930239211582,train,0
s03,92,1.748266024436363,train,0
s03,93,1.9022966435963904,train,0
s03,94,1.7357583465413984,train,0
s03,95,1.4869981667716763,train,0
s03,96,0.8742246428304441,train,0
s03,97,1.2955196743441697,train,0
s03,98,1.3354464408507702,train,0
s03,99,1.42294910091763,train,0
s03,100,1.3296163658366953,train,0
s03,101,2.085298068167309,train,0
s03,102,2.2263007237427317,train,0
s03,103,2.2146631887902823,train,0
s03,104,2.4661239440993787,train,0
s03,105,2.3389689169174837,train,0
s03,106,2.0683322167596958,train,0
s03,107,2.1826763538682252,train,0
s03,108,1.9118394423760694,train,0
s03,109,1.7655948108727864,train,0
s03,110,1.8436441842393381,train,0
s03,111,1.9290000553872169,train,0
s03,112,1.9386179451938241,train,0
s03,113,1.2382309287849205,train,0
s03,114,1.3942154969927065,train,0
s03,115,1.8716699633931135,train,0
s03,116,1.4465394534211449,train,0
s03,117,1.2426583423594966,train,0
s03,118,1.7623567827917914,train,0
s03,119,1.8952796548626658,train,0
s03,120,1.7012452426350757,train,0
s03,121,1.6136313172602861,train,0
s03,122,1.5794124824697056,train,0
s03,123,1.9045099382289041,train,0
s03,124,1.708995336901882,train,0
s03,125,1.790972791776303,train,0
s03,126,1.7753779969636063,train,0
s03,127,1.7217506825236042,train,0
s03,128,1.2130918060251639,train,0
s03,129,1.1540652255480388,train,0
s03,130,1.2282068731439344,train,0
s03,131,1.1645156731031241,train,0
s03,132,1.223279362251483,train,0
s03,133,1.3541318407702312,train,0
s03,134,1.3555360575313664,train,0
s03,135,1.2625158438471311,train,0
s03,136,1.368030264993352,train,0
s03,137,1.7514703619904022,train,0
s03,138,1.4131112056358375,train,0
s03,139,1.2144209005329114,train,0
s03,140,1.1484403589825833,train,0
s03,141,1.8577953748764937,train,0
s03,142,2.3690248129587408,train,0
s03,143,1.6552721254352996,train,0
s03,144,2.1995909789490105,train,0
s03,145,2.5654309010337797,train,0
s03,146,2.4587098031355974,train,0
s03,147,1.9360099236851069,train,0
s03,148,1.682855657822443,train,0
s03,149,1.5849962327517881,train,0
s03,150,1.3866638078211104,train,0
s03,151,1.395572852001989,train,0
s03,152,1.656635679692225,train,0
s03,153,2.2631560431490287,train,0
s03,154,1.6053566962358696,train,0
s03,155,1.0563897970260798,train,0
s03,156,1.7556475533897196,train,0
s03,157,1.9037418745733334,train,0
s03,158,2.0087464611906025,train,0
s03,159,2.2125264140164727,train,0
s03,160,2.2998524951195356,train,0
s03,161,2.6961013164523653,train,0
s03,162,2.8515126319664605,train,0
s03,163,3.3726959805555898,train,0
s03,164,3.0608498263499393,train,0
s03,165,3.1460912310687918,train,0
s03,166,2.9722309199780441,train,0
s03,167,2.4898899859763737,train,0
s03,168,2.3762368015979964,train,0
s03,169,2.0292018060574804,train,0
s03,170,1.8120225077553003,train,0
s03,171,1.3042776471768569,train,0
s03,172,1.5540072616524423,train,0
s03,173,1.7222537980156045,train,0
s03,174,1.8562013621917253,train,0
s03,175,1.843064691753489,train,0
s03,176,1.6906189403263125,train,0
s03,177,1.8789544931220876,train,0
s03,178,1.7932545168870917,train,0
s03,179,1.9029170206190456,train,0
s03,180,1.9923526085527998,train,0
s03,181,1.8493305822505923,train,0
s03,182,1.438073323281966,train,0
s03,183,1.7351928930198011,train,0
s03,184,1.8779532752358188,train,0
s03,185,1.7383566976851528,train,0
s03,186,1.6660927749081054,train,0
s03,187,1.8157862756983234,train,0
s03,188,1.441789181723619,train,0
s03,189,1.51835484905424,train,0
s03,190,2.065215835019754,train,0
s03,191,2.5399836078484035,train,0
s03,192,2.6768364492453411,train,0
s03,193,2.7159053835647624,train,0
s03,194,2.3557244738093592,train,0
s03,195,1.9181267428003652,train,0
s03,196,2.0754503083470466,train,0
s03,197,2.0459440383945493,train,0
s03,198,1.6947870937592981,train,0
s03,199,1.8959945152101352,train,0
s03,200,1.9581203131506117,calibration,0
s03,201,1.6178942214283705,calibration,0
s03,202,1.5102277918088882,calibration,0
s03,203,1.7617785539784032,calibration,0
s03,204,1.8624021148073557,calibration,0
s03,205,1.1801333216244805,calibration,0
s03,206,1.3581930959431778,calibration,0
s03,207,1.5950397840098061,calibration,0
s03,208,1.4493024939305483,calibration,0
s03,209,1.5397431847625545,calibration,0
s03,210,1.0857790145011215,calibration,0
s03,211,0.88213256173889898,calibration,0
s03,212,0.98669974856102938,calibration,0
s03,213,0.83711803549463326,calibration,0
s03,214,1.3904890878205718,calibration,0
s03,215,1.9500762783529864,calibration,0
s03,216,2.2853238944996108,calibration,0
s03,217,2.9324438312475971,calibration,0
s03,218,2.5991132102394308,calibration,0
s03,219,2.3696112482450395,calibration,0
s03,220,2.4735101926073639,calibration,0
s03,221,2.0036469523062665,calibration,0
s03,222,1.9700724267243803,calibration,0
s03,223,2.0514751331298191,calibration,0
s03,224,1.5699132702633789,calibration,0
s03,225,1.5999657023995821,calibration,0
s03,226,1.7002218037348917,calibration,0
s03,227,1.9162809003706605,calibration,0
s03,228,1.9879319834417104,calibration,0
s03,229,1.4128407348557992,calibration,0
s03,230,1.066033192038738,calibration,0
s03,231,1.2297845915028587,calibration,0
s03,232,1.363803499141802,calibration,0
s03,233,1.6076195224778986,calibration,0
s03,234,1.7444696400847006,calibration,0
s03,235,1.6686264860005733,calibration,0
s03,236,2.2065658464730453,calibration,0
s03,237,1.8910137399278877,calibration,0
s03,238,2.051857312634302,calibration,0
s03,239,2.3395367939599523,calibration,0
s03,240,2.3320891322786572,calibration,0
s03,241,2.7588450251013974,calibration,0
s03,242,2.5805143545647367,calibration,0
s03,243,2.2719126021029981,calibration,0
s03,244,2.1965471703472566,calibration,0
s03,245,1.6582904117065567,calibration,0
s03,246,1.5741519189483426,calibration,0
s03,247,1.6722028771969277,calibration,0
s03,248,1.5362864324270282,calibration,0
s03,249,1.8409967065855117,calibration,0
s03,250,2.1177635817150735,calibration,0
s03,251,2.2283621430530935,calibration,0
s03,252,2.1588667013525469,calibration,0
s03,253,1.9119344924578894,calibration,0
s03,254,1.9935278791887687,calibration,0
s03,255,1.8161240137326082,calibration,0
s03,256,1.4037269047834622,calibration,0
s03,257,1.2122881429780072,calibration,0
s03,258,1.5339439568936521,calibration,0
s03,259,1.5547553630622408,calibration,0
s03,260,1.8705062587691519,calibration,0
s03,261,1.6275015841510245,calibration,0
s03,262,1.6814381917538366,calibration,0
s03,263,1.6681973300326112,calibration,0
s03,264,1.8033396550849448,calibration,0
s03,265,1.7594431759797466,calibration,0
s03,266,2.0635988750104972,calibration,0
s03,267,1.6130771034491109,calibration,0
s03,268,1.0585590720648623,calibration,0
s03,269,1.1141000984851679,calibration,0
s03,270,1.1082888411604799,calibration,0
s03,271,1.3403864896485689,calibration,0
s03,272,1.4598023297371197,calibration,0
s03,273,1.7262238025949621,calibration,0
s03,274,1.3696753265807591,calibration,0
s03,275,1.4123779473136444,calibration,0
s03,276,1.8080835649010867,calibration,0
s03,277,1.8023074084040869,calibration,0
s03,278,2.1163637926796444,calibration,0
s03,279,1.9437175112904375,calibration,0
s03,280,1.9618012373110467,calibration,0
s03,281,1.5062786254457641,calibration,0
s03,282,2.0432887302910832,calibration,0
s03,283,1.975863494408717,calibration,0
s03,284,1.5274636784300717,calibration,0
s03,285,1.686136174884679,calibration,0
s03,286,2.2625412205444433,calibration,0
s03,287,1.8852480133294593,calibration,0
s03,288,1.5505929544142802,calibration,0
s03,289,1.8914124276460664,calibration,0
s03,290,1.1779176325471281,calibration,0
s03,291,0.93051328800406774,calibration,0
s03,292,1.361143377346349,calibration,0
s03,293,1.8903893436217389,calibration,0
s03,294,1.9855571123783406,calibration,0
s03,295,1.7929271295553448,calibration,0
s03,296,1.9169791312963902,calibration,0
s03,297,1.924640007397294,calibration,0
s03,298,1.7240591107503438,calibration,0
s03,299,1.6041768718234042,calibration,0
s03,300,1.3182512012258791,calibration,0
s03,301,1.509714281614144,calibration,0
s03,302,1.7927245921245385,calibration,0
s03,303,1.8911507855960366,calibration,0
s03,304,1.5491563059346531,calibration,0
s03,305,2.074084270356618,calibration,0
s03,306,1.6277115684536541,calibration,0
s03,307,1.6609648309068066,calibration,0
s03,308,1.585520005340936,calibration,0
s03,309,2.1844291539477236,calibration,0
s03,310,2.0250545399719129,calibration,0
s03,311,1.8263963719688803,calibration,0
s03,312,2.3306868054799308,calibration,0
s03,313,2.0700051165204392,calibration,0
s03,314,2.1450750311894495,calibration,0
s03,315,1.4192653104891302,calibration,0
s03,316,1.9878663291291123,calibration,0
s03,317,1.8414315131421841,calibration,0
s03,318,1.8828899352100203,calibration,0
s03,319,2.0993421819140101,calibration,0
s03,320,1.8133037631577187,calibration,0
s03,321,1.3728294307976832,calibration,0
s03,322,1.354049706099189,calibration,0
s03,323,1.6719837566298708,calibration,0
s03,324,1.514725211679989,calibration,0
s03,325,1.7863505970028055,calibration,0
s03,326,1.595229288640764,calibration,0
s03,327,1.3174142454806412,calibration,0
s03,328,1.2643254238135868,calibration,0
s03,329,1.1245696143182322,calibration,0
s03,330,1.2777480825623373,calibration,0
s03,331,1.2042901991349793,calibration,0
s03,332,1.6167580801304575,calibration,0
s03,333,1.822830144192167,calibration,0
s03,334,1.8397293856423691,calibration,0
s03,335,1.6557799566071725,calibration,0
s03,336,1.536056704644611,calibration,0
s03,337,1.7065794980708346,calibration,0
s03,338,1.6177605562711777,calibration,0
s03,339,1.4581316107947497,calibration,0
s03,340,1.1955823012293083,calibration,0
s03,341,1.2642822742002202,calibration,0
s03,342,1.342429871634566,calibration,0
s03,343,1.5445708985470632,calibration,0
s03,344,1.5487312316254636,calibration,0
s03,345,1.8752468454499225,calibration,0
s03,346,1.8915130625159475,calibration,0
s03,347,2.0127454968600471,calibration,0
s03,348,1.7510909822850189,calibration,0
s03,349,1.6909806703425223,calibration,0
s03,350,1.3363533683628033,test,0
s03,351,1.5066094080982473,test,0
s03,352,1.2479795231196911,test,0
s03,353,1.2249289777577705,test,0
s03,354,1.2758280180181969,test,0
s03,355,1.2163624483132414,test,0
s03,356,1.0254321482485171,test,0
s03,357,1.2817847463367338,test,0
s03,358,1.4155564376736809,test,0
s03,359,1.7797776782148971,test,0
s03,360,2.0171983824309585,test,0
s03,361,1.8308410073193153,test,0
s03,362,1.7527436994521988,test,0
s03,363,1.4658319018326851,test,0
s03,364,1.1285903562539787,test,0
s03,365,0.95664174604023144,test,0
s03,366,1.0898178599908139,test,0
s03,367,1.1718753946326468,test,0
s03,368,1.8323143856871853,test,0
s03,369,1.7504119392052879,test,0
s03,370,2.2816270604494662,test,0
s03,371,2.2991473404964848,test,0
s03,372,2.0831388980853318,test,0
s03,373,1.9987955447363108,test,0
s03,374,2.096325246792285,test,0
s03,375,1.8234786765237647,test,0
s03,376,1.8509181162087018,test,0
s03,377,1.7003314157174785,test,0
s03,378,1.9584972251816291,test,0
s03,379,2.043716710497367,test,0
s03,380,1.8008463308489764,test,0
s03,381,1.9061553772792148,test,0
s03,382,2.2220099226705692,test,0
s03,383,1.6880615310510187,test,0
s03,384,1.7858471650429051,test,0
s03,385,1.9146008911721779,test,0
s03,386,1.7260171081681754,test,0
s03,387,1.6299592767910571,test,0
s03,388,2.0537312369016685,test,0
s03,389,2.0740654290412137,test,0
s03,390,2.587417368094119,test,0
s03,391,2.9082329174991073,test,0
s03,392,2.6302023123067682,test,0
s03,393,3.5601567836466068,test,0
s03,394,3.53771451721307,test,0
s03,395,3.1081461341836794,test,0
s03,396,3.288097109122003,test,0
s03,397,2.7462256261681324,test,0
s03,398,2.640985613848176,test,0
s03,399,2.4709275188682214,test,0
s03,400,2.4206080536429533,test,0
s03,401,2.4285745084382113,test,0
s03,402,2.4487832276706492,test,0
s03,403,2.1001257260355128,test,0
s03,404,1.9655049924036907,test,0
s03,405,2.3735455215854162,test,0
s03,406,1.8986453551673994,test,0
s03,407,1.7066463871751689,test,0
s03,408,1.4414199964552039,test,0
s03,409,1.2194513264061473,test,0
s03,410,1.4379133775323716,test,0
s03,411,1.097678699449294,test,0
s03,412,1.6598909851418489,test,0
s03,413,1.4466993473876568,test,0
s03,414,1.6760765573280743,test,0
s03,415,1.3506972572040092,test,0
s03,416,1.1679545374458797,test,0
s03,417,1.4560059543908672,test,0
s03,418,1.1828767567270142,test,0
s03,419,1.1099522649223652,test,0
s03,420,1.313894119924319,test,0
s03,421,1.0982601909224616,test,0
s03,422,1.2581488242705219,test,0
s03,423,1.3456712323272533,test,0
s03,424,1.2510591310862103,test,0
s03,425,1.2862864109973975,test,0
s03,426,1.6922904609731755,test,0
s03,427,1.3958489587797249,test,0
s03,428,0.87219417190012016,test,0
s03,429,1.036588066223838,test,0
s03,430,1.8419889799212734,test,0
s03,431,1.2279718102416142,test,0
s03,432,1.8625367921879818,test,0
s03,433,1.6193147596393072,test,0
s03,434,1.1451898350403396,test,0
s03,435,1.4238452559337267,test,0
s03,436,1.9190022681583832,test,0
s03,437,1.8731009760764599,test,0
s03,438,1.8721099666594014,test,0
s03,439,1.9683617856118536,test,0
s03,440,1.841557236703133,test,0
s03,441,2.6827061012748752,test,0
s03,442,2.8209298312822768,test,0
s03,443,2.4696135717710144,test,0
s03,444,2.0004802315787424,test,0
s03,445,1.3680663732079821,test,0
s03,446,1.1201504177504027,test,0
s03,447,1.2886196557374539,test,0
s03,448,1.8788339233753084,test,0
s03,449,1.763422921930627,test,0
s03,450,1.9194531114069255,test,0
s03,451,2.2300813215954283,test,0
s03,452,2.2296343725049681,test,0
s03,453,2.9847160718486316,test,0
s03,454,2.3010310742535363,test,0
s03,455,1.8046723813683165,test,0
s03,456,2.5595280085366161,test,0
s03,457,2.3312522613887801,test,0
s03,458,2.1625993961149752,test,0
s03,459,1.5407417883244625,test,0
s03,460,0.64480912871322238,test,0
s03,461,0.45862746843871161,test,0
s03,462,1.0740238151779344,test,0
s03,463,1.4046763413432253,test,0
s03,464,1.657754830750318,test,0
s03,465,1.3802565778988414,test,0
s03,466,0.96338214226059993,test,0
s03,467,1.0464452252640619,test,0
s03,468,1.1917086008682463,test,0
s03,469,1.335344489235476,test,0
s03,470,1.269328688106417,test,0
s03,471,1.272910616864575,test,0
s03,472,1.3626737576588299,test,0
s03,473,1.4092404866738673,test,0
s03,474,1.926886954650707,test,0
s03,475,1.5734014148698903,test,0
s03,476,1.1616487177292141,test,0
s03,477,0.79704236620986468,test,0
s03,478,0.73895569002316974,test,0
s03,479,0.72153477912677122,test,0
s03,480,0.62580817898405994,test,0
s03,481,0.77921107201916584,test,0
s03,482,1.3929694081956945,test,0
s03,483,1.5203191132962253,test,0
s03,484,1.5245790019830288,test,0
s03,485,1.6682439580760726,test,0
s03,486,2.0014292871759971,test,0
s03,487,1.2556290131854744,test,0
s03,488,1.4971892528870978,test,0
s03,489,1.3273431935196254,test,0
s03,490,1.3625303765555163,test,0
s03,491,1.648798795850525,test,0
s03,492,1.4277501768202046,test,0
s03,493,2.1941639621915385,test,0
s03,494,2.5355092840061291,test,0
s03,495,2.8070074480135165,test,0
s03,496,2.4627422374154215,test,0
s03,497,2.0098813462877629,test,0
s03,498,1.5894177509236722,test,0
s03,499,1.6482974361040621,test,0
s03,500,1.0054001471316494,test,0
s03,501,0.91973402779667868,test,0
s03,502,0.66686294730411322,test,0
s03,503,1.0065373843385579,test,0
s03,504,0.9713811976132416,test,0
s03,505,1.5269415152069366,test,0
s03,506,0.99827761389581238,test,0
s03,507,1.2311238352950833,test,0
s03,508,1.0379578111366772,test,0
s03,509,0.8716386653216277,test,0
s03,510,1.0875491490625042,test,0
s03,511,0.99680321257763915,test,0
s03,512,0.99071195510300436,test,0
s03,513,0.99451109814388172,test,0
s03,514,0.91911484391302645,test,0
s03,515,1.0382817843759236,test,0
s03,516,1.6405660070529424,test,0
s03,517,1.3043594422705524,test,0
s03,518,1.0636687083430858,test,0
s03,519,0.76395622679396724,test,0
s03,520,0.9275317014572686,test,0
s03,521,1.341849636735146,test,0
s03,522,0.97794198176856173,test,0
s03,523,1.0409168384489897,test,0
s03,524,1.7868908936548,test,0
s03,525,1.8454056253272237,test,0
s03,526,1.4328748841058081,test,0
s03,527,1.4693122839969888,test,0
s03,528,1.506228852974544,test,0
s03,529,1.2596537412496784,test,0
s03,530,2.0098397923758018,test,0
s03,531,1.9400367201508013,test,0
s03,532,2.1019786578327371,test,0
s03,533,1.813053552103538,test,0
s03,534,1.7895967675086899,test,0
s03,535,2.2403472036286756,test,0
s03,536,2.0001986098027009,test,0
s03,537,1.9164909055495678,test,0
s03,538,1.6344189981972936,test,0
s03,539,1.7579936783982004,test,0
s03,540,1.4217326026779289,test,0
s03,541,1.4670215169395744,test,0
s03,542,1.5516195196113955,test,0
s03,543,1.6052276698357235,test,0
s03,544,1.5021215142178372,test,0
s03,545,1.2250243201913107,test,0
s03,546,0.96046249362752523,test,0
s03,547,1.208259043408519,test,0
s03,548,1.8871403626078855,test,0
s03,549,1.7823265013196048,test,0
s03,550,2.1084186694052218,test,0
s03,551,1.8964175849459655,test,0
s03,552,2.1720174006577544,test,0
s03,553,2.2002360376837302,test,0
s03,554,2.5383129738347718,test,0
s03,555,2.603053469895289,test,0
s03,556,2.7586734638458976,test,0
s03,557,2.7949210354473752,test,0
s03,558,2.7625096925979316,test,0
s03,559,2.7232222466593168,test,0
s03,560,2.9029897378789022,test,0
s03,561,3.1707484317293511,test,0
s03,562,2.4065636726928274,test,0
s03,563,1.7008953494173658,test,0
s03,564,1.4791618761342036,test,0
s03,565,1.8804335067585938,test,0
s03,566,1.6670720026335091,test,0
s03,567,2.1880740848149274,test,0
s03,568,2.5563390724138286,test,0
s03,569,2.6116178190718298,test,0
s03,570,1.804191749473159,test,0
s03,571,1.6944572361351142,test,0
s03,572,1.9588186338992657,test,0
s03,573,2.0466263396649058,test,0
s03,574,2.0119827606948499,test,0
s03,575,2.180142565534708,test,0
s03,576,1.7501970681960572,test,0
s03,577,1.2877915754441267,test,0
s03,578,1.3116399564387888,test,0
s03,579,1.7256044896835907,test,0
s03,580,1.4669249204875663,test,0
s03,581,1.247719524260396,test,0
s03,582,1.5286866321891928,test,0
s03,583,2.1637220630062295,test,0
s03,584,2.1714365747929496,test,0
s03,585,2.6440328490712774,test,0
s03,586,2.4124898794079996,test,0
s03,587,2.0159881540449076,test,0
s03,588,2.2969841795546326,test,0
s03,589,2.2576709978448237,test,0
s03,590,2.0230193856615823,test,0
s03,591,2.1859204249589066,test,0
s03,592,2.4674929003967674,test,0
s03,593,2.6381491790069767,test,0
s03,594,2.7957265527552151,test,0
s03,595,2.7280503490827468,test,0
s03,596,3.0824582634086362,test,0
s03,597,2.3583958766156554,test,0
s03,598,2.2012022336312618,test,0
s03,599,1.9996756053622808,test,0
s04,0,-0.035472670290631947,train,0
s04,1,0.44907083334956632,train,0
s04,2,0.49985519650237942,train,0
s04,3,0.75449161735450077,train,0
s04,4,0.72368834186099995,train,0
s04,5,1.1430991246398821,train,0
s04,6,1.3597419768190913,train,0
s04,7,1.5586219803385388,train,0
s04,8,1.33502477041912,train,0
s04,9,1.3775029851997187,train,0
s04,10,1.6130987641472831,train,0
s04,11,1.5948625740782896,train,0
s04,12,1.4673927473357455,train,0
s04,13,1.8995279580056668,train,0
s04,14,1.8435778198000254,train,0
s04,15,1.5850365526781385,train,0
s04,16,1.8977542749170238,train,0
s04,17,2.1463048293414069,train,0
s04,18,2.5137331351611722,train,0
s04,19,2.4135161769911635,train,0
s04,20,2.5645426550949009,train,0
s04,21,2.4124287602842056,train,0
s04,22,2.1883801257866113,train,0
s04,23,2.2125081466984158,train,0
s04,24,2.0653038619221431,train,0
s04,25,2.4755201593051264,train,0
s04,26,2.3713921259397561,train,0
s04,27,1.9186456165347932,train,0
s04,28,1.9995643884000958,train,0
s04,29,2.3545157541548902,train,0
s04,30,1.9307368359228128,train,0
s04,31,2.08718231440483,train,0
s04,32,2.2081239071813012,train,0
s04,33,2.0400075367982757,train,0
s04,34,1.7481248064696042,train,0
s04,35,1.8801943442186726,train,0
s04,36,1.2741195519884081,train,0
s04,37,1.3372465722853721,train,0
s04,38,1.6634103482532054,train,0
s04,39,1.9054132081233683,train,0
s04,40,2.0081979423109488,train,0
s04,41,1.3619010962327016,train,0
s04,42,1.3199214619016968,train,0
s04,43,1.0274130345866985,train,0
s04,44,1.1192942930809515,train,0
s04,45,1.2096896509480966,train,0
s04,46,1.3285178137642359,train,0
s04,47,1.4820358798862412,train,0
s04,48,0.86339449082956432,train,0
s04,49,1.214368464393327,train,0
s04,50,0.95572832917902861,train,0
s04,51,0.55255359573116947,train,0
s04,52,0.41355029364905277,train,0
s04,53,0.82445356648032164,train,0
s04,54,0.66194190024165955,train,0
s04,55,1.2633856798633316,train,0
s04,56,1.0607307130455887,train,0
s04,57,0.96098496356981888,train,0
s04,58,1.3220350377762293,train,0
s04,59,1.5222946468301102,train,0
s04,60,1.0487545803225835,train,0
s04,61,1.6288454238848504,train,0
s04,62,1.6383997161601851,train,0
s04,63,1.6194534879241742,train,0
s04,64,1.6320846216251674,train,0
s04,65,2.0919408059825355,train,0
s04,66,1.9059141267658997,train,0
s04,67,1.492349038730362,train,0
s04,68,1.1114734364494834,train,0
s04,69,1.1423824516562862,train,0
s04,70,1.1207584575045901,train,0
s04,71,0.83683221848364786,train,0
s04,72,0.6574349353401614,train,0
s04,73,0.85404189598134617,train,0
s04,74,0.85527689593139411,train,0
s04,75,1.246987612367467,train,0
s04,76,1.2692188935426498,train,0
s04,77,1.3849942294851911,train,0
s04,78,1.1502509178054718,train,0
s04,79,0.59646808536230367,train,0
s04,80,0.85728871827187159,train,0
s04,81,1.3441677762628899,train,0
s04,82,1.7154911330897273,train,0
s04,83,1.8215377474913577,train,0
s04,84,2.1013801866153585,train,0
s04,85,1.6478881738870912,train,0
s04,86,1.7779281780160268,train,0
s04,87,1.7650084113501996,train,0
s04,88,1.759107317833762,train,0
s04,89,1.4331861409726192,train,0
s04,90,1.5313519739109911,train,0
s04,91,1.8824186916774122,train,0
s04,92,2.2854213466367272,train,0
s04,93,2.2587554107366876,train,0
s04,94,2.4178949954691689,train,0
s04,95,2.1637437825407995,train,0
s04,96,2.1356355649885344,train,0
s04,97,2.5751001875509161,train,0
s04,98,1.793495420452996,train,0
s04,99,1.3996173675482972,train,0
s04,100,1.9090316004807353,train,0
s04,101,1.8801555184312249,train,0
s04,102,2.0535603808583152,train,0
s04,103,2.387087662844535,train,0
s04,104,2.0474234575373531,train,0
s04,105,1.8415595436169769,train,0
s04,106,1.3424493466704164,train,0
s04,107,1.1548918400412327,train,0
s04,108,1.3270226972004526,train,0
s04,109,1.3396396074296986,train,0
s04,110,1.2124609278714122,train,0
s04,111,1.5611862951742961,train,0
s04,112,1.7966507724208032,train,0
s04,113,1.6089884435913377,train,0
s04,114,1.8376244971878433,train,0
s04,115,1.7276950270677076,train,0
s04,116,1.9098756856271295,train,0
s04,117,1.8272679989365819,train,0
s04,118,2.2999703096854081,train,0
s04,119,2.4237779017518153,train,0
s04,120,2.2647586121064425,train,0
s04,121,1.9606842707222409,train,0
s04,122,1.7586832522687823,train,0
s04,123,1.7168845447526797,train,0
s04,124,1.5692135227181085,train,0
s04,125,1.4364437845193065,train,0
s04,126,1.4410019908459983,train,0
s04,127,1.3207577190296862,train,0
s04,128,1.4232985050251314,train,0
s04,129,1.7960560067287581,train,0
s04,130,1.9402013635186091,train,0
s04,131,2.0087429826559315,train,0
s04,132,1.5526664440097471,train,0
s04,133,1.5410006516299175,train,0
s04,134,1.809127801831216,train,0
s04,135,1.6584977068714981,train,0
s04,136,2.0524639456547691,train,0
s04,137,2.3675915515158144,train,0
s04,138,2.11136361751959,train,0
s04,139,2.0676992790982576,train,0
s04,140,2.3012245068825714,train,0
s04,141,2.4627629183304407,train,0
s04,142,2.3407972193264177,train,0
s04,143,2.5163178970972084,train,0
s04,144,2.291797761375264,train,0
s04,145,2.3312438436140903,train,0
s04,146,2.3356601525341425,train,0
s04,147,2.3345476044488862,train,0
s04,148,1.8671144311475811,train,0
s04,149,1.5827608666028596,train,0
s04,150,1.4413069866203798,train,0
s04,151,1.1963626018199642,train,0
s04,152,1.3383020653401136,train,0
s04,153,1.5649128069841824,train,0
s04,154,1.8934735993737228,train,0
s04,155,1.5679620136068646,train,0
s04,156,1.9602525643880377,train,0
s04,157,2.5091960549167567,train,0
s04,158,2.5437651058324215,train,0
s04,159,1.9027769879199974,train,0
s04,160,2.3340144351369116,train,0
s04,161,2.2953436730671841,train,0
s04,162,2.2939235010613568,train,0
s04,163,1.8609722602663141,train,0
s04,164,1.7012282360445026,train,0
s04,165,1.2527407529798436,train,0
s04,166,1.7318441324897025,train,0
s04,167,1.6280311360598114,train,0
s04,168,1.699566225514723,train,0
s04,169,1.9169734484042908,train,0
s04,170,2.0819928878540694,train,0
s04,171,1.9477374072325568,train,0
s04,172,1.9253574067966734,train,0
s04,173,2.190074650426975,train,0
s04,174,2.3149018170151816,train,0
s04,175,2.6537281703675211,train,0
s04,176,2.447207605495985,train,0
s04,177,2.127055924958968,train,0
s04,178,2.2393636974303339,train,0
s04,179,2.5101037283924965,train,0
s04,180,2.1072197947443034,train,0
s04,181,1.7108182931117644,train,0
s04,182,1.9302215770539077,train,0
s04,183,1.4675929487721735,train,0
s04,184,1.4525050395597803,train,0
s04,185,1.0689880153731579,train,0
s04,186,1.1320810496910818,train,0
s04,187,1.1468389733582669,train,0
s04,188,1.6807123497836298,train,0
s04,189,0.76454326599761646,train,0
s04,190,0.98549245931483309,train,0
s04,191,1.0881864016879303,train,0
s04,192,1.773491723367463,train,0
s04,193,2.4406787017108043,train,0
s04,194,2.1605677043004783,train,0
s04,195,1.5415365330806985,train,0
s04,196,1.7912439139682184,train,0
s04,197,0.98159325401566211,train,0
s04,198,1.8043615474021912,train,0
s04,199,1.8792546956118823,train,0
s04,200,1.3202685122232674,calibration,0
s04,201,1.3406349407948008,calibration,0
s04,202,1.5241834515756174,calibration,0
s04,203,1.6101052596285381,calibration,0
s04,204,1.8173933606537045,calibration,0
s04,205,2.2784816699946284,calibration,0
s04,206,2.6112575304204526,calibration,0
s04,207,2.5893667614955915,calibration,0
s04,208,1.8228369598748335,calibration,0
s04,209,2.0414910507509925,calibration,0
s04,210,2.3460078378173543,calibration,0
s04,211,2.5098796791748388,calibration,0
s04,212,2.5305989886387596,calibration,0
s04,213,2.654205569525347,calibration,0
s04,214,2.581320449224406,calibration,0
s04,215,2.3582748488030321,calibration,0
s04,216,2.1672794314605635,calibration,0
s04,217,2.0205146082093148,calibration,0
s04,218,2.1571884284437091,calibration,0
s04,219,2.0392852227015168,calibration,0
s04,220,1.839725296427694,calibration,0
s04,221,1.9702626358596635,calibration,0
s04,222,1.9767739290455479,calibration,0
s04,223,1.6493717833442141,calibration,0
s04,224,1.9135049288477965,calibration,0
s04,225,1.9063210755970643,calibration,0
s04,226,1.8788467619382789,calibration,0
s04,227,1.9545961334281696,calibration,0
s04,228,1.8603257725307458,calibration,0
s04,229,1.5771719167449829,calibration,0
s04,230,1.8003911987869752,calibration,0
s04,231,2.6744622255084205,calibration,0
s04,232,2.491411068121542,calibration,0
s04,233,2.4619200595757111,calibration,0
s04,234,3.028845645130275,calibration,0
s04,235,3.3204861527711254,calibration,0
s04,236,2.3365463582395107,calibration,0
s04,237,1.7885500480924001,calibration,0
s04,238,1.3062096924923932,calibration,0
s04,239,1.5350060599243496,calibration,0
s04,240,1.5088715624589271,calibration,0
s04,241,1.6211953216041417,calibration,0
s04,242,1.483655686274344,calibration,0
s04,243,1.7864245641257699,calibration,0
s04,244,1.7296844378768133,calibration,0
s04,245,1.2453989527951665,calibration,0
s04,246,1.5504045813296194,calibration,0
s04,247,1.7919068109364782,calibration,0
s04,248,1.5623537018411424,calibration,0
s04,249,1.7049789640592949,calibration,0
s04,250,1.6748586263448615,calibration,0
s04,251,1.3862746831784203,calibration,0
s04,252,1.3252201712041014,calibration,0
s04,253,1.300482581468553,calibration,0
s04,254,1.1528389014053548,calibration,0
s04,255,1.1148849233596543,calibration,0
s04,256,1.3748429364699724,calibration,0
s04,257,1.9616370845445279,calibration,0
s04,258,1.7036972272777848,calibration,0
s04,259,1.5154319310811661,calibration,0
s04,260,2.0190891693950928,calibration,0
s04,261,2.1345369456312286,calibration,0
s04,262,2.495138486635363,calibration,0
s04,263,2.1022400256979026,calibration,0
s04,264,2.000600470559557,calibration,0
s04,265,1.6290107280978465,calibration,0
s04,266,2.0305788426285076,calibration,0
s04,267,2.0648093009977009,calibration,0
s04,268,1.5220953438998466,calibration,0
s04,269,1.5786000017999071,calibration,0
s04,270,1.9070505971818603,calibration,0
s04,271,2.0810303091143521,calibration,0
s04,272,2.121397891529865,calibration,0
s04,273,2.1026263170320676,calibration,0
s04,274,1.607401847763241,calibration,0
s04,275,1.4264454839878267,calibration,0
s04,276,1.3437181076893776,calibration,0
s04,277,1.3445887745911236,calibration,0
s04,278,1.6894299140211724,calibration,0
s04,279,2.0631335131732036,calibration,0
s04,280,1.9304232941312454,calibration,0
s04,281,1.6587222487484781,calibration,0
s04,282,1.7441876876503344,calibration,0
s04,283,1.4971033775675098,calibration,0
s04,284,1.7848915583906666,calibration,0
s04,285,1.1940271954838693,calibration,0
s04,286,1.3207329573064974,calibration,0
s04,287,1.3641663137792084,calibration,0
s04,288,1.4261297714927526,calibration,0
s04,289,1.869246805594482,calibration,0
s04,290,1.7991516868580648,calibration,0
s04,291,2.2062391323231632,calibration,0
s04,292,2.2482622217322654,calibration,0
s04,293,2.2283387261512955,calibration,0
s04,294,2.3901376990761869,calibration,0
s04,295,1.7946537894607437,calibration,0
s04,296,1.3835628330646104,calibration,0
s04,297,1.3906179061472383,calibration,0
s04,298,1.9324246158815086,calibration,0
s04,299,2.0048572689808983,calibration,0
s04,300,1.7896029764711434,calibration,0
s04,301,1.9639886511790638,calibration,0
s04,302,1.8644123977738034,calibration,0
s04,303,1.7160335187264184,calibration,0
s04,304,1.9337765852913711,calibration,0
s04,305,2.2052635044750311,calibration,0
s04,306,1.9830949828703746,calibration,0
s04,307,2.5567155274204332,calibration,0
s04,308,2.4275066060007182,calibration,0
s04,309,2.204221124815831,calibration,0
s04,310,1.966361440693029,calibration,0
s04,311,1.8901683365803796,calibration,0
s04,312,1.7545227212901182,calibration,0
s04,313,1.9371756809686309,calibration,0
s04,314,1.6353463036366827,calibration,0
s04,315,1.3285246294200141,calibration,0
s04,316,1.2146218202192036,calibration,0
s04,317,1.5762024665869974,calibration,0
s04,318,1.8361831026655266,calibration,0
s04,319,1.7221826863819021,calibration,0
s04,320,1.6633182849958703,calibration,0
s04,321,1.7172296323364626,calibration,0
s04,322,1.4112296999857794,calibration,0
s04,323,1.369857015697906,calibration,0
s04,324,1.5230821679701223,calibration,0
s04,325,1.3282794564550124,calibration,0
s04,326,1.4418873830066612,calibration,0
s04,327,1.4922308487025253,calibration,0
s04,328,1.5085063432571073,calibration,0
s04,329,1.654244734555993,calibration,0
s04,330,1.5966019871454005,calibration,0
s04,331,1.6776073238552918,calibration,0
s04,332,1.8107256272919576,calibration,0
s04,333,1.8052462528177786,calibration,0
s04,334,1.6687366762350975,calibration,0
s04,335,1.3531203821940818,calibration,0
s04,336,1.6927257626887489,calibration,0
s04,337,2.0856913698170096,calibration,0
s04,338,2.0987270612990012,calibration,0
s04,339,2.2824705351068735,calibration,0
s04,340,2.5027707540448025,calibration,0
s04,341,2.2473404070569636,calibration,0
s04,342,1.5957618618167686,calibration,0
s04,343,1.8005159424436823,calibration,0
s04,344,1.663528032816967,calibration,0
s04,345,1.9944273715608289,calibration,0
s04,346,1.5735273641316685,calibration,0
s04,347,1.3011060037238518,calibration,0
s04,348,0.88247089204054663,calibration,0
s04,349,1.0848639270656537,calibration,0
s04,350,0.978302206095643,test,0
s04,351,1.1680752466274633,test,0
s04,352,1.4152521861390286,test,0
s04,353,1.6936853232381437,test,0
s04,354,1.4303428169865762,test,0
s04,355,1.3234401702034666,test,0
s04,356,1.2009916476756959,test,0
s04,357,1.0370959936363424,test,0
s04,358,1.7376973416725072,test,0
s04,359,1.8620229283906782,test,0
s04,360,1.5792396098444685,test,0
s04,361,1.9426707447307747,test,0
s04,362,1.5487645399852756,test,0
s04,363,0.95593765185762525,test,0
s04,364,1.4022455262263489,test,0
s04,365,1.3476605918400959,test,0
s04,366,1.6149567386092585,test,0
s04,367,1.9699948575533939,test,0
s04,368,1.688377599825059,test,0
s04,369,1.7120799577722021,test,0
s04,370,1.5871849191977616,test,0
s04,371,1.6357904272804806,test,0
s04,372,1.7400976841627145,test,0
s04,373,1.8505251981628554,test,0
s04,374,1.677480222753174,test,0
s04,375,1.7993864814601963,test,0
s04,376,1.7235904497094086,test,0
s04,377,1.8014192821996735,test,0
s04,378,1.8935954639698631,test,0
s04,379,1.8885854600500736,test,0
s04,380,1.8158542012188281,test,0
s04,381,1.7997844602935422,test,0
s04,382,1.619990975834759,test,0
s04,383,1.9614033721757025,test,0
s04,384,1.8208391761238709,test,0
s04,385,1.9499212934053476,test,0
s04,386,1.4520026237442127,test,0
s04,387,1.2165851548068516,test,0
s04,388,1.8386387525004935,test,0
s04,389,1.8311610787052186,test,0
s04,390,2.239119946821452,test,0
s04,391,1.9900775208330528,test,0
s04,392,1.9147275989559218,test,0
s04,393,1.5948733142153229,test,0
s04,394,2.0168270415114096,test,0
s04,395,2.1179020692660742,test,0
s04,396,2.4624433630651157,test,0
s04,397,2.708279744197621,test,0
s04,398,2.065980699052858,test,0
s04,399,1.9867102708156796,test,0
s04,400,2.5829028123793716,test,0
s04,401,2.0687022253234955,test,0
s04,402,1.5491458522573085,test,0
s04,403,2.3039698740999524,test,0
s04,404,2.0595374254796956,test,0
s04,405,1.8041620406072676,test,0
s04,406,1.8893378179201208,test,0
s04,407,2.0077469326008481,test,0
s04,408,1.4711989698810319,test,0
s04,409,1.4290693345924763,test,0
s04,410,1.5447134478673898,test,0
s04,411,1.6040867352033386,test,0
s04,412,1.3009729138521158,test,0
s04,413,0.99376203574731647,test,0
s04,414,1.0953333182318958,test,0
s04,415,0.5798420231073258,test,0
s04,416,0.68730316759080723,test,0
s04,417,0.49915001846578266,test,0
s04,418,1.162770179794705,test,0
s04,419,1.4566155322582408,test,0
s04,420,1.2670094168534283,test,0
s04,421,1.5374177575850605,test,0
s04,422,2.3304150634835583,test,0
s04,423,2.0256422120367445,test,0
s04,424,2.2101340207192535,test,0
s04,425,1.8447105824012118,test,0
s04,426,1.8120300346434737,test,0
s04,427,2.1013862973678661,test,0
s04,428,1.8646175794855744,test,0
s04,429,2.0427537686032746,test,0
s04,430,2.1885118626089981,test,0
s04,431,2.3122048349775906,test,0
s04,432,2.4438253861953845,test,0
s04,433,2.0632947079950248,test,0
s04,434,2.2038678765662696,test,0
s04,435,2.1142691069416153,test,0
s04,436,2.704000195889793,test,0
s04,437,2.5422885564547482,test,0
s04,438,2.4573288101234607,test,0
s04,439,2.5774156849306515,test,0
s04,440,2.998255580189265,test,0
s04,441,2.6150572177646199,test,0
s04,442,2.3292614721006983,test,0
s04,443,1.9940931358861467,test,0
s04,444,2.6125412217596287,test,0
s04,445,2.274941301376507,test,0
s04,446,2.4871763742519892,test,0
s04,447,2.5435794950716084,test,0
s04,448,2.2322600845838316,test,0
s04,449,2.0052383171713895,test,0
s04,450,2.1802704833714213,test,0
s04,451,2.2010381078386021,test,0
s04,452,2.413150553564638,test,0
s04,453,2.2839609448668994,test,0
s04,454,2.0981891850648924,test,0
s04,455,2.3516346316834555,test,0
s04,456,2.4169791725557284,test,0
s04,457,2.0756500208734412,test,0
s04,458,1.7807266959783608,test,0
s04,459,1.6292040806669272,test,0
s04,460,1.4273217300228151,test,0
s04,461,1.3883066231309436,test,0
s04,462,1.501169905909006,test,0
s04,463,1.2870727884718509,test,0
s04,464,1.4641631628807539,test,0
s04,465,0.95978769171035683,test,0
s04,466,1.6994427493840867,test,0
s04,467,1.5062352296359947,test,0
s04,468,1.1946519741947899,test,0
s04,469,1.848796560320209,test,0
s04,470,1.6251891462597623,test,0
s04,471,1.4636507197018038,test,0
s04,472,1.9051917924920443,test,0
s04,473,1.947874092674361,test,0
s04,474,2.1725271162609761,test,0
s04,475,2.041561925250718,test,0
s04,476,2.4972135796945572,test,0
s04,477,2.326949545164287,test,0
s04,478,2.7088083005269845,test,0
s04,479,2.4183560888854609,test,0
s04,480,2.6833832431372597,test,0
s04,481,1.9559426948199266,test,0
s04,482,2.2055036888073198,test,0
s04,483,1.6013229689097188,test,0
s04,484,1.1898892732095427,test,0
s04,485,0.70662978608970517,test,0
s04,486,0.65042847123211101,test,0
s04,487,1.1843314436790084,test,0
s04,488,1.5500196192891553,test,0
s04,489,1.6709536599478125,test,0
s04,490,1.9732906635695715,test,0
s04,491,2.0645521176355608,test,0
s04,492,1.6882362361297547,test,0
s04,493,1.0197074817740668,test,0
s04,494,0.99173705857910954,test,0
s04,495,1.223589987265983,test,0
s04,496,1.4723871265845319,test,0
s04,497,2.0030256834535027,test,0
s04,498,1.8338852274934971,test,0
s04,499,2.1758510224635579,test,0
s04,500,2.0009554846801625,test,0
s04,501,1.1826566640367753,test,0
s04,502,1.5108747964126468,test,0
s04,503,1.5161109172025684,test,0
s04,504,1.2776083005206993,test,0
s04,505,1.506025054245131,test,0
s04,506,1.3804244769958085,test,0
s04,507,1.651181601995412,test,0
s04,508,1.999251557267453,test,0
s04,509,2.0529939690957537,test,0
s04,510,1.9244088400639745,test,0
s04,511,1.6512512432894353,test,0
s04,512,1.5577481977056489,test,0
s04,513,1.3275372390226359,test,0
s04,514,1.3027108577815485,test,0
s04,515,1.1752717325244633,test,0
s04,516,1.3098090967081606,test,0
s04,517,1.1437941739991613,test,0
s04,518,1.3827063937746635,test,0
s04,519,0.81968609472065768,test,0
s04,520,1.1639974949080159,test,0
s04,521,1.0128410758574296,test,0
s04,522,0.62332529620197696,test,0
s04,523,0.63332575798295587,test,0
s04,524,1.089108414842856,test,0
s04,525,0.89973973039722677,test,0
s04,526,1.4796054811436348,test,0
s04,527,2.0464345740089618,test,0
s04,528,1.9276362336907742,test,0
s04,529,1.754120943911055,test,0
s04,530,1.6731700781951355,test,0
s04,531,1.2608445158599162,test,0
s04,532,1.6721249921638965,test,0
s04,533,1.772740833624332,test,0
s04,534,1.4904238276286317,test,0
s04,535,1.1383056117797219,test,0
s04,536,0.90545008741965982,test,0
s04,537,1.3747577816556542,test,0
s04,538,2.0789836447784555,test,0
s04,539,1.8435392402206394,test,0
s04,540,1.9640920856443063,test,0
s04,541,2.142396805134525,test,0
s04,542,2.4852287675116997,test,0
s04,543,2.842942159543691,test,0
s04,544,2.774873989635493,test,0
s04,545,2.6803120684325612,test,0
s04,546,2.6804840895300877,test,0
s04,547,2.5771557936321878,test,0
s04,548,2.5953576919693599,test,0
s04,549,2.8457020869456229,test,0
s04,550,3.0941446879065442,test,0
s04,551,3.115642827841612,test,0
s04,552,2.635038562626181,test,0
s04,553,2.8824727515949005,test,0
s04,554,2.396129309288233,test,0
s04,555,2.0944116372887898,test,0
s04,556,2.0799711364531919,test,0
s04,557,2.0806194782007563,test,0
s04,558,1.9968201755045534,test,0
s04,559,2.3731269995792528,test,0
s04,560,2.7644374579472277,test,0
s04,561,2.9368206151286311,test,0
s04,562,2.4981458286081542,test,0
s04,563,2.2632985121514801,test,0
s04,564,2.0132254094159991,test,0
s04,565,1.3689760194834169,test,0
s04,566,0.91050815586479894,test,0
s04,567,1.1213158156854202,test,0
s04,568,0.920049701971972,test,0
s04,569,0.84904923259980092,test,0
s04,570,1.1101635746054688,test,0
s04,571,1.14544209209745,test,0
s04,572,1.6763687276770023,test,0
s04,573,1.1188060125011581,test,0
s04,574,1.6173475296230373,test,0
s04,575,1.5928908111579234,test,0
s04,576,1.9125923708182375,test,0
s04,577,2.159730253452921,test,0
s04,578,2.0009902548792891,test,0
s04,579,2.2690982587106689,test,0
s04,580,2.2031944058447843,test,0
s04,581,2.385596570657984,test,0
s04,582,1.9190922610024972,test,0
s04,583,2.5951880378554648,test,0
s04,584,2.0049152467402411,test,0
s04,585,2.1710357032328362,test,0
s04,586,2.6464577218144725,test,0
s04,587,2.8811622050527257,test,0
s04,588,2.8887369200440687,test,0
s04,589,2.6842222656491863,test,0
s04,590,2.2088293022200047,test,0
s04,591,2.2056640317810796,test,0
s04,592,2.0094262828785339,test,0
s04,593,1.6727358627616682,test,0
s04,594,1.342698199840469,test,0
s04,595,1.5051715155770389,test,0
s04,596,1.5406776814667549,test,0
s04,597,1.8669899894646673,test,0
s04,598,1.7957719925546678,test,0
s04,599,1.8676844708081164,test,0
s05,0,0.49809423840848915,train,0
s05,1,0.95026761045609753,train,0
s05,2,0.93684721515670411,train,0
s05,3,0.69585221936557051,train,0
s05,4,0.7440641408767299,train,0
s05,5,0.99687321343124102,train,0
s05,6,1.1329177358458529,train,0
s05,7,1.3715988063911966,train,0
s05,8,1.5932441653415832,train,0
s05,9,1.3160282511928252,train,0
s05,10,1.2324811800194131,train,0
s05,11,1.1855217726946889,train,0
s05,12,0.60012207293216546,train,0
s05,13,0.804476100304227,train,0
s05,14,1.1859707540397655,train,0
s05,15,0.85629270795855184,train,0
s05,16,1.2576985681451103,train,0
s05,17,0.71472816722233035,train,0
s05,18,1.2383386768712441,train,0
s05,19,1.3605474988203581,train,0
s05,20,1.0189683868759807,train,0
s05,21,1.2886454067079249,train,0
s05,22,1.7033262644503708,train,0
s05,23,2.1014111572392045,train,0
s05,24,1.8984063132573894,train,0
s05,25,1.3495987521237089,train,0
s05,26,1.754875454005931,train,0
s05,27,1.805277275636477,train,0
s05,28,1.6891847438343177,train,0
s05,29,1.8528045600962004,train,0
s05,30,1.6307817195124847,train,0
s05,31,1.661597303557234,train,0
s05,32,0.86477485737513182,train,0
s05,33,0.76137122138814717,train,0
s05,34,1.1929773381243736,train,0
s05,35,1.3184591309226963,train,0
s05,36,1.7112576358841478,train,0
s05,37,1.3487472634856088,train,0
s05,38,0.7578256241717557,train,0
s05,39,0.90334159716956441,train,0
s05,40,1.3108188313267717,train,0
s05,41,1.372867164739606,train,0
s05,42,0.84243069589645492,train,0
s05,43,0.74712174390351849,train,0
s05,44,1.1422764533443293,train,0
s05,45,1.1148022478230293,train,0
s05,46,0.9208774891336462,train,0
s05,47,1.2857180932728745,train,0
s05,48,1.214866919888554,train,0
s05,49,1.7522402018112611,train,0
s05,50,1.4696173774327856,train,0
s05,51,1.0775506181422965,train,0
s05,52,1.3188126068888648,train,0
s05,53,1.5804515313665297,train,0
s05,54,1.2213375968134452,train,0
s05,55,1.2103119458502785,train,0
s05,56,1.4395327370901174,train,0
s05,57,1.3541112361709748,train,0
s05,58,0.93861393069012244,train,0
s05,59,1.6444175188301369,train,0
s05,60,1.5271084024058399,train,0
s05,61,1.6006094947605551,train,0
s05,62,0.86250806801493962,train,0
s05,63,1.0841693228689626,train,0
s05,64,1.6822252779571754,train,0
s05,65,1.3615063731492454,train,0
s05,66,1.6762120040989077,train,0
s05,67,1.8009649161705004,train,0
s05,68,1.6304213678582089,train,0
s05,69,1.4117609901758612,train,0
s05,70,2.0513881842348516,train,0
s05,71,1.4407173155170714,train,0
s05,72,1.2406052032861721,train,0
s05,73,1.0669271787636156,train,0
s05,74,0.70233873156554649,train,0
s05,75,1.1553593523237629,train,0
s05,76,1.2784050236758,train,0
s05,77,1.4054887837951653,train,0
s05,78,1.4924554938635974,train,0
s05,79,1.548081141989994,train,0
s05,80,1.9623660484200403,train,0
s05,81,1.8458082523624051,train,0
s05,82,1.9162103293910653,train,0
s05,83,1.5517024438352414,train,0
s05,84,1.3167497728345081,train,0
s05,85,1.4009247781162446,train,0
s05,86,1.7260132587082266,train,0
s05,87,1.8692755150550422,train,0
s05,88,1.991341062121559,train,0
s05,89,2.0543604965395637,train,0
s05,90,2.2718102291912139,train,0
s05,91,2.1192951995005962,train,0
s05,92,1.1399507558738933,train,0
s05,93,1.028321468165474,train,0
s05,94,1.0535383553355069,train,0
s05,95,1.080869766922083,train,0
s05,96,0.67319671468898112,train,0
s05,97,0.49582809833253355,train,0
s05,98,0.11972684705218473,train,0
s05,99,0.3401841464962877,train,0
s05,100,0.4466140084459278,train,0
s05,101,0.37487437974459814,train,0
s05,102,0.84844903229869673,train,0
s05,103,0.46569486623413359,train,0
s05,104,1.247069530554336,train,0
s05,105,1.775894782613622,train,0
s05,106,1.9252065880732141,train,0
s05,107,1.5696572325560036,train,0
s05,108,1.2360777072437605,train,0
s05,109,1.2745658566195666,train,0
s05,110,2.0936482647920656,train,0
s05,111,2.3622962791070954,train,0
s05,112,2.1534834695248382,train,0
s05,113,1.7914391117361983,train,0
s05,114,1.933832213770563,train,0
s05,115,1.8168318043348033,train,0
s05,116,2.3457630014874131,train,0
s05,117,2.5216420415429965,train,0
s05,118,2.2326842494434005,train,0
s05,119,1.8191348758344457,train,0
s05,120,1.4869682331142871,train,0
s05,121,1.8078756210223483,train,0
s05,122,1.686785046741591,train,0
s05,123,2.0673140500769511,train,0
s05,124,2.002223643363481,train,0
s05,125,2.2022583046264179,train,0
s05,126,1.8753104715743105,train,0
s05,127,2.2528410378075283,train,0
s05,128,2.277458484509312,train,0
s05,129,1.6984472774102066,train,0
s05,130,2.0014023194676507,train,0
s05,131,1.9300288707226616,train,0
s05,132,1.8759502195366502,train,0
s05,133,1.9022404588705613,train,0
s05,134,1.9106168658827298,train,0
s05,135,1.655981345594463,train,0
s05,136,1.8140023683567896,train,0
s05,137,1.9203670547237965,train,0
s05,138,1.5615707536835877,train,0
s05,139,1.733905728010108,train,0
s05,140,2.0841200077631488,train,0
s05,141,2.0611589448752574,train,0
s05,142,1.9786668601796404,train,0
s05,143,1.8098635201807791,train,0
s05,144,1.6272066653868504,train,0
s05,145,1.7000028836485845,train,0
s05,146,1.7160002588100047,train,0
s05,147,1.8393183355128706,train,0
s05,148,1.753791266493286,train,0
s05,149,1.9959249941260739,train,0
s05,150,1.7873857057565046,train,0
s05,151,1.6750977340374713,train,0
s05,152,2.0128050115736231,train,0
s05,153,1.9077951447580852,train,0
s05,154,2.0657332155404928,train,0
s05,155,2.2582902528009292,train,0
s05,156,2.0397612627421684,train,0
s05,157,2.3407707556888968,train,0
s05,158,2.5947682141768977,train,0
s05,159,3.190692296631525,train,0
s05,160,3.1902455174254829,train,0
s05,161,2.681087768575352,train,0
s05,162,2.5572747810708423,train,0
s05,163,2.6032962701494942,train,0
s05,164,2.3132116751303742,train,0
s05,165,2.2774482161514249,train,0
s05,166,2.2228782977385437,train,0
s05,167,1.9656826719439346,train,0
s05,168,1.8812470595991302,train,0
s05,169,1.4189901120810702,train,0
s05,170,1.5375097104496471,train,0
s05,171,1.629017212744873,train,0
s05,172,1.3615352661930811,train,0
s05,173,1.445548828339601,train,0
s05,174,1.4447652442931174,train,0
s05,175,1.9303293979279001,train,0
s05,176,1.6968140869009314,train,0
s05,177,1.2113565662397534,train,0
s05,178,1.629860567932176,train,0
s05,179,1.7469177309120871,train,0
s05,180,1.2152190300077004,train,0
s05,181,1.148999746277936,train,0
s05,182,0.9653891420663856,train,0
s05,183,1.1882454152160011,train,0
s05,184,0.925792137765726,train,0
s05,185,1.2118019428742377,train,0
s05,186,1.6347724935850634,train,0
s05,187,1.9283223006651387,train,0
s05,188,1.857853240247858,train,0
s05,189,2.1879285978010148,train,0
s05,190,1.5640227449276929,train,0
s05,191,1.3347183091189274,train,0
s05,192,1.4780312406980247,train,0
s05,193,1.3109998116939963,train,0
s05,194,1.388779662208927,train,0
s05,195,1.1408179532775091,train,0
s05,196,1.1658015929837517,train,0
s05,197,0.89551544402138117,train,0
s05,198,1.1315569826708947,train,0
s05,199,0.98211601275152538,train,0
s05,200,0.85910009631530548,calibration,0
s05,201,1.1723654361605971,calibration,0
s05,202,0.48181042838224131,calibration,0
s05,203,0.75555061113847577,calibration,0
s05,204,1.0645604592268347,calibration,0
s05,205,0.990340195178944,calibration,0
s05,206,1.0853302948422077,calibration,0
s05,207,1.1772686460278852,calibration,0
s05,208,1.3799566719170078,calibration,0
s05,209,1.8761321612262143,calibration,0
s05,210,1.9159499719194186,calibration,0
s05,211,2.2180658088224599,calibration,0
s05,212,2.0608635725329809,calibration,0
s05,213,1.6968425244737038,calibration,0
s05,214,1.6576023509744493,calibration,0
s05,215,1.3870801260306522,calibration,0
s05,216,1.5646077993844782,calibration,0
s05,217,1.3700643695766113,calibration,0
s05,218,1.3733539139158615,calibration,0
s05,219,1.7767786675859363,calibration,0
s05,220,1.3246806289788846,calibration,0
s05,221,1.7290993683260067,calibration,0
s05,222,1.3659007433097201,calibration,0
s05,223,1.2998495569837505,calibration,0
s05,224,1.1372444300065081,calibration,0
s05,225,1.0331092270115616,calibration,0
s05,226,1.2730014327817651,calibration,0
s05,227,1.6854651946697297,calibration,0
s05,228,2.0088100345778717,calibration,0
s05,229,1.7875908350952816,calibration,0
s05,230,1.6121515109028195,calibration,0
s05,231,1.882800746577854,calibration,0
s05,232,2.2264949789585611,calibration,0
s05,233,2.2760676356633844,calibration,0
s05,234,2.3571550603001596,calibration,0
s05,235,1.9074875368668678,calibration,0
s05,236,2.1216899196158576,calibration,0
s05,237,1.8156255791013405,calibration,0
s05,238,2.1043280477455593,calibration,0
s05,239,1.9093217989137909,calibration,0
s05,240,1.462227585530079,calibration,0
s05,241,1.7908119468020116,calibration,0
s05,242,1.8440492870723169,calibration,0
s05,243,2.1062579620124406,calibration,0
s05,244,1.8386529784355894,calibration,0
s05,245,2.052893738497314,calibration,0
s05,246,2.292477773610639,calibration,0
s05,247,1.8993327532363484,calibration,0
s05,248,1.9477920471037891,calibration,0
s05,249,1.4090136167659493,calibration,0
s05,250,2.2426015487058266,calibration,0
s05,251,2.0938054714763048,calibration,0
s05,252,1.8205560596326023,calibration,0
s05,253,1.9804974884899182,calibration,0
s05,254,1.8529550925312104,calibration,0
s05,255,1.7481942740733041,calibration,0
s05,256,1.8851064433015217,calibration,0
s05,257,1.8693018051464303,calibration,0
s05,258,1.7613515107764661,calibration,0
s05,259,1.7232931482199718,calibration,0
s05,260,1.8303581371375828,calibration,0
s05,261,1.8270997872791044,calibration,0
s05,262,1.4463010185430165,calibration,0
s05,263,1.9523156745497077,calibration,0
s05,264,1.9314118088192174,calibration,0
s05,265,1.6916931431757933,calibration,0
s05,266,1.4627016108157416,calibration,0
s05,267,1.6759696232860037,calibration,0
s05,268,1.3312632271499889,calibration,0
s05,269,1.4123271534487352,calibration,0
s05,270,1.229953171296964,calibration,0
s05,271,1.1623352659231461,calibration,0
s05,272,0.8782994315506516,calibration,0
s05,273,0.83302623675721976,calibration,0
s05,274,0.74204373602379081,calibration,0
s05,275,1.0494102729743546,calibration,0
s05,276,0.90109870561991312,calibration,0
s05,277,1.0399994897634215,calibration,0
s05,278,0.76316598451594508,calibration,0
s05,279,1.0096865149610958,calibration,0
s05,280,1.1506840283673703,calibration,0
s05,281,1.3822294188182251,calibration,0
s05,282,1.7410779083208727,calibration,0
s05,283,1.1947623200555442,calibration,0
s05,284,1.3207539804879445,calibration,0
s05,285,1.4331596906519533,calibration,0
s05,286,1.2976312646906862,calibration,0
s05,287,1.9270478999876213,calibration,0
s05,288,1.6112726659904517,calibration,0
s05,289,1.9084250392564246,calibration,0
s05,290,1.8124735989176053,calibration,0
s05,291,2.2990555272551774,calibration,0
s05,292,2.2177357760826757,calibration,0
s05,293,1.9161704352224165,calibration,0
s05,294,1.5122499477802056,calibration,0
s05,295,1.3318842118764567,calibration,0
s05,296,1.7699598532481324,calibration,0
s05,297,1.8302581799781654,calibration,0
s05,298,2.4326819841536063,calibration,0
s05,299,2.8064620490161083,calibration,0
s05,300,2.1122379289128421,calibration,0
s05,301,2.2011798174988759,calibration,0
s05,302,1.6600628051717765,calibration,0
s05,303,1.1637511684432258,calibration,0
s05,304,1.4311735742000264,calibration,0
s05,305,1.4975159323258147,calibration,0
s05,306,1.7617927102639577,calibration,0
s05,307,2.2910845718011013,calibration,0
s05,308,2.3246555054976343,calibration,0
s05,309,1.9113520385500589,calibration,0
s05,310,2.215512188082549,calibration,0
s05,311,2.1105786576048056,calibration,0
s05,312,1.9842876037834574,calibration,0
s05,313,2.1760329911796203,calibration,0
s05,314,1.6847628093570366,calibration,0
s05,315,1.1746984394903288,calibration,0
s05,316,1.0819817428561727,calibration,0
s05,317,1.2750101611430369,calibration,0
s05,318,1.7932604043748002,calibration,0
s05,319,1.7102506453275459,calibration,0
s05,320,1.5275915968700213,calibration,0
s05,321,1.4225911209696771,calibration,0
s05,322,1.7339006406878781,calibration,0
s05,323,1.0556421039311514,calibration,0
s05,324,1.2249261615331615,calibration,0
s05,325,1.4022060061469932,calibration,0
s05,326,1.7568731166615594,calibration,0
s05,327,0.93113867696699926,calibration,0
s05,328,1.0011306828486053,calibration,0
s05,329,1.0724339142645614,calibration,0
s05,330,0.82963837058200718,calibration,0
s05,331,0.7912441004398465,calibration,0
s05,332,0.29861231830736457,calibration,0
s05,333,0.38916007840491063,calibration,0
s05,334,0.60275849361473777,calibration,0
s05,335,1.008027956849874,calibration,0
s05,336,0.82692559993050674,calibration,0
s05,337,1.1804806794845779,calibration,0
s05,338,1.2476092861072197,calibration,0
s05,339,1.8081774278856202,calibration,0
s05,340,1.8001651648110892,calibration,0
s05,341,1.737397435992394,calibration,0
s05,342,1.4068894897275588,calibration,0
s05,343,1.2963066882548546,calibration,0
s05,344,0.97689806215460995,calibration,0
s05,345,0.55114738165328736,calibration,0
s05,346,0.74351385365018763,calibration,0
s05,347,1.0576824337379827,calibration,0
s05,348,1.6255534198704749,calibration,0
s05,349,2.1432002440481646,calibration,0
s05,350,1.751634628655764,test,0
s05,351,2.0629101835554984,test,0
s05,352,2.0555436022488975,test,0
s05,353,1.9841409756918804,test,0
s05,354,2.1330368765293137,test,0
s05,355,2.2485933507558857,test,0
s05,356,1.8603311930334829,test,0
s05,357,2.1456347426015672,test,0
s05,358,2.3794340512908896,test,0
s05,359,2.5563454424830203,test,0
s05,360,2.4275159622772184,test,0
s05,361,2.1529061323247944,test,0
s05,362,2.0702490267393605,test,0
s05,363,1.8752641205895262,test,0
s05,364,1.6200139251684347,test,0
s05,365,1.4649183154656673,test,0
s05,366,1.3783950171267811,test,0
s05,367,1.2810305766411971,test,0
s05,368,1.2276695508285962,test,0
s05,369,1.2516960757861988,test,0
s05,370,1.0779207633750596,test,0
s05,371,1.3015220181746276,test,0
s05,372,1.1479372033465716,test,0
s05,373,1.0612753920233575,test,0
s05,374,1.4347735218665154,test,0
s05,375,1.3376209271112125,test,0
s05,376,1.695280292066651,test,0
s05,377,1.5098156582479749,test,0
s05,378,1.4555937101378726,test,0
s05,379,1.0771827458432099,test,0
s05,380,1.6025967876575853,test,0
s05,381,1.6270630804219894,test,0
s05,382,1.5450075322524501,test,0
s05,383,1.26345174639353,test,0
s05,384,1.3750283634018028,test,0
s05,385,1.5240466782623834,test,0
s05,386,1.3783146708009932,test,0
s05,387,1.7118964996391806,test,0
s05,388,1.2391732246569536,test,0
s05,389,1.4088852883244325,test,0
s05,390,1.971269003879117,test,0
s05,391,1.7987783508985338,test,0
s05,392,1.6504312549636504,test,0
s05,393,2.0086628969063587,test,0
s05,394,1.1576724325100654,test,0
s05,395,1.7485997021063029,test,0
s05,396,1.9959613556243854,test,0
s05,397,1.5488219110969155,test,0
s05,398,1.940779618692049,test,0
s05,399,1.730714031307732,test,0
s05,400,1.9704950954880613,test,0
s05,401,1.7450030726622632,test,0
s05,402,1.4273847349270663,test,0
s05,403,1.5214525515262707,test,0
s05,404,1.2721543516101506,test,0
s05,405,1.3783220554819533,test,0
s05,406,1.4569031838938493,test,0
s05,407,1.6517120822442286,test,0
s05,408,1.283641192988485,test,0
s05,409,1.4418983476619529,test,0
s05,410,2.0344264553989948,test,0
s05,411,2.3168638845597513,test,0
s05,412,2.1921123283016115,test,0
s05,413,1.8276801255801296,test,0
s05,414,1.3998736261394458,test,0
s05,415,1.2705149903901913,test,0
s05,416,1.2191382616006103,test,0
s05,417,1.4089485720122992,test,0
s05,418,2.0415523652969587,test,0
s05,419,1.8260898346153549,test,0
s05,420,2.149447030105609,test,0
s05,421,1.8841060328828456,test,0
s05,422,1.3006554862018831,test,0
s05,423,1.1706717133786917,test,0
s05,424,1.4193321515814166,test,0
s05,425,1.7528486095781559,test,0
s05,426,2.0082391061212497,test,0
s05,427,1.425735476634854,test,0
s05,428,1.8180840053359835,test,0
s05,429,2.443938608398879,test,0
s05,430,2.6280318753887286,test,0
s05,431,2.5066250649402924,test,0
s05,432,2.582743177223648,test,0
s05,433,2.2958573813461509,test,0
s05,434,2.0963337814711647,test,0
s05,435,2.163284468277062,test,0
s05,436,1.8162091726987082,test,0
s05,437,1.5377556765740794,test,0
s05,438,1.3980992583042686,test,0
s05,439,1.2211068158731937,test,0
s05,440,1.7455981665681071,test,0
s05,441,1.9910724770569248,test,0
s05,442,1.4052678556001397,test,0
s05,443,1.2366480983004804,test,0
s05,444,0.9162724854860218,test,0
s05,445,0.97452670682270359,test,0
s05,446,1.2090358393433378,test,0
s05,447,1.5453803962506441,test,0
s05,448,1.6738379483618164,test,0
s05,449,1.5102288561819226,test,0
s05,450,1.3056104910273574,test,0
s05,451,1.1621747116146883,test,0
s05,452,1.4987331765619005,test,0
s05,453,0.78841690787809771,test,0
s05,454,0.50129409423763016,test,0
s05,455,1.1152155783224473,test,0
s05,456,1.0745168267168981,test,0
s05,457,1.3140555114958983,test,0
s05,458,1.9058338098822438,test,0
s05,459,2.1853555343819702,test,0
s05,460,1.8682082079733391,test,0
s05,461,1.340999022056971,test,0
s05,462,1.3392548674457552,test,0
s05,463,1.6440668732811885,test,0
s05,464,2.0149419658272674,test,0
s05,465,1.7117535615651138,test,0
s05,466,2.5578610403809416,test,0
s05,467,2.2670373584504069,test,0
s05,468,2.0397231238426077,test,0
s05,469,1.9693029917536475,test,0
s05,470,2.0222012405002827,test,0
s05,471,2.1085242896746048,test,0
s05,472,2.1652292978361385,test,0
s05,473,1.8846532271032237,test,0
s05,474,1.9013875772506399,test,0
s05,475,2.2272374485658473,test,0
s05,476,2.0782034807839032,test,0
s05,477,1.8737764912734214,test,0
s05,478,2.3429689349099552,test,0
s05,479,2.5499596647558511,test,0
s05,480,2.8115579373952975,test,0
s05,481,2.304515692130757,test,0
s05,482,1.5523846170206173,test,0
s05,483,1.2274682212633643,test,0
s05,484,1.458632382674131,test,0
s05,485,1.5673426266592447,test,0
s05,486,1.5204157313220086,test,0
s05,487,1.635640122506602,test,0
s05,488,1.3795875704203311,test,0
s05,489,1.3044749388638579,test,0
s05,490,1.3893565119782303,test,0
s05,491,1.4283461524828589,test,0
s05,492,1.3727140699120819,test,0
s05,493,1.8414629330697039,test,0
s05,494,1.6597893238728108,test,0
s05,495,1.670567606541308,test,0
s05,496,1.9001059711248103,test,0
s05,497,1.9409461259598682,test,0
s05,498,1.8025746149580888,test,0
s05,499,1.5437673090762956,test,0
s05,500,0.92044839202719297,test,0
s05,501,0.70631277111504664,test,0
s05,502,0.63414336327310572,test,0
s05,503,0.83684797359047014,test,0
s05,504,1.0594445345667522,test,0
s05,505,1.2362157594989629,test,0
s05,506,1.3977321702353322,test,0
s05,507,1.7622727986529314,test,0
s05,508,1.5120423609631435,test,0
s05,509,1.5499209863234713,test,0
s05,510,1.7600281918212979,test,0
s05,511,1.7497690573115625,test,0
s05,512,1.995746466007831,test,0
s05,513,1.697279284724043,test,0
s05,514,1.7337567060919916,test,0
s05,515,1.3975237242321206,test,0
s05,516,1.6007933783074839,test,0
s05,517,2.1492451399235453,test,0
s05,518,2.0544583008351158,test,0
s05,519,1.8618850766003932,test,0
s05,520,1.7215278800909666,test,0
s05,521,2.135024920203759,test,0
s05,522,2.0479058906932543,test,0
s05,523,2.2074413897132463,test,0
s05,524,1.6312236580988946,test,0
s05,525,1.2592742092264926,test,0
s05,526,1.3176642042176352,test,0
s05,527,0.6902714696868123,test,0
s05,528,1.1699826757578655,test,0
s05,529,1.2310528947290293,test,0
s05,530,1.2128952574706684,test,0
s05,531,1.7281886536185938,test,0
s05,532,1.2499753891343828,test,0
s05,533,1.4872803129427319,test,0
s05,534,1.4132003748367419,test,0
s05,535,1.3202989884938285,test,0
s05,536,1.2790812704698626,test,0
s05,537,0.7717733029192495,test,0
s05,538,1.0352333310034962,test,0
s05,539,1.1677779112998712,test,0
s05,540,1.2581878845733394,test,0
s05,541,0.95756286986199757,test,0
s05,542,1.0145542685338704,test,0
s05,543,1.3814141124636745,test,0
s05,544,1.1286403445751494,test,0
s05,545,1.5281793322257125,test,0
s05,546,1.6282917038266569,test,0
s05,547,1.5902429727455956,test,0
s05,548,1.6017084702712969,test,0
s05,549,1.7157009497868883,test,0
s05,550,1.6069000010617067,test,0
s05,551,1.7959163933545184,test,0
s05,552,2.2312021006604912,test,0
s05,553,1.9878839949665674,test,0
s05,554,1.8583505192696328,test,0
s05,555,2.0171179289296219,test,0
s05,556,2.4770697714793299,test,0
s05,557,2.4749681076669932,test,0
s05,558,2.3927638984242803,test,0
s05,559,2.4070304676582146,test,0
s05,560,2.543426934042373,test,0
s05,561,2.5129167499267524,test,0
s05,562,2.0470045321967025,test,0
s05,563,1.7445324199570076,test,0
s05,564,1.8151014338664044,test,0
s05,565,1.7698867515829573,test,0
s05,566,2.4974863002422754,test,0
s05,567,2.4645511330519123,test,0
s05,568,2.2162001327480869,test,0
s05,569,2.0755271457604949,test,0
s05,570,2.0665759270854269,test,0
s05,571,2.1337042908387809,test,0
s05,572,1.8366813692143622,test,0
s05,573,2.332955695786961,test,0
s05,574,2.1614841120977375,test,0
s05,575,1.8099152804374781,test,0
s05,576,1.6818755179397087,test,0
s05,577,1.8222299774876638,test,0
s05,578,1.8110797462680737,test,0
s05,579,1.8240047876775711,test,0
s05,580,2.3276343042378986,test,0
s05,581,2.0317324604260194,test,0
s05,582,1.8728387386173913,test,0
s05,583,2.1631509999394769,test,0
s05,584,1.9838742875690301,test,0
s05,585,2.0335465351771367,test,0
s05,586,1.9373084196287738,test,0
s05,587,1.774920377325641,test,0
s05,588,1.9957224354935044,test,0
s05,589,1.5088072141898903,test,0
s05,590,1.9229209726495964,test,0
s05,591,2.09723880818526,test,0
s05,592,1.9153491844061612,test,0
s05,593,2.1512602857436081,test,0
s05,594,1.3189956997969943,test,0
s05,595,1.3925021113872891,test,0
s05,596,1.6149169484149861,test,0
s05,597,1.9629913878139735,test,0
s05,598,1.5941007365956603,test,0
s05,599,0.92633000375450425,test,0
s06,0,0.28343290716143643,train,0
s06,1,0.10948806493551638,train,0
s06,2,-0.10642190363562481,train,0
s06,3,0.02181383761379263,train,0
s06,4,0.043365605775893878,train,0
s06,5,0.23756075628460452,train,0
s06,6,0.17111290735056023,train,0
s06,7,0.083931682934692886,train,0
s06,8,0.47435653099850822,train,0
s06,9,0.93799690399226121,train,0
s06,10,1.2940038427024156,train,0
s06,11,1.4251182447045421,train,0
s06,12,1.6506467653200751,train,0
s06,13,1.7714622855722693,train,0
s06,14,1.3908625539800337,train,0
s06,15,0.87924806199500305,train,0
s06,16,0.76146539968967475,train,0
s06,17,1.2039334990463038,train,0
s06,18,1.3851163733138709,train,0
s06,19,1.3941654632110603,train,0
s06,20,1.8992544627714634,train,0
s06,21,2.1131614923408328,train,0
s06,22,2.5607681848668404,train,0
s06,23,1.7167409814537531,train,0
s06,24,1.2208994735873984,train,0
s06,25,0.82612320039029319,train,0
s06,26,1.129622784036862,train,0
s06,27,1.6428428262340868,train,0
s06,28,2.1083268698649333,train,0
s06,29,1.7395731930582661,train,0
s06,30,2.0644651268121881,train,0
s06,31,2.0106247683322853,train,0
s06,32,1.8725438907995724,train,0
s06,33,1.6750507843059221,train,0
s06,34,1.0738963819071412,train,0
s06,35,0.38152918607768682,train,0
s06,36,0.071052006968857051,train,0
s06,37,-0.3462832865038652,train,0
s06,38,0.16928870268727339,train,0
s06,39,0.7365607093532931,train,0
s06,40,0.98526953237278536,train,0
s06,41,1.5160542543904534,train,0
s06,42,1.5759647586176668,train,0
s06,43,1.4592882706138148,train,0
s06,44,2.0266429546219591,train,0
s06,45,2.650649030702366,train,0
s06,46,2.4654850843874083,train,0
s06,47,2.6475849257077346,train,0
s06,48,2.4203754813653195,train,0
s06,49,2.4004816946608099,train,0
s06,50,2.2439390020766479,train,0
s06,51,2.0293421592771441,train,0
s06,52,1.8424026522166914,train,0
s06,53,2.104044915764343,train,0
s06,54,2.4389436052485145,train,0
s06,55,2.1385494848816196,train,0
s06,56,2.5943778546242982,train,0
s06,57,2.8773451802458112,train,0
s06,58,2.5866419874472926,train,0
s06,59,2.5992046589500264,train,0
s06,60,2.2594770640791269,train,0
s06,61,2.0871275656454364,train,0
s06,62,2.0201486319821389,train,0
s06,63,2.0280190302632173,train,0
s06,64,1.5823909051085803,train,0
s06,65,1.7663057517330594,train,0
s06,66,1.970702442075662,train,0
s06,67,1.9514763843919753,train,0
s06,68,1.8404077797735359,train,0
s06,69,1.9793913452138328,train,0
s06,70,1.9473484364251885,train,0
s06,71,2.2681601401382507,train,0
s06,72,2.0656277458004237,train,0
s06,73,2.0645386113740609,train,0
s06,74,2.4115005718404103,train,0
s06,75,2.4067235001297846,train,0
s06,76,2.9209897602272834,train,0
s06,77,2.1231012254168031,train,0
s06,78,2.366939469219532,train,0
s06,79,2.242614183239962,train,0
s06,80,2.1609621261229797,train,0
s06,81,1.8802685742226142,train,0
s06,82,1.6580916237005316,train,0
s06,83,1.7563218625251931,train,0
s06,84,1.7601469221460624,train,0
s06,85,1.7794864958246752,train,0
s06,86,1.7439274016117743,train,0
s06,87,1.8989146414626359,train,0
s06,88,1.8041313552700795,train,0
s06,89,1.8197738902518095,train,0
s06,90,1.5608619038278484,train,0
s06,91,1.4225268544650473,train,0
s06,92,1.2375123440133626,train,0
s06,93,1.2613125158407359,train,0
s06,94,0.92592795151693297,train,0
s06,95,1.2187863987179044,train,0
s06,96,1.5367407834306415,train,0
s06,97,1.2075178600567766,train,0
s06,98,0.46120184172634637,train,0
s06,99,0.91841680254288582,train,0
s06,100,1.0855763431289471,train,0
s06,101,1.5172106572435942,train,0
s06,102,1.591661898113607,train,0
s06,103,1.861330636940556,train,0
s06,104,1.5186418211734289,train,0
s06,105,1.2484350813346423,train,0
s06,106,1.3947042439824966,train,0
s06,107,1.413609893069748,train,0
s06,108,1.5879673704704151,train,0
s06,109,1.975133043185398,train,0
s06,110,1.6975274245853231,train,0
s06,111,1.3447045656765002,train,0
s06,112,1.4118376113936679,train,0
s06,113,2.1293045743114511,train,0
s06,114,2.1608884844256697,train,0
s06,115,2.4236333117976026,train,0
s06,116,1.8392961093565385,train,0
s06,117,2.1540628771058845,train,0
s06,118,1.8520167658279361,train,0
s06,119,1.7197898623254042,train,0
s06,120,1.5709219367894942,train,0
s06,121,1.4718236566010223,train,0
s06,122,1.3374824916077281,train,0
s06,123,1.1477557526323026,train,0
s06,124,1.089491665108465,train,0
s06,125,1.0197186018876494,train,0
s06,126,1.1985546583367468,train,0
s06,127,1.18294146291181,train,0
s06,128,1.218320107697455,train,0
s06,129,1.4375017679640738,train,0
s06,130,1.5583105323505035,train,0
s06,131,1.559621519567439,train,0
s06,132,2.2337761676691037,train,0
s06,133,2.4687642147382225,train,0
s06,134,2.6229996876629573,train,0
s06,135,2.4158332017272244,train,0
s06,136,2.4799827753499288,train,0
s06,137,2.2481897684428196,train,0
s06,138,2.0480392517098593,train,0
s06,139,2.4559600647427433,train,0
s06,140,1.768491533550796,train,0
s06,141,1.2725644112575172,train,0
s06,142,1.4567261445936701,train,0
s06,143,1.7078735802643981,train,0
s06,144,1.2830048694712224,train,0
s06,145,1.5493301309840786,train,0
s06,146,2.0213902140941999,train,0
s06,147,1.8689363025129579,train,0
s06,148,1.9626985786049005,train,0
s06,149,2.0113501005088223,train,0
s06,150,1.6295504275620964,train,0
s06,151,1.965303839394009,train,0
s06,152,2.4630123362048213,train,0
s06,153,2.1793435127974718,train,0
s06,154,1.8949225296784789,train,0
s06,155,2.0086475525090295,train,0
s06,156,2.1818118670411475,train,0
s06,157,1.9891386538081,train,0
s06,158,1.7352051307001295,train,0
s06,159,1.7127760761038529,train,0
s06,160,2.064266729364256,train,0
s06,161,1.5198171347840637,train,0
s06,162,1.9841484447741071,train,0
s06,163,2.2464284426029515,train,0
s06,164,1.7707949189830197,train,0
s06,165,1.299011888095462,train,0
s06,166,1.5650939869304865,train,0
s06,167,1.6934562050270798,train,0
s06,168,1.2409747250200893,train,0
s06,169,1.1238830733523888,train,0
s06,170,1.4107582520795914,train,0
s06,171,1.635194121731536,train,0
s06,172,1.4649213156195429,train,0
s06,173,2.1777769590790323,train,0
s06,174,1.8233204753399817,train,0
s06,175,1.5540016165033195,train,0
s06,176,1.7075662247830232,train,0
s06,177,1.9335889958465806,train,0
s06,178,1.9558498762879788,train,0
s06,179,1.2517193077059408,train,0
s06,180,1.5231777080457249,train,0
s06,181,1.7652670583781862,train,0
s06,182,1.473222102978647,train,0
s06,183,1.3504280504155317,train,0
s06,184,1.8008750763293526,train,0
s06,185,1.6254771473894749,train,0
s06,186,1.7271958128282885,train,0
s06,187,1.721627290123205,train,0
s06,188,2.0437646859122434,train,0
s06,189,2.7304330162066717,train,0
s06,190,2.365246515851037,train,0
s06,191,1.8991276972311257,train,0
s06,192,1.87511050634281,train,0
s06,193,1.9941610193429393,train,0
s06,194,2.2172692153950884,train,0
s06,195,2.0658654889874524,train,0
s06,196,2.3095827394580506,train,0
s06,197,2.1345311320611335,train,0
s06,198,1.8031273534293391,train,0
s06,199,1.5539789711876677,train,0
s06,200,0.89007817328220085,calibration,0
s06,201,1.274733191408687,calibration,0
s06,202,1.320696446183578,calibration,0
s06,203,1.1815323093746664,calibration,0
s06,204,1.2491370938022366,calibration,0
s06,205,1.8999836748416685,calibration,0
s06,206,2.0067469197230139,calibration,0
s06,207,1.6343131277611476,calibration,0
s06,208,1.4586209203152793,calibration,0
s06,209,1.2198038717539301,calibration,0
s06,210,1.8491577125939469,calibration,0
s06,211,1.5949829446384582,calibration,0
s06,212,1.744953237140503,calibration,0
s06,213,1.9841389561593621,calibration,0
s06,214,1.7765469488184504,calibration,0
s06,215,1.8179860411801858,calibration,0
s06,216,2.1217048578985236,calibration,0
s06,217,1.6924068115806135,calibration,0
s06,218,1.1934237434175634,calibration,0
s06,219,1.5508166140338173,calibration,0
s06,220,1.5753018561463665,calibration,0
s06,221,1.615867555337805,calibration,0
s06,222,1.2030669604461257,calibration,0
s06,223,1.7491595735283143,calibration,0
s06,224,1.4048806554291466,calibration,0
s06,225,0.95636432363403068,calibration,0
s06,226,0.82318798740280297,calibration,0
s06,227,1.0644989959707116,calibration,0
s06,228,1.9537079599819367,calibration,0
s06,229,1.3083994902301317,calibration,0
s06,230,1.8135053862697352,calibration,0
s06,231,1.6118685780256743,calibration,0
s06,232,1.6647155548598218,calibration,0
s06,233,1.6839185079186094,calibration,0
s06,234,1.8928564956259193,calibration,0
s06,235,2.178327545932464,calibration,0
s06,236,2.2682137038011185,calibration,0
s06,237,2.1879741594131001,calibration,0
s06,238,2.3063920374946356,calibration,0
s06,239,1.9799149289958176,calibration,0
s06,240,1.9808066111102438,calibration,0
s06,241,1.5532042509415311,calibration,0
s06,242,1.6206206944272428,calibration,0
s06,243,1.9989686234859969,calibration,0
s06,244,2.1362104965710165,calibration,0
s06,245,1.6522041489551331,calibration,0
s06,246,1.5062683978103433,calibration,0
s06,247,1.8712018770235721,calibration,0
s06,248,1.8735818332505463,calibration,0
s06,249,1.7103392969716644,calibration,0
s06,250,1.8138188557603552,calibration,0
s06,251,1.9781276831675572,calibration,0
s06,252,2.2111455464737815,calibration,0
s06,253,2.1625075257480262,calibration,0
s06,254,1.817460573559738,calibration,0
s06,255,2.1291962479172843,calibration,0
s06,256,1.8826869334615033,calibration,0
s06,257,2.4427562444573936,calibration,0
s06,258,1.841491992505027,calibration,0
s06,259,1.7775203690882544,calibration,0
s06,260,1.7328260619561142,calibration,0
s06,261,1.533808263287709,calibration,0
s06,262,1.8446796232758622,calibration,0
s06,263,1.780773102038955,calibration,0
s06,264,1.2590553606366153,calibration,0
s06,265,1.3070796060867824,calibration,0
s06,266,1.3810051137339572,calibration,0
s06,267,1.5812594144909899,calibration,0
s06,268,1.3346478266147834,calibration,0
s06,269,1.3885886640335874,calibration,0
s06,270,1.2911318798988747,calibration,0
s06,271,1.4180864777970228,calibration,0
s06,272,1.1816484667843707,calibration,0
s06,273,1.2013617634279976,calibration,0
s06,274,1.4081437254919069,calibration,0
s06,275,1.4847589549899667,calibration,0
s06,276,1.2344476880821906,calibration,0
s06,277,0.77498841889784964,calibration,0
s06,278,0.74285311119184627,calibration,0
s06,279,0.74770253451306079,calibration,0
s06,280,1.0714174548961044,calibration,0
s06,281,1.360738527427805,calibration,0
s06,282,1.4117835222625081,calibration,0
s06,283,0.99048566817813888,calibration,0
s06,284,0.58033457461487126,calibration,0
s06,285,0.32066609024001069,calibration,0
s06,286,0.17267333397620088,calibration,0
s06,287,-0.08913250208092427,calibration,0
s06,288,0.57647931494765625,calibration,0
s06,289,0.78042147029969555,calibration,0
s06,290,1.0286477918238515,calibration,0
s06,291,0.97168210621491125,calibration,0
s06,292,1.1303947327740866,calibration,0
s06,293,1.6736292640910875,calibration,0
s06,294,1.6108238664146128,calibration,0
s06,295,1.6000066188124633,calibration,0
s06,296,1.6777311772151897,calibration,0
s06,297,2.0000153326836441,calibration,0
s06,298,1.9521334710840172,calibration,0
s06,299,1.8717954127416945,calibration,0
s06,300,1.5777714220080274,calibration,0
s06,301,1.2761009992601557,calibration,0
s06,302,1.1508909899985107,calibration,0
s06,303,0.93959194517056466,calibration,0
s06,304,1.159575326828937,calibration,0
s06,305,1.0597801495569568,calibration,0
s06,306,1.5512729044914071,calibration,0
s06,307,1.8644313478852905,calibration,0
s06,308,1.6744604220476282,calibration,0
s06,309,1.774447521082664,calibration,0
s06,310,1.7849268526197013,calibration,0
s06,311,1.6155823668418645,calibration,0
s06,312,1.6210458874117759,calibration,0
s06,313,1.6684096114857359,calibration,0
s06,314,1.5867769148199833,calibration,0
s06,315,1.1237892593638992,calibration,0
s06,316,0.69108797470482364,calibration,0
s06,317,0.76905534356275418,calibration,0
s06,318,1.1528181427667819,calibration,0
s06,319,0.8096621312610891,calibration,0
s06,320,0.75623257759686513,calibration,0
s06,321,0.8858845860951351,calibration,0
s06,322,1.0714437984491592,calibration,0
s06,323,0.94522107864676086,calibration,0
s06,324,0.63782026837338801,calibration,0
s06,325,1.0753708355228941,calibration,0
s06,326,1.0202440787850733,calibration,0
s06,327,1.2507625743869104,calibration,0
s06,328,1.2291131335011138,calibration,0
s06,329,1.4342391612154806,calibration,0
s06,330,1.5983663118847009,calibration,0
s06,331,1.8375033103127367,calibration,0
s06,332,1.6432768858060598,calibration,0
s06,333,1.9415491776157603,calibration,0
s06,334,1.372908863893584,calibration,0
s06,335,2.1003420425987778,calibration,0
s06,336,1.8696764167575768,calibration,0
s06,337,1.4414140061395984,calibration,0
s06,338,1.1430040885057782,calibration,0
s06,339,1.0103520346002663,calibration,0
s06,340,0.97932958561171157,calibration,0
s06,341,1.0373690156153945,calibration,0
s06,342,0.70684308040252319,calibration,0
s06,343,1.3058733915224792,calibration,0
s06,344,1.7994219381109919,calibration,0
s06,345,1.686133526504388,calibration,0
s06,346,1.960043940105197,calibration,0
s06,347,2.2564527533691328,calibration,0
s06,348,2.3836398500388709,calibration,0
s06,349,1.986042130806184,calibration,0
s06,350,2.2333270712424449,test,0
s06,351,2.0105996891329845,test,0
s06,352,1.9425954272420769,test,0
s06,353,1.993751760603897,test,0
s06,354,2.1241113889681098,test,0
s06,355,2.278169362639507,test,0
s06,356,2.6721186455441091,test,0
s06,357,2.6137339063053937,test,0
s06,358,2.5579226035910314,test,0
s06,359,2.3294778138237566,test,0
s06,360,2.1524184965495974,test,0
s06,361,2.2225206157754269,test,0
s06,362,2.2567716679502405,test,0
s06,363,2.3939814870695586,test,0
s06,364,2.4328395308755355,test,0
s06,365,2.3961377974517686,test,0
s06,366,2.393346410769591,test,0
s06,367,1.7014150759610971,test,0
s06,368,2.3469750491495982,test,0
s06,369,2.2785600268864896,test,0
s06,370,2.2200946502448575,test,0
s06,371,2.2045149251321177,test,0
s06,372,1.7469323157532917,test,0
s06,373,1.682262975982868,test,0
s06,374,1.3501718119702315,test,0
s06,375,1.1574607800099976,test,0
s06,376,1.521150173739362,test,0
s06,377,1.2685288689936569,test,0
s06,378,1.4786893022993393,test,0
s06,379,1.3440705172255845,test,0
s06,380,1.6877949534954066,test,0
s06,381,1.9032253478323389,test,0
s06,382,1.4861841148157853,test,0
s06,383,1.7565245008903905,test,0
s06,384,1.9995328826564944,test,0
s06,385,1.7494690780287878,test,0
s06,386,1.5323257908127808,test,0
s06,387,1.3174236851823382,test,0
s06,388,1.3245878784645013,test,0
s06,389,1.3436174875317095,test,0
s06,390,1.2084353725986223,test,0
s06,391,1.4395764219088412,test,0
s06,392,0.72465116290289322,test,0
s06,393,0.77774941078846249,test,0
s06,394,1.143247624148551,test,0
s06,395,1.4711622308933872,test,0
s06,396,1.1762307855674656,test,0
s06,397,1.6513184145081874,test,0
s06,398,1.394531065775271,test,0
s06,399,1.2560273376568221,test,0
s06,400,1.8099958601268726,test,0
s06,401,1.9066731275670668,test,0
s06,402,2.0236613973559248,test,0
s06,403,2.0874463494900235,test,0
s06,404,1.7197685753095016,test,0
s06,405,1.6803316443518732,test,0
s06,406,1.8200020029581532,test,0
s06,407,2.213540524993594,test,0
s06,408,2.1858457601718326,test,0
s06,409,1.8586526582640164,test,0
s06,410,1.5084890454248843,test,0
s06,411,1.1485163312715727,test,0
s06,412,1.1767614713734718,test,0
s06,413,1.7665846374642142,test,0
s06,414,2.0964163813691776,test,0
s06,415,2.2226080801065411,test,0
s06,416,2.0845058409572865,test,0
s06,417,2.2540821204358661,test,0
s06,418,1.9426644053804711,test,0
s06,419,1.3961787577494649,test,0
s06,420,1.1966238232643645,test,0
s06,421,1.3914291642535228,test,0
s06,422,2.5230214009594754,test,0
s06,423,2.7793832383749888,test,0
s06,424,2.5764562284716939,test,0
s06,425,2.5394782576895127,test,0
s06,426,2.6845452196520885,test,0
s06,427,2.2498164880474101,test,0
s06,428,2.1371941412499265,test,0
s06,429,2.1709966317452882,test,0
s06,430,1.7966277926642904,test,0
s06,431,2.1729847426923641,test,0
s06,432,2.324836308333794,test,0
s06,433,2.4584103320977828,test,0
s06,434,2.0945687155186539,test,0
s06,435,2.0559991554879513,test,0
s06,436,2.2430270853700693,test,0
s06,437,1.9668627027992338,test,0
s06,438,1.8973630378737003,test,0
s06,439,2.2988525699027171,test,0
s06,440,2.2779595694054833,test,0
s06,441,2.0515703582456504,test,0
s06,442,2.4812923072371884,test,0
s06,443,2.2410902109303237,test,0
s06,444,2.2559984072663752,test,0
s06,445,2.4360997368128872,test,0
s06,446,1.5177790501986017,test,0
s06,447,1.4695884233386429,test,0
s06,448,1.2562010140562831,test,0
s06,449,1.3788630682255993,test,0
s06,450,1.3830445947453864,test,0
s06,451,1.5622980490249478,test,0
s06,452,1.6384643233961718,test,0
s06,453,2.0433903231146835,test,0
s06,454,1.8339984075272615,test,0
s06,455,1.3403260672491475,test,0
s06,456,1.1824134856158279,test,0
s06,457,1.2848914683217614,test,0
s06,458,1.6384766675378604,test,0
s06,459,1.8752212419764853,test,0
s06,460,1.8129921990698168,test,0
s06,461,2.1606082587651771,test,0
s06,462,1.8251335404433944,test,0
s06,463,1.8033100532418926,test,0
s06,464,1.7293461528826564,test,0
s06,465,1.3460070844701861,test,0
s06,466,1.4301690742069906,test,0
s06,467,1.4155903381951784,test,0
s06,468,1.1504514836603297,test,0
s06,469,1.4649466267400448,test,0
s06,470,1.2821245625795441,test,0
s06,471,2.0234275506028605,test,0
s06,472,2.6274136368849681,test,0
s06,473,2.706382811163432,test,0
s06,474,2.8496930258452262,test,0
s06,475,3.0042877499992251,test,0
s06,476,3.2371061793625024,test,0
s06,477,3.4910744156194951,test,0
s06,478,2.8784305644324926,test,0
s06,479,2.7615862558238007,test,0
s06,480,1.865881047231674,test,0
s06,481,1.6405957171674017,test,0
s06,482,1.2381897965351736,test,0
s06,483,0.84876535766434513,test,0
s06,484,0.76269285200131265,test,0
s06,485,0.8295825993488295,test,0
s06,486,1.5041750903925446,test,0
s06,487,1.4515198206160731,test,0
s06,488,1.1075688935128212,test,0
s06,489,1.2040749551973919,test,0
s06,490,0.87498394495746679,test,0
s06,491,0.67224364405066084,test,0
s06,492,0.6072187213884338,test,0
s06,493,1.4611449346974152,test,0
s06,494,0.78992022823536012,test,0
s06,495,0.84875101395446306,test,0
s06,496,0.96410424062951239,test,0
s06,497,1.3214676813688637,test,0
s06,498,1.1699953331521422,test,0
s06,499,0.90296715049705067,test,0
s06,500,1.1944382846693622,test,0
s06,501,1.3610596124934637,test,0
s06,502,1.4409596199635706,test,0
s06,503,1.5152422946651722,test,0
s06,504,1.2452338770217362,test,0
s06,505,1.2591382567086673,test,0
s06,506,1.4045855140723882,test,0
s06,507,1.3361613142568884,test,0
s06,508,1.4293394720678532,test,0
s06,509,1.8667443346164039,test,0
s06,510,2.0731226918378347,test,0
s06,511,1.7736967572055653,test,0
s06,512,1.5122983437117321,test,0
s06,513,1.8527206794303124,test,0
s06,514,1.5665503319799028,test,0
s06,515,1.8369788985973954,test,0
s06,516,1.5447374422040856,test,0
s06,517,1.7228624332270623,test,0
s06,518,1.6963454338203288,test,0
s06,519,2.0390230561353548,test,0
s06,520,2.0463812317163357,test,0
s06,521,2.198970910673836,test,0
s06,522,2.1976055549657065,test,0
s06,523,2.5828895854601113,test,0
s06,524,2.6672707480228834,test,0
s06,525,2.0891334868688221,test,0
s06,526,2.1922339663590833,test,0
s06,527,1.9884488145525667,test,0
s06,528,1.8721660280940062,test,0
s06,529,1.605695124269819,test,0
s06,530,1.4560478026160859,test,0
s06,531,1.5149894401897641,test,0
s06,532,1.6107350594232259,test,0
s06,533,1.7830381308113084,test,0
s06,534,2.2911502095994369,test,0
s06,535,2.5963851161099494,test,0
s06,536,2.3124662353591785,test,0
s06,537,2.1448743352472981,test,0
s06,538,2.0206696855940867,test,0
s06,539,1.2768426230637389,test,0
s06,540,1.5265932053775095,test,0
s06,541,1.6625446116250446,test,0
s06,542,1.5485805070523482,test,0
s06,543,1.6280849170306642,test,0
s06,544,1.6438513556533569,test,0
s06,545,1.7756875057470507,test,0
s06,546,1.7396345857354931,test,0
s06,547,1.9021087459417436,test,0
s06,548,1.8136473611237942,test,0
s06,549,1.8069223390796783,test,0
s06,550,1.5101051596299337,test,0
s06,551,2.1537276894988544,test,0
s06,552,1.7395073827289393,test,0
s06,553,1.4693381026862999,test,0
s06,554,1.820165176779732,test,0
s06,555,2.2740008216036971,test,0
s06,556,2.0846823178709148,test,0
s06,557,1.5506859694990029,test,0
s06,558,1.4357543790667167,test,0
s06,559,1.2933134952763696,test,0
s06,560,1.6845885613030402,test,0
s06,561,2.2659049379579246,test,0
s06,562,2.4912467159179053,test,0
s06,563,2.3103059204440073,test,0
s06,564,2.6732546947177358,test,0
s06,565,2.2448775425984717,test,0
s06,566,1.8557063631111328,test,0
s06,567,2.113776211051253,test,0
s06,568,1.9936078623972606,test,0
s06,569,1.79641642265541,test,0
s06,570,1.756785341562592,test,0
s06,571,1.5564900551521823,test,0
s06,572,1.6690747672371564,test,0
s06,573,1.3632655002093834,test,0
s06,574,1.200987454513174,test,0
s06,575,1.4463202809323519,test,0
s06,576,1.4753494439205939,test,0
s06,577,1.7025825936461965,test,0
s06,578,2.0748899112485097,test,0
s06,579,1.9371845703208381,test,0
s06,580,1.3570139222977724,test,0
s06,581,1.2991832584188414,test,0
s06,582,1.4528158487733021,test,0
s06,583,1.5501246157870971,test,0
s06,584,1.0386708096238633,test,0
s06,585,1.3557540838215907,test,0
s06,586,1.5267507739965211,test,0
s06,587,1.3439613933771355,test,0
s06,588,1.1296603286632607,test,0
s06,589,1.0946117329133247,test,0
s06,590,1.0464482643570339,test,0
s06,591,0.78722575536470374,test,0
s06,592,1.4824824421995868,test,0
s06,593,1.8896136167990507,test,0
s06,594,2.165551623757914,test,0
s06,595,2.4866864776452058,test,0
s06,596,2.2198110288556983,test,0
s06,597,1.7558610199500355,test,0
s06,598,1.3937036668944021,test,0
s06,599,1.1536656830280185,test,0
s07,0,0.16406118784518001,train,0
s07,1,-0.49097033827731196,train,0
s07,2,-0.046611310728634593,train,0
s07,3,0.58958581985263359,train,0
s07,4,0.75069782299304999,train,0
s07,5,0.75502698864140372,train,0
s07,6,0.66376073644929523,train,0
s07,7,0.79096078848074214,train,0
s07,8,0.45240795568597492,train,0
s07,9,-0.066202197520262573,train,0
s07,10,0.348448306649282,train,0
s07,11,0.58398861622182374,train,0
s07,12,0.54241852110413591,train,0
s07,13,0.56092975054545957,train,0
s07,14,0.69051960213457875,train,0
s07,15,0.95652165180425641,train,0
s07,16,1.0294289519999185,train,0
s07,17,1.64801053196592,train,0
s07,18,1.6875577404900945,train,0
s07,19,1.469895923772442,train,0
s07,20,1.7565913258067096,train,0
s07,21,1.7284234044581213,train,0
s07,22,1.2774162801630791,train,0
s07,23,1.7602872101002129,train,0
s07,24,1.823949218291615,train,0
s07,25,2.0894731086137948,train,0
s07,26,1.7464807381763485,train,0
s07,27,1.7359972869948599,train,0
s07,28,1.9282529432583979,train,0
s07,29,2.6089562412600413,train,0
s07,30,2.5364136282863163,train,0
s07,31,2.5750650053798876,train,0
s07,32,2.3623087575544046,train,0
s07,33,2.1679979093739177,train,0
s07,34,2.1649712506987737,train,0
s07,35,2.0602467232638766,train,0
s07,36,2.0718256134658541,train,0
s07,37,1.4780228859817359,train,0
s07,38,1.6141124164444793,train,0
s07,39,1.9309631059724612,train,0
s07,40,1.9406972695665012,train,0
s07,41,2.0519671639571238,train,0
s07,42,1.961477723696706,train,0
s07,43,1.8147839986642673,train,0
s07,44,1.607668400875053,train,0
s07,45,1.0321302421405991,train,0
s07,46,1.2292310362538827,train,0
s07,47,1.4681156529576718,train,0
s07,48,1.1348526422593257,train,0
s07,49,1.4504480016114183,train,0
s07,50,1.5995066442389079,train,0
s07,51,1.9994163867289623,train,0
s07,52,2.1580673415806584,train,0
s07,53,1.8398710596581003,train,0
s07,54,2.2326683604902842,train,0
s07,55,2.1242747244617424,train,0
s07,56,1.9046002767307135,train,0
s07,57,1.6805623887653218,train,0
s07,58,2.0573670783255138,train,0
s07,59,2.1052918468888606,train,0
s07,60,2.0364028157073011,train,0
s07,61,2.191348567769952,train,0
s07,62,2.4553445047868108,train,0
s07,63,2.861392162133253,train,0
s07,64,2.6042463496294888,train,0
s07,65,2.345925687396671,train,0
s07,66,2.7283445982253762,train,0
s07,67,2.5404184139887227,train,0
s07,68,2.4388079483761973,train,0
s07,69,2.4792709793639713,train,0
s07,70,2.2711288208746829,train,0
s07,71,2.4422678352372547,train,0
s07,72,2.1127478454272519,train,0
s07,73,1.7278601027420604,train,0
s07,74,1.228914765190068,train,0
s07,75,1.5504444252969325,train,0
s07,76,1.5465349307498681,train,0
s07,77,1.4619715887483631,train,0
s07,78,1.2567074185628615,train,0
s07,79,1.0911220039267548,train,0
s07,80,1.2080346552182497,train,0
s07,81,1.0577873028516744,train,0
s07,82,0.83423459776069864,train,0
s07,83,0.83233301325236753,train,0
s07,84,1.4362530606973729,train,0
s07,85,1.3305121465210945,train,0
s07,86,0.86192071142169324,train,0
s07,87,1.5220592803661237,train,0
s07,88,1.7695506304257929,train,0
s07,89,1.6020747752969571,train,0
s07,90,1.3820510894061255,train,0
s07,91,1.3556543014023026,train,0
s07,92,1.596081216898722,train,0
s07,93,1.7071734800813636,train,0
s07,94,1.6490515987724179,train,0
s07,95,1.2486864796064205,train,0
s07,96,0.93675312862155335,train,0
s07,97,1.1094896179547979,train,0
s07,98,1.5661878253267507,train,0
s07,99,1.1984135493577195,train,0
s07,100,1.3913846484665187,train,0
s07,101,1.2867591558783935,train,0
s07,102,1.6226537487173007,train,0
s07,103,2.2486556347580109,train,0
s07,104,2.4076633716219278,train,0
s07,105,1.6646788605265777,train,0
s07,106,0.83012920521812661,train,0
s07,107,0.66408581687873891,train,0
s07,108,0.42559202576369198,train,0
s07,109,0.52690141123087075,train,0
s07,110,0.91784006244137306,train,0
s07,111,1.6385988443538131,train,0
s07,112,1.5056458284774483,train,0
s07,113,0.67903557119475733,train,0
s07,114,0.81228413773875507,train,0
s07,115,0.64308784619555248,train,0
s07,116,0.50165306063231818,train,0
s07,117,0.53657747180111637,train,0
s07,118,1.2938410533704139,train,0
s07,119,0.90869194819866805,train,0
s07,120,1.8480658876167939,train,0
s07,121,1.6919163994622246,train,0
s07,122,1.4163137177397034,train,0
s07,123,2.1477318143335085,train,0
s07,124,1.795337248553885,train,0
s07,125,2.0030505795474269,train,0
s07,126,2.0441563946289487,train,0
s07,127,2.138585387299039,train,0
s07,128,1.9650812049566813,train,0
s07,129,2.1208203958481291,train,0
s07,130,2.0995486401097385,train,0
s07,131,2.1387537249221968,train,0
s07,132,2.1456405900080204,train,0
s07,133,2.0223871628731436,train,0
s07,134,1.5632082141377239,train,0
s07,135,1.4146094956895843,train,0
s07,136,1.5721632615568204,train,0
s07,137,1.978443784280417,train,0
s07,138,1.8815016447154631,train,0
s07,139,2.2552941682639585,train,0
s07,140,1.698861711908652,train,0
s07,141,1.6777643902346679,train,0
s07,142,1.4027453901542923,train,0
s07,143,1.0602634859395015,train,0
s07,144,1.4710425754815928,train,0
s07,145,1.2416435027346531,train,0
s07,146,0.98630431330737744,train,0
s07,147,1.2075574215306863,train,0
s07,148,1.2064926733953465,train,0
s07,149,0.58944094257827229,train,0
s07,150,0.62275290781310133,train,0
s07,151,1.0002001514420114,train,0
s07,152,1.5425412543903803,train,0
s07,153,1.1484188351049778,train,0
s07,154,1.1134877709779691,train,0
s07,155,1.3654517201264198,train,0
s07,156,1.5027074372752101,train,0
s07,157,1.8765684580830888,train,0
s07,158,1.5523627781490807,train,0
s07,159,1.315434891595656,train,0
s07,160,1.6606344602007901,train,0
s07,161,1.9432687373170023,train,0
s07,162,1.5371417350285712,train,0
s07,163,1.6324248209546353,train,0
s07,164,1.2453387852825006,train,0
s07,165,1.4475897404204856,train,0
s07,166,1.5868587090626478,train,0
s07,167,1.3957836225952478,train,0
s07,168,1.7339546013154445,train,0
s07,169,1.9371071827648427,train,0
s07,170,2.0350162252775297,train,0
s07,171,1.7769830340994031,train,0
s07,172,1.7213860486941459,train,0
s07,173,1.8703599959553006,train,0
s07,174,2.132134616748306,train,0
s07,175,1.6065366412943172,train,0
s07,176,1.878794495874319,train,0
s07,177,1.9989997794048295,train,0
s07,178,1.8727155386130978,train,0
s07,179,1.6633083957808807,train,0
s07,180,1.980276452715056,train,0
s07,181,1.9594034774813358,train,0
s07,182,2.2154317469431533,train,0
s07,183,2.170427978656146,train,0
s07,184,1.9037745291331654,train,0
s07,185,1.8373754652563883,train,0
s07,186,1.7664346564516902,train,0
s07,187,2.0316775009793773,train,0
s07,188,2.2081240581231234,train,0
s07,189,2.2974495260210492,train,0
s07,190,2.2806352927576699,train,0
s07,191,1.9414108601752433,train,0
s07,192,1.4804609486883384,train,0
s07,193,1.9948524477143477,train,0
s07,194,1.9920771662760655,train,0
s07,195,1.5816863548906515,train,0
s07,196,1.3223435480499632,train,0
s07,197,1.1512258460671332,train,0
s07,198,1.1414066019429339,train,0
s07,199,1.3924071845283708,train,0
s07,200,1.0826084657274082,calibration,0
s07,201,1.2121558537796064,calibration,0
s07,202,1.1525463184360865,calibration,0
s07,203,1.2351703247334189,calibration,0
s07,204,1.6829192995354245,calibration,0
s07,205,1.0703691649139087,calibration,0
s07,206,1.2301934784585604,calibration,0
s07,207,1.0564623904003569,calibration,0
s07,208,1.2790358857807369,calibration,0
s07,209,1.3943041428390723,calibration,0
s07,210,1.618917883935461,calibration,0
s07,211,1.641490265241879,calibration,0
s07,212,1.6220245239680693,calibration,0
s07,213,1.6641646020180327,calibration,0
s07,214,1.6722662519496583,calibration,0
s07,215,1.3460985648258825,calibration,0
s07,216,1.527315614639345,calibration,0
s07,217,1.639584141709326,calibration,0
s07,218,2.3357395398650653,calibration,0
s07,219,2.2338055290705849,calibration,0
s07,220,2.0950849260826843,calibration,0
s07,221,2.1499082840503592,calibration,0
s07,222,2.2837623189031127,calibration,0
s07,223,1.8470735080914915,calibration,0
s07,224,1.4395473710667064,calibration,0
s07,225,1.5300265637462394,calibration,0
s07,226,2.0485017525867306,calibration,0
s07,227,2.2143566947013773,calibration,0
s07,228,1.8874937250966024,calibration,0
s07,229,1.5895756384641779,calibration,0
s07,230,1.7411213031615222,calibration,0
s07,231,1.775908099796796,calibration,0
s07,232,2.1144117050892945,calibration,0
s07,233,1.9429248631088147,calibration,0
s07,234,1.6779236311447736,calibration,0
s07,235,1.5007689269156819,calibration,0
s07,236,1.9917671832575434,calibration,0
s07,237,2.369198766215578,calibration,0
s07,238,2.1229380847879873,calibration,0
s07,239,1.7904559532675099,calibration,0
s07,240,1.8259749860096925,calibration,0
s07,241,1.2153914110725366,calibration,0
s07,242,0.92565595094368647,calibration,0
s07,243,1.2663059414234064,calibration,0
s07,244,1.4248835000363644,calibration,0
s07,245,1.2667043799763489,calibration,0
s07,246,1.7181104499371169,calibration,0
s07,247,1.4071221509862855,calibration,0
s07,248,1.698613943383948,calibration,0
s07,249,1.7574238728740821,calibration,0
s07,250,1.8614212669266825,calibration,0
s07,251,1.7821031655445194,calibration,0
s07,252,1.5618873712172612,calibration,0
s07,253,1.5318923733662135,calibration,0
s07,254,1.4807734093006704,calibration,0
s07,255,1.9014144147583101,calibration,0
s07,256,1.6245662130761691,calibration,0
s07,257,1.8438762663883472,calibration,0
s07,258,1.4959702093141718,calibration,0
s07,259,1.4504020249965135,calibration,0
s07,260,1.3968281846414852,calibration,0
s07,261,1.5901448423216695,calibration,0
s07,262,1.123927875510891,calibration,0
s07,263,1.1089033500195191,calibration,0
s07,264,1.4939277391867578,calibration,0
s07,265,1.2828666803159843,calibration,0
s07,266,0.97962135512591475,calibration,0
s07,267,1.0096848192317021,calibration,0
s07,268,1.2286791000856863,calibration,0
s07,269,1.5956375441281609,calibration,0
s07,270,2.0833371788399502,calibration,0
s07,271,1.6695610508285288,calibration,0
s07,272,1.6626655171072162,calibration,0
s07,273,1.6645807813995352,calibration,0
s07,274,1.9171795677509889,calibration,0
s07,275,1.4696905100331297,calibration,0
s07,276,1.5172398654612245,calibration,0
s07,277,1.6999962075008772,calibration,0
s07,278,1.9518277832139044,calibration,0
s07,279,1.7543835692953642,calibration,0
s07,280,2.0714526298185723,calibration,0
s07,281,2.6499139385685524,calibration,0
s07,282,3.2007984873651618,calibration,0
s07,283,2.5908666164559655,calibration,0
s07,284,1.8910105636514083,calibration,0
s07,285,1.9461509704487654,calibration,0
s07,286,2.103580000629798,calibration,0
s07,287,1.9976007676341574,calibration,0
s07,288,1.8368974454213385,calibration,0
s07,289,1.8279633572349083,calibration,0
s07,290,1.8408475133321767,calibration,0
s07,291,1.6956934738762681,calibration,0
s07,292,1.5952273461600077,calibration,0
s07,293,1.8081932826131775,calibration,0
s07,294,1.890895391563757,calibration,0
s07,295,2.2085963512466504,calibration,0
s07,296,2.2785450369374391,calibration,0
s07,297,2.4018484806793343,calibration,0
s07,298,2.2670253479741063,calibration,0
s07,299,2.1709454279932956,calibration,0
s07,300,1.8517967654783787,calibration,0
s07,301,2.2771940289483172,calibration,0
s07,302,2.3499186201999187,calibration,0
s07,303,2.4767945143016163,calibration,0
s07,304,2.6109439066223858,calibration,0
s07,305,2.6186367079729007,calibration,0
s07,306,2.1906607374760312,calibration,0
s07,307,1.6504182927470914,calibration,0
s07,308,1.3465407784062087,calibration,0
s07,309,1.5187215524605566,calibration,0
s07,310,2.0296927025749016,calibration,0
s07,311,2.1310871868003236,calibration,0
s07,312,1.8680625839003824,calibration,0
s07,313,1.6221701187422628,calibration,0
s07,314,1.8786803623157546,calibration,0
s07,315,2.1773173702643183,calibration,0
s07,316,1.8130636193788805,calibration,0
s07,317,1.9838606556872063,calibration,0
s07,318,1.3893689997252541,calibration,0
s07,319,1.2593887377638842,calibration,0
s07,320,1.6508511779394177,calibration,0
s07,321,1.4860062408836647,calibration,0
s07,322,1.8802001117962153,calibration,0
s07,323,2.5181842631723592,calibration,0
s07,324,2.9374621787018582,calibration,0
s07,325,2.4619593248254659,calibration,0
s07,326,2.029840137005523,calibration,0
s07,327,2.6509004016174447,calibration,0
s07,328,2.7255033752319973,calibration,0
s07,329,2.0929532449602335,calibration,0
s07,330,1.7434418347329377,calibration,0
s07,331,1.9570084443074967,calibration,0
s07,332,1.988364267870099,calibration,0
s07,333,2.5213340627452525,calibration,0
s07,334,2.6283680971882326,calibration,0
s07,335,2.6848605932656726,calibration,0
s07,336,2.5241567506981872,calibration,0
s07,337,2.2015736964526158,calibration,0
s07,338,2.0563293466628587,calibration,0
s07,339,1.3965321786044305,calibration,0
s07,340,1.7307722712630809,calibration,0
s07,341,1.4473335089082575,calibration,0
s07,342,1.5742575333557804,calibration,0
s07,343,1.9209882198493415,calibration,0
s07,344,1.5608686396414406,calibration,0
s07,345,1.1044239720333717,calibration,0
s07,346,1.1991863205374362,calibration,0
s07,347,1.3242267020914231,calibration,0
s07,348,1.1881118572960616,calibration,0
s07,349,1.3697431716803306,calibration,0
s07,350,1.3009911745527025,test,0
s07,351,1.9266095115707949,test,0
s07,352,2.0124133870620446,test,0
s07,353,1.9349418493634178,test,0
s07,354,2.0971055666492395,test,0
s07,355,2.307838904274246,test,0
s07,356,2.2933666946642979,test,0
s07,357,2.4180846099038908,test,0
s07,358,2.4217903701198704,test,0
s07,359,2.583180517713862,test,0
s07,360,2.6791496715462118,test,0
s07,361,2.5986931111066194,test,0
s07,362,2.2848788660663222,test,0
s07,363,2.2238297773946765,test,0
s07,364,2.3342810889651071,test,0
s07,365,2.0600551535395315,test,0
s07,366,1.4863868335513262,test,0
s07,367,1.3890103327458572,test,0
s07,368,1.3360043837634357,test,0
s07,369,0.74925025438775994,test,0
s07,370,1.0374250653561725,test,0
s07,371,0.99463628698382134,test,0
s07,372,1.5251391182834406,test,0
s07,373,1.8673933946963184,test,0
s07,374,1.9314963418721691,test,0
s07,375,1.8962051764261803,test,0
s07,376,2.190877765983918,test,0
s07,377,1.7252859394935864,test,0
s07,378,1.8872065283865282,test,0
s07,379,1.8920977607051592,test,0
s07,380,1.7195455021448858,test,0
s07,381,1.7386257817945743,test,0
s07,382,1.7552668106904081,test,0
s07,383,1.7115504762902702,test,0
s07,384,1.197949438477893,test,0
s07,385,0.67681626975562126,test,0
s07,386,0.98967175001031837,test,0
s07,387,1.3552286555311501,test,0
s07,388,1.0305524303621441,test,0
s07,389,1.2814086438759589,test,0
s07,390,1.4037516771754324,test,0
s07,391,1.3944138626401892,test,0
s07,392,1.4516206610926894,test,0
s07,393,1.0461655568887545,test,0
s07,394,1.4002962965164774,test,0
s07,395,1.6204330373611071,test,0
s07,396,1.451548901387512,test,0
s07,397,1.7507234245398886,test,0
s07,398,1.6291771331651874,test,0
s07,399,1.6735042747841207,test,0
s07,400,1.7662764556852844,test,0
s07,401,1.8252934349952949,test,0
s07,402,2.0599460194852321,test,0
s07,403,1.8238363289335355,test,0
s07,404,1.4230148844846358,test,0
s07,405,1.680278664159611,test,0
s07,406,1.2750026013513256,test,0
s07,407,1.4307524747970326,test,0
s07,408,1.3682792216779613,test,0
s07,409,1.6329263781845365,test,0
s07,410,1.5551770711556792,test,0
s07,411,1.5307129692552928,test,0
s07,412,2.0173994337376211,test,0
s07,413,2.2766233067196553,test,0
s07,414,2.0756804217276752,test,0
s07,415,1.840737448431754,test,0
s07,416,1.6888305015361573,test,0
s07,417,1.6667908654626589,test,0
s07,418,2.2672684559350667,test,0
s07,419,2.3666716162161676,test,0
s07,420,2.3542142009205045,test,0
s07,421,2.3815551988491657,test,0
s07,422,2.4698306875762164,test,0
s07,423,2.2693478602052672,test,0
s07,424,2.0828015365502908,test,0
s07,425,1.8487028269022323,test,0
s07,426,2.0934932920394291,test,0
s07,427,2.3533400980152268,test,0
s07,428,1.9754488685167202,test,0
s07,429,2.0285855830915089,test,0
s07,430,2.1712801537886612,test,0
s07,431,1.5248329439649169,test,0
s07,432,1.9808526784138598,test,0
s07,433,2.6978943320629218,test,0
s07,434,3.1016329746969418,test,0
s07,435,2.5942998545164673,test,0
s07,436,2.3440799690435776,test,0
s07,437,1.801750309872501,test,0
s07,438,2.4024939144066986,test,0
s07,439,2.1699650896797831,test,0
s07,440,1.7959402702914584,test,0
s07,441,1.8538806105082724,test,0
s07,442,1.3523184563580291,test,0
s07,443,1.8474450345493352,test,0
s07,444,1.7700821786784464,test,0
s07,445,1.8278408993523068,test,0
s07,446,1.6020798532202787,test,0
s07,447,1.3514979010923955,test,0
s07,448,1.6582759756890157,test,0
s07,449,2.3137468229521563,test,0
s07,450,1.8822630748972551,test,0
s07,451,2.5422980575773049,test,0
s07,452,2.6840374960418205,test,0
s07,453,2.2697804872915035,test,0
s07,454,1.9954132599066718,test,0
s07,455,1.9056025467418014,test,0
s07,456,1.4431610467899294,test,0
s07,457,1.7125128202138693,test,0
s07,458,1.7401591648131087,test,0
s07,459,1.8134730171945135,test,0
s07,460,1.6038552107086035,test,0
s07,461,1.5663978839349795,test,0
s07,462,1.2827092665623774,test,0
s07,463,1.1473287681939055,test,0
s07,464,0.65922959235896261,test,0
s07,465,0.5650875878941346,test,0
s07,466,0.95126665258027709,test,0
s07,467,0.59882064008123326,test,0
s07,468,1.0226849221839858,test,0
s07,469,1.4904537457319156,test,0
s07,470,0.88395755423141431,test,0
s07,471,0.76353558809277955,test,0
s07,472,0.63009161027268901,test,0
s07,473,1.0151595295475342,test,0
s07,474,1.1727035455318047,test,0
s07,475,0.68124108220428525,test,0
s07,476,0.11073497893614614,test,0
s07,477,-0.24668336570440375,test,0
s07,478,-0.39261809008366599,test,0
s07,479,-0.28781694806881736,test,0
s07,480,0.61385788277565068,test,0
s07,481,0.9779383846127454,test,0
s07,482,1.1822983539990295,test,0
s07,483,1.3415410085573065,test,0
s07,484,1.313540997069456,test,0
s07,485,1.3350718580854688,test,0
s07,486,1.6777237655502928,test,0
s07,487,1.8130196325501784,test,0
s07,488,2.0703176285177842,test,0
s07,489,1.9649089290322428,test,0
s07,490,1.3397581123791178,test,0
s07,491,1.4203390602635693,test,0
s07,492,0.94528345023237548,test,0
s07,493,1.0252114912914179,test,0
s07,494,0.98609922342405332,test,0
s07,495,0.98083671445065257,test,0
s07,496,0.58313214064658125,test,0
s07,497,0.38484502532417708,test,0
s07,498,0.50366090766766858,test,0
s07,499,0.83170184659396196,test,0
s07,500,1.1757581137870647,test,0
s07,501,1.2108481871238226,test,0
s07,502,1.9157817286570229,test,0
s07,503,1.7592199631460113,test,0
s07,504,1.8086501640379526,test,0
s07,505,2.0757452825197928,test,0
s07,506,1.429700160502662,test,0
s07,507,1.573466234128551,test,0
s07,508,1.9466892792686343,test,0
s07,509,1.6647530235211176,test,0
s07,510,1.4794075212124991,test,0
s07,511,1.0182301483988498,test,0
s07,512,1.1161456971792492,test,0
s07,513,1.2699649168685521,test,0
s07,514,0.54683687937597503,test,0
s07,515,0.98902214765208696,test,0
s07,516,1.4924958425422608,test,0
s07,517,1.8066070385646933,test,0
s07,518,1.7616589488141585,test,0
s07,519,1.737712629366257,test,0
s07,520,1.7711285997902486,test,0
s07,521,1.5090792527546448,test,0
s07,522,1.6489843925167942,test,0
s07,523,1.399748580773895,test,0
s07,524,1.218212578039287,test,0
s07,525,1.1381571661122212,test,0
s07,526,1.5376019718122893,test,0
s07,527,1.5679404869448796,test,0
s07,528,1.4872163645322936,test,0
s07,529,1.7142731227106975,test,0
s07,530,1.5412275400700901,test,0
s07,531,1.602745286613726,test,0
s07,532,1.4197069645011524,test,0
s07,533,1.1807520606333737,test,0
s07,534,1.0884544410448656,test,0
s07,535,1.033594561218327,test,0
s07,536,1.4713734217496883,test,0
s07,537,1.34345463207812,test,0
s07,538,1.6187231317842241,test,0
s07,539,1.4541213294262616,test,0
s07,540,0.87324889215246393,test,0
s07,541,1.5349576290507905,test,0
s07,542,1.4606083705650097,test,0
s07,543,1.6679099472016454,test,0
s07,544,1.72158165562206,test,0
s07,545,2.1154655088991694,test,0
s07,546,1.6385693464258499,test,0
s07,547,1.7676392722835796,test,0
s07,548,1.7627271178606243,test,0
s07,549,1.5167637920892476,test,0
s07,550,1.9978765600121577,test,0
s07,551,2.1619053511502822,test,0
s07,552,2.201193029141252,test,0
s07,553,1.8945693105320009,test,0
s07,554,1.6221563219839876,test,0
s07,555,1.8835638624573985,test,0
s07,556,1.6666240730924813,test,0
s07,557,1.6093989381311489,test,0
s07,558,1.223241146556131,test,0
s07,559,1.1555224234445201,test,0
s07,560,1.4096954593800846,test,0
s07,561,1.1761623395230556,test,0
s07,562,0.99778261197031304,test,0
s07,563,0.9795971932118317,test,0
s07,564,1.066936912751645,test,0
s07,565,0.78534412309817114,test,0
s07,566,0.50429868980692794,test,0
s07,567,0.67382303333046378,test,0
s07,568,0.61390687227144569,test,0
s07,569,1.3163362057033776,test,0
s07,570,1.5126126114939216,test,0
s07,571,1.4910500812860483,test,0
s07,572,1.453583881230188,test,0
s07,573,1.6376959680360421,test,0
s07,574,1.0538023916422796,test,0
s07,575,1.3357825123647495,test,0
s07,576,1.7135285394473858,test,0
s07,577,1.7885839453204389,test,0
s07,578,1.8200720480815444,test,0
s07,579,2.0222155992560071,test,0
s07,580,1.7372588149184451,test,0
s07,581,1.3843900151510948,test,0
s07,582,0.81996539250880385,test,0
s07,583,0.60587052718999124,test,0
s07,584,1.2315188940902957,test,0
s07,585,1.4819999125843903,test,0
s07,586,1.1057987786563648,test,0
s07,587,1.0865964316692411,test,0
s07,588,1.104906684589354,test,0
s07,589,1.2752421871002773,test,0
s07,590,1.2763845180829794,test,0
s07,591,1.6549901666198064,test,0
s07,592,1.6633228632547368,test,0
s07,593,2.0666097672294317,test,0
s07,594,2.2983153661396041,test,0
s07,595,2.2987361692794481,test,0
s07,596,2.2723202480484055,test,0
s07,597,1.9952024361047662,test,0
s07,598,2.6511891509202616,test,0
s07,599,2.6317394655889315,test,0
s08,0,0.28771153199802474,train,0
s08,1,0.62930715991854524,train,0
s08,2,0.67093137030943217,train,0
s08,3,0.95605641607883285,train,0
s08,4,0.79869041279723463,train,0
s08,5,1.5362778756882358,train,0
s08,6,1.9635759900199863,train,0
s08,7,1.5362520663546444,train,0
s08,8,2.0611113772198695,train,0
s08,9,1.8655348687547231,train,0
s08,10,1.7874654941384807,train,0
s08,11,1.8026189245050592,train,0
s08,12,1.4801656871880224,train,0
s08,13,1.6012797547826276,train,0
s08,14,1.6845077425882096,train,0
s08,15,1.0006363071487216,train,0
s08,16,1.0598506825937875,train,0
s08,17,1.3902938690143949,train,0
s08,18,0.75509741635864203,train,0
s08,19,1.0479050151005207,train,0
s08,20,0.6074872357277773,train,0
s08,21,0.95817821157164729,train,0
s08,22,0.95427283686967768,train,0
s08,23,1.523701129409305,train,0
s08,24,1.72208997514677,train,0
s08,25,1.6332054504208477,train,0
s08,26,1.8255575496863274,train,0
s08,27,1.1401878068735471,train,0
s08,28,1.0601929715193619,train,0
s08,29,1.362241615781258,train,0
s08,30,1.4984875464503238,train,0
s08,31,2.0582364042412942,train,0
s08,32,2.2185503567988296,train,0
s08,33,2.263508791105052,train,0
s08,34,1.958493883144713,train,0
s08,35,2.0601896126775578,train,0
s08,36,2.525161909435008,train,0
s08,37,2.2738816790799929,train,0
s08,38,2.1351106445574288,train,0
s08,39,1.7829383440359332,train,0
s08,40,1.8562387758473848,train,0
s08,41,1.3596953621253154,train,0
s08,42,1.2924395242875442,train,0
s08,43,0.94760919421928003,train,0
s08,44,1.4381688940984652,train,0
s08,45,1.2659182810185066,train,0
s08,46,1.6312152850938777,train,0
s08,47,1.4096120305917794,train,0
s08,48,1.3504576996140791,train,0
s08,49,1.0335205671141405,train,0
s08,50,1.3222620736039712,train,0
s08,51,1.8339531756962915,train,0
s08,52,1.6124110867295718,train,0
s08,53,1.526468357591638,train,0
s08,54,1.6925950767409688,train,0
s08,55,2.2034974579666704,train,0
s08,56,2.4308774999436236,train,0
s08,57,1.9029743463261688,train,0
s08,58,1.449806106765144,train,0
s08,59,1.1258597799157406,train,0
s08,60,1.307031603479992,train,0
s08,61,1.1586637106396145,train,0
s08,62,1.4003113613218499,train,0
s08,63,1.235410835514767,train,0
s08,64,1.4233477934328618,train,0
s08,65,1.3584834070239415,train,0
s08,66,0.84300342646648152,train,0
s08,67,1.0478808975114722,train,0
s08,68,1.4017234593566763,train,0
s08,69,1.5342432986840275,train,0
s08,70,1.4860816329447299,train,0
s08,71,1.4219205097485299,train,0
s08,72,2.0351706690832376,train,0
s08,73,1.9316692847751575,train,0
s08,74,1.6120878381741908,train,0
s08,75,1.7764902834854039,train,0
s08,76,1.6960322964597863,train,0
s08,77,1.8356586935979813,train,0
s08,78,1.7700152275500001,train,0
s08,79,1.8799058368142616,train,0
s08,80,2.5176188034346447,train,0
s08,81,2.3843571237715451,train,0
s08,82,1.695382196956571,train,0
s08,83,2.4303949502588011,train,0
s08,84,2.4266617547292948,train,0
s08,85,2.195414580573753,train,0
s08,86,2.2387368000972687,train,0
s08,87,2.5303578421198996,train,0
s08,88,1.9273452467742966,train,0
s08,89,1.031550205056283,train,0
s08,90,1.5903031271916173,train,0
s08,91,2.0970549454249148,train,0
s08,92,2.0374315157923202,train,0
s08,93,1.5186961075666914,train,0
s08,94,1.0161835444280491,train,0
s08,95,1.6441912064973958,train,0
s08,96,1.812253375453946,train,0
s08,97,1.6218086465386599,train,0
s08,98,2.0062812732254316,train,0
s08,99,1.6259506762478362,train,0
s08,100,1.9076039247235588,train,0
s08,101,1.9548181072249113,train,0
s08,102,2.1699935874973963,train,0
s08,103,1.9318386727752002,train,0
s08,104,1.9577555119258614,train,0
s08,105,1.968649678031132,train,0
s08,106,2.3158669913798122,train,0
s08,107,2.5012603333014103,train,0
s08,108,2.5090657833313394,train,0
s08,109,1.9114390161183579,train,0
s08,110,2.3797246848831186,train,0
s08,111,2.2489686848565555,train,0
s08,112,1.7598930832224648,train,0
s08,113,1.2335568118935996,train,0
s08,114,0.8761911066021848,train,0
s08,115,1.0117736685549394,train,0
s08,116,1.0218338036249046,train,0
s08,117,1.4171185575742957,train,0
s08,118,0.69314471114056408,train,0
s08,119,0.82029970351123671,train,0
s08,120,0.53814997738143311,train,0
s08,121,0.67319294371988403,train,0
s08,122,1.2066644138092006,train,0
s08,123,1.2100766136211627,train,0
s08,124,2.1165181328453495,train,0
s08,125,2.2466871986793553,train,0
s08,126,1.9338419452419413,train,0
s08,127,1.2589027092101102,train,0
s08,128,1.1561500764909716,train,0
s08,129,1.1095032497143427,train,0
s08,130,1.2204535816770838,train,0
s08,131,0.88624983778557498,train,0
s08,132,0.51416797550746318,train,0
s08,133,0.77572521667891658,train,0
s08,134,1.6290981316567461,train,0
s08,135,1.3772087694351562,train,0
s08,136,1.2341997552613782,train,0
s08,137,1.9069825218682772,train,0
s08,138,1.5864630302697735,train,0
s08,139,1.4703290475124082,train,0
s08,140,2.0319272355342122,train,0
s08,141,2.3680715117958693,train,0
s08,142,2.0992297911799205,train,0
s08,143,2.0676280702293415,train,0
s08,144,1.9400243006764633,train,0
s08,145,1.8575344495958319,train,0
s08,146,1.7716645481488089,train,0
s08,147,1.2665660267331644,train,0
s08,148,1.8321229767477185,train,0
s08,149,1.5435020991809516,train,0
s08,150,1.3375609543725091,train,0
s08,151,1.4769573968116343,train,0
s08,152,1.0075199162478179,train,0
s08,153,0.69958417184569233,train,0
s08,154,1.071001806242613,train,0
s08,155,0.95075779054280174,train,0
s08,156,0.9037132254160678,train,0
s08,157,0.31511143123505758,train,0
s08,158,0.76598547174072951,train,0
s08,159,1.3502412933733001,train,0
s08,160,1.3116207148566021,train,0
s08,161,1.5489027851206383,train,0
s08,162,1.7288069468665519,train,0
s08,163,1.4814608090846306,train,0
s08,164,1.4936705675461317,train,0
s08,165,1.7861287547831126,train,0
s08,166,1.2224163506986303,train,0
s08,167,1.6615871964648961,train,0
s08,168,2.0465365658372505,train,0
s08,169,2.1446225558069036,train,0
s08,170,2.5231968421702171,train,0
s08,171,2.8798989908277255,train,0
s08,172,2.8130076892933236,train,0
s08,173,2.8953134619877559,train,0
s08,174,2.7539753303527674,train,0
s08,175,2.5313610700720379,train,0
s08,176,2.1580760536047032,train,0
s08,177,1.7804946845973464,train,0
s08,178,1.7021067572876785,train,0
s08,179,1.883114777982005,train,0
s08,180,1.9645777191994278,train,0
s08,181,2.2695412171092717,train,0
s08,182,2.025487705306416,train,0
s08,183,2.4781270734304122,train,0
s08,184,2.853250730418369,train,0
s08,185,2.899980837079811,train,0
s08,186,2.4632058360331919,train,0
s08,187,2.1542420380774709,train,0
s08,188,1.7691247820643421,train,0
s08,189,1.7327894651034155,train,0
s08,190,1.9543510635470307,train,0
s08,191,2.3484183096440137,train,0
s08,192,2.2150079873526995,train,0
s08,193,2.0905831002562518,train,0
s08,194,1.4321280238153786,train,0
s08,195,1.5297147226992005,train,0
s08,196,1.5326148919061702,train,0
s08,197,1.2973665580732632,train,0
s08,198,1.3782962201296936,train,0
s08,199,1.6355867359701386,train,0
s08,200,1.8753547769552084,calibration,0
s08,201,1.9720339653492525,calibration,0
s08,202,1.9737762473551907,calibration,0
s08,203,1.8398424264587621,calibration,0
s08,204,1.7879848171038835,calibration,0
s08,205,1.8208458809622077,calibration,0
s08,206,1.7783459553604186,calibration,0
s08,207,1.5654457423010268,calibration,0
s08,208,1.3993538192386672,calibration,0
s08,209,1.7485893279961178,calibration,0
s08,210,2.0800158369746109,calibration,0
s08,211,2.1582012227094856,calibration,0
s08,212,2.3066677835642331,calibration,0
s08,213,2.0196744414067167,calibration,0
s08,214,1.4747446875936296,calibration,0
s08,215,1.4792038718030114,calibration,0
s08,216,1.5356179823983707,calibration,0
s08,217,1.5643754345885414,calibration,0
s08,218,1.5849410328981757,calibration,0
s08,219,1.1834344424242098,calibration,0
s08,220,1.9104454681878489,calibration,0
s08,221,1.8472446837226457,calibration,0
s08,222,1.9157856538372888,calibration,0
s08,223,2.681297078674302,calibration,0
s08,224,2.5862048857660125,calibration,0
s08,225,1.8338362500358736,calibration,0
s08,226,1.8714309460510063,calibration,0
s08,227,2.0218260871763372,calibration,0
s08,228,2.4547567140368791,calibration,0
s08,229,2.9648113870317072,calibration,0
s08,230,2.9069525752425185,calibration,0
s08,231,2.4307515225230847,calibration,0
s08,232,2.2429786052024947,calibration,0
s08,233,2.2129072338792821,calibration,0
s08,234,2.0059895747860219,calibration,0
s08,235,1.7829629385832904,calibration,0
s08,236,1.2827396179226247,calibration,0
s08,237,0.95126593216217548,calibration,0
s08,238,0.45393014394588116,calibration,0
s08,239,0.56445506515977029,calibration,0
s08,240,0.48201406140421799,calibration,0
s08,241,1.4131132615854658,calibration,0
s08,242,1.5926385533987775,calibration,0
s08,243,1.4930883015505225,calibration,0
s08,244,0.95944635042873749,calibration,0
s08,245,1.093270152314662,calibration,0
s08,246,1.4649915699036318,calibration,0
s08,247,1.5292474916327048,calibration,0
s08,248,1.4954518939633208,calibration,0
s08,249,1.3594233336909811,calibration,0
s08,250,1.4873918328700393,calibration,0
s08,251,1.8796796871719046,calibration,0
s08,252,1.8082744089550415,calibration,0
s08,253,1.751733658813847,calibration,0
s08,254,1.3512752849316454,calibration,0
s08,255,1.3767508951418013,calibration,0
s08,256,1.1861554891862625,calibration,0
s08,257,1.1720323073479462,calibration,0
s08,258,1.5273869430925822,calibration,0
s08,259,1.7354348479157578,calibration,0
s08,260,2.0902918286303978,calibration,0
s08,261,2.1565551907426301,calibration,0
s08,262,2.2906955444709034,calibration,0
s08,263,2.1453633720638186,calibration,0
s08,264,2.3650766945478585,calibration,0
s08,265,2.2519876015181439,calibration,0
s08,266,2.0203616736713661,calibration,0
s08,267,1.8388453215729734,calibration,0
s08,268,1.9064585638589207,calibration,0
s08,269,1.8158589143832662,calibration,0
s08,270,1.3814120516472246,calibration,0
s08,271,1.3763011254183439,calibration,0
s08,272,1.2952173109797991,calibration,0
s08,273,0.92962060272063574,calibration,0
s08,274,0.73570069248827064,calibration,0
s08,275,1.0110612159371462,calibration,0
s08,276,1.3001431682492475,calibration,0
s08,277,1.2533601949238522,calibration,0
s08,278,1.6044230571851574,calibration,0
s08,279,2.275755973722279,calibration,0
s08,280,1.7078621675843344,calibration,0
s08,281,1.6199451481816505,calibration,0
s08,282,1.7195071184397814,calibration,0
s08,283,1.7469985540239319,calibration,0
s08,284,1.464148483790725,calibration,0
s08,285,1.5970371418753306,calibration,0
s08,286,1.4511218297094943,calibration,0
s08,287,1.5886914842652831,calibration,0
s08,288,1.6657243632926206,calibration,0
s08,289,1.4972124909847391,calibration,0
s08,290,2.1193676623727304,calibration,0
s08,291,1.9441177944451724,calibration,0
s08,292,1.5355324806271957,calibration,0
s08,293,1.7171622315143324,calibration,0
s08,294,2.4091157451317491,calibration,0
s08,295,2.5839824362976485,calibration,0
s08,296,2.7740820975873266,calibration,0
s08,297,2.1036729927659557,calibration,0
s08,298,2.2440689326963961,calibration,0
s08,299,2.5352579793424033,calibration,0
s08,300,2.3288586465678396,calibration,0
s08,301,2.4585969703593342,calibration,0
s08,302,2.2793550489062899,calibration,0
s08,303,2.9073833616219638,calibration,0
s08,304,3.259417604847731,calibration,0
s08,305,3.1400762516316418,calibration,0
s08,306,3.1947110525340165,calibration,0
s08,307,2.8551817192363216,calibration,0
s08,308,2.6835494052751834,calibration,0
s08,309,3.1647970338288909,calibration,0
s08,310,3.1878885561124335,calibration,0
s08,311,3.2411692385707656,calibration,0
s08,312,3.2292337705251914,calibration,0
s08,313,3.6253165307201165,calibration,0
s08,314,2.9312797945324678,calibration,0
s08,315,2.3912848150508088,calibration,0
s08,316,2.0333561571839205,calibration,0
s08,317,1.6209009220251587,calibration,0
s08,318,1.996784592336182,calibration,0
s08,319,2.076359298716945,calibration,0
s08,320,1.7453037933213225,calibration,0
s08,321,1.8205509302372527,calibration,0
s08,322,2.2003874736742386,calibration,0
s08,323,1.658192609076111,calibration,0
s08,324,2.0225483308062699,calibration,0
s08,325,1.9754616425718894,calibration,0
s08,326,2.1416232142325016,calibration,0
s08,327,1.9952511905156312,calibration,0
s08,328,2.1430708132054308,calibration,0
s08,329,2.0455516348973641,calibration,0
s08,330,1.8541848737660835,calibration,0
s08,331,1.6309981309543726,calibration,0
s08,332,1.7975283152741341,calibration,0
s08,333,1.9145374882780544,calibration,0
s08,334,1.7953252833705267,calibration,0
s08,335,1.700179700074788,calibration,0
s08,336,1.6208356269334185,calibration,0
s08,337,1.6819433534362631,calibration,0
s08,338,1.7777922858937096,calibration,0
s08,339,1.867342941563489,calibration,0
s08,340,1.2193307091384449,calibration,0
s08,341,1.3859514922675997,calibration,0
s08,342,1.8722575825466587,calibration,0
s08,343,2.057699261015447,calibration,0
s08,344,2.1913127253629141,calibration,0
s08,345,2.4224683679995489,calibration,0
s08,346,2.9043711786343391,calibration,0
s08,347,2.793020168857355,calibration,0
s08,348,2.9170902880176963,calibration,0
s08,349,2.6766177457601676,calibration,0
s08,350,2.2939954169080332,test,0
s08,351,1.8873622757987698,test,0
s08,352,1.7864489871788791,test,0
s08,353,1.5007776782386326,test,0
s08,354,1.385926435490364,test,0
s08,355,1.7798739098208505,test,0
s08,356,1.4143021644442646,test,0
s08,357,1.6735135331741378,test,0
s08,358,1.468258237682069,test,0
s08,359,1.1486520916825245,test,0
s08,360,1.2802370174372766,test,0
s08,361,1.4368491065724753,test,0
s08,362,1.2987155592711761,test,0
s08,363,0.88586740785909257,test,0
s08,364,1.0468057011363547,test,0
s08,365,1.0462283210919474,test,0
s08,366,1.2383612921644913,test,0
s08,367,1.0148689793329799,test,0
s08,368,0.94897636300192778,test,0
s08,369,0.69860003257145942,test,0
s08,370,0.99293138368083311,test,0
s08,371,1.0818974040548928,test,0
s08,372,1.0854534045280442,test,0
s08,373,1.7891704190584357,test,0
s08,374,2.3883575197000186,test,0
s08,375,2.3940354316526324,test,0
s08,376,1.9662399375291344,test,0
s08,377,2.2272499218383972,test,0
s08,378,2.2023996902567213,test,0
s08,379,1.9789742789775329,test,0
s08,380,2.0100236569595551,test,0
s08,381,2.0537276335558938,test,0
s08,382,2.2136730779609723,test,0
s08,383,2.4680687119042082,test,0
s08,384,2.6510096229039801,test,0
s08,385,2.9227713934681958,test,0
s08,386,2.689105020707681,test,0
s08,387,2.8467169074273797,test,0
s08,388,3.0948146190989334,test,0
s08,389,2.6017321212586229,test,0
s08,390,2.5927377270732088,test,0
s08,391,3.1349337639185872,test,0
s08,392,2.708366865568836,test,0
s08,393,3.1374068004629434,test,0
s08,394,3.0065180411162036,test,0
s08,395,2.8654495843743986,test,0
s08,396,2.7385921705166374,test,0
s08,397,2.221677744187855,test,0
s08,398,2.100019191954432,test,0
s08,399,1.9481548889286315,test,0
s08,400,1.8560580817460997,test,0
s08,401,2.2758031985237013,test,0
s08,402,2.8673808725290666,test,0
s08,403,2.5247593579385912,test,0
s08,404,2.5318362501606759,test,0
s08,405,2.169679880102612,test,0
s08,406,2.1010315098917878,test,0
s08,407,1.9239320836754252,test,0
s08,408,1.7992304279105724,test,0
s08,409,1.9174883937638032,test,0
s08,410,1.532620498399482,test,0
s08,411,1.4436757905526998,test,0
s08,412,2.2695069590575043,test,0
s08,413,2.0181995740853407,test,0
s08,414,2.2265140647471835,test,0
s08,415,2.2115169391267813,test,0
s08,416,2.9043282929100105,test,0
s08,417,2.5904108391028751,test,0
s08,418,2.231879986990521,test,0
s08,419,1.738296126630918,test,0
s08,420,2.4191496991988126,test,0
s08,421,2.5615974234263534,test,0
s08,422,2.979384792085308,test,0
s08,423,3.271533435866246,test,0
s08,424,3.1023705459131459,test,0
s08,425,2.939825387149829,test,0
s08,426,2.8109413256049001,test,0
s08,427,2.5113753811787527,test,0
s08,428,2.0305868797415001,test,0
s08,429,1.8999161574755279,test,0
s08,430,1.8426205027016278,test,0
s08,431,1.6402353481390468,test,0
s08,432,1.7671859129279002,test,0
s08,433,1.761780389973798,test,0
s08,434,1.7624374855947476,test,0
s08,435,1.5164966034697607,test,0
s08,436,1.5482257928525613,test,0
s08,437,2.1172675599368964,test,0
s08,438,2.3083514808032772,test,0
s08,439,2.3739708317251775,test,0
s08,440,2.4400935521737921,test,0
s08,441,2.1102536609109319,test,0
s08,442,2.1673260313579563,test,0
s08,443,1.6647064154274298,test,0
s08,444,2.1523459109943488,test,0
s08,445,1.9646272853093745,test,0
s08,446,1.7704268761802917,test,0
s08,447,2.0502633570001194,test,0
s08,448,2.2353440725513254,test,0
s08,449,1.8881110296035526,test,0
s08,450,1.8655009031098082,test,0
s08,451,1.1079693000576492,test,0
s08,452,1.438637352180707,test,0
s08,453,1.4880635780160081,test,0
s08,454,1.3419552387768923,test,0
s08,455,1.8186910945915078,test,0
s08,456,2.0471054497592966,test,0
s08,457,2.7154133943955387,test,0
s08,458,2.3202316870285191,test,0
s08,459,2.0623129187538272,test,0
s08,460,1.8641032096549621,test,0
s08,461,1.1496393086641983,test,0
s08,462,1.6864264964516427,test,0
s08,463,1.6419050351380633,test,0
s08,464,1.6376559164662701,test,0
s08,465,1.8223335418087903,test,0
s08,466,1.7598250138167941,test,0
s08,467,1.5959124700567981,test,0
s08,468,1.8003768004801251,test,0
s08,469,1.8354868470367425,test,0
s08,470,1.892892264037084,test,0
s08,471,2.1175179723218029,test,0
s08,472,2.0754426083016435,test,0
s08,473,1.602213002109504,test,0
s08,474,0.80013683997156548,test,0
s08,475,1.03249841892854,test,0
s08,476,1.3631301567683234,test,0
s08,477,1.5110883461677946,test,0
s08,478,1.664024666076263,test,0
s08,479,1.6309689067867601,test,0
s08,480,2.2225845649969238,test,0
s08,481,1.975512410365055,test,0
s08,482,2.3260288560512365,test,0
s08,483,2.3330199475255493,test,0
s08,484,2.1767899324699163,test,0
s08,485,2.0505103497126327,test,0
s08,486,1.8037184639982093,test,0
s08,487,1.9166650312389371,test,0
s08,488,1.978092987580748,test,0
s08,489,2.1500933372070725,test,0
s08,490,2.202132490243994,test,0
s08,491,1.8456251907428709,test,0
s08,492,1.2885465000973517,test,0
s08,493,1.3139875043950959,test,0
s08,494,1.7551568121304488,test,0
s08,495,1.8907963708257813,test,0
s08,496,1.7968929428532536,test,0
s08,497,1.7206906020284356,test,0
s08,498,1.210737781684645,test,0
s08,499,1.4704568799178095,test,0
s08,500,1.8843168027138801,test,0
s08,501,2.0632304864209754,test,0
s08,502,2.4219496516626289,test,0
s08,503,2.1989563537324748,test,0
s08,504,2.1724192226996619,test,0
s08,505,2.2300701319933158,test,0
s08,506,2.4564389624580012,test,0
s08,507,2.1123980628993135,test,0
s08,508,2.2514267919037994,test,0
s08,509,2.3780824536227274,test,0
s08,510,1.983219526713051,test,0
s08,511,2.4411631391289497,test,0
s08,512,2.3723023333830935,test,0
s08,513,2.1125345922362322,test,0
s08,514,2.1138598474528028,test,0
s08,515,2.3805810174392859,test,0
s08,516,2.4425796572056884,test,0
s08,517,2.3725499177760878,test,0
s08,518,1.8025880152005955,test,0
s08,519,2.2131458565619098,test,0
s08,520,2.4638539336100167,test,0
s08,521,2.6509477484338473,test,0
s08,522,2.3708748373171398,test,0
s08,523,2.4569352161475067,test,0
s08,524,1.9938831595501982,test,0
s08,525,2.4022445134868806,test,0
s08,526,2.6524014601141794,test,0
s08,527,2.4727067644378189,test,0
s08,528,1.5532539286164384,test,0
s08,529,1.2956098908427209,test,0
s08,530,1.5013187519875515,test,0
s08,531,1.5902532700913383,test,0
s08,532,1.5240953981671574,test,0
s08,533,1.5285003323713275,test,0
s08,534,1.7802965343967205,test,0
s08,535,1.3922928713471567,test,0
s08,536,1.6445737085433325,test,0
s08,537,1.482020315087297,test,0
s08,538,1.3619602800275197,test,0
s08,539,0.6363792226154753,test,0
s08,540,1.2685436237228651,test,0
s08,541,1.2841416729696089,test,0
s08,542,1.3585410969667187,test,0
s08,543,1.3219116283514054,test,0
s08,544,1.1940275202752755,test,0
s08,545,1.4321283702404659,test,0
s08,546,0.80172055153282851,test,0
s08,547,0.99222121485410619,test,0
s08,548,1.0155281826916371,test,0
s08,549,1.4200298013720722,test,0
s08,550,1.3552387867540847,test,0
s08,551,1.7780052663251438,test,0
s08,552,1.2760497776845523,test,0
s08,553,1.2826896805962751,test,0
s08,554,1.5521974920127812,test,0
s08,555,2.390110060525374,test,0
s08,556,2.3838183057372024,test,0
s08,557,2.254625986568001,test,0
s08,558,1.5156932534857694,test,0
s08,559,0.83566695983718753,test,0
s08,560,1.0668832078425554,test,0
s08,561,1.0302116855471311,test,0
s08,562,1.3189792679985408,test,0
s08,563,1.2847771561038193,test,0
s08,564,1.1948763866426531,test,0
s08,565,1.0873173255512114,test,0
s08,566,1.1158860852519281,test,0
s08,567,1.1229291273239039,test,0
s08,568,1.6153274215481568,test,0
s08,569,1.6094588133520309,test,0
s08,570,1.2984811648813075,test,0
s08,571,1.4683456017109708,test,0
s08,572,1.7656337805714679,test,0
s08,573,1.6774576541599799,test,0
s08,574,1.648183726204131,test,0
s08,575,1.660197303286806,test,0
s08,576,1.2130019375695529,test,0
s08,577,1.3525758421584655,test,0
s08,578,1.4253085076646186,test,0
s08,579,1.8455792628693579,test,0
s08,580,1.411629400810096,test,0
s08,581,1.5742706392000065,test,0
s08,582,1.7770015354447497,test,0
s08,583,1.5712132591123837,test,0
s08,584,1.8130144717478662,test,0
s08,585,1.9327892640158446,test,0
s08,586,1.6026101509179311,test,0
s08,587,1.7440798835491642,test,0
s08,588,1.8704001141872062,test,0
s08,589,1.9646925172138934,test,0
s08,590,1.5043136040788996,test,0
s08,591,1.3444825812996353,test,0
s08,592,1.1977695837928495,test,0
s08,593,1.111073567560058,test,0
s08,594,1.5145436808135695,test,0
s08,595,1.3567494252051664,test,0
s08,596,1.2419454714262212,test,0
s08,597,1.6614194530670616,test,0
s08,598,1.283078639516825,test,0
s08,599,1.3037621445481746,test,0
s09,0,0.15575437021586575,train,0
s09,1,0.90655847613532325,train,0
s09,2,1.5197355840613254,train,0
s09,3,1.5250926087791841,train,0
s09,4,1.8699163492200312,train,0
s09,5,1.3669960760265503,train,0
s09,6,1.3448194659753225,train,0
s09,7,1.483471743074686,train,0
s09,8,1.7507623237849572,train,0
s09,9,1.8425113944388749,train,0
s09,10,1.5072422146273325,train,0
s09,11,1.4757824827976576,train,0
s09,12,1.3063334545422982,train,0
s09,13,0.93302108039264331,train,0
s09,14,1.2325166607154685,train,0
s09,15,1.3247745363659165,train,0
s09,16,1.8278358155604923,train,0
s09,17,1.910536074367063,train,0
s09,18,2.3513587877978228,train,0
s09,19,2.2347403433120872,train,0
s09,20,1.9707075543350761,train,0
s09,21,1.6414161211381846,train,0
s09,22,1.6857142180226126,train,0
s09,23,1.9475395155536113,train,0
s09,24,1.4661352786370911,train,0
s09,25,0.99506773717707342,train,0
s09,26,1.4779852309544095,train,0
s09,27,1.4302010169901833,train,0
s09,28,1.7298618567397401,train,0
s09,29,2.0265438151294957,train,0
s09,30,1.8949925482912864,train,0
s09,31,2.001783972909732,train,0
s09,32,2.1255708512242792,train,0
s09,33,1.9181730138947495,train,0
s09,34,1.7134941467358487,train,0
s09,35,1.7408365205015439,train,0
s09,36,1.707841077297233,train,0
s09,37,1.2312920606894218,train,0
s09,38,1.6443420538170248,train,0
s09,39,1.7423970236386397,train,0
s09,40,1.835353970849583,train,0
s09,41,1.9784845653753074,train,0
s09,42,1.1459514297054487,train,0
s09,43,1.4633741544206558,train,0
s09,44,1.9547509183067149,train,0
s09,45,2.3160108288826482,train,0
s09,46,2.2680153025467211,train,0
s09,47,2.5104950990733443,train,0
s09,48,2.6095786616320948,train,0
s09,49,2.6582484754240934,train,0
s09,50,2.9521081703734158,train,0
s09,51,3.3212667534375306,train,0
s09,52,3.0937415282577461,train,0
s09,53,2.8460605798278875,train,0
s09,54,2.7645132759699167,train,0
s09,55,2.7656521933511202,train,0
s09,56,2.6738562742375942,train,0
s09,57,2.3270183176732364,train,0
s09,58,1.8992080323757041,train,0
s09,59,1.7251500582334598,train,0
s09,60,1.8477044424372988,train,0
s09,61,1.603782643657004,train,0
s09,62,1.5852736249431822,train,0
s09,63,1.7797377236796781,train,0
s09,64,1.8238678487972846,train,0
s09,65,1.9468226645837527,train,0
s09,66,2.1258899866086907,train,0
s09,67,1.9055085797279445,train,0
s09,68,2.1162194197109576,train,0
s09,69,2.0849443147344711,train,0
s09,70,2.0353519954230146,train,0
s09,71,2.6375360979592855,train,0
s09,72,2.45501650077526,train,0
s09,73,2.727522230137192,train,0
s09,74,2.7202140331739995,train,0
s09,75,3.3608654508582241,train,0
s09,76,3.0015997241541386,train,0
s09,77,2.7687491105296616,train,0
s09,78,2.8155448427211276,train,0
s09,79,2.4168165108402215,train,0
s09,80,2.2233568130087624,train,0
s09,81,2.3329684219545146,train,0
s09,82,2.1547117306528865,train,0
s09,83,1.6756550145418347,train,0
s09,84,1.771406484725079,train,0
s09,85,1.428937786933713,train,0
s09,86,1.3945709341030064,train,0
s09,87,1.5154381334073466,train,0
s09,88,1.98507336974116,train,0
s09,89,2.243045324303683,train,0
s09,90,2.3101288482056521,train,0
s09,91,2.0781959067712696,train,0
s09,92,2.0793585842515592,train,0
s09,93,1.8373247511343018,train,0
s09,94,1.7878258638654023,train,0
s09,95,1.6877095072411679,train,0
s09,96,2.2954024377540145,train,0
s09,97,2.3118553896508294,train,0
s09,98,1.8639151550762039,train,0
s09,99,1.2910547750436603,train,0
s09,100,1.0934102991431596,train,0
s09,101,1.4776897007566783,train,0
s09,102,2.3193099781302151,train,0
s09,103,2.4989359826089697,train,0
s09,104,1.7850623954815505,train,0
s09,105,1.481381269150662,train,0
s09,106,1.6312892400549439,train,0
s09,107,1.4641077796212401,train,0
s09,108,1.4437439933913516,train,0
s09,109,0.87554431556467316,train,0
s09,110,1.0533426517606723,train,0
s09,111,1.1573824894184697,train,0
s09,112,0.84415625944798656,train,0
s09,113,1.0243022054848925,train,0
s09,114,0.96281845005538758,train,0
s09,115,1.165459157222563,train,0
s09,116,0.6771983978887558,train,0
s09,117,0.82670399932040328,train,0
s09,118,0.49062415417646843,train,0
s09,119,0.83373326025574568,train,0
s09,120,0.74607978323052349,train,0
s09,121,1.2275233131574295,train,0
s09,122,1.237084659033826,train,0
s09,123,1.4366776041045626,train,0
s09,124,1.4982339709969479,train,0
s09,125,1.7856526266218251,train,0
s09,126,2.0914008307042637,train,0
s09,127,2.1518357997681945,train,0
s09,128,2.1704547885118788,train,0
s09,129,1.8004267577424615,train,0
s09,130,2.1418064265750152,train,0
s09,131,2.0269817827048224,train,0
s09,132,1.6187958638659765,train,0
s09,133,1.5789727442915036,train,0
s09,134,0.87362490316995733,train,0
s09,135,1.4529108331076706,train,0
s09,136,1.2400415665930926,train,0
s09,137,1.4513429762137697,train,0
s09,138,1.6949958908626375,train,0
s09,139,1.8924712407863,train,0
s09,140,1.6935501732577427,train,0
s09,141,1.8427195532184695,train,0
s09,142,1.318224414195925,train,0
s09,143,1.4504363190807736,train,0
s09,144,1.9599459178209993,train,0
s09,145,2.1582842932364024,train,0
s09,146,2.2001576112271688,train,0
s09,147,2.2463558349607737,train,0
s09,148,1.9727591557115709,train,0
s09,149,2.1122211874133212,train,0
s09,150,2.4047050680068565,train,0
s09,151,2.4727891147292658,train,0
s09,152,1.6463315007803714,train,0
s09,153,1.6970331529864631,train,0
s09,154,1.6015956917341352,train,0
s09,155,1.4648700354914255,train,0
s09,156,0.99121242217641137,train,0
s09,157,0.90475366618461417,train,0
s09,158,1.6084961567839764,train,0
s09,159,1.6672465622561345,train,0
s09,160,1.2478695330033691,train,0
s09,161,1.5881444147438502,train,0
s09,162,1.8224169829988297,train,0
s09,163,1.7936687734306287,train,0
s09,164,2.3482352566638967,train,0
s09,165,1.7009393305952187,train,0
s09,166,2.1347513731816607,train,0
s09,167,1.9788054543442459,train,0
s09,168,1.6922861019302187,train,0
s09,169,1.441515077182602,train,0
s09,170,1.5468082009417707,train,0
s09,171,1.6555511247734576,train,0
s09,172,1.7320694992625012,train,0
s09,173,1.5778416872554764,train,0
s09,174,1.7842609225800785,train,0
s09,175,2.0616171570579076,train,0
s09,176,1.8317690544977685,train,0
s09,177,1.8890513418371455,train,0
s09,178,1.9654547243051732,train,0
s09,179,1.8203363108853468,train,0
s09,180,1.4886223909631777,train,0
s09,181,1.7777812275444973,train,0
s09,182,1.4251839005091631,train,0
s09,183,1.1671985259623767,train,0
s09,184,1.1798947826296089,train,0
s09,185,1.5186017811296839,train,0
s09,186,1.6983788639019604,train,0
s09,187,1.5464421517456206,train,0
s09,188,1.6545561598981648,train,0
s09,189,1.8443010831590438,train,0
s09,190,1.7177046822862352,train,0
s09,191,1.0948666099605684,train,0
s09,192,0.95801527045242985,train,0
s09,193,1.5584541610783791,train,0
s09,194,1.1415403518076448,train,0
s09,195,1.1647473264500101,train,0
s09,196,1.6135720795346049,train,0
s09,197,1.4031813846258709,train,0
s09,198,2.1059267278364215,train,0
s09,199,2.117525649397459,train,0
s09,200,1.8612915100091929,calibration,0
s09,201,1.3601839474211284,calibration,0
s09,202,1.0203439397177876,calibration,0
s09,203,1.2950977448693699,calibration,0
s09,204,1.5644821131818694,calibration,0
s09,205,1.0006010982780247,calibration,0
s09,206,1.6843204461714012,calibration,0
s09,207,1.5032501279239221,calibration,0
s09,208,1.8340339920116833,calibration,0
s09,209,1.1545174256405024,calibration,0
s09,210,1.2084194393679526,calibration,0
s09,211,1.0331983180192152,calibration,0
s09,212,1.5047733800997676,calibration,0
s09,213,1.9613357150691402,calibration,0
s09,214,1.5855717067589468,calibration,0
s09,215,1.5322497432720072,calibration,0
s09,216,0.98016354812528694,calibration,0
s09,217,1.128398963404182,calibration,0
s09,218,0.65735322247622863,calibration,0
s09,219,0.74692929950292297,calibration,0
s09,220,0.53552755591232892,calibration,0
s09,221,0.77213668797805135,calibration,0
s09,222,0.88310325750770269,calibration,0
s09,223,0.5819646947773347,calibration,0
s09,224,0.81327329331868992,calibration,0
s09,225,0.47855744408643464,calibration,0
s09,226,0.80009103654509195,calibration,0
s09,227,1.1542841754026809,calibration,0
s09,228,0.88106382872052591,calibration,0
s09,229,1.0889361291990798,calibration,0
s09,230,1.3107084366030652,calibration,0
s09,231,1.4595251090572685,calibration,0
s09,232,1.3727305060276236,calibration,0
s09,233,1.2716997448936791,calibration,0
s09,234,1.418301824605239,calibration,0
s09,235,1.2677252052670194,calibration,0
s09,236,1.3665950840866872,calibration,0
s09,237,1.1444069638489802,calibration,0
s09,238,1.0527727348919218,calibration,0
s09,239,1.086105323875594,calibration,0
s09,240,1.2473459479935478,calibration,0
s09,241,0.98044240313651787,calibration,0
s09,242,1.2653128660555484,calibration,0
s09,243,0.98801120924515984,calibration,0
s09,244,0.78179794708599859,calibration,0
s09,245,0.37336330014644092,calibration,0
s09,246,0.67153415804570904,calibration,0
s09,247,1.4275319780479891,calibration,0
s09,248,1.1176519160846452,calibration,0
s09,249,1.0200991132106885,calibration,0
s09,250,1.151868992010435,calibration,0
s09,251,1.5170686817123658,calibration,0
s09,252,1.6082689029672441,calibration,0
s09,253,1.898874749537989,calibration,0
s09,254,1.8262605025448235,calibration,0
s09,255,2.0659400284036509,calibration,0
s09,256,2.0078829036004247,calibration,0
s09,257,2.0017586878709177,calibration,0
s09,258,1.5049487481269246,calibration,0
s09,259,2.0089891597064904,calibration,0
s09,260,1.9551343688847918,calibration,0
s09,261,1.8957346673776283,calibration,0
s09,262,2.0655178182829732,calibration,0
s09,263,2.1619384733677451,calibration,0
s09,264,1.9543712747770452,calibration,0
s09,265,2.2099504249864133,calibration,0
s09,266,2.1271167600968917,calibration,0
s09,267,2.007000827310061,calibration,0
s09,268,1.8011421329163142,calibration,0
s09,269,1.8919991584783225,calibration,0
s09,270,1.9951000693362968,calibration,0
s09,271,1.6366318037462229,calibration,0
s09,272,1.8197347049733898,calibration,0
s09,273,2.2704104994706191,calibration,0
s09,274,1.9053893787487399,calibration,0
s09,275,1.4776617678574968,calibration,0
s09,276,1.7551538208636246,calibration,0
s09,277,2.1459717983397995,calibration,0
s09,278,1.9071093329615716,calibration,0
s09,279,1.8307874212300819,calibration,0
s09,280,1.9585620662179695,calibration,0
s09,281,1.6621937730153684,calibration,0
s09,282,1.7887904683218325,calibration,0
s09,283,2.2296835931425343,calibration,0
s09,284,2.2428084770428889,calibration,0
s09,285,2.4685420896864492,calibration,0
s09,286,3.0337485312027548,calibration,0
s09,287,3.0579851996016654,calibration,0
s09,288,2.6394416461286663,calibration,0
s09,289,1.9177399288330041,calibration,0
s09,290,1.8778816697166285,calibration,0
s09,291,1.9807368283049724,calibration,0
s09,292,1.7454499201709728,calibration,0
s09,293,1.937046099281694,calibration,0
s09,294,2.1222206827798251,calibration,0
s09,295,2.4667137473863323,calibration,0
s09,296,2.1828571019681458,calibration,0
s09,297,2.2939564009531779,calibration,0
s09,298,1.9952511126942809,calibration,0
s09,299,1.6246085315922865,calibration,0
s09,300,1.9617122911062772,calibration,0
s09,301,2.1497377430378468,calibration,0
s09,302,2.3165430607943023,calibration,0
s09,303,2.3155493280623984,calibration,0
s09,304,2.4889780185438881,calibration,0
s09,305,1.9374919173720122,calibration,0
s09,306,1.9067112169038953,calibration,0
s09,307,1.8683754303236768,calibration,0
s09,308,1.8626698418933332,calibration,0
s09,309,1.4364177277477919,calibration,0
s09,310,1.5007285273941415,calibration,0
s09,311,2.0704425355849869,calibration,0
s09,312,2.0319844789483708,calibration,0
s09,313,1.0139321051165446,calibration,0
s09,314,1.0703547436291485,calibration,0
s09,315,1.2466300521381339,calibration,0
s09,316,0.75923238575081808,calibration,0
s09,317,1.1660498322309585,calibration,0
s09,318,0.9786179552772194,calibration,0
s09,319,0.8996362665476707,calibration,0
s09,320,1.6252071507291579,calibration,0
s09,321,1.3865141600363129,calibration,0
s09,322,1.4476831336655434,calibration,0
s09,323,1.3076759614661304,calibration,0
s09,324,0.8889323183961414,calibration,0
s09,325,1.649802251826185,calibration,0
s09,326,1.3018154148664893,calibration,0
s09,327,1.5790297345270803,calibration,0
s09,328,1.6367909783321863,calibration,0
s09,329,1.9066373552714011,calibration,0
s09,330,1.7420805849890304,calibration,0
s09,331,1.5858716192768829,calibration,0
s09,332,1.231979623963483,calibration,0
s09,333,1.7293630654389966,calibration,0
s09,334,1.6801986810786176,calibration,0
s09,335,1.5020602071633193,calibration,0
s09,336,1.5051164504837504,calibration,0
s09,337,1.2710694816527817,calibration,0
s09,338,1.4668302710567507,calibration,0
s09,339,1.6192629465240869,calibration,0
s09,340,1.9539293379462057,calibration,0
s09,341,1.7940400477017013,calibration,0
s09,342,1.4402550526711893,calibration,0
s09,343,1.2287583655647587,calibration,0
s09,344,1.1131970191016065,calibration,0
s09,345,0.73056518751287891,calibration,0
s09,346,1.167748588476865,calibration,0
s09,347,1.5022099591907088,calibration,0
s09,348,1.5757093596255214,calibration,0
s09,349,1.4239232850215866,calibration,0
s09,350,1.4352657313571129,test,0
s09,351,1.1703387235093863,test,0
s09,352,1.3954318826200178,test,0
s09,353,1.6065062808656025,test,0
s09,354,1.7996213156648726,test,0
s09,355,1.7359937573814712,test,0
s09,356,1.5192561412417767,test,0
s09,357,1.4110836857429243,test,0
s09,358,1.3729085795024827,test,0
s09,359,1.4696672370807673,test,0
s09,360,1.1696615105731885,test,0
s09,361,1.2753330561736629,test,0
s09,362,0.85962903388060907,test,0
s09,363,1.1176747765958333,test,0
s09,364,1.9777669187475948,test,0
s09,365,2.1883804560306248,test,0
s09,366,1.8571723315108439,test,0
s09,367,1.6537836409825153,test,0
s09,368,1.8039490343734488,test,0
s09,369,1.6545941417947838,test,0
s09,370,2.1401353333720916,test,0
s09,371,2.3242146391389245,test,0
s09,372,1.9950026991425385,test,0
s09,373,1.7503174720247989,test,0
s09,374,2.0294378686444881,test,0
s09,375,1.0779567496286018,test,0
s09,376,1.302336265448734,test,0
s09,377,1.6050496586405192,test,0
s09,378,1.0229377746125339,test,0
s09,379,1.2031776237214893,test,0
s09,380,1.0678074054743858,test,0
s09,381,1.6384785008047986,test,0
s09,382,2.095901465426798,test,0
s09,383,2.1240480457092747,test,0
s09,384,2.4662164297948443,test,0
s09,385,2.1916332234751095,test,0
s09,386,2.1545166146975556,test,0
s09,387,2.4227028947187845,test,0
s09,388,2.3245824742135017,test,0
s09,389,2.3594317128592524,test,0
s09,390,2.1020870329150432,test,0
s09,391,1.6808275271617887,test,0
s09,392,1.0547889135529651,test,0
s09,393,0.83146777383382198,test,0
s09,394,0.9787432446342369,test,0
s09,395,1.0284073480285103,test,0
s09,396,1.8397444878991811,test,0
s09,397,1.5743296623214456,test,0
s09,398,2.3472096257044837,test,0
s09,399,1.851275241126866,test,0
s09,400,2.4250526638296828,test,0
s09,401,1.8841171350952761,test,0
s09,402,2.3437849034425362,test,0
s09,403,2.2345050538562106,test,0
s09,404,1.8980289931791299,test,0
s09,405,1.9689960869937535,test,0
s09,406,1.4635179421235551,test,0
s09,407,1.7758457873621285,test,0
s09,408,1.5415830527154741,test,0
s09,409,1.7240610856837164,test,0
s09,410,1.861374427478738,test,0
s09,411,1.4966664579713593,test,0
s09,412,1.5149060939091197,test,0
s09,413,1.5129564784789014,test,0
s09,414,1.4214514557514579,test,0
s09,415,1.7309492720734565,test,0
s09,416,1.6805179642557035,test,0
s09,417,1.9070983734039497,test,0
s09,418,2.0634184937080629,test,0
s09,419,1.850296738658231,test,0
s09,420,1.7659551085098575,test,0
s09,421,1.7860889779469162,test,0
s09,422,1.89795958598673,test,0
s09,423,1.1316633564335521,test,0
s09,424,1.3009319261659769,test,0
s09,425,1.6820100216142881,test,0
s09,426,2.3325218225766902,test,0
s09,427,2.2727779092878673,test,0
s09,428,2.0316337466565897,test,0
s09,429,1.3669199054803749,test,0
s09,430,1.5042411973100482,test,0
s09,431,1.6678780224036855,test,0
s09,432,1.6024129815241439,test,0
s09,433,1.4721001939253244,test,0
s09,434,1.8984480644610793,test,0
s09,435,1.8189321403885157,test,0
s09,436,1.6948691182792108,test,0
s09,437,1.7048748354685415,test,0
s09,438,1.8668033100223118,test,0
s09,439,2.3203992331612597,test,0
s09,440,2.2037891593267456,test,0
s09,441,2.2243206257610333,test,0
s09,442,2.3443110903942199,test,0
s09,443,2.6180855082812875,test,0
s09,444,2.8277149336094176,test,0
s09,445,2.3699105908822546,test,0
s09,446,2.2251387803338263,test,0
s09,447,2.4245170617030412,test,0
s09,448,2.1042313728254509,test,0
s09,449,2.1824760313035143,test,0
s09,450,2.6005529389279518,test,0
s09,451,2.2781997636281615,test,0
s09,452,1.9653972582374273,test,0
s09,453,2.1851743777597399,test,0
s09,454,2.0233757563806058,test,0
s09,455,1.73476904971487,test,0
s09,456,1.7257914217981198,test,0
s09,457,1.6076025157513647,test,0
s09,458,1.4613652782907063,test,0
s09,459,1.5751587331379402,test,0
s09,460,1.6534210330882513,test,0
s09,461,1.8006037270550506,test,0
s09,462,1.3743090713576618,test,0
s09,463,1.3070678679782255,test,0
s09,464,1.5705477877223166,test,0
s09,465,2.2726125740052008,test,0
s09,466,2.5654304312160923,test,0
s09,467,2.2942761714849351,test,0
s09,468,2.6563237955761223,test,0
s09,469,2.4181033485483248,test,0
s09,470,2.1914942742208128,test,0
s09,471,2.6616574486835387,test,0
s09,472,2.4205668637613185,test,0
s09,473,2.2936551860852252,test,0
s09,474,2.4353293395339901,test,0
s09,475,2.0567686361593029,test,0
s09,476,1.692720399389827,test,0
s09,477,1.6570452422730555,test,0
s09,478,1.4887404579660943,test,0
s09,479,1.6105372035061154,test,0
s09,480,1.4326666704330273,test,0
s09,481,2.0689307211544734,test,0
s09,482,1.5320453715582278,test,0
s09,483,1.9021625672514351,test,0
s09,484,1.8359364028677672,test,0
s09,485,2.0697030171993407,test,0
s09,486,1.8449523260620926,test,0
s09,487,1.7244832318475298,test,0
s09,488,1.5520375146760934,test,0
s09,489,1.6111177651189599,test,0
s09,490,1.2598876128619896,test,0
s09,491,1.6630638180114392,test,0
s09,492,1.1783745762416922,test,0
s09,493,1.1385221006069621,test,0
s09,494,1.0580546730139995,test,0
s09,495,1.3903224017730065,test,0
s09,496,1.6201157392142655,test,0
s09,497,1.3743243832424419,test,0
s09,498,1.0155517840905672,test,0
s09,499,1.3098987894190888,test,0
s09,500,1.1255147168014268,test,0
s09,501,1.8221078291283428,test,0
s09,502,1.6313951865047163,test,0
s09,503,2.0100810973543286,test,0
s09,504,1.6499690108891267,test,0
s09,505,1.4969162499828441,test,0
s09,506,2.3930968939174813,test,0
s09,507,2.3100599807162241,test,0
s09,508,2.3841357472210869,test,0
s09,509,2.5718256993574493,test,0
s09,510,2.27780795437863,test,0
s09,511,1.8199148226468382,test,0
s09,512,1.7973837007841096,test,0
s09,513,1.7263887987295352,test,0
s09,514,2.2519965523124914,test,0
s09,515,1.5622032274122439,test,0
s09,516,1.8236550600158663,test,0
s09,517,1.2816941645193818,test,0
s09,518,1.0735474985914359,test,0
s09,519,1.16989257522502,test,0
s09,520,0.64905877920396249,test,0
s09,521,0.79635335069181612,test,0
s09,522,1.1787503968259734,test,0
s09,523,1.2209868870008007,test,0
s09,524,1.0459876219689188,test,0
s09,525,1.3719525614987969,test,0
s09,526,1.2238199204210842,test,0
s09,527,1.8016361901715272,test,0
s09,528,2.5061224840531602,test,0
s09,529,2.8704696009640376,test,0
s09,530,2.509033360138393,test,0
s09,531,2.3820259380920965,test,0
s09,532,2.1999473797966651,test,0
s09,533,2.0823610248414481,test,0
s09,534,1.6996229109022893,test,0
s09,535,1.8568749714504158,test,0
s09,536,1.9701245004443018,test,0
s09,537,1.5944546044747665,test,0
s09,538,1.4296114230157773,test,0
s09,539,1.6454951231909996,test,0
s09,540,1.7487892173173256,test,0
s09,541,2.2074051827524466,test,0
s09,542,1.8843972570158327,test,0
s09,543,1.7907375990825409,test,0
s09,544,1.6878623649877122,test,0
s09,545,1.4128319430726808,test,0
s09,546,1.1871961192650682,test,0
s09,547,1.591568478132545,test,0
s09,548,1.4615389420226808,test,0
s09,549,1.5790981483926991,test,0
s09,550,2.0146464329230636,test,0
s09,551,1.598360483775894,test,0
s09,552,2.1395884497049291,test,0
s09,553,2.1724191285818089,test,0
s09,554,1.5944231871878003,test,0
s09,555,1.310090908357664,test,0
s09,556,1.1604893661213418,test,0
s09,557,1.203707809177728,test,0
s09,558,1.6179747496735217,test,0
s09,559,1.6627451536159354,test,0
s09,560,1.6814901497040848,test,0
s09,561,1.411343786282236,test,0
s09,562,1.7086999254692226,test,0
s09,563,1.9961429788272147,test,0
s09,564,2.7977744448351558,test,0
s09,565,2.5669195009811134,test,0
s09,566,1.9892344555726331,test,0
s09,567,2.0898665055516976,test,0
s09,568,2.280352286567584,test,0
s09,569,2.4266145420608431,test,0
s09,570,2.1267905838080172,test,0
s09,571,1.9941096820595423,test,0
s09,572,1.497728255056304,test,0
s09,573,1.1779738320324111,test,0
s09,574,1.1580446551548833,test,0
s09,575,1.2914036187944287,test,0
s09,576,1.3999762259188964,test,0
s09,577,0.97836356722974605,test,0
s09,578,0.85359526768393645,test,0
s09,579,0.72701317846670277,test,0
s09,580,0.54668620756532849,test,0
s09,581,0.83408151639665806,test,0
s09,582,1.131518457291584,test,0
s09,583,1.1703002803428533,test,0
s09,584,0.92151046341255249,test,0
s09,585,0.58277383576374242,test,0
s09,586,1.3234366494534973,test,0
s09,587,1.4637902855942764,test,0
s09,588,1.3642958111079941,test,0
s09,589,1.4164527761795855,test,0
s09,590,1.3570849544819223,test,0
s09,591,1.8930716656071094,test,0
s09,592,1.7752256535220543,test,0
s09,593,1.7928199328647767,test,0
s09,594,1.5396017359704044,test,0
s09,595,1.3114413339317403,test,0
s09,596,0.77064333168102417,test,0
s09,597,1.2812993315304231,test,0
s09,598,1.4755412002498867,test,0
s09,599,1.4580213913053148,test,0
s10,0,-0.037822329905705332,train,0
s10,1,-0.021971176430677253,train,0
s10,2,0.54023143723134803,train,0
s10,3,0.790284309603694,train,0
s10,4,0.65762852067247857,train,0
s10,5,0.92689071343664931,train,0
s10,6,1.0061746295047003,train,0
s10,7,1.790967220613342,train,0
s10,8,2.106720277815691,train,0
s10,9,2.1592469195754118,train,0
s10,10,2.3803655138067366,train,0
s10,11,2.0991987215972809,train,0
s10,12,1.8233173896190404,train,0
s10,13,1.6842017259036983,train,0
s10,14,1.9290996003735252,train,0
s10,15,2.2344898793427266,train,0
s10,16,1.6758005488252732,train,0
s10,17,2.011345710727567,train,0
s10,18,1.53654861014706,train,0
s10,19,1.3669867485572318,train,0
s10,20,1.4135427097429736,train,0
s10,21,1.5584915503285444,train,0
s10,22,1.4466114627130964,train,0
s10,23,1.7880620798164328,train,0
s10,24,1.9406181922619055,train,0
s10,25,2.0411083535332928,train,0
s10,26,2.1695243471198795,train,0
s10,27,2.1927075311111142,train,0
s10,28,1.9690175211757825,train,0
s10,29,2.0767514425412159,train,0
s10,30,2.028686469104076,train,0
s10,31,1.6187294734328408,train,0
s10,32,1.7106077507403472,train,0
s10,33,2.2152557415074328,train,0
s10,34,2.1846887533509993,train,0
s10,35,2.589561131141326,train,0
s10,36,2.2238539115671832,train,0
s10,37,2.3572231062466136,train,0
s10,38,2.0832547856891677,train,0
s10,39,2.3845558484962606,train,0
s10,40,1.8303382685592637,train,0
s10,41,1.5538154057045324,train,0
s10,42,1.3705245528496655,train,0
s10,43,1.1997145233383539,train,0
s10,44,1.2337725054501536,train,0
s10,45,0.89843580931466682,train,0
s10,46,1.2069555508552385,train,0
s10,47,1.0558132008582475,train,0
s10,48,1.7475261686183547,train,0
s10,49,1.624386753465384,train,0
s10,50,1.8223304943305763,train,0
s10,51,1.5974396289113413,train,0
s10,52,1.6718853812364254,train,0
s10,53,2.0230308359600917,train,0
s10,54,2.0832943606795213,train,0
s10,55,2.3584364107863891,train,0
s10,56,2.6726933790258856,train,0
s10,57,3.0005846614958687,train,0
s10,58,2.749529479981943,train,0
s10,59,2.7579113794312309,train,0
s10,60,2.3563702617613282,train,0
s10,61,2.0481253028924411,train,0
s10,62,1.6639055871390072,train,0
s10,63,1.6976830659561943,train,0
s10,64,1.8892461812816008,train,0
s10,65,1.7600171555272854,train,0
s10,66,1.6722368600239463,train,0
s10,67,1.3095735267471884,train,0
s10,68,1.3007568996916747,train,0
s10,69,1.4460351357786936,train,0
s10,70,1.5286492056102681,train,0
s10,71,1.4876792396469893,train,0
s10,72,1.3147176352048293,train,0
s10,73,1.8084208322107853,train,0
s10,74,2.1314412181153348,train,0
s10,75,2.0662646991746123,train,0
s10,76,1.318674720183219,train,0
s10,77,1.8214444454705061,train,0
s10,78,1.925326556665321,train,0
s10,79,1.5933792544096252,train,0
s10,80,1.9818512721509298,train,0
s10,81,2.2305439035067196,train,0
s10,82,1.93701951685907,train,0
s10,83,1.9676451914537576,train,0
s10,84,2.1227994723620274,train,0
s10,85,2.0980270722846632,train,0
s10,86,1.5294811365206864,train,0
s10,87,1.4581836272077544,train,0
s10,88,1.8483652546358691,train,0
s10,89,1.8691052600829225,train,0
s10,90,1.6220223987361981,train,0
s10,91,1.4356663016805646,train,0
s10,92,1.5739291409452818,train,0
s10,93,1.5723653056031901,train,0
s10,94,1.7016788558240492,train,0
s10,95,1.7837208181599398,train,0
s10,96,1.9472020905011787,train,0
s10,97,1.2531767644353531,train,0
s10,98,1.7386479504621706,train,0
s10,99,2.0931169671811047,train,0
s10,100,1.9951042190216992,train,0
s10,101,1.4361917633295169,train,0
s10,102,1.7668303803868572,train,0
s10,103,2.1228210450140796,train,0
s10,104,1.8008705591145502,train,0
s10,105,2.0001203195776731,train,0
s10,106,1.9260926716642885,train,0
s10,107,1.3685494184257523,train,0
s10,108,1.3089022476937189,train,0
s10,109,1.3195396198882701,train,0
s10,110,0.87347390721202511,train,0
s10,111,0.70693988756726833,train,0
s10,112,0.74693427094351228,train,0
s10,113,1.4569176406306474,train,0
s10,114,1.8174588880644091,train,0
s10,115,1.9562424433832213,train,0
s10,116,1.8923809094946293,train,0
s10,117,1.8942533299410533,train,0
s10,118,2.1355683387607347,train,0
s10,119,2.4750326454902316,train,0
s10,120,2.2047664223755667,train,0
s10,121,1.6855871976649268,train,0
s10,122,2.2232641127483017,train,0
s10,123,1.7977943310472511,train,0
s10,124,2.4527597406814259,train,0
s10,125,2.46377946571427,train,0
s10,126,2.4261674077958544,train,0
s10,127,2.5606913757130427,train,0
s10,128,2.7378985193509426,train,0
s10,129,2.5944914824396252,train,0
s10,130,2.23211697803033,train,0
s10,131,2.3156365846013971,train,0
s10,132,2.5360520965899651,train,0
s10,133,2.5814943993031911,train,0
s10,134,2.2446012659217187,train,0
s10,135,2.3520523857176694,train,0
s10,136,2.0673480468586067,train,0
s10,137,1.2466599616524481,train,0
s10,138,0.89642513465035001,train,0
s10,139,1.3611249024825491,train,0
s10,140,1.1777857161604066,train,0
s10,141,1.2945898128655207,train,0
s10,142,1.1974105462094811,train,0
s10,143,1.3421373389588036,train,0
s10,144,1.4630592339089863,train,0
s10,145,1.6313446839829229,train,0
s10,146,1.7878021963853841,train,0
s10,147,1.1939380154046195,train,0
s10,148,1.0437692799339608,train,0
s10,149,0.71788811985546963,train,0
s10,150,1.1315238631019826,train,0
s10,151,1.4726637945597081,train,0
s10,152,1.9082284779242955,train,0
s10,153,2.3392842204294788,train,0
s10,154,2.8324215509093542,train,0
s10,155,2.7083542590704255,train,0
s10,156,2.4170321030897632,train,0
s10,157,2.4687440514653622,train,0
s10,158,2.2965373763960426,train,0
s10,159,2.1069842188950294,train,0
s10,160,2.3785695915958169,train,0
s10,161,2.2554546097119217,train,0
s10,162,2.8188028086742474,train,0
s10,163,2.4181993797601327,train,0
s10,164,2.0078932585461957,train,0
s10,165,2.2752127501457244,train,0
s10,166,2.192231827676606,train,0
s10,167,1.9383740295774681,train,0
s10,168,1.4844080843302152,train,0
s10,169,1.2913803301914288,train,0
s10,170,1.3321466730499911,train,0
s10,171,1.3981631909554504,train,0
s10,172,1.5440169405796955,train,0
s10,173,1.1913888122861132,train,0
s10,174,2.1552958591847502,train,0
s10,175,2.1925332451720108,train,0
s10,176,2.2764159802171453,train,0
s10,177,2.1626283057715172,train,0
s10,178,2.0245526904170208,train,0
s10,179,1.870290596781794,train,0
s10,180,1.5503006231724266,train,0
s10,181,1.5000176460441279,train,0
s10,182,1.4868352918401335,train,0
s10,183,1.4433788664774394,train,0
s10,184,1.3659595900567347,train,0
s10,185,0.93029536501515997,train,0
s10,186,1.6569118185837257,train,0
s10,187,1.5008975436673262,train,0
s10,188,1.1027761542931303,train,0
s10,189,0.97665892797996701,train,0
s10,190,0.70049189900444131,train,0
s10,191,0.70152777745596184,train,0
s10,192,0.99138555909097981,train,0
s10,193,1.0991181959279159,train,0
s10,194,0.94380753335021739,train,0
s10,195,1.035395536386811,train,0
s10,196,1.3745885249321845,train,0
s10,197,1.2028704046152345,train,0
s10,198,1.3961731661018866,train,0
s10,199,1.6851624156338201,train,0
s10,200,1.3902476526549361,calibration,0
s10,201,1.6763175211922463,calibration,0
s10,202,1.3813822650445267,calibration,0
s10,203,1.3417471496512938,calibration,0
s10,204,1.5618956718660555,calibration,0
s10,205,1.434493597341993,calibration,0
s10,206,1.2681288741888659,calibration,0
s10,207,1.3909851298184222,calibration,0
s10,208,1.8188379082414938,calibration,0
s10,209,1.7654743415554903,calibration,0
s10,210,1.3818486921379232,calibration,0
s10,211,1.3523370724132724,calibration,0
s10,212,1.2790740859046785,calibration,0
s10,213,1.7093129920704908,calibration,0
s10,214,1.7553563762001694,calibration,0
s10,215,1.6182906504321359,calibration,0
s10,216,1.6136145410520124,calibration,0
s10,217,1.5940760711042323,calibration,0
s10,218,1.1622207976301664,calibration,0
s10,219,1.64668829922697,calibration,0
s10,220,1.5174147370267237,calibration,0
s10,221,1.3735091818763434,calibration,0
s10,222,1.845824027527587,calibration,0
s10,223,1.801172969699619,calibration,0
s10,224,1.3921644452429751,calibration,0
s10,225,1.0939648872716328,calibration,0
s10,226,1.1416841320835867,calibration,0
s10,227,0.76934825802750484,calibration,0
s10,228,1.2249378038602026,calibration,0
s10,229,1.2520250408804532,calibration,0
s10,230,1.0838797352359308,calibration,0
s10,231,1.0179772914571599,calibration,0
s10,232,1.193459316465078,calibration,0
s10,233,1.2219855902350836,calibration,0
s10,234,1.0282716526671982,calibration,0
s10,235,1.2848488140933914,calibration,0
s10,236,1.671633504208323,calibration,0
s10,237,1.512589542221451,calibration,0
s10,238,1.9298049321023398,calibration,0
s10,239,2.1717836966307198,calibration,0
s10,240,1.9477610358499735,calibration,0
s10,241,1.7885105733152054,calibration,0
s10,242,1.2944350070331674,calibration,0
s10,243,1.5082026062543687,calibration,0
s10,244,1.4569115108394612,calibration,0
s10,245,1.8943722720497451,calibration,0
s10,246,1.9243707675313577,calibration,0
s10,247,1.6378760643680044,calibration,0
s10,248,1.0597093369495751,calibration,0
s10,249,0.83942663426184994,calibration,0
s10,250,0.89404092286047643,calibration,0
s10,251,0.74654093158738111,calibration,0
s10,252,1.2746069568847727,calibration,0
s10,253,1.535066332642915,calibration,0
s10,254,0.9928708185341254,calibration,0
s10,255,0.95233992893519093,calibration,0
s10,256,0.83147970669537685,calibration,0
s10,257,1.05061521310275,calibration,0
s10,258,1.013279837429417,calibration,0
s10,259,1.4850938706043566,calibration,0
s10,260,1.3645857168043567,calibration,0
s10,261,1.2668502532201165,calibration,0
s10,262,1.8236240969273747,calibration,0
s10,263,1.4322962046461569,calibration,0
s10,264,1.3311231831369701,calibration,0
s10,265,1.9747932556112637,calibration,0
s10,266,1.2323888553624944,calibration,0
s10,267,1.0925727350976016,calibration,0
s10,268,0.83327639522178654,calibration,0
s10,269,0.90850183162177056,calibration,0
s10,270,0.98025936334458097,calibration,0
s10,271,0.85151604128268876,calibration,0
s10,272,1.0550621330464034,calibration,0
s10,273,1.2067697500267089,calibration,0
s10,274,1.8326554223508504,calibration,0
s10,275,1.7623988095786871,calibration,0
s10,276,1.5592288391200559,calibration,0
s10,277,1.724334028693058,calibration,0
s10,278,1.9981842244879906,calibration,0
s10,279,1.7438590080172371,calibration,0
s10,280,1.8488660720675356,calibration,0
s10,281,1.7527564254594488,calibration,0
s10,282,1.4363731281299121,calibration,0
s10,283,1.7572085569119409,calibration,0
s10,284,1.4877172680106543,calibration,0
s10,285,1.6030565328239856,calibration,0
s10,286,1.1983491593057631,calibration,0
s10,287,1.3208196449555238,calibration,0
s10,288,1.1747132231022717,calibration,0
s10,289,0.72760245950628744,calibration,0
s10,290,0.66736424565229191,calibration,0
s10,291,0.50890118796246087,calibration,0
s10,292,0.76922129166224196,calibration,0
s10,293,1.7080394915507409,calibration,0
s10,294,1.7028657022878053,calibration,0
s10,295,1.5487075000858885,calibration,0
s10,296,1.6134666457677707,calibration,0
s10,297,1.2905783011678342,calibration,0
s10,298,1.6163511153580699,calibration,0
s10,299,1.6680101473074322,calibration,0
s10,300,2.0205767783699331,calibration,0
s10,301,2.3100639200799091,calibration,0
s10,302,2.4238360490169129,calibration,0
s10,303,2.269586866307796,calibration,0
s10,304,2.4431406518245162,calibration,0
s10,305,1.7533808031584659,calibration,0
s10,306,1.5153035163724258,calibration,0
s10,307,1.0210759713951711,calibration,0
s10,308,1.2067824128537827,calibration,0
s10,309,1.0032982073195829,calibration,0
s10,310,1.3879200555734466,calibration,0
s10,311,0.98446019398707751,calibration,0
s10,312,0.96179635132658103,calibration,0
s10,313,1.2056315492342842,calibration,0
s10,314,0.92867434616927902,calibration,0
s10,315,1.0075633468423273,calibration,0
s10,316,0.56729415392295979,calibration,0
s10,317,0.98683366688324348,calibration,0
s10,318,0.86572807780454042,calibration,0
s10,319,0.8063917595753971,calibration,0
s10,320,0.73662057611999976,calibration,0
s10,321,1.0146682322871383,calibration,0
s10,322,0.6879719901210869,calibration,0
s10,323,0.62904787601079903,calibration,0
s10,324,0.95760109743120625,calibration,0
s10,325,1.1921567039705399,calibration,0
s10,326,1.5830910166897618,calibration,0
s10,327,1.2063117997287103,calibration,0
s10,328,1.4123354054936998,calibration,0
s10,329,1.2306396919443272,calibration,0
s10,330,1.4546682179681694,calibration,0
s10,331,1.604587895302553,calibration,0
s10,332,1.9607623240505994,calibration,0
s10,333,2.0780127348554784,calibration,0
s10,334,2.0487979659228635,calibration,0
s10,335,2.6511409920108751,calibration,0
s10,336,2.5513678700178142,calibration,0
s10,337,2.5695870414634232,calibration,0
s10,338,2.384180336286148,calibration,0
s10,339,2.2924928351356337,calibration,0
s10,340,2.630649977654238,calibration,0
s10,341,2.3262396474342077,calibration,0
s10,342,1.7188159276210193,calibration,0
s10,343,1.4629224769623641,calibration,0
s10,344,1.3538395067888054,calibration,0
s10,345,1.3103137729164112,calibration,0
s10,346,0.78767298436620292,calibration,0
s10,347,1.1265105107555817,calibration,0
s10,348,1.3391031729122089,calibration,0
s10,349,1.6009568459296102,calibration,0
s10,350,1.4886873566364911,test,0
s10,351,1.312154169310759,test,0
s10,352,1.3522806268573055,test,0
s10,353,1.4100028616352749,test,0
s10,354,1.289885132575838,test,0
s10,355,1.8858841925665846,test,0
s10,356,1.7591963606932637,test,0
s10,357,1.5774623190665547,test,0
s10,358,1.0732474314593725,test,0
s10,359,1.6628482642731008,test,0
s10,360,1.205737854103714,test,0
s10,361,1.6732303037246452,test,0
s10,362,1.2260689993467686,test,0
s10,363,0.97888828043578568,test,0
s10,364,0.50270504462940802,test,0
s10,365,0.5038175409235407,test,0
s10,366,0.5809380189671276,test,0
s10,367,0.700998201387937,test,0
s10,368,0.70539854966819138,test,0
s10,369,1.1338927923925031,test,0
s10,370,1.1031630103817793,test,0
s10,371,1.4174539557128458,test,0
s10,372,1.1845100128248336,test,0
s10,373,1.6324489449233948,test,0
s10,374,1.8774256946495029,test,0
s10,375,1.625698251515177,test,0
s10,376,1.5947121435507656,test,0
s10,377,1.4989381418091916,test,0
s10,378,1.5019663089873936,test,0
s10,379,1.6125527356008262,test,0
s10,380,1.4783984871870495,test,0
s10,381,1.9211062949237607,test,0
s10,382,1.4789093643827209,test,0
s10,383,1.5017384086965726,test,0
s10,384,1.6876896528837726,test,0
s10,385,1.7378211583624041,test,0
s10,386,2.2223236545102232,test,0
s10,387,2.6087249730198998,test,0
s10,388,2.3660871521662514,test,0
s10,389,2.4177301247084295,test,0
s10,390,2.4898202248655092,test,0
s10,391,2.7712478226884403,test,0
s10,392,2.3247531460285051,test,0
s10,393,2.1564614866509224,test,0
s10,394,1.8803273120256387,test,0
s10,395,1.6170106827975945,test,0
s10,396,2.0647756267751656,test,0
s10,397,2.3702161027945379,test,0
s10,398,2.362232730460704,test,0
s10,399,2.250648359898026,test,0
s10,400,1.9437956343832912,test,0
s10,401,1.2676627961492861,test,0
s10,402,1.1994401556587759,test,0
s10,403,0.93457388507153882,test,0
s10,404,1.0056199135975286,test,0
s10,405,1.4457619496657705,test,0
s10,406,1.9981478533145132,test,0
s10,407,1.9846339705083971,test,0
s10,408,1.3566958107607339,test,0
s10,409,1.3506884284904446,test,0
s10,410,1.1124574548659205,test,0
s10,411,0.79835249341753056,test,0
s10,412,1.4395210245341636,test,0
s10,413,1.4097536838715976,test,0
s10,414,1.2996682599569911,test,0
s10,415,1.520742113380396,test,0
s10,416,1.4954695780070197,test,0
s10,417,1.5021560886421195,test,0
s10,418,1.5124209890323108,test,0
s10,419,1.1962031375982654,test,0
s10,420,1.5335514111715369,test,0
s10,421,1.7688126741243078,test,0
s10,422,1.7120744562982342,test,0
s10,423,1.4538280270975046,test,0
s10,424,1.659266194808948,test,0
s10,425,0.83814344786361805,test,0
s10,426,1.4287250748348082,test,0
s10,427,1.5000894037556016,test,0
s10,428,1.6983303147788942,test,0
s10,429,2.1416515514169454,test,0
s10,430,2.6050093932216249,test,0
s10,431,2.2671837166955124,test,0
s10,432,1.8958173870327428,test,0
s10,433,1.8392041792522515,test,0
s10,434,2.0097961655009562,test,0
s10,435,2.2928356491712765,test,0
s10,436,2.6730273063040979,test,0
s10,437,3.286008157986692,test,0
s10,438,3.1892700009839174,test,0
s10,439,3.0358736338112378,test,0
s10,440,2.9591254003005711,test,0
s10,441,2.2970569946283188,test,0
s10,442,2.0811503541513159,test,0
s10,443,1.2166343182447483,test,0
s10,444,0.62465267701863258,test,0
s10,445,1.3979084235679351,test,0
s10,446,1.370960784371775,test,0
s10,447,0.89398385141638037,test,0
s10,448,1.2213157688603014,test,0
s10,449,1.3265737354949025,test,0
s10,450,0.86826502569246689,test,0
s10,451,1.009434384516648,test,0
s10,452,0.32439969574807792,test,0
s10,453,0.30762022330011829,test,0
s10,454,0.4030818477475191,test,0
s10,455,0.50490642915810924,test,0
s10,456,0.55060339189391749,test,0
s10,457,1.1479103695605808,test,0
s10,458,0.94466181391627524,test,0
s10,459,1.0317733062738761,test,0
s10,460,1.6623211123139774,test,0
s10,461,1.340506363637183,test,0
s10,462,1.4640288943800377,test,0
s10,463,1.6564497348665386,test,0
s10,464,1.8000099423701577,test,0
s10,465,1.834880959681968,test,0
s10,466,1.7245278254354899,test,0
s10,467,1.7559096372791492,test,0
s10,468,1.6075758674753129,test,0
s10,469,1.8967513137431655,test,0
s10,470,1.9625364780892709,test,0
s10,471,2.1868767778338896,test,0
s10,472,2.1515744707203819,test,0
s10,473,1.6219245013080963,test,0
s10,474,1.4947848726062583,test,0
s10,475,1.4875342989261016,test,0
s10,476,1.6702591617145999,test,0
s10,477,1.4688836281178519,test,0
s10,478,1.5062890474092554,test,0
s10,479,2.3020409169802321,test,0
s10,480,2.2357761043705731,test,0
s10,481,1.9609578233045886,test,0
s10,482,1.8046798858769018,test,0
s10,483,1.6781016484770321,test,0
s10,484,1.4822702502426732,test,0
s10,485,1.4318112430377203,test,0
s10,486,2.2071459781241667,test,0
s10,487,2.2367101862139784,test,0
s10,488,1.8759533527293575,test,0
s10,489,1.6605115471332341,test,0
s10,490,1.7210704624275563,test,0
s10,491,1.5720086764514196,test,0
s10,492,2.1368830129366767,test,0
s10,493,1.8815351569534058,test,0
s10,494,1.5473216146633717,test,0
s10,495,1.895943265715939,test,0
s10,496,1.8979308261698558,test,0
s10,497,1.57559804878374,test,0
s10,498,1.6125512604773855,test,0
s10,499,1.9998894790401778,test,0
s10,500,1.9040166807354997,test,0
s10,501,2.1524838307423479,test,0
s10,502,2.1406430305270931,test,0
s10,503,2.2288402737582329,test,0
s10,504,2.3240182976830801,test,0
s10,505,2.2254979775029788,test,0
s10,506,1.9302315854623924,test,0
s10,507,2.3364180128326471,test,0
s10,508,2.1089164350073366,test,0
s10,509,1.8947704301572281,test,0
s10,510,1.9768266311678828,test,0
s10,511,1.9060165510008846,test,0
s10,512,2.1724649707149051,test,0
s10,513,1.9946144011808109,test,0
s10,514,1.846550332757241,test,0
s10,515,2.3137653318284412,test,0
s10,516,2.1532611072401062,test,0
s10,517,1.8365335343001827,test,0
s10,518,1.3256295604990258,test,0
s10,519,0.97857055144387184,test,0
s10,520,1.1950239764015684,test,0
s10,521,1.5204572375968368,test,0
s10,522,1.8542597522223565,test,0
s10,523,1.5820699455134921,test,0
s10,524,1.6086255439114254,test,0
s10,525,1.3949749271395406,test,0
s10,526,1.9864324559474942,test,0
s10,527,1.7927158023740084,test,0
s10,528,2.0215520943694396,test,0
s10,529,2.2561853010073514,test,0
s10,530,1.7299876717539666,test,0
s10,531,2.0692581396458589,test,0
s10,532,2.3197420961087718,test,0
s10,533,2.3193158461942858,test,0
s10,534,2.453937331378742,test,0
s10,535,2.0536155696264586,test,0
s10,536,2.3017805635882174,test,0
s10,537,2.316488020026028,test,0
s10,538,1.8970108757002859,test,0
s10,539,2.2204695942794985,test,0
s10,540,1.803847126163356,test,0
s10,541,1.5932473870445498,test,0
s10,542,1.6620104005142469,test,0
s10,543,1.8133664814266166,test,0
s10,544,1.9378317023824825,test,0
s10,545,1.7519289430206033,test,0
s10,546,1.2927586467498764,test,0
s10,547,1.352442567724218,test,0
s10,548,1.61143678326763,test,0
s10,549,1.6923226462365308,test,0
s10,550,1.9726204229476449,test,0
s10,551,2.0209033426284075,test,0
s10,552,1.8541121493905712,test,0
s10,553,2.2657017996789284,test,0
s10,554,2.396744193996462,test,0
s10,555,2.2407390509174028,test,0
s10,556,2.5614069667880135,test,0
s10,557,2.5301492065285736,test,0
s10,558,2.8479819280563157,test,0
s10,559,3.133428960631087,test,0
s10,560,3.123509041960014,test,0
s10,561,2.6299564480950473,test,0
s10,562,2.2554999709716372,test,0
s10,563,1.8314086082058201,test,0
s10,564,2.0025085920390393,test,0
s10,565,1.9813201495701196,test,0
s10,566,1.8330771925556633,test,0
s10,567,1.1884383889611585,test,0
s10,568,1.4013050539390777,test,0
s10,569,1.7727148677426372,test,0
s10,570,2.3996623950786482,test,0
s10,571,2.4116481453634457,test,0
s10,572,2.2416412546364906,test,0
s10,573,2.2694496360802394,test,0
s10,574,2.0740772744372409,test,0
s10,575,1.8812714285244472,test,0
s10,576,1.4184177459179055,test,0
s10,577,1.2195217860330081,test,0
s10,578,0.79584865514102132,test,0
s10,579,1.0760683332605689,test,0
s10,580,1.3910077668951852,test,0
s10,581,1.3152021299945535,test,0
s10,582,1.3389918815721429,test,0
s10,583,1.4182323992102708,test,0
s10,584,1.3065443800168215,test,0
s10,585,1.1667855637089204,test,0
s10,586,1.2944903148821474,test,0
s10,587,0.93288232760141154,test,0
s10,588,1.0274880099128794,test,0
s10,589,1.2833761676079145,test,0
s10,590,1.4321221621887106,test,0
s10,591,0.93643068479693203,test,0
s10,592,1.4370387970429992,test,0
s10,593,1.4732939350797625,test,0
s10,594,1.8232809940836874,test,0
s10,595,2.0779053451682263,test,0
s10,596,2.0282076687602726,test,0
s10,597,1.9203357979822278,test,0
s10,598,2.0920860661845833,test,0
s10,599,2.2991136783488968,test,0
s11,0,0.087213354791682046,train,0
s11,1,0.63301266856822935,train,0
s11,2,0.93202385335697258,train,0
s11,3,1.2114359211186245,train,0
s11,4,1.1026648699836421,train,0
s11,5,1.4800004154683075,train,0
s11,6,1.5984598370606511,train,0
s11,7,1.6652289622499541,train,0
s11,8,1.6103755224551939,train,0
s11,9,1.0642669500962609,train,0
s11,10,1.7894238634993571,train,0
s11,11,1.8180923763852226,train,0
s11,12,1.6766907924812475,train,0
s11,13,1.5898289824487102,train,0
s11,14,1.3232510763363452,train,0
s11,15,0.99261859306529043,train,0
s11,16,1.2950967884284355,train,0
s11,17,1.2534540206983842,train,0
s11,18,0.88860827790538699,train,0
s11,19,0.74083966585689409,train,0
s11,20,0.47052379508622727,train,0
s11,21,1.1973983761680045,train,0
s11,22,1.7483571121534673,train,0
s11,23,2.1205166582000849,train,0
s11,24,2.4025445289038645,train,0
s11,25,2.0586432016588194,train,0
s11,26,1.3949782402033031,train,0
s11,27,1.6352220112495564,train,0
s11,28,1.4896687836772808,train,0
s11,29,1.2769711287622227,train,0
s11,30,1.1403304807366608,train,0
s11,31,1.2795710449353543,train,0
s11,32,1.4275555932476587,train,0
s11,33,0.81898342538468671,train,0
s11,34,1.3520245491244507,train,0
s11,35,1.4344306680632655,train,0
s11,36,1.431744547057763,train,0
s11,37,1.1194945532511276,train,0
s11,38,1.4395286934800509,train,0
s11,39,1.5199716866704214,train,0
s11,40,1.3865145054748289,train,0
s11,41,1.4412477629091021,train,0
s11,42,1.6457429096125875,train,0
s11,43,1.6667754084889652,train,0
s11,44,2.0266367807259122,train,0
s11,45,2.0853217590778099,train,0
s11,46,1.8032834096020365,train,0
s11,47,1.5972369059080649,train,0
s11,48,0.99700210830277636,train,0
s11,49,0.86561455467124671,train,0
s11,50,0.7152854104846289,train,0
s11,51,0.85699915961720385,train,0
s11,52,1.4810712268942372,train,0
s11,53,1.0844060798957715,train,0
s11,54,1.5124864795856456,train,0
s11,55,1.9479498824248416,train,0
s11,56,2.0633557509056493,train,0
s11,57,2.029463310991964,train,0
s11,58,1.8229612184690476,train,0
s11,59,1.5187323965170327,train,0
s11,60,1.6241028424945971,train,0
s11,61,1.8410433991372377,train,0
s11,62,1.8102800172890374,train,0
s11,63,1.9909233963074324,train,0
s11,64,2.4757649533280519,train,0
s11,65,2.4260242388074937,train,0
s11,66,2.3661834855553727,train,0
s11,67,2.0492468885729913,train,0
s11,68,1.8319072292598741,train,0
s11,69,1.2097350999494574,train,0
s11,70,1.2987867757830938,train,0
s11,71,1.6830223998142126,train,0
s11,72,1.0988700913847205,train,0
s11,73,1.6073372120939133,train,0
s11,74,1.8372334655304694,train,0
s11,75,2.0594945303473504,train,0
s11,76,2.3013176017201031,train,0
s11,77,2.1724008538034276,train,0
s11,78,2.3104981163204079,train,0
s11,79,2.5741810135407817,train,0
s11,80,2.7518510231289053,train,0
s11,81,2.9412899083270778,train,0
s11,82,2.656999897047263,train,0
s11,83,2.2708087806047255,train,0
s11,84,2.3572356064299846,train,0
s11,85,2.1982745641178258,train,0
s11,86,1.6862005036738392,train,0
s11,87,1.6120354711828848,train,0
s11,88,1.5318333525667049,train,0
s11,89,1.5020927614845772,train,0
s11,90,1.424550799753495,train,0
s11,91,1.0006081504971327,train,0
s11,92,1.3588829976623069,train,0
s11,93,1.3854517754097868,train,0
s11,94,1.189542350934329,train,0
s11,95,1.4892185066104011,train,0
s11,96,1.4196334799945955,train,0
s11,97,1.5536858898335202,train,0
s11,98,1.4326333604287953,train,0
s11,99,1.5456501653759094,train,0
s11,100,1.3929891415184923,train,0
s11,101,1.7141535361091165,train,0
s11,102,1.2871321743479989,train,0
s11,103,1.754200509641799,train,0
s11,104,1.4957552726984678,train,0
s11,105,1.6698683512358947,train,0
s11,106,1.7359252458593062,train,0
s11,107,1.9506550715234756,train,0
s11,108,1.3596256963370226,train,0
s11,109,1.3814866645070749,train,0
s11,110,1.4079513033953892,train,0
s11,111,1.6670896684536567,train,0
s11,112,2.0792877036446362,train,0
s11,113,2.4387815224447484,train,0
s11,114,2.4253485777713713,train,0
s11,115,2.1617939940454618,train,0
s11,116,2.0786555444456725,train,0
s11,117,1.9390497458666569,train,0
s11,118,1.804319303225514,train,0
s11,119,2.1770372603148904,train,0
s11,120,2.0370891529847528,train,0
s11,121,1.7400642532992698,train,0
s11,122,2.0374588774609665,train,0
s11,123,2.2338451773255077,train,0
s11,124,2.0318386961288688,train,0
s11,125,1.9575478393042658,train,0
s11,126,1.9069238900969445,train,0
s11,127,1.662482289238659,train,0
s11,128,2.0944910543381625,train,0
s11,129,2.0666056337506666,train,0
s11,130,1.7132804705961009,train,0
s11,131,1.9990346567512802,train,0
s11,132,2.2318596662304766,train,0
s11,133,2.238200977410048,train,0
s11,134,2.3094049044686797,train,0
s11,135,2.1128017840339179,train,0
s11,136,2.0021096729563568,train,0
s11,137,2.0702098385007273,train,0
s11,138,1.6067922241997721,train,0
s11,139,1.7212799778088281,train,0
s11,140,1.5405455104981713,train,0
s11,141,1.5703571080229868,train,0
s11,142,1.6940150559582368,train,0
s11,143,2.0877162531156692,train,0
s11,144,2.3020685123956839,train,0
s11,145,2.4600560134485918,train,0
s11,146,2.3688257896522655,train,0
s11,147,1.8932074027568198,train,0
s11,148,2.0126285059059659,train,0
s11,149,2.2020484451352997,train,0
s11,150,1.4058956472854345,train,0
s11,151,1.3665543056214606,train,0
s11,152,1.1179990408207177,train,0
s11,153,1.1747126513941824,train,0
s11,154,1.4454204464300675,train,0
s11,155,1.8798619010978554,train,0
s11,156,1.6755609696133151,train,0
s11,157,1.9178082763300108,train,0
s11,158,1.5421124156320134,train,0
s11,159,1.941721780453304,train,0
s11,160,1.5302590147343564,train,0
s11,161,1.6685181313334598,train,0
s11,162,1.5588639919256781,train,0
s11,163,0.79141438733309055,train,0
s11,164,0.90305857910697052,train,0
s11,165,0.90560382687542662,train,0
s11,166,1.1617854468778519,train,0
s11,167,1.370267455983962,train,0
s11,168,0.76642318961101819,train,0
s11,169,1.2620973266152327,train,0
s11,170,1.0252202952919782,train,0
s11,171,0.93947927927324026,train,0
s11,172,1.4981341313391803,train,0
s11,173,1.8669016965603105,train,0
s11,174,1.8663870342314375,train,0
s11,175,1.4816168630004602,train,0
s11,176,1.6562280868670103,train,0
s11,177,1.5082601376911318,train,0
s11,178,1.2098172192988952,train,0
s11,179,1.2470109399122176,train,0
s11,180,1.2016914172559232,train,0
s11,181,1.4450605611903791,train,0
s11,182,1.4349040499570305,train,0
s11,183,1.833905161450702,train,0
s11,184,1.1748055149790582,train,0
s11,185,1.1138685451983761,train,0
s11,186,0.9082584305115482,train,0
s11,187,1.7774335443240048,train,0
s11,188,2.1055185866424089,train,0
s11,189,2.7275464973225731,train,0
s11,190,2.4529143781744263,train,0
s11,191,2.4389710954923225,train,0
s11,192,2.5944255221493844,train,0
s11,193,2.5935345181838274,train,0
s11,194,2.2578408355475892,train,0
s11,195,1.859226843277326,train,0
s11,196,1.373119617907135,train,0
s11,197,1.5232632665835313,train,0
s11,198,1.3766015959087903,train,0
s11,199,1.3005217703300094,train,0
s11,200,1.4849254990665464,calibration,0
s11,201,1.1684521232820937,calibration,0
s11,202,1.7046596866355603,calibration,0
s11,203,1.7536862188547138,calibration,0
s11,204,1.7737197955572721,calibration,0
s11,205,1.7264311174877678,calibration,0
s11,206,1.1775356146810756,calibration,0
s11,207,1.1284376452929856,calibration,0
s11,208,1.2760455765113505,calibration,0
s11,209,2.01491949808864,calibration,0
s11,210,2.2706048667129455,calibration,0
s11,211,2.446385873295061,calibration,0
s11,212,2.2550290757553224,calibration,0
s11,213,2.2561163329157714,calibration,0
s11,214,2.3004173081172041,calibration,0
s11,215,2.497040090034198,calibration,0
s11,216,1.866052085504839,calibration,0
s11,217,1.3163881891853255,calibration,0
s11,218,1.4942229750997036,calibration,0
s11,219,1.5968718603981173,calibration,0
s11,220,1.9955202172598634,calibration,0
s11,221,2.1220561721838784,calibration,0
s11,222,1.7381949659727864,calibration,0
s11,223,1.5605628617027518,calibration,0
s11,224,1.8858452795704876,calibration,0
s11,225,1.8480035917593343,calibration,0
s11,226,1.9552874702811318,calibration,0
s11,227,1.9249352569940714,calibration,0
s11,228,1.7422320875667783,calibration,0
s11,229,1.4587047634939658,calibration,0
s11,230,1.7458727425921148,calibration,0
s11,231,1.3752382976318316,calibration,0
s11,232,1.3942927045425448,calibration,0
s11,233,1.2842722452455535,calibration,0
s11,234,1.177690045976177,calibration,0
s11,235,0.64230496909505219,calibration,0
s11,236,0.67646652330480528,calibration,0
s11,237,1.0383029767013556,calibration,0
s11,238,1.5329178296540082,calibration,0
s11,239,1.6389369223568762,calibration,0
s11,240,2.166652858039936,calibration,0
s11,241,2.1482344474862849,calibration,0
s11,242,1.9530090095946389,calibration,0
s11,243,1.9242143171175601,calibration,0
s11,244,1.1426822388332645,calibration,0
s11,245,1.1662153085442102,calibration,0
s11,246,1.6524835138277476,calibration,0
s11,247,1.2913860925075293,calibration,0
s11,248,0.98111326687492162,calibration,0
s11,249,1.1271195860300756,calibration,0
s11,250,1.3445827154888088,calibration,0
s11,251,1.0739856491327644,calibration,0
s11,252,1.1989275660618393,calibration,0
s11,253,1.1285742394224745,calibration,0
s11,254,1.2674651367785768,calibration,0
s11,255,1.9247791988644205,calibration,0
s11,256,1.4242104573834573,calibration,0
s11,257,1.6031193936274546,calibration,0
s11,258,1.5279293488269365,calibration,0
s11,259,1.7874489572548193,calibration,0
s11,260,2.3876403388724938,calibration,0
s11,261,1.885459266779431,calibration,0
s11,262,1.8146860388757682,calibration,0
s11,263,2.0091850947478447,calibration,0
s11,264,1.2383456874209764,calibration,0
s11,265,1.4196661645404531,calibration,0
s11,266,1.5783881425224977,calibration,0
s11,267,1.8929873705829374,calibration,0
s11,268,2.1520822266210557,calibration,0
s11,269,1.6241878067991395,calibration,0
s11,270,1.6851615899205017,calibration,0
s11,271,2.2053685880630995,calibration,0
s11,272,1.7506960652277863,calibration,0
s11,273,1.6146578735028587,calibration,0
s11,274,1.1010080456858482,calibration,0
s11,275,0.82096400517692913,calibration,0
s11,276,0.93047842427013538,calibration,0
s11,277,1.0287802795473562,calibration,0
s11,278,0.34711351779769883,calibration,0
s11,279,0.83391950188555475,calibration,0
s11,280,0.8935395377714479,calibration,0
s11,281,0.73494758426074724,calibration,0
s11,282,1.4966122841259035,calibration,0
s11,283,1.6223312429628494,calibration,0
s11,284,1.5570606268227909,calibration,0
s11,285,1.9485680530551805,calibration,0
s11,286,1.7908796845355421,calibration,0
s11,287,1.6010662188312907,calibration,0
s11,288,1.9075402471092375,calibration,0
s11,289,2.2097785999760022,calibration,0
s11,290,1.9387344887844054,calibration,0
s11,291,2.0649830636093616,calibration,0
s11,292,1.5274027233802043,calibration,0
s11,293,2.0531801760967814,calibration,0
s11,294,1.5725708334296737,calibration,0
s11,295,1.4243602272517446,calibration,0
s11,296,1.5444300089177019,calibration,0
s11,297,1.8306850723540253,calibration,0
s11,298,1.6162012930820677,calibration,0
s11,299,1.5490154745861568,calibration,0
s11,300,1.7038036105698533,calibration,0
s11,301,1.1387502040010926,calibration,0
s11,302,1.2016002324402517,calibration,0
s11,303,1.1192339389774184,calibration,0
s11,304,1.2009321459757887,calibration,0
s11,305,1.6941395485073409,calibration,0
s11,306,2.0652532446066161,calibration,0
s11,307,1.5324346603846724,calibration,0
s11,308,1.2781391535572655,calibration,0
s11,309,1.312131470843324,calibration,0
s11,310,1.5406540736626573,calibration,0
s11,311,1.9549607352573886,calibration,0
s11,312,1.5851269126286855,calibration,0
s11,313,1.2909992660145457,calibration,0
s11,314,1.4169155147739512,calibration,0
s11,315,1.1914861230141642,calibration,0
s11,316,1.2911436266318261,calibration,0
s11,317,1.4355794652409801,calibration,0
s11,318,1.7249916752996453,calibration,0
s11,319,2.0061631453456856,calibration,0
s11,320,1.9674381268127692,calibration,0
s11,321,1.7519687576349412,calibration,0
s11,322,1.8667401834914719,calibration,0
s11,323,1.7852748725131951,calibration,0
s11,324,1.7998472479676937,calibration,0
s11,325,1.2610454606379373,calibration,0
s11,326,1.4764162320889258,calibration,0
s11,327,1.4761481368968099,calibration,0
s11,328,1.7639016348318068,calibration,0
s11,329,1.5387372386612925,calibration,0
s11,330,1.1856728936795502,calibration,0
s11,331,1.2960925743496441,calibration,0
s11,332,1.828149754207181,calibration,0
s11,333,1.6055925791054488,calibration,0
s11,334,1.3414285188569524,calibration,0
s11,335,1.1624899529957411,calibration,0
s11,336,1.5716890614970676,calibration,0
s11,337,1.6432072704268468,calibration,0
s11,338,1.6223236698906205,calibration,0
s11,339,1.6064439089038669,calibration,0
s11,340,1.7726554104296142,calibration,0
s11,341,2.3434499822063448,calibration,0
s11,342,2.4794449358010331,calibration,0
s11,343,2.3311329569057793,calibration,0
s11,344,1.8723839695489248,calibration,0
s11,345,1.4970177458457588,calibration,0
s11,346,1.7832747568564788,calibration,0
s11,347,1.544424620652296,calibration,0
s11,348,1.1125860159197067,calibration,0
s11,349,1.3459392014607265,calibration,0
s11,350,1.578961362371649,test,0
s11,351,1.6479085204736927,test,0
s11,352,1.6800477879672733,test,0
s11,353,1.7292247358967656,test,0
s11,354,1.3912571363430675,test,0
s11,355,1.5450974697504412,test,0
s11,356,1.4054001262697566,test,0
s11,357,1.3957778636449112,test,0
s11,358,1.6037435203558932,test,0
s11,359,2.1154948923037287,test,0
s11,360,1.9917013497965739,test,0
s11,361,1.8362768132030336,test,0
s11,362,2.1044741726134193,test,0
s11,363,1.9734134267663124,test,0
s11,364,1.6292828925617762,test,0
s11,365,1.4827535083461449,test,0
s11,366,0.88306950876273216,test,0
s11,367,1.035318088603739,test,0
s11,368,1.004964617375101,test,0
s11,369,1.0762251548084649,test,0
s11,370,1.0322986654520356,test,0
s11,371,0.69890771424296672,test,0
s11,372,1.1133737507338026,test,0
s11,373,1.2033367578077325,test,0
s11,374,1.4543346136742483,test,0
s11,375,1.1561408941373665,test,0
s11,376,0.95724219365316077,test,0
s11,377,0.70274829416683293,test,0
s11,378,0.91803294233675592,test,0
s11,379,0.89413572680113451,test,0
s11,380,0.50733201289381347,test,0
s11,381,1.066377968826846,test,0
s11,382,1.4051645273256621,test,0
s11,383,1.3039491389789268,test,0
s11,384,1.72701782819461,test,0
s11,385,1.0260222525158211,test,0
s11,386,1.1948326117819545,test,0
s11,387,1.3512841153357029,test,0
s11,388,1.1915544461695604,test,0
s11,389,1.0249094583423377,test,0
s11,390,1.0863696711462134,test,0
s11,391,1.5132899396294808,test,0
s11,392,1.267986010888388,test,0
s11,393,1.2018214400399385,test,0
s11,394,1.0544375983602796,test,0
s11,395,1.4479992493789051,test,0
s11,396,1.0709780134415978,test,0
s11,397,1.1934179753558296,test,0
s11,398,1.6961834733549552,test,0
s11,399,1.6098702093883406,test,0
s11,400,1.1167275351549837,test,0
s11,401,1.2268220804330374,test,0
s11,402,1.4828407467834435,test,0
s11,403,1.8547960845458278,test,0
s11,404,2.223675419343822,test,0
s11,405,2.3807144453572038,test,0
s11,406,2.3376054774897268,test,0
s11,407,1.7800939700530596,test,0
s11,408,1.7707075782860573,test,0
s11,409,1.9662716293147577,test,0
s11,410,2.4808553318164819,test,0
s11,411,2.2881096571129138,test,0
s11,412,2.3280151900558597,test,0
s11,413,2.575115165782905,test,0
s11,414,2.1327658444939663,test,0
s11,415,1.901258753497918,test,0
s11,416,1.8432546316540961,test,0
s11,417,2.241141439981384,test,0
s11,418,2.3043764072152788,test,0
s11,419,1.8856527630368498,test,0
s11,420,2.1096555907189813,test,0
s11,421,1.8034525056627095,test,0
s11,422,1.8674283192516032,test,0
s11,423,2.0637060485982257,test,0
s11,424,1.8329126479238245,test,0
s11,425,2.2675439202182166,test,0
s11,426,2.0728035477428541,test,0
s11,427,2.0044902601301273,test,0
s11,428,1.8840290977761536,test,0
s11,429,1.6550730824322535,test,0
s11,430,1.241804606608687,test,0
s11,431,1.3300235264549838,test,0
s11,432,1.2576537158907093,test,0
s11,433,1.5244388968534073,test,0
s11,434,1.9225763594595935,test,0
s11,435,1.9341185700381616,test,0
s11,436,1.8253659279015146,test,0
s11,437,1.7845080378136315,test,0
s11,438,1.3546584885521917,test,0
s11,439,1.4841513077552662,test,0
s11,440,1.1931191701789001,test,0
s11,441,1.003230513697551,test,0
s11,442,1.7564969004005859,test,0
s11,443,1.2138970144524448,test,0
s11,444,1.628864248793219,test,0
s11,445,1.524300395881228,test,0
s11,446,1.2374873151743826,test,0
s11,447,1.4696401195953179,test,0
s11,448,1.4646519389843318,test,0
s11,449,1.3263043901906097,test,0
s11,450,1.6456387843152056,test,0
s11,451,1.5424679522672318,test,0
s11,452,1.7213143236569464,test,0
s11,453,1.5104580704489137,test,0
s11,454,1.6997096059851051,test,0
s11,455,1.4421991360656701,test,0
s11,456,1.5844126482095768,test,0
s11,457,1.8819010894524573,test,0
s11,458,2.0843385786430288,test,0
s11,459,2.1651116442486305,test,0
s11,460,2.1253989150848582,test,0
s11,461,1.9703827925354525,test,0
s11,462,2.0522276886104884,test,0
s11,463,1.9533851570090679,test,0
s11,464,1.4342849010314926,test,0
s11,465,1.9424435984842865,test,0
s11,466,1.6856250774361405,test,0
s11,467,2.0047895203626189,test,0
s11,468,2.1714415316486764,test,0
s11,469,1.781537633420595,test,0
s11,470,1.4854728166053959,test,0
s11,471,1.0754177858888867,test,0
s11,472,1.2646128039507796,test,0
s11,473,1.190509182644891,test,0
s11,474,1.5426223272911868,test,0
s11,475,1.8905869444295644,test,0
s11,476,1.6054157836655236,test,0
s11,477,2.0029863672702106,test,0
s11,478,2.1951565951503254,test,0
s11,479,1.431252904401251,test,0
s11,480,1.3014481231366883,test,0
s11,481,1.1923474978458919,test,0
s11,482,0.87457766511038859,test,0
s11,483,1.2035136778941169,test,0
s11,484,1.4040356228261917,test,0
s11,485,1.4611276786219518,test,0
s11,486,1.4562030905366474,test,0
s11,487,1.1500349272660066,test,0
s11,488,1.3512755432901509,test,0
s11,489,1.943392331673607,test,0
s11,490,1.8085542530259247,test,0
s11,491,1.4855941459737134,test,0
s11,492,2.2191761814618869,test,0
s11,493,1.7423027425037376,test,0
s11,494,1.3774660864035329,test,0
s11,495,1.8335492578584993,test,0
s11,496,1.6400079736309281,test,0
s11,497,1.4731620966932713,test,0
s11,498,1.4364980313205604,test,0
s11,499,1.4367270636743641,test,0
s11,500,1.4738668275759985,test,0
s11,501,1.6385046424323471,test,0
s11,502,1.9334417356252742,test,0
s11,503,2.365577974093509,test,0
s11,504,2.3119590894737159,test,0
s11,505,2.0266080744385144,test,0
s11,506,1.8265061618850991,test,0
s11,507,0.81160968582029736,test,0
s11,508,0.34784502592545119,test,0
s11,509,0.8395605783907838,test,0
s11,510,1.3264507643518015,test,0
s11,511,1.3850565255616258,test,0
s11,512,1.341938242191572,test,0
s11,513,1.3520483152668537,test,0
s11,514,0.64253539124955472,test,0
s11,515,0.7991817789650546,test,0
s11,516,1.1438150369227065,test,0
s11,517,0.90313841904427838,test,0
s11,518,0.887051700991911,test,0
s11,519,0.76635981922784358,test,0
s11,520,0.66383441763881412,test,0
s11,521,1.1252207866459911,test,0
s11,522,1.2658727659003928,test,0
s11,523,1.880487155279003,test,0
s11,524,1.8853405274336066,test,0
s11,525,2.0476368498086068,test,0
s11,526,2.2190972078451656,test,0
s11,527,2.3183592662746522,test,0
s11,528,2.645449169801612,test,0
s11,529,2.5079920689987634,test,0
s11,530,2.7955879625512638,test,0
s11,531,2.6458655959363839,test,0
s11,532,2.0587614770275517,test,0
s11,533,1.7844703873529935,test,0
s11,534,2.0373236574123674,test,0
s11,535,2.0609755927356459,test,0
s11,536,1.4649790510679601,test,0
s11,537,1.5094470666937954,test,0
s11,538,1.8972609605309638,test,0
s11,539,2.2417555720941094,test,0
s11,540,2.3687055076927059,test,0
s11,541,2.3369990445957951,test,0
s11,542,1.715503172531784,test,0
s11,543,1.3372648110492884,test,0
s11,544,1.2779272335982181,test,0
s11,545,1.6031632489976659,test,0
s11,546,1.1446881797890456,test,0
s11,547,1.7583430432576943,test,0
s11,548,1.7448581138626358,test,0
s11,549,1.9198851889958513,test,0
s11,550,1.9283680411883015,test,0
s11,551,1.5490966200268175,test,0
s11,552,1.4754310461677282,test,0
s11,553,1.6450482378330256,test,0
s11,554,1.671596048132939,test,0
s11,555,1.2580400202647559,test,0
s11,556,1.2549767819882214,test,0
s11,557,1.4361616448725616,test,0
s11,558,1.4420566195068789,test,0
s11,559,1.2126234667328966,test,0
s11,560,0.8394191416487683,test,0
s11,561,0.92490173556763111,test,0
s11,562,1.2729539593117511,test,0
s11,563,1.5028019854219321,test,0
s11,564,1.5298711174109669,test,0
s11,565,2.1170041624288869,test,0
s11,566,1.961053473437385,test,0
s11,567,2.1780540726661624,test,0
s11,568,1.8089742784624667,test,0
s11,569,1.414743317886427,test,0
s11,570,1.6427248059379707,test,0
s11,571,1.6601828903154146,test,0
s11,572,1.5615762382103249,test,0
s11,573,1.6395525131123818,test,0
s11,574,1.5453972771703612,test,0
s11,575,1.4302238522307216,test,0
s11,576,1.8000644951716727,test,0
s11,577,1.664867419343804,test,0
s11,578,1.6543411434047686,test,0
s11,579,1.8522617682070601,test,0
s11,580,2.2121650510196935,test,0
s11,581,1.7714364962140594,test,0
s11,582,1.8402276248648752,test,0
s11,583,2.4022869325651603,test,0
s11,584,2.2760904792313208,test,0
s11,585,1.7455867012384794,test,0
s11,586,2.4407859644330641,test,0
s11,587,2.1675856092460632,test,0
s11,588,2.2248072167626782,test,0
s11,589,1.6917094217023938,test,0
s11,590,1.0791412610877333,test,0
s11,591,1.5497369270637011,test,0
s11,592,1.6379345174438713,test,0
s11,593,2.553024255547955,test,0
s11,594,2.6799668204569933,test,0
s11,595,2.40660165687046,test,0
s11,596,2.5671409874035058,test,0
s11,597,2.0427967471075288,test,0
s11,598,2.2820455110398226,test,0
s11,599,2.566299831004494,test,0
